{"datetime":{"0":1668548700000,"1":1668547800000,"2":1668546900000,"3":1668546000000,"4":1668545100000,"5":1668544200000,"6":1668543300000,"7":1668542400000,"8":1668541500000,"9":1668540600000,"10":1668539700000,"11":1668538800000,"12":1668537900000,"13":1668537000000,"14":1668536100000,"15":1668535200000,"16":1668534300000,"17":1668533400000,"18":1668532500000,"19":1668531600000,"20":1668530700000,"21":1668529800000,"22":1668528900000,"23":1668528000000,"24":1668527100000,"25":1668526200000},"open":{"0":3998.34009,"1":3996.73999,"2":3992.05005,"3":3994.19995,"4":3986.6499,"5":3990.62988,"6":3981.5,"7":3972.37012,"8":3972.70996,"9":3970.87988,"10":4004.33008,"11":4006.81006,"12":4005.70996,"13":4007.43994,"14":4012.37012,"15":4019.19995,"16":4016.31006,"17":4009.32007,"18":4013.04004,"19":4010.6001,"20":4020.8999,"21":4022.84009,"22":4015.83008,"23":4023.04004,"24":4017.90991,"25":4006.40991},"high":{"0":3998.34009,"1":3999.53003,"2":4002.18994,"3":4000.84009,"4":3998.09009,"5":3992.77002,"6":3996.12988,"7":3990.11011,"8":3980.5,"9":3976.90991,"10":4004.33008,"11":4009.78003,"12":4008.67993,"13":4012.15991,"14":4012.92993,"15":4019.98999,"16":4019.6499,"17":4023.01001,"18":4014.75,"19":4013.72998,"20":4023.77002,"21":4025.93994,"22":4024.84009,"23":4028.37012,"24":4023.68994,"25":4028.84009},"low":{"0":3982.3501,"1":3986.27002,"2":3992.05005,"3":3989.3999,"4":3980.66992,"5":3983.13989,"6":3977.0,"7":3957.48999,"8":3964.84009,"9":3953.16992,"10":3967.69995,"11":4002.68994,"12":4001.82007,"13":4004.22998,"14":4007.22998,"15":4008.32007,"16":4013.94995,"17":4009.29004,"18":4006.44995,"19":4001.79004,"20":4006.30005,"21":4016.38989,"22":4009.68994,"23":4013.97998,"24":4007.43994,"25":4006.40991},"close":{"0":3991.83008,"1":3998.06006,"2":3996.77002,"3":3991.98999,"4":3994.09009,"5":3986.62012,"6":3990.5,"7":3981.52002,"8":3972.37012,"9":3972.5,"10":3970.87988,"11":4004.34009,"12":4006.69995,"13":4005.75,"14":4007.3999,"15":4012.32007,"16":4019.12012,"17":4016.30005,"18":4009.36011,"19":4013.02002,"20":4011.08008,"21":4020.77002,"22":4022.63989,"23":4015.72998,"24":4022.98999,"25":4017.67993},"volume":{"0":238991240,"1":102873421,"2":78038716,"3":70599048,"4":69944482,"5":60232390,"6":78301751,"7":99376903,"8":79452056,"9":109246976,"10":100507416,"11":51752991,"12":56985368,"13":53586898,"14":51186004,"15":65239280,"16":60824722,"17":74726008,"18":68718486,"19":83854668,"20":767428104,"21":84143766,"22":90603411,"23":115832930,"24":133703624,"25":145940383}}