{"datetime":{"0":1632779100000,"1":1632778200000,"2":1632777300000,"3":1632776400000,"4":1632775500000,"5":1632774600000,"6":1632773700000,"7":1632772800000,"8":1632771900000,"9":1632771000000,"10":1632770100000,"11":1632769200000,"12":1632768300000,"13":1632767400000,"14":1632766500000,"15":1632765600000,"16":1632764700000,"17":1632763800000,"18":1632762900000,"19":1632762000000,"20":1632761100000,"21":1632760200000,"22":1632759300000,"23":1632758400000,"24":1632757500000,"25":1632756600000},"open":{"0":4449.79004,"1":4449.41016,"2":4453.5498,"3":4448.83008,"4":4451.62988,"5":4453.18018,"6":4451.6001,"7":4450.6499,"8":4445.43994,"9":4447.56006,"10":4443.81006,"11":4439.5,"12":4444.47998,"13":4447.6001,"14":4446.16016,"15":4444.02979,"16":4443.91016,"17":4447.0498,"18":4450.97021,"19":4448.91992,"20":4455.1499,"21":4454.93994,"22":4450.33008,"23":4445.9502,"24":4441.41992,"25":4442.12012},"high":{"0":4449.85986,"1":4451.18018,"2":4453.5498,"3":4453.58984,"4":4452.41992,"5":4453.5,"6":4453.8501,"7":4452.2002,"8":4450.91992,"9":4447.62988,"10":4448.5,"11":4444.58984,"12":4444.47998,"13":4447.6001,"14":4449.33008,"15":4446.24023,"16":4444.12012,"17":4448.83984,"18":4452.31006,"19":4454.91016,"20":4457.04004,"21":4457.2998,"22":4454.93994,"23":4451.02002,"24":4448.12988,"25":4449.18018},"low":{"0":4439.95996,"1":4447.58984,"2":4449.18018,"3":4447.58008,"4":4448.52979,"5":4449.16992,"6":4451.24023,"7":4449.7002,"8":4444.97021,"9":4444.75977,"10":4443.75,"11":4438.27002,"12":4437.81982,"13":4443.04004,"14":4445.93994,"15":4441.04004,"16":4440.06006,"17":4442.37012,"18":4445.66992,"19":4448.58984,"20":4448.5498,"21":4453.58008,"22":4450.06006,"23":4441.6499,"24":4439.62012,"25":4436.18994},"close":{"0":4443.58984,"1":4449.7998,"2":4449.4502,"3":4453.58984,"4":4448.81006,"5":4451.58984,"6":4453.18994,"7":4451.56982,"8":4450.68018,"9":4445.43994,"10":4447.56982,"11":4443.8501,"12":4439.25,"13":4444.43994,"14":4447.66016,"15":4446.16016,"16":4444.06982,"17":4443.87988,"18":4446.97998,"19":4451.1001,"20":4449.0,"21":4455.14014,"22":4454.81006,"23":4450.41016,"24":4446.20996,"25":4441.41016},"volume":{"0":198140526,"1":81851641,"2":61344317,"3":47941866,"4":44118967,"5":40572763,"6":38111074,"7":43856292,"8":43050679,"9":38701007,"10":39221334,"11":54637385,"12":49082108,"13":43421930,"14":44937964,"15":49274071,"16":53398153,"17":58694833,"18":58626905,"19":65620333,"20":63721311,"21":72116959,"22":81722659,"23":101398652,"24":113020248,"25":149058346}}