{"datetime":{"0":1634334300000,"1":1634333400000,"2":1634332500000,"3":1634331600000,"4":1634330700000,"5":1634329800000,"6":1634328900000,"7":1634328000000,"8":1634327100000,"9":1634326200000,"10":1634325300000,"11":1634324400000,"12":1634323500000,"13":1634322600000,"14":1634321700000,"15":1634320800000,"16":1634319900000,"17":1634319000000,"18":1634318100000,"19":1634317200000,"20":1634316300000,"21":1634315400000,"22":1634314500000,"23":1634313600000,"24":1634312700000,"25":1634311800000},"open":{"0":4470.0498,"1":4471.77002,"2":4469.97998,"3":4473.74023,"4":4471.83984,"5":4474.12012,"6":4474.02002,"7":4469.16016,"8":4467.7998,"9":4464.72998,"10":4465.00977,"11":4466.75977,"12":4466.6001,"13":4463.43018,"14":4464.75977,"15":4461.68994,"16":4462.2998,"17":4465.87988,"18":4466.97998,"19":4468.08008,"20":4463.99023,"21":4458.16992,"22":4468.66016,"23":4465.7002,"24":4458.39014,"25":4447.68994},"high":{"0":4472.77002,"1":4471.77002,"2":4472.52002,"3":4474.2998,"4":4474.20996,"5":4474.45996,"6":4475.81982,"7":4474.58008,"8":4470.43018,"9":4467.91992,"10":4465.66016,"11":4467.58984,"12":4467.54004,"13":4466.60986,"14":4465.68994,"15":4464.81982,"16":4464.25977,"17":4467.22021,"18":4468.08008,"19":4468.81006,"20":4468.06006,"21":4465.3999,"22":4469.58008,"23":4470.60986,"24":4465.6499,"25":4461.62988},"low":{"0":4467.33008,"1":4468.72998,"2":4467.43018,"3":4467.16992,"4":4469.97998,"5":4471.33984,"6":4473.64014,"7":4469.16016,"8":4467.47021,"9":4464.72021,"10":4463.60986,"11":4464.3501,"12":4465.66016,"13":4462.14014,"14":4461.56982,"15":4461.62988,"16":4459.8501,"17":4462.02979,"18":4465.27979,"19":4465.97021,"20":4463.83984,"21":4458.16992,"22":4457.79004,"23":4463.18018,"24":4457.54004,"25":4447.68994},"close":{"0":4471.00977,"1":4470.08008,"2":4471.75,"3":4469.97998,"4":4473.77002,"5":4471.83008,"6":4474.10986,"7":4474.00977,"8":4469.14014,"9":4467.7998,"10":4464.70996,"11":4465.02979,"12":4466.77002,"13":4466.58984,"14":4463.43994,"15":4464.75977,"16":4461.66992,"17":4462.3501,"18":4465.87988,"19":4466.95996,"20":4468.06006,"21":4464.02002,"22":4458.06006,"23":4468.72021,"24":4465.6499,"25":4458.41016},"volume":{"0":157382678,"1":79760386,"2":57086173,"3":54749992,"4":42296601,"5":51303095,"6":44298433,"7":45826094,"8":41031555,"9":40660350,"10":36776791,"11":38683127,"12":37970739,"13":43527839,"14":46123390,"15":39637370,"16":45397707,"17":47395156,"18":48344531,"19":56323372,"20":60713326,"21":64394364,"22":80177263,"23":83195900,"24":90236306,"25":122612208}}