{"datetime":{"0":1598046300000,"1":1598045400000,"2":1598044500000,"3":1598043600000,"4":1598042700000,"5":1598041800000,"6":1598040900000,"7":1598040000000,"8":1598039100000,"9":1598038200000,"10":1598037300000,"11":1598036400000,"12":1598035500000,"13":1598034600000,"14":1598033700000,"15":1598032800000,"16":1598031900000,"17":1598031000000,"18":1598030100000,"19":1598029200000,"20":1598028300000,"21":1598027400000,"22":1598026500000,"23":1598025600000,"24":1598024700000,"25":1598023800000},"open":{"0":3395.30005,"1":3398.08008,"2":3398.93994,"3":3396.68994,"4":3395.31006,"5":3393.75,"6":3392.62988,"7":3391.26001,"8":3391.02002,"9":3388.95996,"10":3390.13989,"11":3388.86011,"12":3390.12988,"13":3389.6499,"14":3389.73999,"15":3382.8501,"16":3384.21997,"17":3388.59009,"18":3387.31006,"19":3389.6001,"20":3388.95996,"21":3388.20996,"22":3384.23999,"23":3389.84009,"24":3383.32007,"25":3386.01001},"high":{"0":3399.42993,"1":3398.8999,"2":3399.76001,"3":3399.95996,"4":3397.84009,"5":3396.77002,"6":3393.81006,"7":3393.37012,"8":3391.98999,"9":3392.51001,"10":3390.6001,"11":3390.21997,"12":3390.66992,"13":3390.26001,"14":3391.05005,"15":3389.8501,"16":3386.78003,"17":3389.32007,"18":3389.72998,"19":3390.04004,"20":3392.5,"21":3390.79004,"22":3389.15991,"23":3390.92993,"24":3390.25,"25":3386.01001},"low":{"0":3394.71997,"1":3394.52002,"2":3397.32007,"3":3396.51001,"4":3394.48999,"5":3393.68994,"6":3392.55005,"7":3390.12988,"8":3389.58008,"9":3388.34009,"10":3387.13989,"11":3386.37012,"12":3388.1499,"13":3388.86011,"14":3388.98999,"15":3382.40991,"16":3382.45996,"17":3383.93994,"18":3385.19995,"19":3385.8501,"20":3387.87012,"21":3388.06006,"22":3383.05005,"23":3384.09009,"24":3383.32007,"25":3379.31006},"close":{"0":3397.66992,"1":3395.33008,"2":3398.08008,"3":3398.91992,"4":3396.68994,"5":3395.31006,"6":3393.78003,"7":3392.6001,"8":3391.21997,"9":3391.03003,"10":3388.94995,"11":3390.1001,"12":3388.8501,"13":3390.11011,"14":3389.67993,"15":3389.70996,"16":3382.86011,"17":3384.30005,"18":3388.44995,"19":3387.30005,"20":3389.65991,"21":3388.92993,"22":3388.12988,"23":3384.25,"24":3390.13989,"25":3383.36011},"volume":{"0":216414412,"1":86516818,"2":56558793,"3":51390986,"4":52716515,"5":43133647,"6":38340190,"7":35673247,"8":41588646,"9":35912434,"10":36357521,"11":38500554,"12":39335864,"13":39848915,"14":37671610,"15":45132333,"16":50599217,"17":53070379,"18":54352463,"19":58837353,"20":61731538,"21":57763901,"22":63094974,"23":75063577,"24":133972884,"25":109282472}}