{"datetime":{"0":1688161500000,"1":1688160600000,"2":1688159700000,"3":1688158800000,"4":1688157900000,"5":1688157000000,"6":1688156100000,"7":1688155200000,"8":1688154300000,"9":1688153400000,"10":1688152500000,"11":1688151600000,"12":1688150700000,"13":1688149800000,"14":1688148900000,"15":1688148000000,"16":1688147100000,"17":1688146200000,"18":1688145300000,"19":1688144400000,"20":1688143500000,"21":1688142600000,"22":1688141700000,"23":1688140800000,"24":1688139900000,"25":1688139000000},"open":{"0":4454.68994,"1":4456.00977,"2":4455.89014,"3":4454.5,"4":4456.0498,"5":4456.2998,"6":4452.83008,"7":4453.56006,"8":4451.35986,"9":4450.97998,"10":4449.87988,"11":4450.83008,"12":4446.54004,"13":4446.2002,"14":4440.83984,"15":4440.06006,"16":4436.83984,"17":4442.56006,"18":4445.14014,"19":4442.00977,"20":4441.12988,"21":4445.97998,"22":4444.66016,"23":4439.04004,"24":4438.2998,"25":4422.43994},"high":{"0":4458.47998,"1":4457.66992,"2":4456.9502,"3":4455.93018,"4":4456.22998,"5":4456.54004,"6":4456.72021,"7":4454.87988,"8":4453.81006,"9":4454.97998,"10":4451.18994,"11":4451.47021,"12":4451.45996,"13":4447.49023,"14":4446.1001,"15":4441.91992,"16":4440.0498,"17":4442.56006,"18":4446.2998,"19":4446.6001,"20":4444.06982,"21":4448.7002,"22":4449.12988,"23":4446.22998,"24":4442.50977,"25":4438.60986},"low":{"0":4449.81006,"1":4454.02979,"2":4452.87012,"3":4451.7998,"4":4452.08984,"5":4453.89014,"6":4452.47998,"7":4451.97021,"8":4450.87988,"9":4450.68994,"10":4449.49023,"11":4448.68018,"12":4446.3999,"13":4445.74023,"14":4440.62988,"15":4438.5498,"16":4435.93018,"17":4436.72021,"18":4441.2002,"19":4440.89014,"20":4436.25,"21":4440.29004,"22":4443.5,"23":4439.04004,"24":4434.81982,"25":4422.43994},"close":{"0":4449.81006,"1":4454.7002,"2":4456.0498,"3":4455.83984,"4":4454.49023,"5":4456.06982,"6":4456.31006,"7":4452.64014,"8":4453.54004,"9":4451.31006,"10":4450.9502,"11":4449.87988,"12":4450.8501,"13":4446.56006,"14":4446.1001,"15":4440.83984,"16":4440.0498,"17":4436.8501,"18":4442.64014,"19":4445.08008,"20":4442.00977,"21":4441.20996,"22":4445.97021,"23":4444.58984,"24":4438.95996,"25":4438.2002},"volume":{"0":254805432,"1":90476747,"2":62023007,"3":58185859,"4":52160394,"5":53126930,"6":50106753,"7":47434043,"8":41897835,"9":45714893,"10":42275374,"11":43958683,"12":42441049,"13":42169235,"14":45170174,"15":52477282,"16":55990140,"17":57902906,"18":59132625,"19":61842786,"20":79132619,"21":84244711,"22":82023069,"23":91300448,"24":107443253,"25":158814103}}