{"datetime":{"0":1666907100000,"1":1666906200000,"2":1666905300000,"3":1666904400000,"4":1666903500000,"5":1666902600000,"6":1666901700000,"7":1666900800000,"8":1666899900000,"9":1666899000000,"10":1666898100000,"11":1666897200000,"12":1666896300000,"13":1666895400000,"14":1666894500000,"15":1666893600000,"16":1666892700000,"17":1666891800000,"18":1666890900000,"19":1666890000000,"20":1666889100000,"21":1666888200000,"22":1666887300000,"23":1666886400000,"24":1666885500000,"25":1666884600000},"open":{"0":3817.08008,"1":3817.73999,"2":3812.42993,"3":3811.30005,"4":3814.09009,"5":3816.5,"6":3814.43994,"7":3818.48999,"8":3825.15991,"9":3826.76001,"10":3834.29004,"11":3825.72998,"12":3819.25,"13":3812.52002,"14":3829.65991,"15":3823.58008,"16":3822.48999,"17":3835.1499,"18":3838.71997,"19":3832.97998,"20":3838.82007,"21":3855.25,"22":3849.93994,"23":3821.80005,"24":3843.37988,"25":3834.68994},"high":{"0":3817.87988,"1":3823.19995,"2":3818.38989,"3":3817.76001,"4":3816.46997,"5":3817.61011,"6":3818.46997,"7":3820.45996,"8":3826.20996,"9":3828.02002,"10":3837.5,"11":3835.45996,"12":3826.55005,"13":3821.58008,"14":3831.62988,"15":3833.83008,"16":3826.1001,"17":3839.07007,"18":3839.52002,"19":3844.04004,"20":3846.17993,"21":3859.94995,"22":3857.23999,"23":3851.41992,"24":3844.01001,"25":3852.22998},"low":{"0":3803.79004,"1":3815.03003,"2":3812.34009,"3":3806.23999,"4":3809.09009,"5":3813.45996,"6":3813.33008,"7":3811.52002,"8":3818.33008,"9":3822.94995,"10":3826.71997,"11":3822.08008,"12":3818.11011,"13":3812.23999,"14":3812.61011,"15":3821.83008,"16":3820.09009,"17":3820.51001,"18":3830.37012,"19":3831.0,"20":3833.11011,"21":3838.12012,"22":3848.46997,"23":3819.01001,"24":3815.56006,"25":3834.68994},"close":{"0":3808.87012,"1":3817.20996,"2":3817.70996,"3":3812.41992,"4":3811.29004,"5":3814.0,"6":3816.51001,"7":3814.45996,"8":3818.46997,"9":3825.20996,"10":3826.76001,"11":3833.55005,"12":3825.68994,"13":3819.27002,"14":3812.61011,"15":3829.68994,"16":3823.45996,"17":3822.52002,"18":3835.23999,"19":3838.80005,"20":3833.11011,"21":3838.67993,"22":3855.16992,"23":3849.76001,"24":3821.90991,"25":3843.33008},"volume":{"0":240230822,"1":121948085,"2":99464200,"3":89934378,"4":73050648,"5":63693547,"6":60456763,"7":58478129,"8":54641980,"9":56948379,"10":64489422,"11":1552613953,"12":60430326,"13":58976642,"14":68058932,"15":65897373,"16":1205846136,"17":79343681,"18":75252837,"19":992276517,"20":920213574,"21":99703463,"22":108195264,"23":139822349,"24":156576887,"25":378969005}}