{"datetime":{"0":1687902300000,"1":1687901400000,"2":1687900500000,"3":1687899600000,"4":1687898700000,"5":1687897800000,"6":1687896900000,"7":1687896000000,"8":1687895100000,"9":1687894200000,"10":1687893300000,"11":1687892400000,"12":1687891500000,"13":1687890600000,"14":1687889700000,"15":1687888800000,"16":1687887900000,"17":1687887000000,"18":1687886100000,"19":1687885200000,"20":1687884300000,"21":1687883400000,"22":1687882500000,"23":1687881600000,"24":1687880700000,"25":1687879800000},"open":{"0":4381.79004,"1":4383.70996,"2":4381.70996,"3":4377.81982,"4":4378.16992,"5":4380.75977,"6":4380.75977,"7":4378.66992,"8":4375.06006,"9":4371.54004,"10":4367.2998,"11":4366.89014,"12":4367.74023,"13":4362.6001,"14":4359.49023,"15":4358.47021,"16":4357.12988,"17":4354.77002,"18":4347.00977,"19":4349.66016,"20":4345.12012,"21":4344.29004,"22":4339.95996,"23":4343.1001,"24":4345.54004,"25":4337.35986},"high":{"0":4383.45996,"1":4384.41992,"2":4383.83008,"3":4381.83984,"4":4381.68994,"5":4381.97021,"6":4381.77002,"7":4380.83008,"8":4378.81982,"9":4376.08008,"10":4372.87012,"11":4367.64014,"12":4369.66992,"13":4367.77979,"14":4363.0498,"15":4360.6001,"16":4359.47021,"17":4358.02979,"18":4355.33984,"19":4351.00977,"20":4350.0498,"21":4348.66992,"22":4346.99023,"23":4345.37988,"24":4345.81006,"25":4348.37988},"low":{"0":4377.31006,"1":4379.12012,"2":4378.87988,"3":4377.81982,"4":4377.10986,"5":4377.06982,"6":4379.9502,"7":4377.47021,"8":4374.97998,"9":4371.54004,"10":4366.56982,"11":4364.33984,"12":4365.62012,"13":4361.52002,"14":4357.43994,"15":4357.68018,"16":4354.85986,"17":4354.12988,"18":4346.08984,"19":4342.16992,"20":4344.60986,"21":4342.37012,"22":4339.50977,"23":4335.0,"24":4338.87012,"25":4337.35986},"close":{"0":4378.12012,"1":4381.85986,"2":4383.75977,"3":4381.72021,"4":4377.77979,"5":4378.16992,"6":4380.77002,"7":4380.75,"8":4378.66992,"9":4375.06982,"10":4371.56982,"11":4367.31982,"12":4366.93994,"13":4367.77979,"14":4362.5,"15":4359.49023,"16":4358.39014,"17":4357.12988,"18":4354.83984,"19":4347.00977,"20":4349.62988,"21":4345.10986,"22":4344.18018,"23":4339.93994,"24":4342.77002,"25":4345.50977},"volume":{"0":232881286,"1":95528562,"2":71150188,"3":59660877,"4":52968343,"5":50381309,"6":47582246,"7":50146652,"8":52524624,"9":50876752,"10":54400732,"11":45573998,"12":50440099,"13":51746690,"14":56371389,"15":53993287,"16":53933571,"17":59529800,"18":60532185,"19":66824274,"20":78956094,"21":564746341,"22":78653506,"23":94449853,"24":91973238,"25":144863716}}