{"datetime":{"0":1650491100000,"1":1650490200000,"2":1650489300000,"3":1650488400000,"4":1650487500000,"5":1650486600000,"6":1650485700000,"7":1650484800000,"8":1650483900000,"9":1650483000000,"10":1650482100000,"11":1650481200000,"12":1650480300000,"13":1650479400000,"14":1650478500000,"15":1650477600000,"16":1650476700000,"17":1650475800000,"18":1650474900000,"19":1650474000000,"20":1650473100000,"21":1650472200000,"22":1650471300000,"23":1650470400000,"24":1650469500000,"25":1650468600000},"open":{"0":4468.75,"1":4467.97998,"2":4465.52002,"3":4453.37988,"4":4459.74023,"5":4467.22021,"6":4474.62012,"7":4479.50977,"8":4481.87988,"9":4475.08984,"10":4480.08984,"11":4475.95996,"12":4471.99023,"13":4463.47998,"14":4464.52002,"15":4473.68018,"16":4476.62012,"17":4468.83984,"18":4470.3501,"19":4482.62988,"20":4479.16992,"21":4471.10986,"22":4465.58984,"23":4462.9502,"24":4470.0498,"25":4472.25977},"high":{"0":4476.89014,"1":4469.16016,"2":4471.7998,"3":4466.72021,"4":4462.8999,"5":4467.70996,"6":4476.06006,"7":4481.77002,"8":4484.77002,"9":4482.1499,"10":4482.29004,"11":4481.33008,"12":4479.33984,"13":4474.58984,"14":4466.37988,"15":4476.0498,"16":4478.22021,"17":4476.87012,"18":4470.3501,"19":4482.81006,"20":4485.43018,"21":4482.52979,"22":4473.47998,"23":4466.8999,"24":4470.10986,"25":4488.29004},"low":{"0":4457.62012,"1":4461.6499,"2":4463.66016,"3":4452.8501,"4":4448.75977,"5":4459.1001,"6":4466.93994,"7":4474.6499,"8":4475.33008,"9":4473.08008,"10":4473.87988,"11":4473.02002,"12":4471.91016,"13":4462.77002,"14":4461.37012,"15":4463.22998,"16":4467.62012,"17":4468.0498,"18":4464.0498,"19":4468.08008,"20":4477.41016,"21":4467.27002,"22":4465.18018,"23":4457.58008,"24":4458.12012,"25":4469.77979},"close":{"0":4459.5498,"1":4468.64014,"2":4467.8999,"3":4465.47021,"4":4453.25,"5":4459.7002,"6":4467.31006,"7":4474.66016,"8":4479.5,"9":4481.7998,"10":4475.04004,"11":4480.0498,"12":4475.91992,"13":4472.02979,"14":4463.47021,"15":4464.52979,"16":4473.66016,"17":4476.54004,"18":4468.83984,"19":4470.31982,"20":4482.2998,"21":4479.18018,"22":4470.87012,"23":4465.3999,"24":4462.49023,"25":4469.77979},"volume":{"0":2069418740,"1":3671171793,"2":68441808,"3":64952919,"4":62293176,"5":55667340,"6":50252063,"7":46738860,"8":46612232,"9":45166143,"10":46613259,"11":52665008,"12":48840023,"13":47942980,"14":47938296,"15":59618231,"16":986141456,"17":59089200,"18":61851631,"19":68832391,"20":76123316,"21":88426024,"22":97662249,"23":112678301,"24":131059911,"25":162020777}}