{"datetime":{"0":1631310300000,"1":1631309400000,"2":1631308500000,"3":1631307600000,"4":1631306700000,"5":1631305800000,"6":1631304900000,"7":1631304000000,"8":1631303100000,"9":1631302200000,"10":1631301300000,"11":1631300400000,"12":1631299500000,"13":1631298600000,"14":1631297700000,"15":1631296800000,"16":1631295900000,"17":1631295000000,"18":1631294100000,"19":1631293200000,"20":1631292300000,"21":1631291400000,"22":1631290500000,"23":1631289600000,"24":1631288700000,"25":1631287800000},"open":{"0":4467.16992,"1":4473.10986,"2":4477.83008,"3":4483.75,"4":4486.14014,"5":4485.52002,"6":4488.58008,"7":4490.47998,"8":4492.91016,"9":4492.41992,"10":4497.68018,"11":4495.3501,"12":4496.85986,"13":4492.81982,"14":4490.62012,"15":4483.6001,"16":4483.22998,"17":4479.49023,"18":4486.58984,"19":4486.20996,"20":4484.3501,"21":4494.93994,"22":4495.22021,"23":4502.08008,"24":4507.83008,"25":4506.91992},"high":{"0":4467.16992,"1":4474.31982,"2":4479.22021,"3":4483.75977,"4":4486.31982,"5":4486.14014,"6":4488.93018,"7":4491.75,"8":4492.91016,"9":4495.60986,"10":4497.77002,"11":4497.77979,"12":4497.6499,"13":4497.31982,"14":4493.29004,"15":4491.33008,"16":4484.5,"17":4485.31006,"18":4487.7002,"19":4487.60986,"20":4489.20996,"21":4494.93994,"22":4497.41992,"23":4502.08984,"24":4508.6001,"25":4520.47021},"low":{"0":4457.66016,"1":4464.66992,"2":4472.60986,"3":4475.31982,"4":4483.75,"5":4483.1499,"6":4485.43994,"7":4488.45996,"8":4488.81982,"9":4492.18994,"10":4492.2002,"11":4493.8501,"12":4494.75977,"13":4492.75977,"14":4490.62012,"15":4482.18994,"16":4477.9502,"17":4478.50977,"18":4479.70996,"19":4481.66016,"20":4480.06006,"21":4483.87988,"22":4493.25977,"23":4492.02979,"24":4500.25,"25":4506.91992},"close":{"0":4459.16016,"1":4467.22998,"2":4473.10986,"3":4477.62012,"4":4483.77002,"5":4486.14014,"6":4485.50977,"7":4488.56982,"8":4490.37012,"9":4492.91992,"10":4492.33008,"11":4497.68018,"12":4495.2998,"13":4496.83008,"14":4492.81006,"15":4490.62988,"16":4483.5498,"17":4483.16016,"18":4479.70996,"19":4486.56006,"20":4486.22998,"21":4484.3999,"22":4494.91016,"23":4495.16992,"24":4502.2002,"25":4508.33984},"volume":{"0":150316318,"1":86959349,"2":54950354,"3":49555788,"4":38701487,"5":41730619,"6":39587981,"7":38359973,"8":36906346,"9":34876640,"10":37650619,"11":40604692,"12":40080800,"13":41782256,"14":44790161,"15":49161013,"16":61212279,"17":60564249,"18":69226440,"19":50439338,"20":71532178,"21":70061454,"22":61132586,"23":77944283,"24":89574217,"25":100362660}}