{"datetime":{"0":1597787100000,"1":1597786200000,"2":1597785300000,"3":1597784400000,"4":1597783500000,"5":1597782600000,"6":1597781700000,"7":1597780800000,"8":1597779900000,"9":1597779000000,"10":1597778100000,"11":1597777200000,"12":1597776300000,"13":1597775400000,"14":1597774500000,"15":1597773600000,"16":1597772700000,"17":1597771800000,"18":1597770900000,"19":1597770000000,"20":1597769100000,"21":1597768200000,"22":1597767300000,"23":1597766400000,"24":1597765500000,"25":1597764600000},"open":{"0":3391.55005,"1":3391.53003,"2":3394.01001,"3":3392.82007,"4":3391.59009,"5":3391.69995,"6":3389.16992,"7":3391.02002,"8":3392.12012,"9":3390.38989,"10":3391.28003,"11":3390.95996,"12":3391.33008,"13":3388.58008,"14":3387.76001,"15":3387.52002,"16":3388.08008,"17":3386.1001,"18":3382.44995,"19":3381.41992,"20":3376.1001,"21":3371.91992,"22":3380.20996,"23":3387.91992,"24":3392.42993,"25":3387.04004},"high":{"0":3392.18994,"1":3393.0,"2":3394.52002,"3":3394.06006,"4":3393.81006,"5":3392.26001,"6":3392.5,"7":3391.62988,"8":3393.02002,"9":3393.03003,"10":3391.62012,"11":3392.87012,"12":3391.73999,"13":3391.3999,"14":3388.57007,"15":3389.01001,"16":3388.23999,"17":3388.43994,"18":3386.82007,"19":3383.83008,"20":3381.41992,"21":3377.45996,"22":3382.11011,"23":3388.44995,"24":3395.06006,"25":3394.02002},"low":{"0":3386.91992,"1":3389.82007,"2":3390.25,"3":3390.6499,"4":3391.1001,"5":3391.08008,"6":3389.13989,"7":3389.28003,"8":3391.02002,"9":3390.37988,"10":3388.80005,"11":3390.12988,"12":3390.29004,"13":3388.57007,"14":3386.70996,"15":3387.46997,"16":3386.42993,"17":3386.1001,"18":3382.09009,"19":3380.61011,"20":3375.20996,"21":3370.1499,"22":3371.59009,"23":3376.46997,"24":3385.81006,"25":3387.04004},"close":{"0":3389.6001,"1":3391.53003,"2":3391.55005,"3":3394.01001,"4":3392.79004,"5":3391.62012,"6":3391.69995,"7":3389.28003,"8":3391.04004,"9":3392.12012,"10":3390.3999,"11":3391.28003,"12":3390.97998,"13":3391.32007,"14":3388.57007,"15":3387.76001,"16":3387.53003,"17":3388.09009,"18":3386.1001,"19":3382.44995,"20":3381.38989,"21":3376.13989,"22":3372.08008,"23":3380.25,"24":3388.08008,"25":3392.45996},"volume":{"0":200007794,"1":74507450,"2":61176439,"3":51451104,"4":45719541,"5":38114233,"6":40041689,"7":40023550,"8":39435799,"9":42855843,"10":34091254,"11":38344242,"12":38624469,"13":40224547,"14":43414157,"15":41153469,"16":39770837,"17":43995132,"18":47311822,"19":47974179,"20":55781778,"21":64475025,"22":70243160,"23":82410492,"24":89215726,"25":104259989}}