{"datetime":{"0":1601070300000,"1":1601069400000,"2":1601068500000,"3":1601067600000,"4":1601066700000,"5":1601065800000,"6":1601064900000,"7":1601064000000,"8":1601063100000,"9":1601062200000,"10":1601061300000,"11":1601060400000,"12":1601059500000,"13":1601058600000,"14":1601057700000,"15":1601056800000,"16":1601055900000,"17":1601055000000,"18":1601054100000,"19":1601053200000,"20":1601052300000,"21":1601051400000,"22":1601050500000,"23":1601049600000,"24":1601048700000,"25":1601047800000},"open":{"0":3297.3501,"1":3304.19995,"2":3298.88989,"3":3291.87988,"4":3285.22998,"5":3287.54004,"6":3280.91992,"7":3280.6499,"8":3279.63989,"9":3273.16992,"10":3273.94995,"11":3268.37988,"12":3266.06006,"13":3261.93994,"14":3268.46997,"15":3254.73999,"16":3258.82007,"17":3265.3999,"18":3261.3999,"19":3258.68994,"20":3259.77002,"21":3251.90991,"22":3231.02002,"23":3246.52002,"24":3244.01001,"25":3236.65991},"high":{"0":3301.19995,"1":3304.33008,"2":3306.87988,"3":3303.34009,"4":3292.09009,"5":3288.07007,"6":3288.79004,"7":3285.13989,"8":3281.95996,"9":3279.6001,"10":3274.73999,"11":3274.38989,"12":3268.84009,"13":3266.58008,"14":3269.01001,"15":3268.61011,"16":3260.36011,"17":3268.18994,"18":3269.42993,"19":3263.86011,"20":3263.0,"21":3262.75,"22":3253.43994,"23":3248.25,"24":3245.82007,"25":3248.12988},"low":{"0":3293.96997,"1":3293.31006,"2":3298.88989,"3":3291.47998,"4":3285.22998,"5":3283.95996,"6":3280.91992,"7":3280.09009,"8":3279.53003,"9":3273.0,"10":3270.72998,"11":3265.94995,"12":3264.28003,"13":3259.07007,"14":3258.90991,"15":3254.73999,"16":3254.76001,"17":3258.66992,"18":3261.32007,"19":3254.27002,"20":3255.03003,"21":3248.78003,"22":3230.26001,"23":3228.43994,"24":3234.41992,"25":3233.63989},"close":{"0":3298.97998,"1":3297.3501,"2":3304.18994,"3":3298.8999,"4":3291.84009,"5":3285.16992,"6":3287.56006,"7":3280.98999,"8":3280.6499,"9":3279.6001,"10":3273.16992,"11":3273.95996,"12":3268.40991,"13":3266.07007,"14":3261.92993,"15":3268.51001,"16":3254.77002,"17":3258.78003,"18":3265.37012,"19":3261.37988,"20":3258.70996,"21":3259.77002,"22":3251.82007,"23":3231.12012,"24":3245.67993,"25":3244.03003},"volume":{"0":214901339,"1":94513617,"2":79978940,"3":69926729,"4":58248766,"5":53029446,"6":62596931,"7":52405047,"8":49672548,"9":50450364,"10":53970885,"11":53876221,"12":43311922,"13":53225724,"14":48828790,"15":45946706,"16":50348416,"17":57847276,"18":61766202,"19":65423388,"20":60712797,"21":79527184,"22":81267854,"23":92142888,"24":102162633,"25":116345348}}