{"datetime":{"0":1675374300000,"1":1675373400000,"2":1675372500000,"3":1675371600000,"4":1675370700000,"5":1675369800000,"6":1675368900000,"7":1675368000000,"8":1675367100000,"9":1675366200000,"10":1675365300000,"11":1675364400000,"12":1675363500000,"13":1675362600000,"14":1675361700000,"15":1675360800000,"16":1675359900000,"17":1675359000000,"18":1675358100000,"19":1675357200000,"20":1675356300000,"21":1675355400000,"22":1675354500000,"23":1675353600000,"24":1675352700000,"25":1675351800000},"open":{"0":4163.75977,"1":4164.75,"2":4159.31982,"3":4150.74023,"4":4159.6499,"5":4168.31006,"6":4174.3999,"7":4193.24023,"8":4185.79004,"9":4179.22021,"10":4179.1001,"11":4179.12012,"12":4176.9502,"13":4177.24023,"14":4176.47998,"15":4171.00977,"16":4175.04004,"17":4177.83984,"18":4177.7998,"19":4179.08984,"20":4175.41016,"21":4159.10986,"22":4145.91992,"23":4148.00977,"24":4149.64014,"25":4158.68018},"high":{"0":4180.16016,"1":4172.91016,"2":4167.3999,"3":4159.58984,"4":4163.62988,"5":4169.75,"6":4175.43018,"7":4195.43994,"8":4193.25,"9":4188.3501,"10":4181.56006,"11":4185.18018,"12":4179.3501,"13":4181.58008,"14":4179.37012,"15":4176.6499,"16":4176.68018,"17":4182.77979,"18":4180.64014,"19":4182.5,"20":4183.31006,"21":4177.7002,"22":4160.97998,"23":4154.27979,"24":4159.24023,"25":4163.37988},"low":{"0":4161.1001,"1":4159.16992,"2":4154.58984,"3":4145.3999,"4":4149.60986,"5":4155.49023,"6":4167.33008,"7":4174.27979,"8":4184.81006,"9":4179.22021,"10":4176.91992,"11":4177.9502,"12":4172.68018,"13":4175.12012,"14":4172.81006,"15":4168.52002,"16":4170.7998,"17":4173.64014,"18":4172.22998,"19":4176.10986,"20":4175.14014,"21":4159.10986,"22":4145.3501,"23":4141.87988,"24":4146.52002,"25":4148.83984},"close":{"0":4178.56982,"1":4163.9502,"2":4164.83008,"3":4159.18994,"4":4150.77979,"5":4159.60986,"6":4168.37988,"7":4174.49023,"8":4193.20996,"9":4185.75977,"10":4179.12012,"11":4179.1001,"12":4179.22021,"13":4177.0,"14":4177.22998,"15":4176.50977,"16":4170.81006,"17":4174.87988,"18":4178.06006,"19":4177.81006,"20":4179.22021,"21":4175.25,"22":4159.08984,"23":4145.81982,"24":4148.16016,"25":4149.68018},"volume":{"0":306613879,"1":131474805,"2":104389933,"3":106137849,"4":93300071,"5":96094409,"6":86654191,"7":86153061,"8":76372844,"9":74762701,"10":68655362,"11":74899361,"12":69600768,"13":72863567,"14":72980670,"15":80367622,"16":81739142,"17":92118431,"18":122260657,"19":114821982,"20":116403742,"21":130214226,"22":121163881,"23":139263969,"24":158868221,"25":188241046}}