{"datetime":{"0":1690407900000,"1":1690407000000,"2":1690406100000,"3":1690405200000,"4":1690404300000,"5":1690403400000,"6":1690402500000,"7":1690401600000,"8":1690400700000,"9":1690399800000,"10":1690398900000,"11":1690398000000,"12":1690397100000,"13":1690396200000,"14":1690395300000,"15":1690394400000,"16":1690393500000,"17":1690392600000,"18":1690391700000,"19":1690390800000,"20":1690389900000,"21":1690389000000,"22":1690388100000,"23":1690387200000,"24":1690386300000,"25":1690385400000},"open":{"0":4566.6001,"1":4558.2002,"2":4555.3999,"3":4572.9502,"4":4579.5498,"5":4556.6499,"6":4559.35986,"7":4555.62012,"8":4554.6499,"9":4555.93994,"10":4557.52979,"11":4555.93994,"12":4557.0,"13":4559.4502,"14":4563.29004,"15":4562.22998,"16":4560.08008,"17":4557.08984,"18":4557.2998,"19":4554.37012,"20":4557.04004,"21":4560.06006,"22":4562.47998,"23":4561.33008,"24":4562.68018,"25":4558.95996},"high":{"0":4568.08008,"1":4566.85986,"2":4559.62988,"3":4574.89014,"4":4580.66992,"5":4582.47021,"6":4561.4502,"7":4562.83984,"8":4556.66992,"9":4555.93994,"10":4557.52979,"11":4558.20996,"12":4557.16992,"13":4560.08008,"14":4563.75977,"15":4564.31982,"16":4562.60986,"17":4560.56982,"18":4558.12012,"19":4557.3501,"20":4557.9502,"21":4561.6499,"22":4563.02002,"23":4563.47998,"24":4563.87988,"25":4565.1001},"low":{"0":4557.85986,"1":4554.25977,"2":4547.58008,"3":4551.1001,"4":4570.18994,"5":4556.31982,"6":4553.22021,"7":4552.39014,"8":4554.64014,"9":4553.93018,"10":4554.41992,"11":4555.08008,"12":4553.91016,"13":4556.72998,"14":4559.31006,"15":4561.3501,"16":4559.5,"17":4556.41992,"18":4554.5,"19":4552.72998,"20":4553.35986,"21":4556.31982,"22":4557.7002,"23":4558.91992,"24":4559.85986,"25":4556.37012},"close":{"0":4567.5498,"1":4566.58984,"2":4558.1499,"3":4555.37988,"4":4572.62012,"5":4579.52002,"6":4556.5498,"7":4559.06006,"8":4555.6499,"9":4554.6001,"10":4555.93994,"11":4557.52002,"12":4555.91016,"13":4557.0498,"14":4559.39014,"15":4563.27002,"16":4562.22021,"17":4560.0,"18":4557.0498,"19":4557.29004,"20":4554.3999,"21":4556.64014,"22":4560.0498,"23":4562.45996,"24":4561.25977,"25":4562.6499},"volume":{"0":170675020,"1":95076751,"2":77815086,"3":82970435,"4":73147421,"5":91590567,"6":52629405,"7":60544546,"8":43737267,"9":42510057,"10":41725277,"11":41901050,"12":40221071,"13":42960557,"14":44461721,"15":49057337,"16":53316469,"17":53209659,"18":57705492,"19":743498927,"20":87707826,"21":75596823,"22":78832837,"23":88352893,"24":103688944,"25":163352867}}