{"datetime":{"0":1617140700000,"1":1617139800000,"2":1617138900000,"3":1617138000000,"4":1617137100000,"5":1617136200000,"6":1617135300000,"7":1617134400000,"8":1617133500000,"9":1617132600000,"10":1617131700000,"11":1617130800000,"12":1617129900000,"13":1617129000000,"14":1617128100000,"15":1617127200000,"16":1617126300000,"17":1617125400000,"18":1617124500000,"19":1617123600000,"20":1617122700000,"21":1617121800000,"22":1617120900000,"23":1617120000000,"24":1617119100000,"25":1617118200000},"open":{"0":3961.07007,"1":3965.59009,"2":3964.1001,"3":3964.91992,"4":3956.32007,"5":3956.81006,"6":3956.1001,"7":3954.26001,"8":3955.80005,"9":3955.88989,"10":3951.8999,"11":3954.18994,"12":3951.80005,"13":3953.40991,"14":3954.65991,"15":3954.72998,"16":3961.98999,"17":3958.80005,"18":3961.1001,"19":3956.80005,"20":3960.92993,"21":3957.30005,"22":3956.19995,"23":3954.13989,"24":3954.76001,"25":3963.34009},"high":{"0":3962.1001,"1":3968.1001,"2":3966.6001,"3":3968.6001,"4":3966.31006,"5":3959.80005,"6":3959.1001,"7":3956.6001,"8":3957.31006,"9":3957.80005,"10":3957.62988,"11":3954.18994,"12":3955.6001,"13":3956.91992,"14":3955.1001,"15":3956.94995,"16":3963.46997,"17":3962.6001,"18":3962.34009,"19":3962.82007,"20":3962.71997,"21":3961.65991,"22":3957.1499,"23":3957.98999,"24":3956.04004,"25":3963.34009},"low":{"0":3949.30005,"1":3960.82007,"2":3962.68994,"3":3962.3999,"4":3955.83008,"5":3955.30005,"6":3953.86011,"7":3951.1499,"8":3954.51001,"9":3953.37012,"10":3951.80005,"11":3948.44995,"12":3951.0,"13":3951.6001,"14":3949.1001,"15":3953.68994,"16":3953.73999,"17":3956.80005,"18":3956.78003,"19":3956.27002,"20":3955.80005,"21":3955.6001,"22":3944.75,"23":3949.43994,"24":3949.02002,"25":3953.22998},"close":{"0":3961.37988,"1":3960.82007,"2":3965.30005,"3":3963.80005,"4":3965.6001,"5":3956.07007,"6":3957.06006,"7":3956.30005,"8":3954.51001,"9":3956.05005,"10":3955.80005,"11":3952.12012,"12":3954.1001,"13":3952.30005,"14":3953.90991,"15":3955.15991,"16":3954.6001,"17":3961.48999,"18":3959.02002,"19":3960.80005,"20":3957.26001,"21":3960.80005,"22":3957.1499,"23":3955.80005,"24":3955.26001,"25":3954.77002},"volume":{"0":0,"1":0,"2":0,"3":0,"4":0,"5":0,"6":0,"7":0,"8":0,"9":0,"10":0,"11":0,"12":0,"13":0,"14":0,"15":0,"16":0,"17":0,"18":0,"19":0,"20":0,"21":0,"22":0,"23":0,"24":54174381,"25":119796432}}