{"datetime":{"0":1689371100000,"1":1689370200000,"2":1689369300000,"3":1689368400000,"4":1689367500000,"5":1689366600000,"6":1689365700000,"7":1689364800000,"8":1689363900000,"9":1689363000000,"10":1689362100000,"11":1689361200000,"12":1689360300000,"13":1689359400000,"14":1689358500000,"15":1689357600000,"16":1689356700000,"17":1689355800000,"18":1689354900000,"19":1689354000000,"20":1689353100000,"21":1689352200000,"22":1689351300000,"23":1689350400000,"24":1689349500000,"25":1689348600000},"open":{"0":4502.79004,"1":4504.6499,"2":4506.22021,"3":4506.29004,"4":4507.52002,"5":4509.43994,"6":4515.75,"7":4512.16992,"8":4512.20996,"9":4511.33008,"10":4510.25,"11":4512.10986,"12":4514.33008,"13":4511.7998,"14":4513.3501,"15":4519.02002,"16":4517.8999,"17":4517.60986,"18":4515.8501,"19":4515.4502,"20":4513.77979,"21":4518.79004,"22":4524.6499,"23":4524.29004,"24":4519.5498,"25":4514.60986},"high":{"0":4506.1001,"1":4505.4502,"2":4508.77979,"3":4506.45996,"4":4511.64014,"5":4510.99023,"6":4516.2998,"7":4515.97021,"8":4514.93994,"9":4514.37988,"10":4511.47021,"11":4512.31982,"12":4514.64014,"13":4514.81982,"14":4515.24023,"15":4519.29004,"16":4519.39014,"17":4521.8501,"18":4519.29004,"19":4517.3999,"20":4516.18994,"21":4520.91016,"22":4527.75977,"23":4525.1499,"24":4525.0498,"25":4524.31982},"low":{"0":4499.56006,"1":4502.7002,"2":4503.12012,"3":4500.22021,"4":4505.91016,"5":4506.33008,"6":4509.22998,"7":4512.16992,"8":4511.74023,"9":4510.70996,"10":4508.4502,"11":4505.99023,"12":4509.68994,"13":4510.37012,"14":4511.3501,"15":4513.5,"16":4515.12012,"17":4517.16992,"18":4515.22998,"19":4514.49023,"20":4509.14014,"21":4512.68994,"22":4518.89014,"23":4517.37988,"24":4518.43994,"25":4514.60986},"close":{"0":4506.04004,"1":4502.77002,"2":4504.29004,"3":4506.24023,"4":4506.27002,"5":4507.49023,"6":4509.37012,"7":4515.75,"8":4512.16992,"9":4512.25,"10":4511.22998,"11":4510.24023,"12":4512.12012,"13":4514.25,"14":4511.72021,"15":4513.50977,"16":4518.99023,"17":4517.99023,"18":4517.64014,"19":4515.85986,"20":4515.41992,"21":4513.93018,"22":4518.93994,"23":4524.75,"24":4523.77979,"25":4519.56006},"volume":{"0":225008507,"1":88122244,"2":68467654,"3":68898445,"4":51006722,"5":53322732,"6":51290573,"7":42394881,"8":46893463,"9":53136864,"10":49412050,"11":59758597,"12":51292911,"13":47298954,"14":49516477,"15":64846447,"16":55231232,"17":60122713,"18":65020478,"19":70886467,"20":1484331524,"21":95378282,"22":102449870,"23":114308639,"24":106789206,"25":130460353}}