{"datetime":{"0":1632951900000,"1":1632951000000,"2":1632950100000,"3":1632949200000,"4":1632948300000,"5":1632947400000,"6":1632946500000,"7":1632945600000,"8":1632944700000,"9":1632943800000,"10":1632942900000,"11":1632942000000,"12":1632941100000,"13":1632940200000,"14":1632939300000,"15":1632938400000,"16":1632937500000,"17":1632936600000,"18":1632935700000,"19":1632934800000,"20":1632933900000,"21":1632933000000,"22":1632932100000,"23":1632931200000,"24":1632930300000,"25":1632929400000},"open":{"0":4367.24023,"1":4377.54004,"2":4381.12012,"3":4382.2002,"4":4383.14014,"5":4377.91016,"6":4381.41992,"7":4365.20996,"8":4360.52002,"9":4362.70996,"10":4363.06982,"11":4365.99023,"12":4361.3999,"13":4361.47021,"14":4366.3999,"15":4372.41016,"16":4368.31982,"17":4373.56006,"18":4379.04004,"19":4382.64014,"20":4378.87012,"21":4379.10986,"22":4375.87012,"23":4377.72998,"24":4358.66992,"25":4362.41016},"high":{"0":4369.2998,"1":4378.08008,"2":4381.58008,"3":4384.22998,"4":4384.68994,"5":4384.16992,"6":4381.56006,"7":4381.33984,"8":4365.25,"9":4362.87012,"10":4369.12012,"11":4366.87012,"12":4369.16992,"13":4365.33984,"14":4366.64014,"15":4374.85986,"16":4373.75,"17":4375.35986,"18":4379.25977,"19":4383.08008,"20":4385.56982,"21":4379.83984,"22":4384.66016,"23":4384.20996,"24":4379.95996,"25":4372.93994},"low":{"0":4355.75977,"1":4366.81982,"2":4375.95996,"3":4375.97998,"4":4379.66016,"5":4377.91016,"6":4377.37012,"7":4364.66016,"8":4358.56982,"9":4355.08008,"10":4361.77002,"11":4360.89014,"12":4359.81006,"13":4360.66016,"14":4358.41016,"15":4365.52979,"16":4366.41016,"17":4366.10986,"18":4372.93018,"19":4376.54004,"20":4376.52002,"21":4371.49023,"22":4375.87012,"23":4374.62988,"24":4356.8501,"25":4358.06982},"close":{"0":4359.58984,"1":4367.25,"2":4377.56006,"3":4381.06006,"4":4382.16992,"5":4383.12988,"6":4377.89014,"7":4381.33984,"8":4365.22998,"9":4360.50977,"10":4362.91016,"11":4362.8501,"12":4365.89014,"13":4361.41992,"14":4361.62988,"15":4366.41992,"16":4372.41992,"17":4368.50977,"18":4373.22998,"19":4379.06982,"20":4382.54004,"21":4378.56982,"22":4379.18018,"23":4376.08984,"24":4377.41016,"25":4358.37988},"volume":{"0":200730879,"1":74253774,"2":50462541,"3":50612743,"4":46822929,"5":42469252,"6":43909848,"7":48494663,"8":39820421,"9":47932604,"10":42194790,"11":38594513,"12":933558912,"13":39352436,"14":48233811,"15":42050683,"16":763933342,"17":59802785,"18":54500643,"19":55314934,"20":552958379,"21":71000904,"22":72439318,"23":80793415,"24":95427004,"25":118892314}}