{"datetime":{"0":1607636700000,"1":1607635800000,"2":1607634900000,"3":1607634000000,"4":1607633100000,"5":1607632200000,"6":1607631300000,"7":1607630400000,"8":1607629500000,"9":1607628600000,"10":1607627700000,"11":1607626800000,"12":1607625900000,"13":1607625000000,"14":1607624100000,"15":1607623200000,"16":1607622300000,"17":1607621400000,"18":1607620500000,"19":1607619600000,"20":1607618700000,"21":1607617800000,"22":1607616900000,"23":1607616000000,"24":1607615100000,"25":1607614200000},"open":{"0":3671.1001,"1":3669.66992,"2":3667.25,"3":3661.08008,"4":3663.27002,"5":3659.6001,"6":3661.3999,"7":3667.3999,"8":3668.40991,"9":3671.8999,"10":3673.20996,"11":3665.54004,"12":3669.8999,"13":3669.8999,"14":3670.1001,"15":3664.07007,"16":3671.01001,"17":3676.43994,"18":3674.3999,"19":3675.32007,"20":3671.87988,"21":3670.40991,"22":3673.57007,"23":3672.76001,"24":3659.76001,"25":3659.12988},"high":{"0":3675.29004,"1":3672.78003,"2":3670.91992,"3":3667.76001,"4":3665.27002,"5":3664.8999,"6":3662.3999,"7":3667.8999,"8":3669.55005,"9":3672.6001,"10":3674.12012,"11":3673.46997,"12":3671.73999,"13":3673.04004,"14":3672.07007,"15":3671.62012,"16":3672.51001,"17":3676.68994,"18":3678.92993,"19":3676.06006,"20":3677.6001,"21":3674.12012,"22":3676.1001,"23":3676.30005,"24":3673.8501,"25":3666.17993},"low":{"0":3668.72998,"1":3667.6001,"2":3666.3999,"3":3660.33008,"4":3658.83008,"5":3659.1001,"6":3658.1001,"7":3661.1001,"8":3664.6001,"9":3666.8999,"10":3670.3999,"11":3664.55005,"12":3663.80005,"13":3669.3999,"14":3667.1001,"15":3663.08008,"16":3662.83008,"17":3670.26001,"18":3674.3999,"19":3670.58008,"20":3668.87988,"21":3666.1001,"22":3670.3999,"23":3668.3501,"24":3659.76001,"25":3645.17993},"close":{"0":3668.72998,"1":3670.8999,"2":3669.6001,"3":3666.8999,"4":3660.83008,"5":3663.02002,"6":3659.8999,"7":3661.86011,"8":3666.3999,"9":3668.3999,"10":3672.1001,"11":3672.70996,"12":3665.29004,"13":3670.1001,"14":3669.80005,"15":3669.84009,"16":3664.32007,"17":3671.3999,"18":3676.17993,"19":3674.30005,"20":3674.82007,"21":3672.12988,"22":3670.65991,"23":3672.1001,"24":3672.21997,"25":3659.72998},"volume":{"0":0,"1":0,"2":0,"3":0,"4":0,"5":0,"6":0,"7":0,"8":0,"9":0,"10":0,"11":0,"12":0,"13":0,"14":0,"15":0,"16":0,"17":0,"18":0,"19":0,"20":0,"21":0,"22":5985203,"23":97092593,"24":102508976,"25":137122816}}