{"datetime":{"0":1682027100000,"1":1682026200000,"2":1682025300000,"3":1682024400000,"4":1682023500000,"5":1682022600000,"6":1682021700000,"7":1682020800000,"8":1682019900000,"9":1682019000000,"10":1682018100000,"11":1682017200000,"12":1682016300000,"13":1682015400000,"14":1682014500000,"15":1682013600000,"16":1682012700000,"17":1682011800000,"18":1682010900000,"19":1682010000000,"20":1682009100000,"21":1682008200000,"22":1682007300000,"23":1682006400000,"24":1682005500000,"25":1682004600000},"open":{"0":4118.0,"1":4115.14014,"2":4118.31982,"3":4127.8999,"4":4124.41992,"5":4135.77979,"6":4141.02979,"7":4144.0498,"8":4145.60986,"9":4147.06006,"10":4147.41992,"11":4144.22998,"12":4140.75,"13":4138.06006,"14":4135.75977,"15":4134.72998,"16":4135.47021,"17":4133.72021,"18":4136.06982,"19":4138.58984,"20":4136.95996,"21":4134.27002,"22":4135.56982,"23":4128.31006,"24":4131.89014,"25":4130.47998},"high":{"0":4130.81006,"1":4121.75,"2":4118.97021,"3":4130.08984,"4":4128.20996,"5":4136.10986,"6":4141.02979,"7":4144.08984,"8":4148.56982,"9":4148.52979,"10":4147.75977,"11":4147.49023,"12":4144.58984,"13":4142.85986,"14":4138.33008,"15":4135.93018,"16":4137.47998,"17":4135.75,"18":4136.10986,"19":4139.7002,"20":4140.0498,"21":4138.83008,"22":4136.83984,"23":4135.56006,"24":4134.3999,"25":4131.8501},"low":{"0":4117.2998,"1":4115.14014,"2":4114.56982,"3":4118.16992,"4":4123.81006,"5":4123.18018,"6":4135.54004,"7":4139.35986,"8":4143.47998,"9":4144.9502,"10":4145.2002,"11":4143.08984,"12":4140.68994,"13":4137.33984,"14":4134.56982,"15":4130.06006,"16":4134.72998,"17":4129.8501,"18":4131.54004,"19":4131.20996,"20":4136.70996,"21":4133.77002,"22":4133.41992,"23":4125.68994,"24":4126.49023,"25":4122.64014},"close":{"0":4130.20996,"1":4118.02979,"2":4115.16016,"3":4118.31982,"4":4127.9502,"5":4124.41992,"6":4135.75977,"7":4141.04004,"8":4144.06006,"9":4145.60986,"10":4147.08984,"11":4147.47998,"12":4144.25,"13":4140.77979,"14":4138.08008,"15":4135.77979,"16":4134.72998,"17":4135.3999,"18":4133.72998,"19":4135.83008,"20":4138.58008,"21":4136.9502,"22":4134.2998,"23":4135.56006,"24":4128.29004,"25":4131.8501},"volume":{"0":247633464,"1":102040095,"2":83877377,"3":75572537,"4":61553081,"5":64357241,"6":56508709,"7":54681491,"8":45974129,"9":44382116,"10":45534778,"11":52069578,"12":48866445,"13":51524068,"14":52443767,"15":58331198,"16":62475892,"17":72625300,"18":73185089,"19":72501942,"20":70253217,"21":81662756,"22":89110800,"23":112845228,"24":121595193,"25":131350195}}