{"datetime":{"0":1625089500000,"1":1625088600000,"2":1625087700000,"3":1625086800000,"4":1625085900000,"5":1625085000000,"6":1625084100000,"7":1625083200000,"8":1625082300000,"9":1625081400000,"10":1625080500000,"11":1625079600000,"12":1625078700000,"13":1625077800000,"14":1625076900000,"15":1625076000000,"16":1625075100000,"17":1625074200000,"18":1625073300000,"19":1625072400000,"20":1625071500000,"21":1625070600000,"22":1625069700000,"23":1625068800000,"24":1625067900000,"25":1625067000000},"open":{"0":4299.37012,"1":4296.8501,"2":4295.10986,"3":4294.6499,"4":4295.18994,"5":4294.02002,"6":4293.22021,"7":4294.10986,"8":4294.24023,"9":4293.87988,"10":4295.02979,"11":4295.58984,"12":4296.66016,"13":4293.41992,"14":4295.50977,"15":4294.91992,"16":4294.54004,"17":4294.43018,"18":4294.2998,"19":4297.4502,"20":4296.22998,"21":4294.14014,"22":4293.5498,"23":4290.77979,"24":4294.52002,"25":4290.6499},"high":{"0":4302.43018,"1":4299.06982,"2":4297.35986,"3":4296.20996,"4":4295.60986,"5":4295.37012,"6":4294.68018,"7":4294.2998,"8":4294.33008,"9":4294.81006,"10":4295.18994,"11":4296.43994,"12":4297.25977,"13":4296.72021,"14":4296.10986,"15":4295.56006,"16":4295.83984,"17":4295.6001,"18":4295.39014,"19":4298.72021,"20":4297.79004,"21":4297.52002,"22":4295.16016,"23":4294.06982,"24":4294.66992,"25":4294.8999},"low":{"0":4295.1001,"1":4295.06006,"2":4295.06982,"3":4294.08008,"4":4293.58008,"5":4293.75,"6":4292.85986,"7":4291.45996,"8":4293.25,"9":4293.35986,"10":4293.7002,"11":4294.3999,"12":4295.20996,"13":4292.91016,"14":4292.8999,"15":4294.08984,"16":4293.91016,"17":4293.22021,"18":4293.04004,"19":4294.1499,"20":4296.20996,"21":4293.83984,"22":4292.70996,"23":4290.77979,"24":4288.97998,"25":4287.95996},"close":{"0":4297.31982,"1":4298.37012,"2":4296.87012,"3":4295.08984,"4":4294.64014,"5":4295.18994,"6":4294.02002,"7":4293.2002,"8":4294.14014,"9":4294.24023,"10":4293.87988,"11":4295.04004,"12":4295.6001,"13":4296.6499,"14":4293.43018,"15":4295.49023,"16":4294.91016,"17":4294.52979,"18":4294.43018,"19":4294.27979,"20":4297.41992,"21":4296.2002,"22":4294.12012,"23":4293.54004,"24":4290.72021,"25":4294.49023},"volume":{"0":201143797,"1":85752413,"2":57891797,"3":48956927,"4":38925475,"5":39361529,"6":40008616,"7":36897589,"8":34868902,"9":35357017,"10":34215929,"11":34950699,"12":33913558,"13":45773907,"14":42499258,"15":42573169,"16":42553339,"17":48829862,"18":47078612,"19":48171096,"20":58757746,"21":60366625,"22":63726720,"23":78774202,"24":84227428,"25":97030253}}