{"datetime":{"0":1624571100000,"1":1624570200000,"2":1624569300000,"3":1624568400000,"4":1624567500000,"5":1624566600000,"6":1624565700000,"7":1624564800000,"8":1624563900000,"9":1624563000000,"10":1624562100000,"11":1624561200000,"12":1624560300000,"13":1624559400000,"14":1624558500000,"15":1624557600000,"16":1624556700000,"17":1624555800000,"18":1624554900000,"19":1624554000000,"20":1624553100000,"21":1624552200000,"22":1624551300000,"23":1624550400000,"24":1624549500000,"25":1624548600000},"open":{"0":4267.0498,"1":4265.87988,"2":4269.6001,"3":4269.6499,"4":4270.66016,"5":4270.1499,"6":4268.37012,"7":4267.25,"8":4265.7998,"9":4266.25977,"10":4270.81006,"11":4267.70996,"12":4268.08984,"13":4265.87012,"14":4265.52002,"15":4263.66016,"16":4264.2998,"17":4265.3501,"18":4266.41016,"19":4265.62012,"20":4270.89014,"21":4270.81006,"22":4265.27002,"23":4265.22021,"24":4265.5,"25":4256.97021},"high":{"0":4268.97998,"1":4267.27979,"2":4269.72021,"3":4269.8501,"4":4271.0498,"5":4271.27979,"6":4270.5,"7":4269.35986,"8":4267.52979,"9":4267.06982,"10":4271.06006,"11":4270.83984,"12":4268.39014,"13":4268.97998,"14":4267.27002,"15":4266.54004,"16":4266.06982,"17":4266.3999,"18":4266.75,"19":4267.68018,"20":4270.91016,"21":4271.2002,"22":4270.75977,"23":4268.06006,"24":4268.37012,"25":4268.66992},"low":{"0":4265.08984,"1":4264.41016,"2":4265.33984,"3":4267.3999,"4":4268.37988,"5":4269.33008,"6":4267.41992,"7":4267.1001,"8":4263.45996,"9":4265.39014,"10":4265.22021,"11":4267.7002,"12":4266.64014,"13":4264.72998,"14":4265.33984,"15":4263.56982,"16":4263.64014,"17":4262.56006,"18":4263.93994,"19":4265.62012,"20":4265.62012,"21":4269.47998,"22":4265.27002,"23":4263.47998,"24":4263.77979,"25":4256.97021},"close":{"0":4266.52002,"1":4267.02979,"2":4265.91016,"3":4269.60986,"4":4269.62988,"5":4270.62012,"6":4270.12012,"7":4268.39014,"8":4267.25,"9":4265.83008,"10":4266.27979,"11":4270.83984,"12":4267.7002,"13":4268.1001,"14":4265.8501,"15":4265.52002,"16":4263.66992,"17":4264.27979,"18":4265.33008,"19":4266.50977,"20":4265.64014,"21":4270.87988,"22":4270.75977,"23":4265.27002,"24":4265.10986,"25":4265.47998},"volume":{"0":200280341,"1":77381063,"2":50318123,"3":44479619,"4":38615970,"5":40124347,"6":35100983,"7":39489627,"8":43523156,"9":41079771,"10":45312108,"11":43416085,"12":53220448,"13":42011749,"14":40804158,"15":41296194,"16":41435808,"17":49216951,"18":53393908,"19":52173674,"20":61127958,"21":59906918,"22":66921489,"23":78904288,"24":121953753,"25":108946473}}