{"datetime":{"0":1617659100000,"1":1617658200000,"2":1617657300000,"3":1617656400000,"4":1617655500000,"5":1617654600000,"6":1617653700000,"7":1617652800000,"8":1617651900000,"9":1617651000000,"10":1617650100000,"11":1617649200000,"12":1617648300000,"13":1617647400000,"14":1617646500000,"15":1617645600000,"16":1617644700000,"17":1617643800000,"18":1617642900000,"19":1617642000000,"20":1617641100000,"21":1617640200000,"22":1617639300000,"23":1617638400000,"24":1617637500000,"25":1617636600000},"open":{"0":4076.1001,"1":4074.30005,"2":4073.80005,"3":4075.42993,"4":4079.80005,"5":4078.26001,"6":4079.37012,"7":4080.1001,"8":4075.34009,"9":4077.05005,"10":4077.33008,"11":4077.80005,"12":4081.6001,"13":4080.58008,"14":4077.83008,"15":4076.58008,"16":4078.6001,"17":4071.58008,"18":4073.30005,"19":4070.83008,"20":4073.58008,"21":4067.33008,"22":4062.58008,"23":4060.30005,"24":4053.8999,"25":4048.8999},"high":{"0":4081.67993,"1":4077.6001,"2":4078.30005,"3":4075.91992,"4":4079.80005,"5":4082.34009,"6":4079.37012,"7":4080.30005,"8":4080.30005,"9":4078.80005,"10":4078.6001,"11":4080.33008,"12":4082.30005,"13":4083.80005,"14":4080.83008,"15":4078.6001,"16":4078.6001,"17":4079.33008,"18":4073.33008,"19":4074.1001,"20":4074.33008,"21":4073.80005,"22":4069.30005,"23":4062.6001,"24":4060.08008,"25":4056.83008},"low":{"0":4075.1001,"1":4072.30005,"2":4072.19995,"3":4071.80005,"4":4075.17993,"5":4078.13989,"6":4077.80005,"7":4078.07007,"8":4075.34009,"9":4075.32007,"10":4076.05005,"11":4077.33008,"12":4076.30005,"13":4080.33008,"14":4077.08008,"15":4076.58008,"16":4076.30005,"17":4071.58008,"18":4070.58008,"19":4069.58008,"20":4070.08008,"21":4067.33008,"22":4062.58008,"23":4056.58008,"24":4053.8999,"25":4047.69995},"close":{"0":4076.71997,"1":4077.1001,"2":4073.94995,"3":4073.97998,"4":4075.17993,"5":4079.6001,"6":4078.30005,"7":4079.12012,"8":4080.04004,"9":4075.33008,"10":4076.80005,"11":4078.1001,"12":4077.80005,"13":4081.6001,"14":4080.33008,"15":4077.80005,"16":4076.33008,"17":4078.30005,"18":4071.58008,"19":4072.83008,"20":4070.58008,"21":4073.6001,"22":4067.08008,"23":4062.30005,"24":4060.08008,"25":4053.3999},"volume":{"0":0,"1":0,"2":0,"3":0,"4":0,"5":0,"6":0,"7":0,"8":0,"9":0,"10":0,"11":0,"12":0,"13":0,"14":0,"15":0,"16":0,"17":0,"18":0,"19":0,"20":0,"21":0,"22":0,"23":0,"24":0,"25":0}}