{"datetime":{"0":1669671900000,"1":1669671000000,"2":1669670100000,"3":1669669200000,"4":1669668300000,"5":1669667400000,"6":1669666500000,"7":1669665600000,"8":1669664700000,"9":1669663800000,"10":1669662900000,"11":1669662000000,"12":1669661100000,"13":1669660200000,"14":1669659300000,"15":1669658400000,"16":1669657500000,"17":1669656600000,"18":1669655700000,"19":1669654800000,"20":1669653900000,"21":1669653000000,"22":1669652100000,"23":1669651200000,"24":1669650300000,"25":1669649400000},"open":{"0":3962.67993,"1":3956.81006,"2":3959.15991,"3":3964.54004,"4":3967.98999,"5":3964.65991,"6":3966.02002,"7":3970.30005,"8":3978.37988,"9":3982.8999,"10":3983.55005,"11":3981.38989,"12":3991.25,"13":3990.28003,"14":3985.19995,"15":3993.73999,"16":3992.78003,"17":3990.03003,"18":3992.04004,"19":3990.1001,"20":3997.30005,"21":3998.05005,"22":4005.43994,"23":4002.87012,"24":4007.71997,"25":4005.36011},"high":{"0":3966.67993,"1":3963.21997,"2":3960.72998,"3":3965.18994,"4":3968.44995,"5":3968.04004,"6":3968.23999,"7":3971.62012,"8":3978.70996,"9":3983.06006,"10":3984.62988,"11":3983.84009,"12":3992.20996,"13":3994.41992,"14":3993.25,"15":3997.6001,"16":3995.16992,"17":3994.42993,"18":3992.92993,"19":3992.78003,"20":3998.45996,"21":3999.98999,"22":4006.63989,"23":4005.53003,"24":4009.90991,"25":4012.27002},"low":{"0":3957.01001,"1":3955.95996,"2":3955.77002,"3":3958.83008,"4":3963.76001,"5":3963.11011,"6":3963.92993,"7":3965.95996,"8":3969.62988,"9":3978.41992,"10":3982.37012,"11":3980.18994,"12":3981.04004,"13":3990.28003,"14":3985.0,"15":3981.93994,"16":3992.44995,"17":3988.63989,"18":3989.33008,"19":3987.27002,"20":3989.23999,"21":3996.13989,"22":3993.95996,"23":4000.44995,"24":4001.18994,"25":3994.77002},"close":{"0":3964.56006,"1":3963.03003,"2":3956.81006,"3":3959.19995,"4":3964.51001,"5":3968.01001,"6":3964.66992,"7":3966.23999,"8":3970.31006,"9":3978.43994,"10":3982.94995,"11":3983.56006,"12":3981.37988,"13":3991.36011,"14":3990.27002,"15":3985.20996,"16":3993.67993,"17":3992.83008,"18":3989.86011,"19":3992.01001,"20":3990.07007,"21":3997.31006,"22":3998.04004,"23":4005.53003,"24":4002.86011,"25":4007.80005},"volume":{"0":227169057,"1":90605965,"2":65956171,"3":55461252,"4":44441916,"5":45291238,"6":42737221,"7":42767914,"8":47997342,"9":39998486,"10":37916135,"11":40016672,"12":43108855,"13":37131330,"14":40908218,"15":61990839,"16":49351192,"17":52499534,"18":52444417,"19":56357714,"20":56411596,"21":56173198,"22":72853849,"23":72677068,"24":88036071,"25":98938303}}