{"datetime":{"0":1657921500000,"1":1657920600000,"2":1657919700000,"3":1657918800000,"4":1657917900000,"5":1657917000000,"6":1657916100000,"7":1657915200000,"8":1657914300000,"9":1657913400000,"10":1657912500000,"11":1657911600000,"12":1657910700000,"13":1657909800000,"14":1657908900000,"15":1657908000000,"16":1657907100000,"17":1657906200000,"18":1657905300000,"19":1657904400000,"20":1657903500000,"21":1657902600000,"22":1657901700000,"23":1657900800000,"24":1657899900000,"25":1657899000000},"open":{"0":3854.87988,"1":3853.23999,"2":3854.71997,"3":3855.11011,"4":3856.62988,"5":3854.18994,"6":3854.08008,"7":3853.82007,"8":3856.95996,"9":3857.43994,"10":3853.59009,"11":3849.40991,"12":3848.96997,"13":3849.98999,"14":3848.41992,"15":3851.95996,"16":3857.45996,"17":3856.1499,"18":3857.06006,"19":3848.87012,"20":3844.81006,"21":3853.37012,"22":3839.81006,"23":3824.62988,"24":3832.01001,"25":3818.0},"high":{"0":3863.62012,"1":3854.97998,"2":3856.71997,"3":3857.66992,"4":3859.27002,"5":3856.59009,"6":3855.57007,"7":3854.01001,"8":3857.56006,"9":3859.27002,"10":3857.42993,"11":3854.16992,"12":3851.79004,"13":3850.69995,"14":3851.80005,"15":3854.40991,"16":3859.8999,"17":3858.8501,"18":3859.6001,"19":3857.70996,"20":3849.81006,"21":3854.57007,"22":3853.98999,"23":3848.82007,"24":3832.3999,"25":3843.02002},"low":{"0":3847.81006,"1":3847.95996,"2":3852.25,"3":3852.73999,"4":3854.97998,"5":3853.11011,"6":3850.51001,"7":3849.22998,"8":3851.08008,"9":3856.36011,"10":3851.88989,"11":3849.40991,"12":3847.3999,"13":3844.48999,"14":3847.06006,"15":3846.11011,"16":3851.75,"17":3853.27002,"18":3855.71997,"19":3847.82007,"20":3841.01001,"21":3844.79004,"22":3832.53003,"23":3824.62988,"24":3817.17993,"25":3818.0},"close":{"0":3861.56006,"1":3854.93994,"2":3853.23999,"3":3854.66992,"4":3855.09009,"5":3856.59009,"6":3854.18994,"7":3853.98999,"8":3853.87012,"9":3856.93994,"10":3857.41992,"11":3853.59009,"12":3849.41992,"13":3849.01001,"14":3849.90991,"15":3848.65991,"16":3852.12988,"17":3857.58008,"18":3856.16992,"19":3857.01001,"20":3848.93994,"21":3844.79004,"22":3853.45996,"23":3839.87012,"24":3826.81006,"25":3832.17993},"volume":{"0":194830392,"1":94089581,"2":60314251,"3":54831961,"4":50349483,"5":43684640,"6":51999018,"7":46407739,"8":53787596,"9":48229488,"10":46157251,"11":40770112,"12":40027271,"13":43250715,"14":44343313,"15":50679680,"16":47354075,"17":56146977,"18":59114733,"19":66007410,"20":65231730,"21":75920997,"22":88878614,"23":106960221,"24":100106288,"25":122593683}}