{"datetime":{"0":1637185500000,"1":1637184600000,"2":1637183700000,"3":1637182800000,"4":1637181900000,"5":1637181000000,"6":1637180100000,"7":1637179200000,"8":1637178300000,"9":1637177400000,"10":1637176500000,"11":1637175600000,"12":1637174700000,"13":1637173800000,"14":1637172900000,"15":1637172000000,"16":1637171100000,"17":1637170200000,"18":1637169300000,"19":1637168400000,"20":1637167500000,"21":1637166600000,"22":1637165700000,"23":1637164800000,"24":1637163900000,"25":1637163000000},"open":{"0":4694.10986,"1":4692.77979,"2":4691.52979,"3":4693.68018,"4":4691.25977,"5":4690.91016,"6":4693.64014,"7":4696.1001,"8":4694.87988,"9":4693.14014,"10":4691.43994,"11":4689.68018,"12":4690.24023,"13":4686.18994,"14":4693.27002,"15":4700.16016,"16":4695.1001,"17":4693.06006,"18":4694.43018,"19":4694.08008,"20":4695.08984,"21":4689.5498,"22":4691.95996,"23":4684.62988,"24":4694.2998,"25":4701.5},"high":{"0":4696.5,"1":4695.43018,"2":4695.12988,"3":4694.12012,"4":4693.91992,"5":4691.60986,"6":4694.8501,"7":4696.1001,"8":4696.33984,"9":4695.06982,"10":4693.75977,"11":4693.24023,"12":4690.72998,"13":4692.06982,"14":4693.8501,"15":4701.18994,"16":4700.66992,"17":4696.27002,"18":4695.56982,"19":4695.75977,"20":4697.14014,"21":4697.18018,"22":4692.10986,"23":4691.99023,"24":4695.58984,"25":4701.5},"low":{"0":4688.2998,"1":4691.66992,"2":4691.49023,"3":4688.83008,"4":4691.06982,"5":4688.7002,"6":4688.81006,"7":4693.16016,"8":4693.2002,"9":4691.70996,"10":4689.22021,"11":4688.0,"12":4687.08984,"13":4685.33984,"14":4686.1499,"15":4693.12988,"16":4694.37988,"17":4692.25977,"18":4690.75977,"19":4692.9502,"20":4690.4502,"21":4689.25977,"22":4687.52979,"23":4684.41016,"24":4684.6499,"25":4691.06006},"close":{"0":4689.12012,"1":4694.14014,"2":4692.77002,"3":4691.45996,"4":4693.66016,"5":4691.22998,"6":4690.93994,"7":4693.66992,"8":4696.18994,"9":4694.93018,"10":4693.2002,"11":4691.4502,"12":4689.60986,"13":4690.22021,"14":4686.24023,"15":4693.22998,"16":4700.1499,"17":4695.08984,"18":4693.06006,"19":4694.4502,"20":4694.04004,"21":4695.02002,"22":4689.47021,"23":4691.87012,"24":4686.06006,"25":4694.27002},"volume":{"0":163098662,"1":82390998,"2":60277005,"3":55566170,"4":48244222,"5":49263772,"6":53542680,"7":46782187,"8":42115719,"9":45297747,"10":43013016,"11":44812863,"12":48616382,"13":49741098,"14":57369439,"15":54706329,"16":52516191,"17":51246430,"18":61139926,"19":60287871,"20":64696803,"21":71598968,"22":74647965,"23":83403427,"24":95881527,"25":124672397}}