{"datetime":{"0":1640295900000,"1":1640295000000,"2":1640294100000,"3":1640293200000,"4":1640292300000,"5":1640291400000,"6":1640290500000,"7":1640289600000,"8":1640288700000,"9":1640287800000,"10":1640286900000,"11":1640286000000,"12":1640285100000,"13":1640284200000,"14":1640283300000,"15":1640282400000,"16":1640281500000,"17":1640280600000,"18":1640279700000,"19":1640278800000,"20":1640277900000,"21":1640277000000,"22":1640276100000,"23":1640275200000,"24":1640274300000,"25":1640273400000},"open":{"0":4735.62988,"1":4733.22021,"2":4735.22998,"3":4736.89014,"4":4734.49023,"5":4734.31006,"6":4733.16992,"7":4732.35986,"8":4730.06006,"9":4731.25977,"10":4727.24023,"11":4729.72998,"12":4729.81006,"13":4728.10986,"14":4729.91992,"15":4731.93018,"16":4730.33008,"17":4728.2002,"18":4731.6499,"19":4729.72021,"20":4724.70996,"21":4725.22021,"22":4726.14014,"23":4721.6001,"24":4720.68018,"25":4703.95996},"high":{"0":4740.74023,"1":4735.7002,"2":4736.39014,"3":4736.93018,"4":4737.12012,"5":4734.81006,"6":4735.49023,"7":4734.75977,"8":4732.87988,"9":4731.41992,"10":4731.3999,"11":4730.45996,"12":4729.91016,"13":4730.5498,"14":4730.14014,"15":4732.02979,"16":4731.97998,"17":4730.91992,"18":4732.99023,"19":4733.18994,"20":4729.72998,"21":4727.20996,"22":4726.68018,"23":4726.66992,"24":4722.87012,"25":4725.43018},"low":{"0":4725.0,"1":4729.58008,"2":4732.93994,"3":4732.12988,"4":4734.12988,"5":4733.06006,"6":4731.08008,"7":4732.35986,"8":4730.0,"9":4729.56982,"10":4726.79004,"11":4726.62988,"12":4728.12988,"13":4728.08008,"14":4727.85986,"15":4729.79004,"16":4730.20996,"17":4728.2002,"18":4727.64014,"19":4728.5498,"20":4724.5,"21":4721.97998,"22":4723.62988,"23":4719.20996,"24":4717.2002,"25":4703.95996},"close":{"0":4725.29004,"1":4735.62988,"2":4733.24023,"3":4735.20996,"4":4736.91992,"5":4734.5,"6":4734.31006,"7":4733.16992,"8":4732.33984,"9":4730.06982,"10":4731.25977,"11":4727.25977,"12":4729.74023,"13":4729.72021,"14":4728.08008,"15":4730.02002,"16":4731.97021,"17":4730.29004,"18":4728.20996,"19":4731.66992,"20":4729.72998,"21":4724.81006,"22":4725.18018,"23":4726.12988,"24":4721.7002,"25":4720.79004},"volume":{"0":133888775,"1":57403766,"2":41635571,"3":37041073,"4":32042173,"5":32079034,"6":34220429,"7":31454772,"8":31794432,"9":28595458,"10":29642993,"11":33086924,"12":32127552,"13":36122436,"14":38653040,"15":36906727,"16":646208115,"17":44735981,"18":47061786,"19":521057266,"20":46332024,"21":52416262,"22":54956396,"23":72160086,"24":92492838,"25":130565722}}