{"datetime":{"0":1600379100000,"1":1600378200000,"2":1600377300000,"3":1600376400000,"4":1600375500000,"5":1600374600000,"6":1600373700000,"7":1600372800000,"8":1600371900000,"9":1600371000000,"10":1600370100000,"11":1600369200000,"12":1600368300000,"13":1600367400000,"14":1600366500000,"15":1600365600000,"16":1600364700000,"17":1600363800000,"18":1600362900000,"19":1600362000000,"20":1600361100000,"21":1600360200000,"22":1600359300000,"23":1600358400000,"24":1600357500000,"25":1600356600000},"open":{"0":3348.96997,"1":3335.32007,"2":3343.67993,"3":3339.0,"4":3337.57007,"5":3338.34009,"6":3350.36011,"7":3342.25,"8":3345.61011,"9":3339.32007,"10":3340.84009,"11":3343.04004,"12":3335.84009,"13":3335.66992,"14":3338.18994,"15":3350.22998,"16":3357.72998,"17":3365.31006,"18":3371.6001,"19":3363.1001,"20":3362.81006,"21":3355.3999,"22":3361.06006,"23":3350.06006,"24":3335.59009,"25":3346.86011},"high":{"0":3357.94995,"1":3354.87988,"2":3344.51001,"3":3344.37988,"4":3343.17993,"5":3339.13989,"6":3351.37988,"7":3351.15991,"8":3347.51001,"9":3346.61011,"10":3341.62988,"11":3344.75,"12":3342.6001,"13":3339.47998,"14":3339.02002,"15":3352.55005,"16":3358.63989,"17":3368.69995,"18":3375.16992,"19":3374.19995,"20":3370.45996,"21":3364.03003,"22":3364.54004,"23":3365.92993,"24":3351.66992,"25":3346.86011},"low":{"0":3345.12988,"1":3334.30005,"2":3332.8501,"3":3329.18994,"4":3336.59009,"5":3332.12988,"6":3338.48999,"7":3342.06006,"8":3341.80005,"9":3338.42993,"10":3334.79004,"11":3339.69995,"12":3330.40991,"13":3332.6499,"14":3328.82007,"15":3336.62012,"16":3348.29004,"17":3357.34009,"18":3364.30005,"19":3362.79004,"20":3362.3501,"21":3349.88989,"22":3349.95996,"23":3347.37988,"24":3335.59009,"25":3330.38989},"close":{"0":3357.70996,"1":3349.02002,"2":3335.80005,"3":3343.73999,"4":3339.04004,"5":3337.45996,"6":3338.48999,"7":3350.37988,"8":3342.1001,"9":3345.63989,"10":3339.31006,"11":3340.8501,"12":3342.32007,"13":3335.88989,"14":3335.63989,"15":3338.12988,"16":3350.19995,"17":3357.37012,"18":3364.71997,"19":3371.02002,"20":3362.56006,"21":3362.94995,"22":3355.16992,"23":3360.93994,"24":3349.06006,"25":3335.96997},"volume":{"0":248103553,"1":119977466,"2":78817102,"3":75889986,"4":56584807,"5":63862341,"6":56267199,"7":52664072,"8":51724084,"9":54434591,"10":52052104,"11":54329262,"12":65461224,"13":67225453,"14":85676512,"15":72085451,"16":67358460,"17":77934292,"18":78386706,"19":83011815,"20":79833606,"21":92786402,"22":102227973,"23":125524865,"24":117394492,"25":154559366}}