{"datetime":{"0":1615499100000,"1":1615498200000,"2":1615497300000,"3":1615496400000,"4":1615495500000,"5":1615494600000,"6":1615493700000,"7":1615492800000,"8":1615491900000,"9":1615491000000,"10":1615490100000,"11":1615489200000,"12":1615488300000,"13":1615487400000,"14":1615486500000,"15":1615485600000,"16":1615484700000,"17":1615483800000,"18":1615482900000,"19":1615482000000,"20":1615481100000,"21":1615480200000,"22":1615479300000,"23":1615478400000,"24":1615477500000,"25":1615476600000},"open":{"0":3941.68994,"1":3945.44995,"2":3942.86011,"3":3945.03003,"4":3950.81006,"5":3954.05005,"6":3953.20996,"7":3950.43994,"8":3951.8999,"9":3953.1001,"10":3954.8501,"11":3953.38989,"12":3952.46997,"13":3953.73999,"14":3957.56006,"15":3952.47998,"16":3955.95996,"17":3951.98999,"18":3951.13989,"19":3944.84009,"20":3938.62988,"21":3933.84009,"22":3932.18994,"23":3933.79004,"24":3922.22998,"25":3915.54004},"high":{"0":3943.3999,"1":3945.69995,"2":3946.45996,"3":3946.51001,"4":3951.31006,"5":3954.80005,"6":3955.52002,"7":3954.90991,"8":3953.6001,"9":3954.77002,"10":3957.1001,"11":3960.6001,"12":3953.96997,"13":3955.65991,"14":3957.88989,"15":3957.94995,"16":3956.62988,"17":3956.45996,"18":3954.46997,"19":3951.42993,"20":3945.44995,"21":3939.04004,"22":3934.40991,"23":3936.62988,"24":3934.01001,"25":3930.42993},"low":{"0":3936.8999,"1":3940.3999,"2":3942.1001,"3":3942.22998,"4":3944.78003,"5":3949.83008,"6":3951.71997,"7":3950.3999,"8":3948.1001,"9":3950.6001,"10":3951.1001,"11":3952.87988,"12":3949.6001,"13":3952.6001,"14":3952.54004,"15":3951.46997,"16":3952.18994,"17":3950.48999,"18":3950.45996,"19":3944.84009,"20":3937.58008,"21":3933.68994,"22":3924.33008,"23":3931.87012,"24":3922.01001,"25":3915.54004},"close":{"0":3938.22998,"1":3941.43994,"2":3945.69995,"3":3942.72998,"4":3944.8999,"5":3950.31006,"6":3953.6001,"7":3953.1001,"8":3949.93994,"9":3951.41992,"10":3952.3999,"11":3955.1001,"12":3953.51001,"13":3952.96997,"14":3953.62012,"15":3957.59009,"16":3952.56006,"17":3955.96997,"18":3951.96997,"19":3951.29004,"20":3944.92993,"21":3938.69995,"22":3933.82007,"23":3932.22998,"24":3933.65991,"25":3921.78003},"volume":{"0":0,"1":0,"2":0,"3":0,"4":0,"5":0,"6":0,"7":0,"8":0,"9":0,"10":0,"11":0,"12":0,"13":29903170,"14":59961085,"15":62998799,"16":69558657,"17":73590020,"18":80283998,"19":921905009,"20":86225372,"21":93184699,"22":97788419,"23":107078568,"24":136988556,"25":175449368}}