{"datetime":{"0":1676583900000,"1":1676583000000,"2":1676582100000,"3":1676581200000,"4":1676580300000,"5":1676579400000,"6":1676578500000,"7":1676577600000,"8":1676576700000,"9":1676575800000,"10":1676574900000,"11":1676574000000,"12":1676573100000,"13":1676572200000,"14":1676571300000,"15":1676570400000,"16":1676569500000,"17":1676568600000,"18":1676567700000,"19":1676566800000,"20":1676565900000,"21":1676565000000,"22":1676564100000,"23":1676563200000,"24":1676562300000,"25":1676561400000},"open":{"0":4097.91992,"1":4101.33984,"2":4117.75,"3":4129.83984,"4":4131.35986,"5":4133.0,"6":4130.91016,"7":4129.18994,"8":4130.14014,"9":4122.52002,"10":4127.5,"11":4129.08008,"12":4134.49023,"13":4127.16992,"14":4125.52979,"15":4122.33984,"16":4122.3501,"17":4121.81982,"18":4120.31006,"19":4121.31982,"20":4116.85986,"21":4112.8999,"22":4105.02002,"23":4096.66992,"24":4100.50977,"25":4114.75},"high":{"0":4102.25,"1":4102.45996,"2":4117.75,"3":4130.6001,"4":4132.25,"5":4136.54004,"6":4134.50977,"7":4133.49023,"8":4131.75,"9":4130.35986,"10":4128.2998,"11":4133.83984,"12":4136.24023,"13":4134.68018,"14":4128.91992,"15":4126.60986,"16":4127.72021,"17":4125.33984,"18":4122.91016,"19":4126.1001,"20":4124.56006,"21":4121.06006,"22":4114.27979,"23":4108.16992,"24":4104.62988,"25":4114.75},"low":{"0":4089.48999,"1":4091.0,"2":4101.47998,"3":4116.77002,"4":4129.4502,"5":4130.1499,"6":4126.77002,"7":4129.18994,"8":4126.68994,"9":4121.16016,"10":4122.08984,"11":4126.31006,"12":4127.81006,"13":4126.70996,"14":4116.91992,"15":4120.99023,"16":4122.2002,"17":4118.16016,"18":4116.58008,"19":4117.04004,"20":4116.27002,"21":4112.37012,"22":4101.87012,"23":4092.66992,"24":4096.25977,"25":4091.07007},"close":{"0":4090.27002,"1":4097.89014,"2":4101.60986,"3":4118.12012,"4":4129.87012,"5":4131.37012,"6":4133.04004,"7":4130.9502,"8":4129.16992,"9":4130.14014,"10":4122.47021,"11":4127.49023,"12":4129.06006,"13":4134.47998,"14":4127.1499,"15":4125.39014,"16":4122.41016,"17":4122.39014,"18":4121.7998,"19":4120.18994,"20":4121.18018,"21":4116.93018,"22":4112.85986,"23":4104.93018,"24":4096.68994,"25":4100.49023},"volume":{"0":180018010,"1":113796447,"2":92715043,"3":79148217,"4":47596527,"5":50093185,"6":53918503,"7":50275634,"8":47244063,"9":48983166,"10":50542398,"11":51056241,"12":59328599,"13":48032205,"14":54440642,"15":43249198,"16":50568680,"17":54479286,"18":57100962,"19":61163443,"20":70004603,"21":73567572,"22":75766460,"23":88251689,"24":104814292,"25":127006251}}