{"datetime":{"0":1605649500000,"1":1605648600000,"2":1605647700000,"3":1605646800000,"4":1605645900000,"5":1605645000000,"6":1605644100000,"7":1605643200000,"8":1605642300000,"9":1605641400000,"10":1605640500000,"11":1605639600000,"12":1605638700000,"13":1605637800000,"14":1605636900000,"15":1605636000000,"16":1605635100000,"17":1605634200000,"18":1605633300000,"19":1605632400000,"20":1605631500000,"21":1605630600000,"22":1605629700000,"23":1605628800000,"24":1605627900000,"25":1605627000000},"open":{"0":3609.0,"1":3607.78003,"2":3613.21997,"3":3619.98999,"4":3622.93994,"5":3619.72998,"6":3622.62988,"7":3614.69995,"8":3616.61011,"9":3618.34009,"10":3619.03003,"11":3617.80005,"12":3616.83008,"13":3617.66992,"14":3619.91992,"15":3612.72998,"16":3614.81006,"17":3612.23999,"18":3611.8999,"19":3610.65991,"20":3604.69995,"21":3599.26001,"22":3598.48999,"23":3588.93994,"24":3596.87012,"25":3610.31006},"high":{"0":3613.09009,"1":3610.22998,"2":3613.55005,"3":3619.98999,"4":3622.98999,"5":3623.09009,"6":3623.05005,"7":3623.11011,"8":3616.70996,"9":3618.8501,"10":3621.23999,"11":3619.62988,"12":3618.45996,"13":3619.61011,"14":3621.12012,"15":3619.95996,"16":3615.21997,"17":3615.5,"18":3613.33008,"19":3612.45996,"20":3611.66992,"21":3604.84009,"22":3601.29004,"23":3598.6499,"24":3600.15991,"25":3610.31006},"low":{"0":3603.3999,"1":3604.55005,"2":3604.19995,"3":3611.69995,"4":3619.58008,"5":3618.69995,"6":3619.29004,"7":3614.38989,"8":3612.5,"9":3616.27002,"10":3616.06006,"11":3617.46997,"12":3615.8999,"13":3615.84009,"14":3616.09009,"15":3611.65991,"16":3610.30005,"17":3611.40991,"18":3608.3501,"19":3609.20996,"20":3603.86011,"21":3598.28003,"22":3596.42993,"23":3588.93994,"24":3588.67993,"25":3596.12988},"close":{"0":3610.05005,"1":3609.0,"2":3607.81006,"3":3613.20996,"4":3620.0,"5":3622.90991,"6":3619.75,"7":3622.62012,"8":3614.69995,"9":3616.63989,"10":3618.3501,"11":3619.08008,"12":3617.77002,"13":3616.83008,"14":3617.65991,"15":3619.95996,"16":3612.76001,"17":3614.8501,"18":3612.11011,"19":3611.91992,"20":3610.87012,"21":3604.70996,"22":3599.23999,"23":3598.52002,"24":3588.79004,"25":3596.93994},"volume":{"0":2054201340,"1":90674235,"2":80046611,"3":66226423,"4":1570554076,"5":54075286,"6":55745221,"7":55154695,"8":1345056797,"9":48934278,"10":46784354,"11":47717360,"12":47445392,"13":55048982,"14":60879391,"15":60374573,"16":66868629,"17":78300199,"18":83670838,"19":66018023,"20":70461956,"21":73657474,"22":83911772,"23":90719922,"24":108913612,"25":138414018}}