{"datetime":{"0":1606503600000,"1":1606502700000,"2":1606501800000,"3":1606500900000,"4":1606500000000,"5":1606499100000,"6":1606498200000,"7":1606497300000,"8":1606496400000,"9":1606495500000,"10":1606494600000,"11":1606493700000,"12":1606492800000,"13":1606491900000,"14":1606491000000},"open":{"0":3639.03003,"1":3634.29004,"2":3630.91992,"3":3634.04004,"4":3636.93994,"5":3640.52002,"6":3640.87012,"7":3641.51001,"8":3642.83008,"9":3642.66992,"10":3642.58008,"11":3642.05005,"12":3639.87988,"13":3641.61011,"14":3638.55005},"high":{"0":3639.03003,"1":3639.20996,"2":3635.43994,"3":3635.95996,"4":3637.66992,"5":3640.52002,"6":3642.1499,"7":3641.80005,"8":3643.91992,"9":3643.6001,"10":3643.84009,"11":3644.31006,"12":3642.44995,"13":3642.3999,"14":3643.41992},"low":{"0":3638.68994,"1":3634.29004,"2":3629.33008,"3":3630.75,"4":3632.61011,"5":3635.20996,"6":3636.91992,"7":3640.12012,"8":3640.88989,"9":3641.78003,"10":3641.51001,"11":3640.47998,"12":3639.03003,"13":3638.22998,"14":3638.55005},"close":{"0":3638.68994,"1":3639.06006,"2":3634.27002,"3":3630.87012,"4":3634.02002,"5":3636.95996,"6":3640.52002,"7":3640.76001,"8":3641.52002,"9":3642.8501,"10":3642.66992,"11":3642.62012,"12":3642.06006,"13":3639.86011,"14":3641.53003},"volume":{"0":61357623,"1":1100174395,"2":67969620,"3":56995190,"4":53168380,"5":798645442,"6":63031664,"7":56175865,"8":57441809,"9":563457996,"10":74513327,"11":80311617,"12":80588680,"13":270410492,"14":113554363}}