{"datetime":{"0":1631828700000,"1":1631827800000,"2":1631826900000,"3":1631826000000,"4":1631825100000,"5":1631824200000,"6":1631823300000,"7":1631822400000,"8":1631816100000,"9":1631815200000,"10":1631814300000,"11":1631813400000,"12":1631812500000,"13":1631811600000,"14":1631810700000,"15":1631809800000,"16":1631808900000,"17":1631808000000,"18":1631807100000,"19":1631806200000},"open":{"0":4477.85986,"1":4477.14014,"2":4484.20996,"3":4477.14014,"4":4471.08984,"5":4471.33008,"6":4473.27979,"7":4468.18018,"8":4457.47021,"9":4455.2998,"10":4452.95996,"11":4452.27979,"12":4453.66016,"13":4448.68018,"14":4454.6001,"15":4455.93994,"16":4453.8501,"17":4465.25977,"18":4473.7998,"19":4477.08984},"high":{"0":4479.00977,"1":4480.58984,"2":4484.7002,"3":4485.87012,"4":4477.97998,"5":4474.1001,"6":4474.37012,"7":4474.91992,"8":4460.6499,"9":4457.7002,"10":4455.27979,"11":4455.49023,"12":4453.66016,"13":4454.25,"14":4455.3999,"15":4459.5,"16":4456.16016,"17":4465.25977,"18":4475.45996,"19":4485.18018},"low":{"0":4472.81982,"1":4477.02979,"2":4477.14014,"3":4476.77002,"4":4470.95996,"5":4471.04004,"6":4469.66016,"7":4468.16992,"8":4457.4502,"9":4453.31982,"10":4450.62012,"11":4449.3999,"12":4447.02979,"13":4447.06982,"14":4443.7998,"15":4452.6001,"16":4448.9502,"17":4453.87012,"18":4461.97998,"19":4472.41992},"close":{"0":4473.77002,"1":4477.72021,"2":4477.1499,"3":4484.06982,"4":4477.1499,"5":4471.08984,"6":4471.33008,"7":4473.29004,"8":4460.6499,"9":4457.45996,"10":4455.27002,"11":4452.93994,"12":4452.24023,"13":4453.66016,"14":4448.72998,"15":4454.58984,"16":4456.12012,"17":4453.87012,"18":4464.83008,"19":4473.64014},"volume":{"0":194470659,"1":79243128,"2":57404173,"3":56609450,"4":44642513,"5":42853022,"6":1101758603,"7":24414211,"8":11109375,"9":39783886,"10":42382757,"11":48043711,"12":50199477,"13":51010908,"14":61417403,"15":61986380,"16":66228631,"17":71306330,"18":87559517,"19":101072519}}