{"datetime":{"0":1603745100000,"1":1603744200000,"2":1603743300000,"3":1603742400000,"4":1603741500000,"5":1603740600000,"6":1603739700000,"7":1603738800000,"8":1603737900000,"9":1603737000000,"10":1603736100000,"11":1603735200000,"12":1603734300000,"13":1603733400000,"14":1603732500000,"15":1603731600000,"16":1603730700000,"17":1603729800000,"18":1603728900000,"19":1603728000000,"20":1603727100000,"21":1603726200000,"22":1603725300000,"23":1603724400000,"24":1603723500000,"25":1603722600000},"open":{"0":3391.82007,"1":3391.8999,"2":3385.51001,"3":3390.18994,"4":3389.66992,"5":3394.07007,"6":3384.77002,"7":3382.12012,"8":3372.01001,"9":3370.1499,"10":3380.33008,"11":3382.8999,"12":3384.78003,"13":3394.88989,"14":3393.08008,"15":3394.62012,"16":3394.3501,"17":3395.45996,"18":3401.52002,"19":3405.13989,"20":3418.33008,"21":3424.56006,"22":3435.34009,"23":3434.29004,"24":3430.01001,"25":3441.41992},"high":{"0":3402.01001,"1":3397.04004,"2":3392.42993,"3":3393.72998,"4":3393.05005,"5":3394.65991,"6":3394.44995,"7":3388.71997,"8":3382.47998,"9":3372.68994,"10":3381.15991,"11":3384.3501,"12":3384.78003,"13":3394.88989,"14":3397.0,"15":3396.20996,"16":3399.87012,"17":3396.12012,"18":3401.52002,"19":3405.13989,"20":3418.81006,"21":3424.56006,"22":3437.92993,"23":3438.19995,"24":3435.47998,"25":3441.41992},"low":{"0":3382.75,"1":3389.28003,"2":3383.61011,"3":3382.6499,"4":3385.12012,"5":3388.62012,"6":3384.77002,"7":3380.11011,"8":3371.31006,"9":3364.86011,"10":3370.05005,"11":3379.44995,"12":3380.93994,"13":3383.66992,"14":3391.37988,"15":3391.77002,"16":3392.81006,"17":3388.61011,"18":3389.86011,"19":3395.63989,"20":3404.27002,"21":3414.41992,"22":3424.40991,"23":3430.67993,"24":3427.03003,"25":3426.67993},"close":{"0":3402.01001,"1":3392.1001,"2":3391.78003,"3":3383.73999,"4":3390.21997,"5":3389.71997,"6":3394.06006,"7":3384.62988,"8":3382.12988,"9":3371.98999,"10":3370.08008,"11":3381.21997,"12":3382.83008,"13":3384.80005,"14":3395.03003,"15":3393.02002,"16":3394.69995,"17":3394.22998,"18":3395.09009,"19":3401.51001,"20":3405.09009,"21":3418.34009,"22":3424.6499,"23":3434.84009,"24":3434.43994,"25":3429.8999},"volume":{"0":2169338804,"1":107769167,"2":70153940,"3":61365414,"4":1679493219,"5":59825326,"6":56075462,"7":65025973,"8":1440386662,"9":65199479,"10":62468394,"11":56478721,"12":1198840392,"13":63928975,"14":52472026,"15":56217140,"16":960768609,"17":70137756,"18":89256450,"19":89351714,"20":642815522,"21":89723069,"22":84309722,"23":86966926,"24":102987196,"25":131053268}}