{"datetime":{"0":1683841500000,"1":1683840600000,"2":1683839700000,"3":1683838800000,"4":1683837900000,"5":1683837000000,"6":1683836100000,"7":1683835200000,"8":1683834300000,"9":1683833400000,"10":1683832500000,"11":1683831600000,"12":1683830700000,"13":1683829800000,"14":1683828900000,"15":1683828000000,"16":1683827100000,"17":1683826200000,"18":1683825300000,"19":1683824400000,"20":1683823500000,"21":1683822600000,"22":1683821700000,"23":1683820800000,"24":1683819900000,"25":1683819000000},"open":{"0":4126.81982,"1":4128.70996,"2":4130.64014,"3":4131.22021,"4":4131.41992,"5":4123.91016,"6":4122.5,"7":4121.8501,"8":4122.22021,"9":4123.06006,"10":4125.1499,"11":4129.0498,"12":4129.27979,"13":4126.7998,"14":4124.91016,"15":4127.37988,"16":4127.58008,"17":4123.56982,"18":4122.8999,"19":4122.3999,"20":4112.97998,"21":4117.43994,"22":4114.70996,"23":4112.41992,"24":4123.52002,"25":4132.24023},"high":{"0":4131.93994,"1":4129.10986,"2":4130.64014,"3":4131.87988,"4":4131.75977,"5":4132.7998,"6":4124.45996,"7":4122.52979,"8":4122.22021,"9":4127.10986,"10":4127.58008,"11":4129.47021,"12":4130.22998,"13":4130.1499,"14":4130.87012,"15":4128.41016,"16":4128.47021,"17":4128.83984,"18":4124.0,"19":4125.62012,"20":4122.5,"21":4117.75977,"22":4118.93018,"23":4115.29004,"24":4124.75,"25":4132.24023},"low":{"0":4125.43994,"1":4123.8999,"2":4126.08984,"3":4128.3999,"4":4128.33984,"5":4123.14014,"6":4118.75977,"7":4119.5498,"8":4112.02002,"9":4121.66016,"10":4121.87988,"11":4123.95996,"12":4126.77002,"13":4126.37012,"14":4122.0498,"15":4122.43994,"16":4124.02002,"17":4122.56982,"18":4119.12012,"19":4121.20996,"20":4111.87988,"21":4110.3999,"22":4109.29004,"23":4109.6499,"24":4111.18994,"25":4116.20996},"close":{"0":4130.00977,"1":4127.06006,"2":4128.81006,"3":4130.62012,"4":4131.20996,"5":4131.41016,"6":4123.93018,"7":4122.49023,"8":4121.83008,"9":4122.22021,"10":4123.02002,"11":4125.1499,"12":4129.00977,"13":4129.20996,"14":4126.70996,"15":4124.9502,"16":4127.35986,"17":4127.56982,"18":4123.56006,"19":4122.91016,"20":4122.29004,"21":4113.0498,"22":4117.37012,"23":4114.75,"24":4112.37012,"25":4123.54004},"volume":{"0":172264646,"1":88125907,"2":66456789,"3":57780462,"4":48706504,"5":53569457,"6":46148119,"7":43828072,"8":56494271,"9":50253179,"10":57935653,"11":45671713,"12":41944151,"13":44449261,"14":60492905,"15":55629145,"16":54832347,"17":64240903,"18":64014112,"19":751258306,"20":81303467,"21":80053950,"22":89806958,"23":99003272,"24":112684587,"25":128983865}}