{"datetime":{"0":1669844700000,"1":1669843800000,"2":1669842900000,"3":1669842000000,"4":1669841100000,"5":1669840200000,"6":1669839300000,"7":1669838400000,"8":1669837500000,"9":1669836600000,"10":1669835700000,"11":1669834800000,"12":1669833900000,"13":1669833000000,"14":1669832100000,"15":1669831200000,"16":1669830300000,"17":1669829400000,"18":1669828500000,"19":1669827600000,"20":1669826700000,"21":1669825800000,"22":1669824900000,"23":1669824000000,"24":1669823100000,"25":1669822200000},"open":{"0":4061.03003,"1":4057.53003,"2":4045.32007,"3":4035.52002,"4":4024.30005,"5":4034.26001,"6":4015.63989,"7":4000.83008,"8":3984.16992,"9":3950.82007,"10":3951.41992,"11":3944.90991,"12":3943.31006,"13":3942.25,"14":3950.67993,"15":3954.73999,"16":3955.8501,"17":3954.12012,"18":3951.42993,"19":3945.25,"20":3949.27002,"21":3944.41992,"22":3949.83008,"23":3954.82007,"24":3961.88989,"25":3957.17993},"high":{"0":4078.81006,"1":4068.6001,"2":4057.5,"3":4045.78003,"4":4037.44995,"5":4034.78003,"6":4037.21997,"7":4017.68994,"8":4003.03003,"9":3992.04004,"10":3952.12988,"11":3952.72998,"12":3945.87012,"13":3944.30005,"14":3950.67993,"15":3956.23999,"16":3957.30005,"17":3957.88989,"18":3955.32007,"19":3952.01001,"20":3949.27002,"21":3950.57007,"22":3950.20996,"23":3956.20996,"24":3962.33008,"25":3965.25},"low":{"0":4060.32007,"1":4056.91992,"2":4044.72998,"3":4034.1001,"4":4024.30005,"5":4023.32007,"6":4015.63989,"7":4000.83008,"8":3970.04004,"9":3945.41992,"10":3949.70996,"11":3944.51001,"12":3943.07007,"13":3938.58008,"14":3938.58008,"15":3950.06006,"16":3953.84009,"17":3953.83008,"18":3949.63989,"19":3942.03003,"20":3942.30005,"21":3943.38989,"22":3942.68994,"23":3946.16992,"24":3953.40991,"25":3952.48999},"close":{"0":4078.77002,"1":4060.77002,"2":4057.45996,"3":4045.33008,"4":4035.32007,"5":4024.37012,"6":4034.22998,"7":4015.6499,"8":4001.26001,"9":3984.3999,"10":3950.79004,"11":3951.3999,"12":3944.86011,"13":3943.32007,"14":3942.22998,"15":3950.67993,"16":3954.72998,"17":3955.87988,"18":3954.12012,"19":3951.3999,"20":3945.19995,"21":3949.33008,"22":3944.38989,"23":3949.75,"24":3954.03003,"25":3961.77002},"volume":{"0":342648666,"1":133789486,"2":101833179,"3":79266785,"4":79767289,"5":80381501,"6":107974113,"7":101114163,"8":87307983,"9":120159116,"10":35037967,"11":38460436,"12":37502576,"13":42696240,"14":50581647,"15":44110134,"16":47406332,"17":51817810,"18":51984366,"19":580605259,"20":540316413,"21":62457380,"22":63589230,"23":75741805,"24":104143885,"25":104155077}}