{"datetime":{"0":1601934300000,"1":1601933400000,"2":1601932500000,"3":1601931600000,"4":1601930700000,"5":1601929800000,"6":1601928900000,"7":1601928000000,"8":1601927100000,"9":1601926200000,"10":1601925300000,"11":1601924400000,"12":1601923500000,"13":1601922600000,"14":1601921700000,"15":1601920800000,"16":1601919900000,"17":1601919000000,"18":1601918100000,"19":1601917200000,"20":1601916300000,"21":1601915400000,"22":1601914500000,"23":1601913600000,"24":1601912700000,"25":1601911800000},"open":{"0":3405.26001,"1":3408.66992,"2":3405.62988,"3":3401.73999,"4":3395.76001,"5":3389.98999,"6":3389.90991,"7":3388.69995,"8":3394.11011,"9":3394.83008,"10":3397.59009,"11":3396.5,"12":3396.72998,"13":3396.13989,"14":3394.68994,"15":3394.82007,"16":3393.51001,"17":3396.28003,"18":3392.83008,"19":3392.8999,"20":3392.97998,"21":3386.63989,"22":3384.17993,"23":3375.93994,"24":3379.48999,"25":3367.27002},"high":{"0":3409.40991,"1":3409.57007,"2":3409.47998,"3":3406.3999,"4":3401.82007,"5":3396.29004,"6":3392.37012,"7":3390.06006,"8":3394.11011,"9":3394.90991,"10":3397.59009,"11":3397.62988,"12":3396.82007,"13":3397.28003,"14":3396.26001,"15":3395.54004,"16":3394.84009,"17":3396.46997,"18":3398.92993,"19":3396.1499,"20":3395.8999,"21":3394.83008,"22":3388.29004,"23":3384.48999,"24":3381.75,"25":3382.04004},"low":{"0":3404.22998,"1":3405.26001,"2":3405.61011,"3":3399.77002,"4":3394.65991,"5":3389.96997,"6":3388.3501,"7":3385.6001,"8":3387.75,"9":3393.21997,"10":3392.75,"11":3394.3999,"12":3394.66992,"13":3395.63989,"14":3393.70996,"15":3392.83008,"16":3392.40991,"17":3392.07007,"18":3392.83008,"19":3392.12012,"20":3392.3999,"21":3386.63989,"22":3384.17993,"23":3375.93994,"24":3375.1499,"25":3367.27002},"close":{"0":3407.98999,"1":3405.26001,"2":3408.45996,"3":3405.63989,"4":3401.71997,"5":3395.76001,"6":3390.02002,"7":3389.91992,"8":3388.70996,"9":3394.1001,"10":3394.84009,"11":3397.61011,"12":3396.47998,"13":3396.71997,"14":3396.12988,"15":3394.67993,"16":3394.67993,"17":3393.44995,"18":3396.25,"19":3392.84009,"20":3393.0,"21":3393.01001,"22":3386.59009,"23":3384.15991,"24":3375.8501,"25":3379.51001},"volume":{"0":217591254,"1":86127328,"2":66698808,"3":55648395,"4":51330686,"5":49459710,"6":40570138,"7":41213085,"8":43266947,"9":38088994,"10":36534265,"11":38111693,"12":37012594,"13":39810313,"14":38019090,"15":39980343,"16":45296919,"17":51943048,"18":66176901,"19":61564222,"20":59722177,"21":65803300,"22":68867075,"23":79017027,"24":87727525,"25":117303844}}