{"datetime":{"0":1648763100000,"1":1648762200000,"2":1648761300000,"3":1648760400000,"4":1648759500000,"5":1648758600000,"6":1648757700000,"7":1648756800000,"8":1648755900000,"9":1648755000000,"10":1648754100000,"11":1648753200000,"12":1648752300000,"13":1648751400000,"14":1648750500000,"15":1648749600000,"16":1648748700000,"17":1648747800000,"18":1648746900000,"19":1648746000000,"20":1648745100000,"21":1648744200000,"22":1648743300000,"23":1648742400000,"24":1648741500000,"25":1648740600000},"open":{"0":4558.83008,"1":4570.8999,"2":4581.62988,"3":4581.64014,"4":4575.8501,"5":4579.00977,"6":4577.2002,"7":4585.5498,"8":4585.56982,"9":4585.47998,"10":4580.5498,"11":4582.75,"12":4587.93994,"13":4585.45996,"14":4588.93018,"15":4594.91992,"16":4594.93018,"17":4593.10986,"18":4596.85986,"19":4600.6001,"20":4593.00977,"21":4587.29004,"22":4587.62988,"23":4595.1499,"24":4590.7998,"25":4599.02002},"high":{"0":4563.06006,"1":4571.9502,"2":4581.64014,"3":4589.18018,"4":4581.64014,"5":4580.00977,"6":4579.43994,"7":4585.58984,"8":4590.37988,"9":4586.97021,"10":4585.72998,"11":4585.04004,"12":4588.68994,"13":4588.12012,"14":4590.66992,"15":4596.74023,"16":4594.93018,"17":4597.83008,"18":4597.9502,"19":4601.83008,"20":4603.06982,"21":4595.99023,"22":4590.12988,"23":4595.1499,"24":4596.74023,"25":4599.02002},"low":{"0":4532.27979,"1":4558.49023,"2":4568.75977,"3":4580.87988,"4":4574.97021,"5":4574.54004,"6":4575.12012,"7":4577.14014,"8":4584.72021,"9":4582.14014,"10":4578.5,"11":4579.77002,"12":4582.18018,"13":4582.77979,"14":4583.64014,"15":4588.87012,"16":4591.16992,"17":4589.33008,"18":4592.41992,"19":4594.52002,"20":4592.02979,"21":4586.39014,"22":4582.27002,"23":4581.93018,"24":4587.66016,"25":4588.70996},"close":{"0":4532.2998,"1":4558.81006,"2":4570.97998,"3":4581.52002,"4":4581.64014,"5":4575.87012,"6":4579.10986,"7":4577.24023,"8":4585.56982,"9":4585.56982,"10":4585.50977,"11":4580.5498,"12":4582.43018,"13":4587.93018,"14":4585.43994,"15":4588.9502,"16":4594.81982,"17":4594.85986,"18":4593.06982,"19":4596.83008,"20":4601.18018,"21":4593.06982,"22":4587.24023,"23":4587.68994,"24":4595.06006,"25":4590.87988},"volume":{"0":229099666,"1":108780903,"2":72300140,"3":65872641,"4":1424951360,"5":55497929,"6":50756089,"7":53668479,"8":47536589,"9":46336874,"10":45602156,"11":44152953,"12":43600991,"13":45059794,"14":45330917,"15":46322158,"16":845318411,"17":57566307,"18":59938724,"19":65905435,"20":72803785,"21":72494546,"22":73265971,"23":93867569,"24":132974274,"25":116202643}}