{"datetime":{"0":1632519900000,"1":1632519000000,"2":1632518100000,"3":1632517200000,"4":1632516300000,"5":1632515400000,"6":1632514500000,"7":1632513600000,"8":1632512700000,"9":1632511800000,"10":1632510900000,"11":1632510000000,"12":1632509100000,"13":1632508200000,"14":1632507300000,"15":1632506400000,"16":1632505500000,"17":1632504600000,"18":1632503700000,"19":1632502800000,"20":1632501900000,"21":1632501000000,"22":1632500100000,"23":1632499200000,"24":1632498300000,"25":1632497400000},"open":{"0":4460.62012,"1":4457.31982,"2":4452.49023,"3":4456.14014,"4":4449.89014,"5":4448.62988,"6":4445.7998,"7":4445.33984,"8":4449.54004,"9":4451.97998,"10":4452.0,"11":4451.64014,"12":4453.22998,"13":4450.91992,"14":4450.72021,"15":4449.12988,"16":4442.7002,"17":4440.43994,"18":4446.93994,"19":4443.18018,"20":4444.85986,"21":4448.4502,"22":4447.91992,"23":4452.47998,"24":4447.52002,"25":4438.04004},"high":{"0":4463.12012,"1":4460.72998,"2":4459.0498,"3":4456.1499,"4":4456.25,"5":4450.06982,"6":4448.70996,"7":4448.75977,"8":4449.81982,"9":4452.08008,"10":4452.14014,"11":4452.49023,"12":4453.64014,"13":4453.52002,"14":4452.97021,"15":4451.25977,"16":4450.41016,"17":4443.83984,"18":4447.4502,"19":4449.02002,"20":4446.7998,"21":4449.12988,"22":4453.31982,"23":4455.5,"24":4452.7002,"25":4448.39014},"low":{"0":4455.43018,"1":4456.87988,"2":4452.2002,"3":4450.87012,"4":4449.56982,"5":4448.22998,"6":4445.7998,"7":4445.29004,"8":4445.27979,"9":4447.08984,"10":4450.08008,"11":4449.18994,"12":4450.83008,"13":4449.85986,"14":4449.7002,"15":4446.9502,"16":4442.58984,"17":4439.04004,"18":4439.83984,"19":4442.85986,"20":4439.77979,"21":4444.6499,"22":4445.75,"23":4446.81982,"24":4436.29004,"25":4430.27002},"close":{"0":4455.58008,"1":4460.62988,"2":4457.31006,"3":4452.4502,"4":4456.14014,"5":4449.89014,"6":4448.62988,"7":4445.81006,"8":4445.33008,"9":4449.54004,"10":4451.97998,"11":4452.0,"12":4451.6499,"13":4453.18994,"14":4450.8999,"15":4450.81982,"16":4449.12988,"17":4442.72021,"18":4440.50977,"19":4446.91992,"20":4443.12988,"21":4444.87988,"22":4448.50977,"23":4447.9502,"24":4452.18018,"25":4447.72021},"volume":{"0":137187721,"1":72689575,"2":49642867,"3":39820925,"4":36623470,"5":31713865,"6":33835877,"7":36228308,"8":34563091,"9":31462199,"10":33390689,"11":34029588,"12":36463743,"13":36769699,"14":38170889,"15":38361335,"16":40516244,"17":45565240,"18":51850984,"19":51175632,"20":561099938,"21":66543152,"22":69397727,"23":79184220,"24":92803049,"25":104693631}}