{"datetime":{"0":1661550300000,"1":1661549400000,"2":1661548500000,"3":1661547600000,"4":1661546700000,"5":1661545800000,"6":1661544900000,"7":1661544000000,"8":1661543100000,"9":1661542200000,"10":1661541300000,"11":1661540400000,"12":1661539500000,"13":1661538600000,"14":1661537700000,"15":1661536800000,"16":1661535900000,"17":1661535000000,"18":1661534100000,"19":1661533200000,"20":1661532300000,"21":1661531400000,"22":1661530500000,"23":1661529600000,"24":1661528700000,"25":1661527800000},"open":{"0":4064.97998,"1":4076.45996,"2":4075.69995,"3":4079.91992,"4":4086.44995,"5":4089.92993,"6":4092.26001,"7":4096.08984,"8":4097.24023,"9":4106.62012,"10":4106.77979,"11":4109.18994,"12":4104.72021,"13":4104.95996,"14":4110.85986,"15":4116.06982,"16":4113.93018,"17":4116.91992,"18":4121.47021,"19":4133.56006,"20":4133.22998,"21":4153.87012,"22":4190.52002,"23":4197.16016,"24":4196.22021,"25":4198.74023},"high":{"0":4069.20996,"1":4077.03003,"2":4081.90991,"3":4084.16992,"4":4088.6499,"5":4091.65991,"6":4092.43994,"7":4098.22021,"8":4098.81006,"9":4106.6499,"10":4109.83008,"11":4111.91992,"12":4109.72998,"13":4107.37988,"14":4110.85986,"15":4116.10986,"16":4123.64014,"17":4120.72021,"18":4122.06982,"19":4133.56006,"20":4139.62012,"21":4153.87012,"22":4193.66016,"23":4203.04004,"24":4198.5498,"25":4201.68018},"low":{"0":4057.77002,"1":4064.62988,"2":4073.08008,"3":4073.54004,"4":4079.20996,"5":4086.11011,"6":4086.22998,"7":4091.37988,"8":4094.41992,"9":4096.00977,"10":4103.72021,"11":4105.75,"12":4103.56982,"13":4099.50977,"14":4100.91016,"15":4105.9502,"16":4113.91016,"17":4111.70996,"18":4106.4502,"19":4114.75,"20":4130.56006,"21":4126.0,"22":4150.91992,"23":4157.87988,"24":4186.83984,"25":4192.72998},"close":{"0":4058.29004,"1":4064.90991,"2":4076.43994,"3":4075.78003,"4":4079.94995,"5":4086.45996,"6":4089.87988,"7":4092.23999,"8":4096.12988,"9":4097.25977,"10":4106.6001,"11":4106.91992,"12":4109.18018,"13":4104.8999,"14":4104.93018,"15":4110.79004,"16":4115.99023,"17":4113.91016,"18":4116.8999,"19":4121.68018,"20":4133.64014,"21":4133.22998,"22":4153.91992,"23":4190.31982,"24":4197.2998,"25":4196.43994},"volume":{"0":208993813,"1":92535821,"2":65092545,"3":58976564,"4":52836008,"5":40712892,"6":43312492,"7":40220208,"8":37536964,"9":41656740,"10":38636209,"11":39725269,"12":35453550,"13":45030440,"14":46774790,"15":45584910,"16":47585656,"17":54710360,"18":65964509,"19":72390939,"20":582478254,"21":91112423,"22":389362844,"23":113250640,"24":208892928,"25":168541941}}