{"datetime":{"0":1624657500000,"1":1624656600000,"2":1624655700000,"3":1624654800000,"4":1624653900000,"5":1624653000000,"6":1624652100000,"7":1624651200000,"8":1624650300000,"9":1624649400000,"10":1624648500000,"11":1624647600000,"12":1624646700000,"13":1624645800000,"14":1624644900000,"15":1624644000000,"16":1624643100000,"17":1624642200000,"18":1624641300000,"19":1624640400000,"20":1624639500000,"21":1624638600000,"22":1624637700000,"23":1624636800000,"24":1624635900000,"25":1624635000000},"open":{"0":4280.47998,"1":4281.49023,"2":4283.50977,"3":4280.99023,"4":4280.75977,"5":4279.52002,"6":4278.99023,"7":4278.37012,"8":4277.22021,"9":4277.52002,"10":4276.45996,"11":4278.3501,"12":4279.08984,"13":4276.72998,"14":4278.83984,"15":4279.06006,"16":4278.14014,"17":4278.83008,"18":4277.68018,"19":4274.81006,"20":4276.5,"21":4279.58984,"22":4277.56982,"23":4274.58984,"24":4274.31982,"25":4274.4502},"high":{"0":4286.12012,"1":4282.97998,"2":4284.93994,"3":4283.5498,"4":4281.8501,"5":4281.31982,"6":4280.0,"7":4279.29004,"8":4279.12988,"9":4277.52002,"10":4278.24023,"11":4278.75,"12":4279.2002,"13":4279.10986,"14":4279.37988,"15":4279.25,"16":4279.31982,"17":4279.24023,"18":4278.89014,"19":4277.77979,"20":4277.12012,"21":4280.12988,"22":4280.5498,"23":4277.74023,"24":4276.3999,"25":4277.3999},"low":{"0":4279.04004,"1":4279.97998,"2":4281.5,"3":4280.85986,"4":4279.87012,"5":4278.77979,"6":4278.4502,"7":4277.37012,"8":4277.02002,"9":4275.50977,"10":4276.39014,"11":4276.41016,"12":4277.68994,"13":4276.6499,"14":4276.56006,"15":4278.12012,"16":4277.5498,"17":4278.10986,"18":4276.85986,"19":4274.72021,"20":4274.3999,"21":4276.58008,"22":4277.14014,"23":4272.27002,"24":4272.2998,"25":4271.16016},"close":{"0":4280.68018,"1":4280.5,"2":4281.5,"3":4283.5,"4":4280.95996,"5":4280.75977,"6":4279.5,"7":4278.97021,"8":4278.33984,"9":4277.22021,"10":4277.50977,"11":4276.47998,"12":4278.33984,"13":4279.08984,"14":4276.74023,"15":4278.83984,"16":4279.1001,"17":4278.1499,"18":4278.83008,"19":4277.66992,"20":4274.93018,"21":4276.58008,"22":4279.64014,"23":4277.52979,"24":4274.56982,"25":4274.2998},"volume":{"0":285550761,"1":89221128,"2":54458086,"3":49005742,"4":1097008263,"5":38178109,"6":35532467,"7":37767288,"8":33948875,"9":35239559,"10":34063373,"11":32891965,"12":36173882,"13":35938559,"14":40168815,"15":37632383,"16":661018424,"17":42160392,"18":44182507,"19":561988745,"20":52133881,"21":57734229,"22":68582497,"23":76709833,"24":89239576,"25":156521325}}