{"datetime":{"0":1624052700000,"1":1624051800000,"2":1624050900000,"3":1624050000000,"4":1624049100000,"5":1624048200000,"6":1624047300000,"7":1624046400000,"8":1624045500000,"9":1624044600000,"10":1624043700000,"11":1624042800000,"12":1624041900000,"13":1624041000000,"14":1624040100000,"15":1624039200000,"16":1624038300000,"17":1624037400000,"18":1624036500000,"19":1624035600000,"20":1624034700000,"21":1624033800000,"22":1624032900000,"23":1624032000000,"24":1624031100000,"25":1624030200000},"open":{"0":4184.47998,"1":4181.77979,"2":4178.1001,"3":4174.37988,"4":4176.91016,"5":4183.97998,"6":4184.18994,"7":4182.47998,"8":4182.87012,"9":4181.2998,"10":4187.97021,"11":4182.95996,"12":4182.54004,"13":4188.62988,"14":4186.35986,"15":4183.47998,"16":4181.49023,"17":4172.56006,"18":4173.83984,"19":4178.06006,"20":4183.2998,"21":4182.87988,"22":4186.52002,"23":4188.72998,"24":4192.58008,"25":4204.77979},"high":{"0":4185.2998,"1":4184.79004,"2":4185.22998,"3":4178.83008,"4":4179.06006,"5":4184.43018,"6":4185.56982,"7":4187.02979,"8":4183.16016,"9":4185.25,"10":4188.25,"11":4188.18994,"12":4183.72021,"13":4188.6499,"14":4188.58984,"15":4188.0498,"16":4183.95996,"17":4184.50977,"18":4178.77002,"19":4181.06982,"20":4183.52979,"21":4188.08008,"22":4186.52002,"23":4190.27979,"24":4192.58008,"25":4204.77979},"low":{"0":4164.3999,"1":4178.54004,"2":4176.81006,"3":4172.25977,"4":4173.16016,"5":4176.4502,"6":4181.91016,"7":4180.0,"8":4177.3501,"9":4181.2998,"10":4181.08008,"11":4181.3999,"12":4179.4502,"13":4182.45996,"14":4185.54004,"15":4180.62988,"16":4181.18994,"17":4172.10986,"18":4172.22998,"19":4173.83984,"20":4175.27979,"21":4175.1001,"22":4177.83984,"23":4178.74023,"24":4179.6499,"25":4181.87988},"close":{"0":4165.58984,"1":4184.47021,"2":4181.81982,"3":4178.14014,"4":4174.39014,"5":4176.87012,"6":4183.9502,"7":4184.25,"8":4182.50977,"9":4182.87988,"10":4181.47998,"11":4187.97021,"12":4182.9502,"13":4182.56006,"14":4188.58984,"15":4186.41016,"16":4183.45996,"17":4181.43018,"18":4172.52979,"19":4173.83984,"20":4178.08984,"21":4183.22998,"22":4182.8501,"23":4186.62012,"24":4188.85986,"25":4192.5},"volume":{"0":361966831,"1":115881032,"2":72076899,"3":67513018,"4":60628200,"5":51639440,"6":40717455,"7":49051499,"8":44849271,"9":43472546,"10":44485728,"11":44870315,"12":45192573,"13":50753761,"14":47599806,"15":52244244,"16":52306795,"17":69307755,"18":70594486,"19":76553029,"20":74316257,"21":82558841,"22":93800880,"23":120091256,"24":120953837,"25":169847045}}