{"datetime":{"0":1628545500000,"1":1628544600000,"2":1628543700000,"3":1628542800000,"4":1628541900000,"5":1628541000000,"6":1628540100000,"7":1628539200000,"8":1628538300000,"9":1628537400000,"10":1628536500000,"11":1628535600000,"12":1628534700000,"13":1628533800000,"14":1628532900000,"15":1628532000000,"16":1628531100000,"17":1628530200000,"18":1628529300000,"19":1628528400000,"20":1628527500000,"21":1628526600000,"22":1628525700000,"23":1628524800000,"24":1628523900000,"25":1628523000000},"open":{"0":4433.87012,"1":4433.85986,"2":4435.25,"3":4435.43994,"4":4435.79004,"5":4436.8501,"6":4434.24023,"7":4433.27979,"8":4432.81982,"9":4432.25977,"10":4433.1001,"11":4432.39014,"12":4431.68994,"13":4431.49023,"14":4433.0498,"15":4434.41016,"16":4431.75977,"17":4430.35986,"18":4429.22021,"19":4429.16016,"20":4430.97998,"21":4428.87012,"22":4426.3999,"23":4428.77979,"24":4429.18018,"25":4437.77002},"high":{"0":4433.87012,"1":4436.97021,"2":4435.68994,"3":4435.89014,"4":4436.31982,"5":4438.3501,"6":4436.81006,"7":4434.62012,"8":4433.9502,"9":4433.02979,"10":4433.54004,"11":4433.16016,"12":4433.06982,"13":4432.75,"14":4433.25,"15":4434.64014,"16":4434.4502,"17":4432.14014,"18":4431.06982,"19":4430.14014,"20":4434.25,"21":4431.56982,"22":4429.45996,"23":4429.79004,"24":4432.66016,"25":4439.39014},"low":{"0":4430.74023,"1":4433.75,"2":4432.62988,"3":4434.47998,"4":4435.16992,"5":4435.56982,"6":4434.20996,"7":4433.25977,"8":4432.56982,"9":4431.37988,"10":4431.79004,"11":4432.37988,"12":4431.58984,"13":4431.37988,"14":4431.35986,"15":4432.6001,"16":4431.56006,"17":4430.18018,"18":4428.77002,"19":4428.18018,"20":4428.14014,"21":4427.9502,"22":4425.3999,"23":4426.02002,"24":4427.62988,"25":4424.74023},"close":{"0":4432.5,"1":4433.8501,"2":4433.8999,"3":4435.24023,"4":4435.4502,"5":4435.79004,"6":4436.7998,"7":4434.25977,"8":4433.27979,"9":4432.7998,"10":4432.25977,"11":4433.08984,"12":4432.37988,"13":4431.72998,"14":4431.47998,"15":4433.08984,"16":4434.3999,"17":4431.77979,"18":4430.33008,"19":4429.31982,"20":4429.1499,"21":4430.97998,"22":4428.85986,"23":4426.49023,"24":4428.8999,"25":4429.20996},"volume":{"0":170799743,"1":67416550,"2":47690822,"3":42081906,"4":36754684,"5":41404056,"6":40967830,"7":37849411,"8":34636561,"9":37599385,"10":32465369,"11":34020294,"12":35268167,"13":34040262,"14":38915113,"15":39164149,"16":40078696,"17":47161529,"18":53259370,"19":55109670,"20":65986776,"21":63298646,"22":67295372,"23":76973968,"24":92104885,"25":103755495}}