{"datetime":{"0":1683582300000,"1":1683581400000,"2":1683580500000,"3":1683579600000,"4":1683578700000,"5":1683577800000,"6":1683576900000,"7":1683576000000,"8":1683575100000,"9":1683574200000,"10":1683573300000,"11":1683572400000,"12":1683571500000,"13":1683570600000,"14":1683569700000,"15":1683568800000,"16":1683567900000,"17":1683567000000,"18":1683566100000,"19":1683565200000,"20":1683564300000,"21":1683563400000,"22":1683562500000,"23":1683561600000,"24":1683560700000,"25":1683559800000},"open":{"0":4139.91992,"1":4135.83008,"2":4137.56982,"3":4141.35986,"4":4139.79004,"5":4137.97998,"6":4130.62012,"7":4137.87988,"8":4137.16016,"9":4134.62012,"10":4134.79004,"11":4132.93018,"12":4132.3501,"13":4133.77002,"14":4132.27002,"15":4136.62012,"16":4133.56006,"17":4131.39014,"18":4135.77002,"19":4134.31006,"20":4132.5498,"21":4128.68018,"22":4129.93994,"23":4132.37012,"24":4135.81006,"25":4136.97998},"high":{"0":4141.02979,"1":4140.39014,"2":4138.93994,"3":4141.7998,"4":4142.2998,"5":4140.6499,"6":4138.6499,"7":4139.87012,"8":4139.24023,"9":4138.12988,"10":4136.0,"11":4135.25977,"12":4133.5,"13":4134.97021,"14":4134.81982,"15":4137.77002,"16":4137.31006,"17":4133.54004,"18":4136.1499,"19":4138.5498,"20":4136.06006,"21":4133.24023,"22":4132.56006,"23":4135.68994,"24":4136.60986,"25":4140.93018},"low":{"0":4136.2998,"1":4135.06982,"2":4134.75977,"3":4137.08984,"4":4138.83008,"5":4137.97998,"6":4130.37988,"7":4123.81006,"8":4136.9502,"9":4134.62012,"10":4133.93994,"11":4131.33008,"12":4130.31982,"13":4131.25977,"14":4131.12988,"15":4131.8501,"16":4133.27002,"17":4129.12988,"18":4131.12012,"19":4134.0498,"20":4131.3501,"21":4127.24023,"22":4128.14014,"23":4128.49023,"24":4129.58984,"25":4135.43994},"close":{"0":4137.8999,"1":4139.91992,"2":4135.8501,"3":4137.58008,"4":4141.33984,"5":4139.81982,"6":4137.97021,"7":4130.62988,"8":4137.89014,"9":4137.1499,"10":4134.60986,"11":4134.7998,"12":4132.89014,"13":4132.3501,"14":4133.77002,"15":4132.27002,"16":4136.5498,"17":4133.54004,"18":4131.4502,"19":4135.79004,"20":4134.27002,"21":4132.4502,"22":4128.66992,"23":4129.97998,"24":4132.31006,"25":4135.81006},"volume":{"0":158726125,"1":80264944,"2":67212963,"3":53709290,"4":47508318,"5":51770042,"6":51447989,"7":69573253,"8":49186443,"9":51984105,"10":46573801,"11":48547458,"12":46878777,"13":45168552,"14":43927498,"15":51240544,"16":56151195,"17":54703007,"18":60074726,"19":61643474,"20":594117121,"21":67851983,"22":72998640,"23":86600319,"24":97837677,"25":117418603}}