{"datetime":{"0":1612561500000,"1":1612560600000,"2":1612559700000,"3":1612558800000,"4":1612557900000,"5":1612557000000,"6":1612556100000,"7":1612555200000,"8":1612554300000,"9":1612553400000,"10":1612552500000,"11":1612551600000,"12":1612550700000,"13":1612549800000,"14":1612548900000,"15":1612548000000,"16":1612547100000,"17":1612546200000,"18":1612545300000,"19":1612544400000,"20":1612543500000,"21":1612542600000,"22":1612541700000,"23":1612540800000,"24":1612539900000,"25":1612539000000},"open":{"0":3883.69995,"1":3882.08008,"2":3884.29004,"3":3885.32007,"4":3886.62988,"5":3888.6499,"6":3887.75,"7":3886.21997,"8":3889.51001,"9":3890.19995,"10":3891.67993,"11":3894.19995,"12":3892.17993,"13":3888.6499,"14":3887.70996,"15":3882.69995,"16":3886.87012,"17":3883.69995,"18":3883.0,"19":3887.87012,"20":3887.59009,"21":3881.3999,"22":3877.75,"23":3881.22998,"24":3886.19995,"25":3891.5},"high":{"0":3888.08008,"1":3887.0,"2":3887.04004,"3":3885.32007,"4":3887.61011,"5":3890.13989,"6":3889.15991,"7":3888.21997,"8":3890.01001,"9":3891.0,"10":3893.69995,"11":3894.5,"12":3894.5,"13":3893.19995,"14":3888.79004,"15":3887.44995,"16":3887.37012,"17":3887.83008,"18":3884.69995,"19":3888.8501,"20":3889.76001,"21":3887.34009,"22":3882.0,"23":3883.72998,"24":3889.21997,"25":3893.0},"low":{"0":3882.0,"1":3882.0,"2":3882.0,"3":3882.0,"4":3883.5,"5":3887.12988,"6":3885.5,"7":3884.46997,"8":3885.69995,"9":3888.96997,"10":3890.0,"11":3890.69995,"12":3891.41992,"13":3887.69995,"14":3886.69995,"15":3881.69995,"16":3883.0,"17":3883.69995,"18":3881.19995,"19":3882.0,"20":3885.86011,"21":3881.1499,"22":3874.96997,"23":3877.26001,"24":3880.48999,"25":3884.25},"close":{"0":3886.84009,"1":3883.33008,"2":3882.0,"3":3884.54004,"4":3885.07007,"5":3887.12988,"6":3888.3999,"7":3887.5,"8":3885.8501,"9":3889.19995,"10":3890.5,"11":3891.69995,"12":3894.40991,"13":3891.92993,"14":3888.65991,"15":3887.19995,"16":3883.0,"17":3886.62012,"18":3883.5,"19":3883.45996,"20":3887.12012,"21":3887.09009,"22":3881.5,"23":3878.5,"24":3881.48999,"25":3886.3999},"volume":{"0":0,"1":0,"2":0,"3":0,"4":0,"5":0,"6":0,"7":0,"8":0,"9":0,"10":0,"11":0,"12":0,"13":0,"14":0,"15":0,"16":0,"17":0,"18":0,"19":0,"20":0,"21":0,"22":0,"23":0,"24":0,"25":0}}