{"datetime":{"0":1631051100000,"1":1631050200000,"2":1631049300000,"3":1631048400000,"4":1631047500000,"5":1631046600000,"6":1631045700000,"7":1631044800000,"8":1631043900000,"9":1631043000000,"10":1631042100000,"11":1631041200000,"12":1631040300000,"13":1631039400000,"14":1631038500000,"15":1631037600000,"16":1631036700000,"17":1631035800000,"18":1631034900000,"19":1631034000000,"20":1631033100000,"21":1631032200000,"22":1631031300000,"23":1631030400000,"24":1631029500000,"25":1631028600000},"open":{"0":4521.39014,"1":4523.3999,"2":4526.31006,"3":4526.3501,"4":4524.97021,"5":4524.25977,"6":4527.93994,"7":4528.64014,"8":4528.16016,"9":4526.74023,"10":4528.81006,"11":4527.20996,"12":4524.37012,"13":4522.77002,"14":4521.81982,"15":4518.1001,"16":4519.16016,"17":4515.8999,"18":4515.2002,"19":4522.10986,"20":4519.81982,"21":4516.5498,"22":4515.29004,"23":4522.62988,"24":4525.41992,"25":4535.37988},"high":{"0":4522.74023,"1":4524.22021,"2":4526.5498,"3":4527.77979,"4":4526.77002,"5":4526.1001,"6":4528.22021,"7":4528.66992,"8":4529.25977,"9":4528.95996,"10":4529.00977,"11":4529.02979,"12":4527.6499,"13":4524.50977,"14":4522.87012,"15":4523.33008,"16":4519.5,"17":4520.3501,"18":4517.08984,"19":4522.2002,"20":4522.87012,"21":4520.16016,"22":4518.93994,"23":4523.31982,"24":4525.41992,"25":4535.37988},"low":{"0":4519.41016,"1":4520.97998,"2":4523.41016,"3":4526.02002,"4":4524.08008,"5":4522.7998,"6":4524.0,"7":4526.00977,"8":4527.93994,"9":4526.41016,"10":4526.16992,"11":4525.9502,"12":4524.37012,"13":4522.20996,"14":4520.87988,"15":4517.72998,"16":4516.33984,"17":4515.41016,"18":4513.3999,"19":4515.22998,"20":4519.49023,"21":4514.93994,"22":4514.18994,"23":4513.0,"24":4518.41016,"25":4523.43994},"close":{"0":4520.35986,"1":4521.3999,"2":4523.41016,"3":4526.2998,"4":4526.3501,"5":4524.95996,"6":4524.31982,"7":4527.91016,"8":4528.66992,"9":4528.1499,"10":4526.70996,"11":4528.91992,"12":4527.2002,"13":4524.41992,"14":4522.75,"15":4521.77002,"16":4518.16016,"17":4519.58984,"18":4515.89014,"19":4515.22998,"20":4522.08984,"21":4519.79004,"22":4516.50977,"23":4515.50977,"24":4522.6001,"25":4525.31982},"volume":{"0":143791597,"1":75791926,"2":49996641,"3":47984299,"4":1194408370,"5":45037639,"6":34785163,"7":36302969,"8":35201548,"9":33813009,"10":34550505,"11":36699091,"12":36897057,"13":36914297,"14":43009856,"15":39232620,"16":728526538,"17":42791063,"18":47486970,"19":641059023,"20":57067629,"21":67471401,"22":66503940,"23":84196372,"24":99341141,"25":168489527}}