{"datetime":{"0":1627595100000,"1":1627594200000,"2":1627593300000,"3":1627592400000,"4":1627591500000,"5":1627590600000,"6":1627589700000,"7":1627588800000,"8":1627587900000,"9":1627587000000,"10":1627586100000,"11":1627585200000,"12":1627584300000,"13":1627583400000,"14":1627582500000,"15":1627581600000,"16":1627580700000,"17":1627579800000,"18":1627578900000,"19":1627578000000,"20":1627577100000,"21":1627576200000,"22":1627575300000,"23":1627574400000,"24":1627573500000,"25":1627572600000},"open":{"0":4422.1001,"1":4421.20996,"2":4421.68018,"3":4423.68018,"4":4422.72998,"5":4425.0498,"6":4428.04004,"7":4427.14014,"8":4428.3501,"9":4429.22998,"10":4428.47021,"11":4425.79004,"12":4426.08008,"13":4428.37012,"14":4427.66992,"15":4424.24023,"16":4426.66016,"17":4423.81006,"18":4425.75977,"19":4427.56982,"20":4423.2998,"21":4421.66992,"22":4417.14014,"23":4420.20996,"24":4417.27002,"25":4414.97998},"high":{"0":4422.70996,"1":4422.66016,"2":4422.74023,"3":4423.72998,"4":4424.33984,"5":4425.58008,"6":4428.08008,"7":4428.08984,"8":4428.77002,"9":4429.97021,"10":4429.62988,"11":4428.47021,"12":4426.2998,"13":4429.37012,"14":4429.33008,"15":4427.77002,"16":4427.1001,"17":4426.85986,"18":4426.58984,"19":4429.27002,"20":4427.60986,"21":4425.8501,"22":4422.1001,"23":4420.85986,"24":4420.41992,"25":4423.27002},"low":{"0":4418.56982,"1":4419.9502,"2":4421.00977,"3":4421.22021,"4":4422.37012,"5":4421.62988,"6":4424.16992,"7":4426.37012,"8":4426.39014,"9":4427.64014,"10":4426.4502,"11":4425.58008,"12":4424.64014,"13":4426.0,"14":4427.52979,"15":4423.97021,"16":4423.29004,"17":4423.81006,"18":4423.54004,"19":4425.66016,"20":4423.20996,"21":4420.72998,"22":4417.04004,"23":4416.3999,"24":4415.85986,"25":4403.58984},"close":{"0":4419.1001,"1":4422.06006,"2":4421.18994,"3":4421.66992,"4":4423.66016,"5":4422.72021,"6":4425.0498,"7":4428.08008,"8":4427.12988,"9":4428.3999,"10":4429.24023,"11":4428.47021,"12":4425.77979,"13":4426.08008,"14":4428.41992,"15":4427.68994,"16":4424.2998,"17":4426.68018,"18":4423.77979,"19":4425.66016,"20":4427.60986,"21":4423.2998,"22":4421.6001,"23":4417.2002,"24":4420.0,"25":4417.37012},"volume":{"0":193379705,"1":76804954,"2":60459843,"3":51861583,"4":49719323,"5":51526096,"6":48168483,"7":42230941,"8":42843904,"9":43174152,"10":44746048,"11":43301119,"12":43794067,"13":44339965,"14":47190947,"15":52463323,"16":53883774,"17":58057199,"18":63317222,"19":67903182,"20":71384681,"21":75112128,"22":84077526,"23":95402158,"24":106213436,"25":253407251}}