{"datetime":{"0":1673559900000,"1":1673559000000,"2":1673558100000,"3":1673557200000,"4":1673556300000,"5":1673555400000,"6":1673554500000,"7":1673553600000,"8":1673552700000,"9":1673551800000,"10":1673550900000,"11":1673550000000,"12":1673549100000,"13":1673548200000,"14":1673547300000,"15":1673546400000,"16":1673545500000,"17":1673544600000,"18":1673543700000,"19":1673542800000,"20":1673541900000,"21":1673541000000,"22":1673540100000,"23":1673539200000,"24":1673538300000,"25":1673537400000},"open":{"0":3979.23999,"1":3980.37988,"2":3978.91992,"3":3986.92993,"4":3989.45996,"5":3988.30005,"6":3993.17993,"7":3995.84009,"8":3986.02002,"9":3975.55005,"10":3994.07007,"11":3991.34009,"12":3989.41992,"13":3992.01001,"14":3984.6001,"15":3977.33008,"16":3974.79004,"17":3970.67993,"18":3973.13989,"19":3968.75,"20":3966.11011,"21":3973.23999,"22":3975.87012,"23":3950.65991,"24":3946.87988,"25":3977.57007},"high":{"0":3984.68994,"1":3983.47998,"2":3983.40991,"3":3988.47998,"4":3992.32007,"5":3992.68994,"6":3994.03003,"7":3997.76001,"8":3997.04004,"9":3986.90991,"10":3997.13989,"11":3995.05005,"12":3994.17993,"13":3993.95996,"14":3992.38989,"15":3985.46997,"16":3978.37988,"17":3975.34009,"18":3974.3999,"19":3973.1499,"20":3976.70996,"21":3982.44995,"22":3981.94995,"23":3980.0,"24":3951.62012,"25":3981.95996},"low":{"0":3972.52002,"1":3977.37012,"2":3976.59009,"3":3977.67993,"4":3981.27002,"5":3985.79004,"6":3987.07007,"7":3989.69995,"8":3985.44995,"9":3969.88989,"10":3974.01001,"11":3989.80005,"12":3989.41992,"13":3988.45996,"14":3984.08008,"15":3975.40991,"16":3968.80005,"17":3961.56006,"18":3965.81006,"19":3958.1499,"20":3960.67993,"21":3964.32007,"22":3970.1499,"23":3950.44995,"24":3937.56006,"25":3947.12012},"close":{"0":3983.08008,"1":3979.31006,"2":3980.3999,"3":3978.93994,"4":3986.86011,"5":3989.51001,"6":3988.25,"7":3993.15991,"8":3995.84009,"9":3985.96997,"10":3975.6001,"11":3994.05005,"12":3991.33008,"13":3989.37988,"14":3992.06006,"15":3984.62988,"16":3977.44995,"17":3974.76001,"18":3970.68994,"19":3973.1499,"20":3968.80005,"21":3966.25,"22":3973.6001,"23":3975.90991,"24":3949.38989,"25":3947.12012},"volume":{"0":249165156,"1":95608695,"2":77953893,"3":69608174,"4":62223662,"5":62845707,"6":54435038,"7":62063525,"8":58140145,"9":64952939,"10":66544679,"11":57920399,"12":51834080,"13":60756485,"14":62399058,"15":61786543,"16":56066371,"17":60071618,"18":61564466,"19":67989111,"20":76689400,"21":83230242,"22":88707441,"23":109253052,"24":113046927,"25":127514807}}