{"datetime":{"0":1620769500000,"1":1620768600000,"2":1620767700000,"3":1620766800000,"4":1620765900000,"5":1620765000000,"6":1620764100000,"7":1620763200000,"8":1620762300000,"9":1620761400000,"10":1620760500000,"11":1620759600000,"12":1620758700000,"13":1620757800000,"14":1620756900000,"15":1620756000000,"16":1620755100000,"17":1620754200000,"18":1620753300000,"19":1620752400000,"20":1620751500000,"21":1620750600000,"22":1620749700000,"23":1620748800000,"24":1620747900000,"25":1620747000000},"open":{"0":4143.14014,"1":4154.52002,"2":4145.56982,"3":4150.72998,"4":4146.22998,"5":4156.20996,"6":4143.0,"7":4152.5,"8":4155.7002,"9":4151.75,"10":4140.10986,"11":4134.7002,"12":4139.18018,"13":4144.22021,"14":4150.5,"15":4150.5,"16":4141.54004,"17":4148.25977,"18":4129.0,"19":4127.02002,"20":4118.5,"21":4127.87988,"22":4146.45996,"23":4158.0,"24":4147.16016,"25":4137.25},"high":{"0":4154.0,"1":4156.02002,"2":4160.24023,"3":4153.47998,"4":4153.1001,"5":4156.47021,"6":4157.20996,"7":4156.72021,"8":4157.20996,"9":4156.0,"10":4151.5,"11":4143.18994,"12":4139.68018,"13":4147.0,"14":4153.5,"15":4153.2998,"16":4153.25977,"17":4152.08008,"18":4148.77002,"19":4129.52002,"20":4133.22021,"21":4129.7002,"22":4149.97998,"23":4162.2002,"24":4157.5,"25":4148.66016},"low":{"0":4143.14014,"1":4136.66016,"2":4144.06982,"3":4144.31006,"4":4144.7002,"5":4141.77002,"6":4142.33984,"7":4143.2002,"8":4145.7002,"9":4150.5,"10":4137.5,"11":4133.75977,"12":4130.5,"13":4137.7002,"14":4143.2002,"15":4147.0,"16":4141.16992,"17":4141.41016,"18":4124.1001,"19":4117.56982,"20":4111.2002,"21":4115.5,"22":4128.2002,"23":4146.4502,"24":4141.0,"25":4132.5},"close":{"0":4153.04004,"1":4143.64014,"2":4154.27002,"3":4144.7002,"4":4150.97998,"5":4146.47998,"6":4157.20996,"7":4143.2002,"8":4152.0,"9":4155.2002,"10":4151.25977,"11":4139.24023,"12":4135.0,"13":4138.18018,"14":4144.47021,"15":4150.7002,"16":4150.04004,"17":4141.41992,"18":4148.50977,"19":4128.2002,"20":4128.02002,"21":4120.0,"22":4128.5,"23":4147.7002,"24":4157.5,"25":4148.16016},"volume":{"0":0,"1":0,"2":0,"3":0,"4":0,"5":0,"6":0,"7":0,"8":0,"9":0,"10":0,"11":0,"12":0,"13":0,"14":0,"15":0,"16":0,"17":0,"18":0,"19":0,"20":0,"21":0,"22":0,"23":0,"24":0,"25":0}}