{"datetime":{"0":1645825500000,"1":1645824600000,"2":1645823700000,"3":1645822800000,"4":1645821900000,"5":1645821000000,"6":1645820100000,"7":1645819200000,"8":1645818300000,"9":1645817400000,"10":1645816500000,"11":1645815600000,"12":1645814700000,"13":1645813800000,"14":1645812900000,"15":1645812000000,"16":1645811100000,"17":1645810200000,"18":1645809300000,"19":1645808400000,"20":1645807500000,"21":1645806600000,"22":1645805700000,"23":1645804800000,"24":1645803900000,"25":1645803000000},"open":{"0":4377.31006,"1":4373.85986,"2":4366.58008,"3":4368.06982,"4":4371.72021,"5":4377.97021,"6":4369.31982,"7":4373.89014,"8":4382.58008,"9":4372.77979,"10":4362.75,"11":4365.75,"12":4378.85986,"13":4373.58984,"14":4363.74023,"15":4374.31006,"16":4356.75,"17":4359.68018,"18":4355.06982,"19":4339.7002,"20":4333.3501,"21":4326.47021,"22":4305.29004,"23":4292.37012,"24":4300.12012,"25":4298.37988},"high":{"0":4385.33984,"1":4381.2002,"2":4380.87012,"3":4368.06982,"4":4373.33008,"5":4382.27979,"6":4380.49023,"7":4380.16016,"8":4383.8501,"9":4383.02979,"10":4374.62012,"11":4370.81006,"12":4379.2002,"13":4380.12012,"14":4373.81982,"15":4376.79004,"16":4375.08008,"17":4362.25,"18":4364.3501,"19":4357.87012,"20":4346.56006,"21":4333.31006,"22":4328.72998,"23":4313.2998,"24":4315.60986,"25":4319.47998},"low":{"0":4374.6001,"1":4368.20996,"2":4365.8999,"3":4359.5498,"4":4358.43018,"5":4366.6499,"6":4369.31982,"7":4365.66016,"8":4369.56982,"9":4370.16016,"10":4359.64014,"11":4356.27002,"12":4361.66992,"13":4373.58984,"14":4362.77979,"15":4363.68018,"16":4356.75,"17":4353.31982,"18":4352.31006,"19":4332.83984,"20":4332.33984,"21":4313.52002,"22":4299.37988,"23":4286.83008,"24":4291.14014,"25":4294.81982},"close":{"0":4384.83008,"1":4377.25,"2":4373.8999,"3":4366.43994,"4":4368.08984,"5":4371.66016,"6":4377.89014,"7":4369.35986,"8":4373.8501,"9":4382.5498,"10":4372.81982,"11":4362.77979,"12":4365.79004,"13":4378.8501,"14":4373.58984,"15":4363.75977,"16":4374.27002,"17":4356.5498,"18":4359.66992,"19":4355.12988,"20":4339.58008,"21":4333.31006,"22":4326.54004,"23":4305.39014,"24":4292.31006,"25":4300.02979},"volume":{"0":272400716,"1":126128727,"2":86535079,"3":66845889,"4":65947570,"5":66854353,"6":60735403,"7":66761376,"8":65507769,"9":58085961,"10":60655674,"11":66540820,"12":71512098,"13":61438313,"14":62181197,"15":71745581,"16":79203903,"17":71282302,"18":80317415,"19":87806068,"20":94342144,"21":93326206,"22":102801208,"23":108406218,"24":138586625,"25":153059403}}