{"datetime":{"0":1643924700000,"1":1643923800000,"2":1643922900000,"3":1643922000000,"4":1643921100000,"5":1643920200000,"6":1643919300000,"7":1643918400000,"8":1643917500000,"9":1643916600000,"10":1643915700000,"11":1643914800000,"12":1643913900000,"13":1643913000000,"14":1643912100000,"15":1643911200000,"16":1643910300000,"17":1643909400000,"18":1643908500000,"19":1643907600000,"20":1643906700000,"21":1643905800000,"22":1643904900000,"23":1643904000000,"24":1643903100000,"25":1643902200000},"open":{"0":4488.81006,"1":4499.75,"2":4498.97998,"3":4496.47998,"4":4492.66992,"5":4509.0498,"6":4513.99023,"7":4513.49023,"8":4513.6499,"9":4514.62012,"10":4509.62012,"11":4513.1001,"12":4512.06006,"13":4515.41016,"14":4517.20996,"15":4516.02002,"16":4525.8501,"17":4528.79004,"18":4541.83984,"19":4533.3501,"20":4537.68018,"21":4539.2002,"22":4530.64014,"23":4516.83984,"24":4527.62012,"25":4535.41016},"high":{"0":4488.81006,"1":4499.75,"2":4501.08008,"3":4498.97998,"4":4498.3501,"5":4509.16016,"6":4516.9502,"7":4518.93994,"8":4517.22021,"9":4520.33984,"10":4518.08984,"11":4513.1001,"12":4513.56006,"13":4519.22998,"14":4517.20996,"15":4519.12012,"16":4527.56006,"17":4530.6499,"18":4542.37012,"19":4542.87988,"20":4539.1499,"21":4542.66992,"22":4540.83008,"23":4530.77979,"24":4527.62012,"25":4536.02979},"low":{"0":4470.39014,"1":4484.52002,"2":4497.08008,"3":4489.43018,"4":4491.3999,"5":4492.66016,"6":4507.12012,"7":4511.77979,"8":4511.37012,"9":4511.75,"10":4509.27002,"11":4504.52979,"12":4506.75,"13":4510.39014,"14":4506.56006,"15":4509.41016,"16":4516.00977,"17":4522.81982,"18":4526.31006,"19":4527.20996,"20":4529.45996,"21":4533.8999,"22":4529.77002,"23":4515.64014,"24":4513.33008,"25":4514.79004},"close":{"0":4479.1001,"1":4488.8999,"2":4499.8501,"3":4491.62988,"4":4496.41016,"5":4492.70996,"6":4509.22021,"7":4514.02979,"8":4513.5,"9":4513.54004,"10":4514.6499,"11":4509.58008,"12":4513.06982,"13":4512.06982,"14":4515.3999,"15":4517.12012,"16":4516.00977,"17":4525.77002,"18":4528.68994,"19":4541.83008,"20":4533.20996,"21":4537.62012,"22":4538.9502,"23":4530.47998,"24":4516.58984,"25":4527.58984},"volume":{"0":277282465,"1":115917397,"2":111042848,"3":48448150,"4":68728771,"5":75678969,"6":59949702,"7":58815143,"8":47511899,"9":51513908,"10":52865252,"11":52159008,"12":55400953,"13":59137157,"14":62993487,"15":1132464399,"16":64564966,"17":71448810,"18":80564334,"19":78972325,"20":85942092,"21":86468035,"22":103676158,"23":113885931,"24":371293809,"25":160172710}}