{"datetime":{"0":1674596700000,"1":1674595800000,"2":1674594900000,"3":1674594000000,"4":1674593100000,"5":1674592200000,"6":1674591300000,"7":1674590400000,"8":1674589500000,"9":1674588600000,"10":1674587700000,"11":1674586800000,"12":1674585900000,"13":1674585000000,"14":1674584100000,"15":1674583200000,"16":1674582300000,"17":1674581400000,"18":1674580500000,"19":1674579600000,"20":1674578700000,"21":1674577800000,"22":1674576900000,"23":1674576000000,"24":1674575100000,"25":1674574200000},"open":{"0":4008.20996,"1":4018.38989,"2":4017.80005,"3":4021.87012,"4":4019.41992,"5":4016.90991,"6":4014.37988,"7":4020.82007,"8":4021.88989,"9":4017.52002,"10":4015.20996,"11":4013.08008,"12":4012.09009,"13":4016.31006,"14":4016.87988,"15":4013.45996,"16":4013.61011,"17":4019.61011,"18":4013.96997,"19":4017.5,"20":4008.80005,"21":4005.65991,"22":4005.6001,"23":3997.31006,"24":4001.48999,"25":4001.73999},"high":{"0":4019.55005,"1":4018.82007,"2":4019.56006,"3":4023.05005,"4":4022.56006,"5":4020.0,"6":4017.3999,"7":4020.8999,"8":4023.91992,"9":4022.77002,"10":4018.20996,"11":4016.57007,"12":4014.11011,"13":4016.31006,"14":4017.76001,"15":4016.8501,"16":4016.59009,"17":4019.69995,"18":4019.67993,"19":4019.16992,"20":4019.79004,"21":4009.59009,"22":4012.06006,"23":4005.65991,"24":4014.23999,"25":4003.6001},"low":{"0":4006.11011,"1":4005.97998,"2":4016.43994,"3":4017.37012,"4":4017.87988,"5":4016.88989,"6":4014.0,"7":4012.94995,"8":4020.62012,"9":4016.41992,"10":4013.6001,"11":4008.16992,"12":4011.03003,"13":4011.32007,"14":4013.67993,"15":4006.1001,"16":4012.26001,"17":4012.36011,"18":4011.03003,"19":4012.3999,"20":4007.55005,"21":3998.26001,"22":3998.15991,"23":3989.79004,"24":3996.07007,"25":3990.38989},"close":{"0":4016.84009,"1":4008.20996,"2":4018.40991,"3":4017.70996,"4":4021.87012,"5":4019.47998,"6":4016.92993,"7":4014.37012,"8":4020.86011,"9":4021.82007,"10":4017.53003,"11":4015.19995,"12":4013.03003,"13":4012.03003,"14":4016.33008,"15":4016.8501,"16":4013.48999,"17":4013.48999,"18":4019.67993,"19":4013.92993,"20":4017.27002,"21":4008.6499,"22":4005.42993,"23":4005.6499,"24":3997.44995,"25":4001.46997},"volume":{"0":215449669,"1":88659580,"2":61999919,"3":55881237,"4":54149306,"5":47426902,"6":44387375,"7":47567571,"8":41856976,"9":44097761,"10":42100623,"11":45895472,"12":41337426,"13":43917157,"14":43834025,"15":71742932,"16":45937594,"17":56545180,"18":59883684,"19":66177237,"20":72971786,"21":76579601,"22":76776104,"23":99513139,"24":110846204,"25":107106166}}