{"datetime":{"0":1684791900000,"1":1684791000000,"2":1684790100000,"3":1684789200000,"4":1684788300000,"5":1684787400000,"6":1684786500000,"7":1684785600000,"8":1684784700000,"9":1684783800000,"10":1684782900000,"11":1684782000000,"12":1684781100000,"13":1684780200000,"14":1684779300000,"15":1684778400000,"16":1684777500000,"17":1684776600000,"18":1684775700000,"19":1684774800000,"20":1684773900000,"21":1684773000000,"22":1684772100000,"23":1684771200000,"24":1684770300000,"25":1684769400000},"open":{"0":4193.0,"1":4195.62988,"2":4200.77002,"3":4202.89014,"4":4202.91992,"5":4202.12988,"6":4196.93994,"7":4196.70996,"8":4198.81006,"9":4196.35986,"10":4192.10986,"11":4196.04004,"12":4194.33984,"13":4194.27979,"14":4198.56006,"15":4197.77002,"16":4194.8501,"17":4198.22021,"18":4196.33984,"19":4192.81006,"20":4192.00977,"21":4196.75,"22":4193.75977,"23":4195.54004,"24":4202.81982,"25":4190.77979},"high":{"0":4195.4502,"1":4196.2002,"2":4201.68018,"3":4204.45996,"4":4207.33008,"5":4203.0,"6":4202.14014,"7":4198.60986,"8":4199.47998,"9":4199.93994,"10":4197.49023,"11":4199.22998,"12":4196.33008,"13":4195.85986,"14":4198.64014,"15":4199.66016,"16":4199.60986,"17":4199.87988,"18":4199.16016,"19":4198.91016,"20":4192.81982,"21":4198.35986,"22":4198.83984,"23":4196.43994,"24":4202.93018,"25":4209.22021},"low":{"0":4189.49023,"1":4191.79004,"2":4193.18994,"3":4199.95996,"4":4200.0,"5":4200.5,"6":4196.6499,"7":4196.35986,"8":4196.56006,"9":4196.29004,"10":4188.72021,"11":4191.47021,"12":4193.43018,"13":4193.43994,"14":4193.25,"15":4197.25977,"16":4192.47021,"17":4194.81006,"18":4196.18018,"19":4192.81006,"20":4185.60986,"21":4191.93018,"22":4192.22998,"23":4179.68018,"24":4194.62012,"25":4190.77979},"close":{"0":4192.7002,"1":4192.87988,"2":4195.62988,"3":4200.72021,"4":4202.93018,"5":4202.8999,"6":4202.0,"7":4196.93018,"8":4196.75977,"9":4198.75977,"10":4196.41016,"11":4192.16992,"12":4196.02979,"13":4194.31982,"14":4194.33984,"15":4198.47021,"16":4197.8501,"17":4194.83984,"18":4198.25,"19":4196.37988,"20":4192.58008,"21":4192.0,"22":4196.7998,"23":4193.62012,"24":4195.60986,"25":4202.56006},"volume":{"0":163740896,"1":87850354,"2":70564420,"3":57184954,"4":57987941,"5":46067426,"6":44898804,"7":42537584,"8":43056008,"9":47406725,"10":49400227,"11":52041950,"12":42727892,"13":47321856,"14":49409370,"15":50450888,"16":55707160,"17":63612293,"18":846307849,"19":72843621,"20":73903214,"21":75209894,"22":86320066,"23":111933574,"24":118424046,"25":176371698}}