{"datetime":{"0":1622843100000,"1":1622842200000,"2":1622841300000,"3":1622840400000,"4":1622839500000,"5":1622838600000,"6":1622837700000,"7":1622836800000,"8":1622835900000,"9":1622835000000,"10":1622834100000,"11":1622833200000,"12":1622832300000,"13":1622831400000,"14":1622830500000,"15":1622829600000,"16":1622828700000,"17":1622827800000,"18":1622826900000,"19":1622826000000,"20":1622825100000,"21":1622824200000,"22":1622823300000,"23":1622822400000,"24":1622821500000,"25":1622820600000},"open":{"0":4230.7002,"1":4228.93018,"2":4228.14014,"3":4229.16992,"4":4230.49023,"5":4228.72998,"6":4227.6499,"7":4226.2002,"8":4225.74023,"9":4222.8999,"10":4224.2002,"11":4223.3999,"12":4222.3999,"13":4220.72998,"14":4221.49023,"15":4220.33984,"16":4222.43994,"17":4223.37988,"18":4223.08008,"19":4221.79004,"20":4218.54004,"21":4218.10986,"22":4219.70996,"23":4217.27979,"24":4218.66992,"25":4213.60986},"high":{"0":4233.7002,"1":4230.83984,"2":4229.41992,"3":4229.66992,"4":4230.97021,"5":4230.74023,"6":4228.7002,"7":4228.2002,"8":4226.45996,"9":4226.0,"10":4224.7002,"11":4224.7002,"12":4223.3999,"13":4223.4502,"14":4221.68994,"15":4221.56982,"16":4222.43994,"17":4223.50977,"18":4224.81006,"19":4224.29004,"20":4222.8999,"21":4221.7002,"22":4221.08984,"23":4220.70996,"24":4219.72021,"25":4219.7998},"low":{"0":4229.2002,"1":4228.18018,"2":4227.89014,"3":4228.12988,"4":4229.16992,"5":4228.47998,"6":4226.8999,"7":4225.95996,"8":4225.3999,"9":4222.8999,"10":4222.45996,"11":4223.16016,"12":4221.66992,"13":4220.70996,"14":4220.35986,"15":4219.33984,"16":4219.35986,"17":4221.02002,"18":4221.7002,"19":4221.56006,"20":4218.29004,"21":4218.06006,"22":4217.22021,"23":4217.18018,"24":4214.18994,"25":4213.2998},"close":{"0":4229.3999,"1":4230.83984,"2":4229.18018,"3":4228.2002,"4":4229.41992,"5":4230.49023,"6":4228.7002,"7":4227.1499,"8":4225.95996,"9":4225.99023,"10":4222.7002,"11":4223.8999,"12":4223.12988,"13":4222.16992,"14":4220.70996,"15":4221.45996,"16":4220.33984,"17":4222.43994,"18":4223.37988,"19":4223.08008,"20":4221.77002,"21":4219.16992,"22":4218.08008,"23":4219.77002,"24":4217.1001,"25":4218.66016},"volume":{"0":0,"1":0,"2":0,"3":0,"4":0,"5":0,"6":0,"7":0,"8":0,"9":0,"10":0,"11":0,"12":2365796,"13":40958622,"14":41723605,"15":41137872,"16":41942753,"17":50633693,"18":51735967,"19":49371844,"20":593697390,"21":65420219,"22":79100681,"23":95153589,"24":101928099,"25":145329515}}