{"datetime":{"0":1645220700000,"1":1645219800000,"2":1645218900000,"3":1645218000000,"4":1645217100000,"5":1645216200000,"6":1645215300000,"7":1645214400000,"8":1645213500000,"9":1645212600000,"10":1645211700000,"11":1645210800000,"12":1645209900000,"13":1645209000000,"14":1645208100000,"15":1645207200000,"16":1645206300000,"17":1645205400000,"18":1645204500000,"19":1645203600000,"20":1645202700000,"21":1645201800000,"22":1645200900000,"23":1645200000000,"24":1645199100000,"25":1645198200000},"open":{"0":4357.83984,"1":4351.56982,"2":4364.47021,"3":4374.75977,"4":4362.00977,"5":4370.60986,"6":4349.52002,"7":4348.43994,"8":4340.5498,"9":4334.02002,"10":4331.97021,"11":4333.75,"12":4337.3999,"13":4349.56006,"14":4347.91992,"15":4340.45996,"16":4356.31982,"17":4358.74023,"18":4351.9502,"19":4363.58008,"20":4369.58008,"21":4376.89014,"22":4386.64014,"23":4392.43994,"24":4369.66992,"25":4384.56982},"high":{"0":4362.91992,"1":4358.66016,"2":4366.52979,"3":4381.70996,"4":4375.8999,"5":4378.91016,"6":4371.7998,"7":4353.35986,"8":4351.37012,"9":4343.39014,"10":4340.29004,"11":4336.4502,"12":4340.45996,"13":4352.58008,"14":4358.12012,"15":4351.02002,"16":4359.68994,"17":4363.3999,"18":4363.70996,"19":4363.58008,"20":4370.5498,"21":4376.89014,"22":4394.06006,"23":4393.1499,"24":4394.6001,"25":4387.33984},"low":{"0":4345.5,"1":4337.22998,"2":4351.12988,"3":4361.83008,"4":4356.7002,"5":4362.08008,"6":4348.64014,"7":4346.2002,"8":4340.5498,"9":4332.97021,"10":4327.22021,"11":4330.9502,"12":4333.66016,"13":4335.12988,"14":4346.00977,"15":4337.58984,"16":4338.06982,"17":4354.66016,"18":4349.87988,"19":4345.25,"20":4361.25,"21":4363.6001,"22":4375.91016,"23":4380.41992,"24":4369.66992,"25":4369.45996},"close":{"0":4348.66992,"1":4357.77002,"2":4351.6001,"3":4364.4502,"4":4374.77979,"5":4362.08008,"6":4370.64014,"7":4349.52979,"8":4348.49023,"9":4340.6001,"10":4333.97998,"11":4331.91016,"12":4333.66016,"13":4337.45996,"14":4349.58984,"15":4347.8501,"16":4340.47021,"17":4356.33008,"18":4358.56982,"19":4351.91992,"20":4363.62012,"21":4369.54004,"22":4376.75977,"23":4386.83984,"24":4392.70996,"25":4369.66016},"volume":{"0":187763556,"1":110336745,"2":76250229,"3":74242814,"4":64454668,"5":70474669,"6":65989336,"7":55815259,"8":56215145,"9":52108273,"10":55832920,"11":49015454,"12":51769227,"13":65262795,"14":56842335,"15":56064511,"16":60185550,"17":62258671,"18":73337993,"19":95374528,"20":80865851,"21":87545335,"22":94696027,"23":86927702,"24":105196092,"25":111001043}}