{"datetime":{"0":1617227100000,"1":1617226200000,"2":1617225300000,"3":1617224400000,"4":1617223500000,"5":1617222600000,"6":1617221700000,"7":1617220800000,"8":1617219900000,"9":1617219000000,"10":1617218100000,"11":1617217200000,"12":1617216300000,"13":1617215400000,"14":1617214500000,"15":1617213600000,"16":1617212700000,"17":1617211800000,"18":1617210900000,"19":1617210000000,"20":1617209100000,"21":1617208200000,"22":1617207300000,"23":1617206400000,"24":1617205500000,"25":1617204600000},"open":{"0":3981.02002,"1":3986.38989,"2":3988.63989,"3":3986.51001,"4":3988.72998,"5":3988.67993,"6":3987.93994,"7":3991.1001,"8":3989.91992,"9":3992.6001,"10":3993.1001,"11":3990.3999,"12":3990.48999,"13":3987.86011,"14":3987.61011,"15":3985.6001,"16":3981.42993,"17":3979.6001,"18":3982.63989,"19":3982.59009,"20":3982.5,"21":3974.8999,"22":3976.20996,"23":3975.90991,"24":3974.79004,"25":3967.12012},"high":{"0":3987.1001,"1":3989.87012,"2":3991.6001,"3":3990.6001,"4":3990.23999,"5":3991.19995,"6":3988.92993,"7":3991.59009,"8":3992.8999,"9":3994.12012,"10":3994.0,"11":3994.03003,"12":3990.48999,"13":3990.48999,"14":3988.8999,"15":3987.8501,"16":3986.41992,"17":3982.3999,"18":3983.13989,"19":3983.84009,"20":3983.79004,"21":3983.51001,"22":3978.70996,"23":3979.44995,"24":3976.5,"25":3977.41992},"low":{"0":3976.11011,"1":3981.3999,"2":3986.38989,"3":3986.51001,"4":3986.02002,"5":3985.73999,"6":3986.6001,"7":3985.1001,"8":3989.3999,"9":3989.1001,"10":3990.6001,"11":3990.3999,"12":3989.1001,"13":3987.61011,"14":3986.6001,"15":3985.6001,"16":3981.42993,"17":3979.1001,"18":3979.62012,"19":3981.1001,"20":3980.1001,"21":3974.06006,"22":3974.29004,"23":3974.8999,"24":3972.5,"25":3967.12012},"close":{"0":3976.11011,"1":3981.3999,"2":3986.63989,"3":3988.62988,"4":3987.01001,"5":3988.8999,"6":3988.42993,"7":3988.18994,"8":3991.59009,"9":3989.92993,"10":3992.57007,"11":3993.75,"12":3990.1001,"13":3990.23999,"14":3987.61011,"15":3987.6001,"16":3985.44995,"17":3980.92993,"18":3980.19995,"19":3982.38989,"20":3982.34009,"21":3981.8999,"22":3974.80005,"23":3975.95996,"24":3974.90991,"25":3974.5},"volume":{"0":0,"1":0,"2":0,"3":0,"4":0,"5":0,"6":0,"7":0,"8":0,"9":0,"10":0,"11":0,"12":0,"13":0,"14":0,"15":0,"16":0,"17":0,"18":0,"19":0,"20":0,"21":0,"22":0,"23":0,"24":0,"25":0}}