{"datetime":{"0":1608587100000,"1":1608586200000,"2":1608585300000,"3":1608584400000,"4":1608583500000,"5":1608582600000,"6":1608581700000,"7":1608580800000,"8":1608579900000,"9":1608579000000,"10":1608578100000,"11":1608577200000,"12":1608576300000,"13":1608575400000,"14":1608574500000,"15":1608573600000,"16":1608572700000,"17":1608571800000,"18":1608570900000,"19":1608570000000,"20":1608569100000,"21":1608568200000,"22":1608567300000,"23":1608566400000,"24":1608565500000,"25":1608564600000},"open":{"0":3687.12012,"1":3692.58008,"2":3693.12988,"3":3695.78003,"4":3698.76001,"5":3699.29004,"6":3696.27002,"7":3696.07007,"8":3698.92993,"9":3692.20996,"10":3691.32007,"11":3688.01001,"12":3681.73999,"13":3681.29004,"14":3670.52002,"15":3668.56006,"16":3666.5,"17":3661.31006,"18":3660.12012,"19":3649.8999,"20":3648.55005,"21":3644.04004,"22":3646.37012,"23":3664.80005,"24":3671.76001,"25":3684.28003},"high":{"0":3696.57007,"1":3692.62988,"2":3693.12988,"3":3697.54004,"4":3699.92993,"5":3702.8999,"6":3699.80005,"7":3696.58008,"8":3698.92993,"9":3699.17993,"10":3692.52002,"11":3691.42993,"12":3689.71997,"13":3684.75,"14":3681.29004,"15":3672.94995,"16":3671.31006,"17":3667.48999,"18":3662.96997,"19":3660.09009,"20":3651.8999,"21":3649.09009,"22":3648.98999,"23":3665.21997,"24":3673.77002,"25":3684.28003},"low":{"0":3681.67993,"1":3684.75,"2":3689.83008,"3":3689.1499,"4":3695.37988,"5":3697.54004,"6":3694.8999,"7":3692.22998,"8":3693.69995,"9":3692.07007,"10":3689.25,"11":3686.83008,"12":3681.6001,"13":3681.26001,"14":3670.52002,"15":3668.56006,"16":3666.30005,"17":3661.31006,"18":3655.98999,"19":3649.08008,"20":3641.88989,"21":3639.15991,"22":3636.47998,"23":3643.53003,"24":3664.55005,"25":3664.03003},"close":{"0":3694.8999,"1":3687.09009,"2":3692.56006,"3":3693.20996,"4":3695.76001,"5":3698.71997,"6":3699.30005,"7":3696.27002,"8":3696.08008,"9":3698.92993,"10":3692.18994,"11":3691.25,"12":3687.95996,"13":3681.73999,"14":3681.29004,"15":3670.58008,"16":3668.54004,"17":3666.46997,"18":3661.23999,"19":3660.05005,"20":3649.91992,"21":3648.48999,"22":3644.13989,"23":3646.37988,"24":3664.94995,"25":3671.92993},"volume":{"0":221956913,"1":95553952,"2":58191508,"3":56374248,"4":1669110709,"5":54729323,"6":52160572,"7":49003539,"8":1466944218,"9":48487697,"10":47610066,"11":48642949,"12":1276835584,"13":51200996,"14":51685195,"15":49980507,"16":1066831036,"17":60308824,"18":63455449,"19":66335916,"20":77383239,"21":87565785,"22":110401608,"23":126035930,"24":129642007,"25":184671527}}