{"datetime":{"0":1613771100000,"1":1613770200000,"2":1613769300000,"3":1613768400000,"4":1613767500000,"5":1613766600000,"6":1613765700000,"7":1613764800000,"8":1613763900000,"9":1613763000000,"10":1613762100000,"11":1613761200000,"12":1613760300000,"13":1613759400000,"14":1613758500000,"15":1613757600000,"16":1613756700000,"17":1613755800000,"18":1613754900000,"19":1613754000000,"20":1613753100000,"21":1613752200000,"22":1613751300000,"23":1613750400000,"24":1613749500000,"25":1613748600000},"open":{"0":3910.12012,"1":3913.1001,"2":3912.6001,"3":3910.73999,"4":3907.6001,"5":3904.88989,"6":3913.65991,"7":3915.1001,"8":3915.52002,"9":3910.86011,"10":3907.78003,"11":3912.76001,"12":3914.76001,"13":3916.3999,"14":3923.25,"15":3924.3999,"16":3927.6001,"17":3929.68994,"18":3927.3501,"19":3927.29004,"20":3925.57007,"21":3923.8999,"22":3922.58008,"23":3927.80005,"24":3921.87988,"25":3928.54004},"high":{"0":3914.3999,"1":3916.3999,"2":3914.41992,"3":3915.45996,"4":3911.1001,"5":3909.12012,"6":3917.62988,"7":3916.88989,"8":3915.6499,"9":3915.3999,"10":3912.57007,"11":3914.26001,"12":3916.5,"13":3918.08008,"14":3924.36011,"15":3925.38989,"16":3929.5,"17":3930.66992,"18":3930.1001,"19":3930.48999,"20":3927.6001,"21":3928.6001,"22":3926.86011,"23":3928.34009,"24":3927.5,"25":3928.54004},"low":{"0":3903.70996,"1":3910.62012,"2":3910.8999,"3":3908.6001,"4":3906.8999,"5":3904.88989,"6":3904.1001,"7":3913.1001,"8":3912.1001,"9":3906.8999,"10":3907.53003,"11":3905.79004,"12":3908.29004,"13":3911.29004,"14":3915.13989,"15":3921.3999,"16":3924.37988,"17":3927.1001,"18":3925.70996,"19":3926.8999,"20":3923.8999,"21":3921.95996,"22":3920.40991,"23":3920.8999,"24":3917.79004,"25":3918.51001},"close":{"0":3906.87012,"1":3910.62012,"2":3913.3999,"3":3911.94995,"4":3911.1001,"5":3908.3999,"6":3904.1001,"7":3913.66992,"8":3914.8999,"9":3915.3999,"10":3911.11011,"11":3908.78003,"12":3913.01001,"13":3915.27002,"14":3916.6001,"15":3923.37012,"16":3924.8999,"17":3927.8999,"18":3929.93994,"19":3927.3999,"20":3927.04004,"21":3925.32007,"22":3923.3999,"23":3921.8999,"24":3927.1001,"25":3923.0},"volume":{"0":44245548,"1":0,"2":0,"3":0,"4":0,"5":0,"6":0,"7":0,"8":0,"9":0,"10":0,"11":0,"12":0,"13":0,"14":0,"15":0,"16":0,"17":0,"18":0,"19":0,"20":0,"21":0,"22":0,"23":0,"24":0,"25":0}}