{"datetime":{"0":1657835100000,"1":1657834200000,"2":1657833300000,"3":1657832400000,"4":1657831500000,"5":1657830600000,"6":1657829700000,"7":1657828800000,"8":1657827900000,"9":1657827000000,"10":1657826100000,"11":1657825200000,"12":1657824300000,"13":1657823400000,"14":1657822500000,"15":1657821600000,"16":1657820700000,"17":1657819800000,"18":1657818900000,"19":1657818000000,"20":1657817100000,"21":1657816200000,"22":1657815300000,"23":1657814400000,"24":1657813500000,"25":1657812600000},"open":{"0":3788.08008,"1":3795.79004,"2":3789.1499,"3":3789.20996,"4":3785.82007,"5":3788.11011,"6":3771.33008,"7":3767.52002,"8":3765.17993,"9":3762.68994,"10":3749.54004,"11":3750.6499,"12":3752.82007,"13":3753.46997,"14":3764.66992,"15":3767.77002,"16":3766.07007,"17":3753.08008,"18":3743.34009,"19":3734.03003,"20":3731.86011,"21":3730.59009,"22":3727.07007,"23":3735.15991,"24":3730.07007,"25":3763.98999},"high":{"0":3794.55005,"1":3796.40991,"2":3795.66992,"3":3791.8501,"4":3791.12988,"5":3794.52002,"6":3788.23999,"7":3774.18994,"8":3768.81006,"9":3766.13989,"10":3763.29004,"11":3750.75,"12":3753.78003,"13":3758.27002,"14":3767.3501,"15":3769.8999,"16":3769.54004,"17":3770.07007,"18":3755.23999,"19":3748.32007,"20":3741.0,"21":3736.31006,"22":3732.53003,"23":3735.15991,"24":3745.33008,"25":3763.98999},"low":{"0":3782.84009,"1":3784.92993,"2":3784.26001,"3":3782.42993,"4":3783.09009,"5":3784.96997,"6":3770.33008,"7":3766.70996,"8":3761.1499,"9":3755.84009,"10":3748.06006,"11":3744.01001,"12":3743.1001,"13":3750.79004,"14":3753.08008,"15":3760.91992,"16":3763.1499,"17":3746.08008,"18":3739.79004,"19":3734.03003,"20":3728.47998,"21":3725.30005,"22":3722.67993,"23":3721.56006,"24":3729.61011,"25":3728.75},"close":{"0":3790.22998,"1":3788.11011,"2":3795.66992,"3":3789.11011,"4":3789.20996,"5":3785.82007,"6":3788.1001,"7":3771.27002,"8":3767.58008,"9":3765.15991,"10":3762.86011,"11":3749.54004,"12":3750.62012,"13":3752.76001,"14":3753.34009,"15":3764.62012,"16":3767.70996,"17":3766.0,"18":3752.97998,"19":3743.47998,"20":3733.54004,"21":3732.05005,"22":3730.87988,"23":3727.04004,"24":3735.3999,"25":3730.3501},"volume":{"0":174627001,"1":82923945,"2":63717129,"3":55444695,"4":52001474,"5":58133756,"6":66704620,"7":48955348,"8":48604963,"9":47589355,"10":54033150,"11":38281229,"12":44138632,"13":43001338,"14":48339866,"15":45364657,"16":57571026,"17":65405151,"18":62734783,"19":68720788,"20":67331396,"21":74384744,"22":77098462,"23":105090122,"24":108838351,"25":127115265}}