{"datetime":{"0":1597355100000,"1":1597354200000,"2":1597353300000,"3":1597352400000,"4":1597351500000,"5":1597350600000,"6":1597349700000,"7":1597348800000,"8":1597347900000,"9":1597347000000,"10":1597346100000,"11":1597345200000,"12":1597344300000,"13":1597343400000,"14":1597342500000,"15":1597341600000,"16":1597340700000,"17":1597339800000,"18":1597338900000,"19":1597338000000,"20":1597337100000,"21":1597336200000,"22":1597335300000,"23":1597334400000,"24":1597333500000,"25":1597332600000},"open":{"0":3374.62012,"1":3376.1001,"2":3369.47998,"3":3366.96997,"4":3369.20996,"5":3373.46997,"6":3376.87988,"7":3380.73999,"8":3379.6001,"9":3380.63989,"10":3384.45996,"11":3386.0,"12":3384.93994,"13":3383.08008,"14":3384.57007,"15":3381.37988,"16":3380.68994,"17":3382.96997,"18":3385.16992,"19":3383.07007,"20":3381.67993,"21":3381.91992,"22":3380.62012,"23":3384.09009,"24":3379.94995,"25":3372.94995},"high":{"0":3374.77002,"1":3377.77002,"2":3376.57007,"3":3370.17993,"4":3375.21997,"5":3374.34009,"6":3378.11011,"7":3381.47998,"8":3383.3999,"9":3381.13989,"10":3384.56006,"11":3387.23999,"12":3386.05005,"13":3384.86011,"14":3384.88989,"15":3384.79004,"16":3382.76001,"17":3383.09009,"18":3385.73999,"19":3385.3501,"20":3383.6001,"21":3384.36011,"22":3382.94995,"23":3384.52002,"24":3384.19995,"25":3380.03003},"low":{"0":3370.46997,"1":3372.21997,"2":3368.71997,"3":3365.01001,"4":3363.3501,"5":3367.62988,"6":3367.40991,"7":3375.16992,"8":3379.30005,"9":3375.34009,"10":3379.32007,"11":3383.17993,"12":3383.93994,"13":3383.0,"14":3382.87988,"15":3381.37988,"16":3380.6001,"17":3379.71997,"18":3382.30005,"19":3382.51001,"20":3380.27002,"21":3381.07007,"22":3377.91992,"23":3380.15991,"24":3376.72998,"25":3369.70996},"close":{"0":3373.29004,"1":3374.54004,"2":3376.03003,"3":3369.47998,"4":3366.96997,"5":3369.1001,"6":3373.42993,"7":3376.8501,"8":3380.67993,"9":3379.58008,"10":3380.62012,"11":3384.41992,"12":3386.01001,"13":3384.81006,"14":3383.1001,"15":3384.55005,"16":3381.37012,"17":3380.68994,"18":3382.96997,"19":3385.11011,"20":3383.11011,"21":3381.75,"22":3382.15991,"23":3380.68994,"24":3384.19995,"25":3379.93994},"volume":{"0":210965689,"1":77404217,"2":57809781,"3":55972449,"4":63195864,"5":54840868,"6":52744729,"7":45177645,"8":41090390,"9":49901106,"10":44104968,"11":37102953,"12":34732084,"13":42047726,"14":42591182,"15":41484704,"16":45828998,"17":57559537,"18":53573743,"19":57955631,"20":59658367,"21":71293200,"22":79678750,"23":89707335,"24":108898042,"25":124667793}}