{"datetime":{"0":1604353500000,"1":1604352600000,"2":1604351700000,"3":1604350800000,"4":1604349900000,"5":1604349000000,"6":1604348100000,"7":1604347200000,"8":1604346300000,"9":1604345400000,"10":1604344500000,"11":1604343600000,"12":1604342700000,"13":1604341800000,"14":1604340900000,"15":1604340000000,"16":1604339100000,"17":1604338200000,"18":1604337300000,"19":1604336400000,"20":1604335500000,"21":1604334600000,"22":1604333700000,"23":1604332800000,"24":1604331900000,"25":1604331000000},"open":{"0":3293.47998,"1":3306.78003,"2":3302.5,"3":3301.15991,"4":3299.42993,"5":3297.5,"6":3285.97998,"7":3280.62988,"8":3290.84009,"9":3289.42993,"10":3290.70996,"11":3299.66992,"12":3299.62988,"13":3314.12988,"14":3310.72998,"15":3312.61011,"16":3317.02002,"17":3310.52002,"18":3310.56006,"19":3309.6001,"20":3310.36011,"21":3323.8999,"22":3320.96997,"23":3315.31006,"24":3298.3501,"25":3296.19995},"high":{"0":3310.20996,"1":3310.80005,"2":3310.19995,"3":3306.42993,"4":3304.1001,"5":3299.87012,"6":3297.46997,"7":3288.37988,"8":3291.13989,"9":3292.13989,"10":3290.98999,"11":3301.21997,"12":3300.57007,"13":3314.45996,"14":3314.30005,"15":3315.12012,"16":3317.61011,"17":3316.97998,"18":3311.59009,"19":3314.29004,"20":3314.44995,"21":3323.8999,"22":3330.13989,"23":3322.77002,"24":3317.38989,"25":3311.17993},"low":{"0":3293.12012,"1":3293.56006,"2":3302.5,"3":3300.22998,"4":3297.01001,"5":3294.42993,"6":3283.04004,"7":3279.78003,"8":3279.73999,"9":3286.37012,"10":3283.26001,"11":3290.20996,"12":3295.04004,"13":3299.6001,"14":3307.09009,"15":3308.23999,"16":3312.78003,"17":3306.38989,"18":3301.69995,"19":3306.96997,"20":3308.31006,"21":3309.61011,"22":3318.81006,"23":3315.31006,"24":3298.01001,"25":3296.19995},"close":{"0":3310.20996,"1":3293.56006,"2":3305.78003,"3":3302.43994,"4":3301.1499,"5":3299.42993,"6":3297.46997,"7":3286.1499,"8":3280.57007,"9":3290.83008,"10":3289.47998,"11":3290.66992,"12":3299.67993,"13":3299.6001,"14":3314.1499,"15":3310.76001,"16":3312.80005,"17":3316.97998,"18":3310.40991,"19":3310.59009,"20":3309.61011,"21":3310.25,"22":3323.8999,"23":3321.02002,"24":3315.25,"25":3298.33008},"volume":{"0":2262267759,"1":1949388150,"2":73870171,"3":1795273296,"4":1694478402,"5":63563714,"6":63739294,"7":1514779512,"8":55119087,"9":51909298,"10":66424957,"11":1277048082,"12":55672033,"13":57060276,"14":54892701,"15":1060685751,"16":58093398,"17":71688520,"18":92141904,"19":781946166,"20":75723736,"21":82971531,"22":95161787,"23":470833777,"24":111651382,"25":136789149}}