{"datetime":{"0":1641591900000,"1":1641591000000,"2":1641590100000,"3":1641589200000,"4":1641588300000,"5":1641587400000,"6":1641586500000,"7":1641585600000,"8":1641584700000,"9":1641583800000,"10":1641582900000,"11":1641582000000,"12":1641581100000,"13":1641580200000,"14":1641579300000,"15":1641578400000,"16":1641577500000,"17":1641576600000,"18":1641575700000,"19":1641574800000,"20":1641573900000,"21":1641573000000,"22":1641572100000,"23":1641571200000,"24":1641570300000,"25":1641569400000},"open":{"0":4684.27002,"1":4685.60986,"2":4687.72021,"3":4690.91992,"4":4688.37012,"5":4681.72021,"6":4685.27979,"7":4685.33008,"8":4688.1001,"9":4686.31982,"10":4690.89014,"11":4688.56006,"12":4684.79004,"13":4686.99023,"14":4692.33008,"15":4692.93018,"16":4681.8501,"17":4680.75,"18":4669.72021,"19":4671.62012,"20":4676.2002,"21":4686.47998,"22":4693.72021,"23":4703.12988,"24":4703.02002,"25":4697.66016},"high":{"0":4688.45996,"1":4690.50977,"2":4690.43018,"3":4695.72021,"4":4692.97998,"5":4689.97021,"6":4686.3501,"7":4687.04004,"8":4688.1001,"9":4690.89014,"10":4692.27979,"11":4691.41992,"12":4690.25977,"13":4686.99023,"14":4693.75977,"15":4694.0498,"16":4697.1001,"17":4684.1001,"18":4681.02979,"19":4674.25,"20":4676.29004,"21":4688.9502,"22":4693.72021,"23":4703.9502,"24":4707.9502,"25":4704.1001},"low":{"0":4675.99023,"1":4683.8999,"2":4683.0,"3":4687.31006,"4":4687.47021,"5":4680.14014,"6":4677.37988,"7":4682.87012,"8":4682.25977,"9":4685.58984,"10":4685.7002,"11":4684.77979,"12":4683.54004,"13":4681.27979,"14":4684.33008,"15":4688.02002,"16":4681.12988,"17":4677.39014,"18":4663.0,"19":4666.3999,"20":4663.1499,"21":4675.24023,"22":4684.24023,"23":4689.93018,"24":4699.81006,"25":4684.2002},"close":{"0":4676.50977,"1":4684.27979,"2":4685.35986,"3":4687.66992,"4":4690.93994,"5":4688.16016,"6":4681.81006,"7":4685.22021,"8":4685.2002,"9":4688.08008,"10":4686.27979,"11":4690.93994,"12":4688.56982,"13":4684.75,"14":4686.95996,"15":4692.27979,"16":4692.93018,"17":4682.02002,"18":4680.93994,"19":4669.45996,"20":4670.37012,"21":4676.10986,"22":4686.66992,"23":4693.77002,"24":4703.29004,"25":4703.43018},"volume":{"0":177036350,"1":93392306,"2":66148603,"3":57374428,"4":55897784,"5":52961830,"6":56754194,"7":51187825,"8":44504361,"9":49181363,"10":48293082,"11":57092343,"12":1181611266,"13":53096168,"14":54806775,"15":61240676,"16":963566443,"17":69766115,"18":76484260,"19":747347668,"20":691937773,"21":88652850,"22":95935465,"23":94460406,"24":107353542,"25":132539391}}