{"datetime":{"0":1636494300000,"1":1636493400000,"2":1636492500000,"3":1636491600000,"4":1636490700000,"5":1636489800000,"6":1636488900000,"7":1636488000000,"8":1636487100000,"9":1636486200000,"10":1636485300000,"11":1636484400000,"12":1636483500000,"13":1636482600000,"14":1636481700000,"15":1636480800000,"16":1636479900000,"17":1636479000000,"18":1636478100000,"19":1636477200000,"20":1636476300000,"21":1636475400000,"22":1636474500000,"23":1636473600000,"24":1636472700000,"25":1636471800000},"open":{"0":4684.08984,"1":4679.58984,"2":4679.0498,"3":4683.16016,"4":4681.1001,"5":4678.56982,"6":4675.06982,"7":4673.37012,"8":4675.18994,"9":4677.31006,"10":4679.7002,"11":4678.45996,"12":4679.81006,"13":4675.77002,"14":4678.6001,"15":4677.12988,"16":4686.5,"17":4678.6499,"18":4678.81982,"19":4684.14014,"20":4691.31982,"21":4683.5,"22":4683.5,"23":4680.58008,"24":4701.04004,"25":4707.25},"high":{"0":4686.50977,"1":4684.5498,"2":4681.85986,"3":4683.27979,"4":4683.25,"5":4682.27979,"6":4682.22021,"7":4676.62012,"8":4676.7002,"9":4679.93994,"10":4682.6001,"11":4682.56982,"12":4683.0498,"13":4680.00977,"14":4680.20996,"15":4679.12012,"16":4686.5,"17":4686.58008,"18":4684.16992,"19":4687.75,"20":4691.31982,"21":4691.27979,"22":4687.3501,"23":4685.08008,"24":4702.54004,"25":4708.52979},"low":{"0":4680.81006,"1":4677.20996,"2":4677.91992,"3":4678.91992,"4":4678.27979,"5":4677.45996,"6":4675.06982,"7":4672.02979,"8":4671.2998,"9":4674.85986,"10":4676.10986,"11":4678.1001,"12":4678.22021,"13":4674.81982,"14":4674.22021,"15":4670.87012,"16":4676.22998,"17":4678.56982,"18":4677.93994,"19":4674.99023,"20":4683.22998,"21":4683.1499,"22":4677.6499,"23":4673.56982,"24":4676.77979,"25":4701.14014},"close":{"0":4685.4502,"1":4684.00977,"2":4679.50977,"3":4679.1001,"4":4683.18994,"5":4681.10986,"6":4678.6499,"7":4675.08008,"8":4673.6499,"9":4675.29004,"10":4677.25977,"11":4679.66992,"12":4678.35986,"13":4679.77002,"14":4675.93018,"15":4678.47021,"16":4677.18994,"17":4686.58008,"18":4678.70996,"19":4678.83984,"20":4684.16016,"21":4691.27979,"22":4683.37988,"23":4683.62012,"24":4680.22998,"25":4701.14014},"volume":{"0":188968985,"1":83755999,"2":56970254,"3":52533250,"4":46961190,"5":47502734,"6":52124524,"7":47356996,"8":43511800,"9":43522009,"10":43650805,"11":42125914,"12":43564879,"13":51137296,"14":48714331,"15":53995484,"16":56221801,"17":52994227,"18":51121585,"19":57532630,"20":58534404,"21":67073614,"22":83770632,"23":111380636,"24":132831207,"25":164863426}}