{"datetime":{"0":1602020700000,"1":1602019800000,"2":1602018900000,"3":1602018000000,"4":1602017100000,"5":1602016200000,"6":1602015300000,"7":1602014400000,"8":1602013500000,"9":1602012600000,"10":1602011700000,"11":1602010800000,"12":1602009900000,"13":1602009000000,"14":1602008100000,"15":1602007200000,"16":1602006300000,"17":1602005400000,"18":1602004500000,"19":1602003600000,"20":1602002700000,"21":1602001800000,"22":1602000900000,"23":1602000000000,"24":1601999100000,"25":1601998200000},"open":{"0":3367.68994,"1":3371.38989,"2":3371.28003,"3":3380.33008,"4":3429.66992,"5":3421.13989,"6":3419.13989,"7":3414.78003,"8":3416.12012,"9":3415.33008,"10":3416.90991,"11":3413.16992,"12":3407.51001,"13":3405.82007,"14":3405.90991,"15":3399.55005,"16":3407.5,"17":3404.04004,"18":3407.11011,"19":3409.77002,"20":3405.16992,"21":3413.84009,"22":3412.12988,"23":3404.58008,"24":3408.06006,"25":3408.73999},"high":{"0":3368.55005,"1":3381.16992,"2":3373.8501,"3":3380.33008,"4":3431.56006,"5":3429.87988,"6":3422.73999,"7":3419.22998,"8":3416.56006,"9":3418.5,"10":3419.61011,"11":3417.41992,"12":3413.62012,"13":3408.03003,"14":3407.29004,"15":3405.95996,"16":3407.51001,"17":3408.06006,"18":3407.51001,"19":3411.76001,"20":3413.02002,"21":3415.54004,"22":3415.58008,"23":3412.5,"24":3408.3501,"25":3413.45996},"low":{"0":3354.54004,"1":3366.3999,"2":3361.8501,"3":3356.22998,"4":3368.34009,"5":3421.13989,"6":3418.47998,"7":3413.8999,"8":3412.94995,"9":3414.96997,"10":3415.3501,"11":3412.21997,"12":3407.51001,"13":3404.26001,"14":3403.71997,"15":3399.34009,"16":3397.07007,"17":3401.32007,"18":3400.3999,"19":3406.1001,"20":3404.81006,"21":3402.0,"22":3411.26001,"23":3404.04004,"24":3401.3999,"25":3403.73999},"close":{"0":3360.62988,"1":3367.72998,"2":3371.36011,"3":3371.54004,"4":3380.13989,"5":3429.67993,"6":3421.07007,"7":3419.1499,"8":3414.79004,"9":3416.09009,"10":3415.3501,"11":3416.94995,"12":3413.16992,"13":3407.55005,"14":3405.77002,"15":3405.87012,"16":3399.51001,"17":3407.48999,"18":3404.18994,"19":3407.11011,"20":3409.83008,"21":3405.1499,"22":3413.25,"23":3412.29004,"24":3404.30005,"25":3408.13989},"volume":{"0":264749043,"1":117380028,"2":115668144,"3":155446166,"4":201913116,"5":69580337,"6":64099972,"7":68813116,"8":45193396,"9":47546779,"10":42512132,"11":48144830,"12":45091471,"13":41088372,"14":44968221,"15":55876397,"16":55745373,"17":58254621,"18":79431893,"19":62696382,"20":63007629,"21":87989739,"22":68807867,"23":81891329,"24":105224757,"25":124471081}}