{"datetime":{"0":1611351900000,"1":1611351000000,"2":1611350100000,"3":1611349200000,"4":1611348300000,"5":1611347400000,"6":1611346500000,"7":1611345600000,"8":1611344700000,"9":1611343800000,"10":1611342900000,"11":1611342000000,"12":1611341100000,"13":1611340200000,"14":1611339300000,"15":1611338400000,"16":1611337500000,"17":1611336600000,"18":1611335700000,"19":1611334800000,"20":1611333900000,"21":1611333000000,"22":1611332100000,"23":1611331200000,"24":1611330300000,"25":1611329400000},"open":{"0":3852.16992,"1":3850.75,"2":3845.95996,"3":3849.23999,"4":3846.13989,"5":3844.95996,"6":3843.81006,"7":3844.12012,"8":3848.13989,"9":3846.1001,"10":3843.75,"11":3846.69995,"12":3847.19995,"13":3849.12012,"14":3846.83008,"15":3847.98999,"16":3843.51001,"17":3839.16992,"18":3840.44995,"19":3839.15991,"20":3834.90991,"21":3833.87988,"22":3841.37012,"23":3841.19995,"24":3836.57007,"25":3844.23999},"high":{"0":3852.16992,"1":3852.31006,"2":3850.82007,"3":3849.79004,"4":3849.62988,"5":3846.91992,"6":3846.62988,"7":3845.52002,"8":3848.25,"9":3849.05005,"10":3847.45996,"11":3847.15991,"12":3848.90991,"13":3849.55005,"14":3849.87988,"15":3850.15991,"16":3848.37988,"17":3844.07007,"18":3841.65991,"19":3842.40991,"20":3839.31006,"21":3836.8501,"22":3842.57007,"23":3845.33008,"24":3842.82007,"25":3844.23999},"low":{"0":3841.1499,"1":3848.75,"2":3845.80005,"3":3843.92993,"4":3845.44995,"5":3844.5,"6":3843.62012,"7":3842.53003,"8":3844.07007,"9":3845.30005,"10":3843.52002,"11":3841.65991,"12":3846.1001,"13":3846.23999,"14":3846.83008,"15":3845.12012,"16":3843.34009,"17":3838.17993,"18":3838.69995,"19":3837.98999,"20":3832.21997,"21":3830.40991,"22":3831.8999,"23":3840.27002,"24":3836.07007,"25":3833.23999},"close":{"0":3841.1499,"1":3852.16992,"2":3850.75,"3":3845.8999,"4":3849.22998,"5":3846.07007,"6":3845.09009,"7":3843.82007,"8":3844.08008,"9":3848.1499,"10":3846.12012,"11":3843.70996,"12":3846.68994,"13":3847.20996,"14":3849.32007,"15":3846.84009,"16":3847.96997,"17":3843.52002,"18":3839.18994,"19":3840.37988,"20":3839.15991,"21":3834.91992,"22":3834.0,"23":3841.3501,"24":3841.06006,"25":3836.53003},"volume":{"0":219986182,"1":91459521,"2":71507048,"3":64753967,"4":52497597,"5":48222051,"6":45967743,"7":47085808,"8":44708213,"9":46078672,"10":43275321,"11":46276424,"12":1145577060,"13":50075586,"14":51712526,"15":53222546,"16":52289285,"17":57499721,"18":56569139,"19":63051006,"20":74196094,"21":87396839,"22":90049770,"23":98997541,"24":116651702,"25":146255979}}