{"datetime":{"0":1611179100000,"1":1611178200000,"2":1611177300000,"3":1611176400000,"4":1611175500000,"5":1611174600000,"6":1611173700000,"7":1611172800000,"8":1611171900000,"9":1611171000000,"10":1611170100000,"11":1611169200000,"12":1611168300000,"13":1611167400000,"14":1611166500000,"15":1611165600000,"16":1611164700000,"17":1611163800000,"18":1611162900000,"19":1611162000000,"20":1611161100000,"21":1611160200000,"22":1611159300000,"23":1611158400000,"24":1611157500000,"25":1611156600000},"open":{"0":3857.66992,"1":3855.30005,"2":3852.30005,"3":3854.01001,"4":3856.0,"5":3851.80005,"6":3848.71997,"7":3850.37012,"8":3850.3501,"9":3852.80005,"10":3852.31006,"11":3849.16992,"12":3848.62988,"13":3846.3999,"14":3843.07007,"15":3841.93994,"16":3840.97998,"17":3838.58008,"18":3837.52002,"19":3840.31006,"20":3840.90991,"21":3836.34009,"22":3836.22998,"23":3825.65991,"24":3825.0,"25":3816.21997},"high":{"0":3860.30005,"1":3860.0,"2":3856.0,"3":3856.0,"4":3856.5,"5":3856.0,"6":3852.30005,"7":3851.80005,"8":3852.0,"9":3855.0,"10":3854.30005,"11":3852.80005,"12":3850.0,"13":3849.0,"14":3846.3999,"15":3845.5,"16":3843.25,"17":3841.70996,"18":3841.29004,"19":3840.31006,"20":3842.94995,"21":3842.71997,"22":3840.81006,"23":3837.34009,"24":3827.96997,"25":3826.57007},"low":{"0":3850.38989,"1":3855.18994,"2":3852.29004,"3":3850.5,"4":3853.75,"5":3851.5,"6":3847.34009,"7":3846.23999,"8":3848.38989,"9":3849.84009,"10":3850.23999,"11":3849.16992,"12":3847.54004,"13":3846.1499,"14":3842.82007,"15":3841.93994,"16":3839.5,"17":3837.83008,"18":3837.1001,"19":3834.44995,"20":3839.56006,"21":3835.96997,"22":3836.1499,"23":3825.65991,"24":3823.12012,"25":3816.21997},"close":{"0":3850.38989,"1":3858.41992,"2":3855.28003,"3":3852.0,"4":3853.76001,"5":3855.75,"6":3851.96997,"7":3848.46997,"8":3850.62012,"9":3849.8501,"10":3852.5,"11":3852.5,"12":3848.66992,"13":3848.62988,"14":3846.1499,"15":3842.82007,"16":3841.80005,"17":3840.95996,"18":3838.56006,"19":3837.53003,"20":3840.32007,"21":3840.81006,"22":3836.38989,"23":3836.22998,"24":3824.97998,"25":3825.01001},"volume":{"0":0,"1":0,"2":0,"3":0,"4":0,"5":0,"6":0,"7":0,"8":0,"9":0,"10":0,"11":0,"12":0,"13":0,"14":0,"15":0,"16":926456646,"17":56209638,"18":61750210,"19":73237002,"20":690044819,"21":81065343,"22":91829984,"23":103898025,"24":115453783,"25":144826163}}