{"datetime":{"0":1598910300000,"1":1598909400000,"2":1598908500000,"3":1598907600000,"4":1598906700000,"5":1598905800000,"6":1598904900000,"7":1598904000000,"8":1598903100000,"9":1598902200000,"10":1598901300000,"11":1598900400000,"12":1598899500000,"13":1598898600000,"14":1598897700000,"15":1598896800000,"16":1598895900000,"17":1598895000000,"18":1598894100000,"19":1598893200000,"20":1598892300000,"21":1598891400000,"22":1598890500000,"23":1598889600000,"24":1598888700000,"25":1598887800000},"open":{"0":3508.58008,"1":3506.67993,"2":3507.63989,"3":3510.02002,"4":3508.62988,"5":3505.93994,"6":3508.21997,"7":3508.29004,"8":3509.33008,"9":3507.93994,"10":3507.78003,"11":3506.97998,"12":3503.45996,"13":3505.88989,"14":3505.62988,"15":3503.45996,"16":3503.18994,"17":3496.95996,"18":3506.36011,"19":3508.27002,"20":3504.55005,"21":3503.67993,"22":3504.19995,"23":3502.21997,"24":3507.11011,"25":3509.72998},"high":{"0":3514.77002,"1":3509.22998,"2":3507.84009,"3":3510.37012,"4":3510.81006,"5":3508.77002,"6":3509.18994,"7":3509.0,"8":3510.70996,"9":3509.65991,"10":3509.20996,"11":3507.82007,"12":3507.16992,"13":3506.17993,"14":3508.71997,"15":3507.36011,"16":3505.80005,"17":3503.53003,"18":3507.95996,"19":3510.0,"20":3508.43994,"21":3509.18994,"22":3507.27002,"23":3505.75,"24":3507.79004,"25":3509.72998},"low":{"0":3500.32007,"1":3505.31006,"2":3500.93994,"3":3506.05005,"4":3508.17993,"5":3504.26001,"6":3505.78003,"7":3505.90991,"8":3507.67993,"9":3507.41992,"10":3507.51001,"11":3505.66992,"12":3503.45996,"13":3503.27002,"14":3503.95996,"15":3502.15991,"16":3503.18994,"17":3493.88989,"18":3493.25,"19":3506.02002,"20":3503.73999,"21":3503.32007,"22":3501.88989,"23":3500.8999,"24":3500.78003,"25":3501.19995},"close":{"0":3500.32007,"1":3508.38989,"2":3506.65991,"3":3507.67993,"4":3510.04004,"5":3508.65991,"6":3505.8999,"7":3508.22998,"8":3508.28003,"9":3509.27002,"10":3508.0,"11":3507.67993,"12":3506.95996,"13":3503.47998,"14":3505.86011,"15":3505.67993,"16":3503.43994,"17":3503.26001,"18":3497.0,"19":3506.43994,"20":3508.22998,"21":3504.46997,"22":3503.67993,"23":3504.19995,"24":3502.41992,"25":3507.0},"volume":{"0":287263041,"1":91518761,"2":71186873,"3":59040078,"4":53245840,"5":52270011,"6":51913165,"7":47161598,"8":50366907,"9":49820217,"10":55423003,"11":56163185,"12":45941698,"13":58734284,"14":55406924,"15":58681235,"16":55834458,"17":64485010,"18":82015871,"19":73578716,"20":79923464,"21":72827824,"22":80389754,"23":79906177,"24":105640433,"25":137508341}}