{"datetime":{"0":1635284700000,"1":1635283800000,"2":1635282900000,"3":1635282000000,"4":1635281100000,"5":1635280200000,"6":1635279300000,"7":1635278400000,"8":1635277500000,"9":1635276600000,"10":1635275700000,"11":1635274800000,"12":1635273900000,"13":1635273000000,"14":1635272100000,"15":1635271200000,"16":1635270300000,"17":1635269400000,"18":1635268500000,"19":1635267600000,"20":1635266700000,"21":1635265800000,"22":1635264900000,"23":1635264000000,"24":1635263100000,"25":1635262200000},"open":{"0":4585.0498,"1":4580.93018,"2":4584.22021,"3":4583.93018,"4":4579.1499,"5":4581.39014,"6":4582.06982,"7":4579.66992,"8":4577.91016,"9":4576.16016,"10":4576.47021,"11":4575.72998,"12":4574.58984,"13":4580.2998,"14":4583.2002,"15":4585.24023,"16":4592.68994,"17":4596.06006,"18":4594.0,"19":4594.99023,"20":4592.31982,"21":4595.64014,"22":4593.56006,"23":4587.08008,"24":4589.2002,"25":4578.68994},"high":{"0":4587.56982,"1":4585.10986,"2":4586.12012,"3":4586.31982,"4":4583.93994,"5":4584.72998,"6":4584.33984,"7":4582.41016,"8":4580.52979,"9":4583.00977,"10":4577.49023,"11":4578.70996,"12":4576.02979,"13":4581.77979,"14":4584.37988,"15":4585.75977,"16":4592.81982,"17":4596.75,"18":4596.93994,"19":4596.52002,"20":4597.47998,"21":4596.60986,"22":4598.52979,"23":4594.06006,"24":4590.8501,"25":4591.52979},"low":{"0":4573.62988,"1":4580.93018,"2":4580.81006,"3":4582.33008,"4":4579.1499,"5":4579.18994,"6":4580.93018,"7":4579.45996,"8":4576.8999,"9":4575.47021,"10":4572.06982,"11":4573.95996,"12":4569.16992,"13":4573.06006,"14":4580.27979,"15":4578.50977,"16":4584.87988,"17":4586.56006,"18":4593.93018,"19":4592.43994,"20":4591.85986,"21":4592.12988,"22":4593.54004,"23":4585.83008,"24":4586.3999,"25":4578.68994},"close":{"0":4574.47021,"1":4585.00977,"2":4580.97021,"3":4584.2002,"4":4583.93018,"5":4579.22998,"6":4581.25,"7":4582.04004,"8":4579.68018,"9":4577.89014,"10":4576.18018,"11":4576.37988,"12":4575.72021,"13":4574.54004,"14":4580.29004,"15":4583.22998,"16":4585.22021,"17":4592.62012,"18":4596.0498,"19":4593.91016,"20":4594.97021,"21":4592.33008,"22":4595.64014,"23":4593.66016,"24":4587.14014,"25":4589.27002},"volume":{"0":147470309,"1":75134590,"2":56198971,"3":50341644,"4":42187715,"5":43950967,"6":44158838,"7":40974329,"8":39524303,"9":44521744,"10":42957529,"11":46296212,"12":62392226,"13":58799482,"14":43438852,"15":56796083,"16":52140879,"17":59398482,"18":52045215,"19":69539141,"20":65015162,"21":68042867,"22":77163072,"23":85467404,"24":96538138,"25":155449804}}