{"datetime":{"0":1636667100000,"1":1636666200000,"2":1636665300000,"3":1636664400000,"4":1636663500000,"5":1636662600000,"6":1636661700000,"7":1636660800000,"8":1636659900000,"9":1636659000000,"10":1636658100000,"11":1636657200000,"12":1636656300000,"13":1636655400000,"14":1636654500000,"15":1636653600000,"16":1636652700000,"17":1636651800000,"18":1636650900000,"19":1636650000000,"20":1636649100000,"21":1636648200000,"22":1636647300000,"23":1636646400000,"24":1636645500000,"25":1636644600000},"open":{"0":4652.58008,"1":4653.41016,"2":4650.12012,"3":4653.25977,"4":4656.64014,"5":4655.0498,"6":4656.91992,"7":4654.7998,"8":4654.12988,"9":4653.66992,"10":4652.14014,"11":4655.2002,"12":4656.68018,"13":4652.93994,"14":4653.0498,"15":4657.31982,"16":4659.29004,"17":4655.1499,"18":4654.62012,"19":4655.91016,"20":4657.06982,"21":4653.47998,"22":4657.12012,"23":4661.3501,"24":4657.47998,"25":4659.39014},"high":{"0":4654.64014,"1":4653.5498,"2":4654.43994,"3":4654.25977,"4":4656.70996,"5":4658.75,"6":4657.22021,"7":4658.18994,"8":4655.7998,"9":4654.39014,"10":4654.37012,"11":4655.2002,"12":4656.70996,"13":4657.3999,"14":4653.12988,"15":4658.66016,"16":4659.72998,"17":4661.43994,"18":4657.68994,"19":4658.0,"20":4658.91992,"21":4657.62012,"22":4657.58984,"23":4661.89014,"24":4661.91992,"25":4664.5498},"low":{"0":4648.31006,"1":4650.3501,"2":4650.02979,"3":4649.31006,"4":4652.64014,"5":4655.04004,"6":4654.75,"7":4654.50977,"8":4654.12012,"9":4652.66016,"10":4650.70996,"11":4649.91016,"12":4655.0,"13":4652.27002,"14":4649.37012,"15":4652.8501,"16":4657.27002,"17":4654.64014,"18":4654.02002,"19":4653.20996,"20":4655.49023,"21":4650.2002,"22":4653.33008,"23":4654.62988,"24":4656.75977,"25":4653.66992},"close":{"0":4649.16016,"1":4652.56006,"2":4653.31982,"3":4650.06982,"4":4653.37988,"5":4656.62988,"6":4655.02979,"7":4656.91992,"8":4654.75977,"9":4654.06982,"10":4653.68018,"11":4652.14014,"12":4655.20996,"13":4656.72021,"14":4653.0498,"15":4653.10986,"16":4657.37012,"17":4659.2998,"18":4655.1499,"19":4654.6499,"20":4655.97021,"21":4657.20996,"22":4653.41992,"23":4657.0498,"24":4661.20996,"25":4657.45996},"volume":{"0":185103660,"1":73533290,"2":50985580,"3":49846282,"4":42688683,"5":46894585,"6":39920839,"7":1058627678,"8":38924992,"9":37610927,"10":38936891,"11":40076608,"12":41609402,"13":41764791,"14":44302946,"15":44061091,"16":42464676,"17":47502263,"18":49472371,"19":57030816,"20":56319772,"21":64734118,"22":62860140,"23":71856651,"24":84401992,"25":101140635}}