{"datetime":{"0":1670967900000,"1":1670967000000,"2":1670966100000,"3":1670965200000,"4":1670964300000,"5":1670963400000,"6":1670962500000,"7":1670961600000,"8":1670960700000,"9":1670959800000,"10":1670958900000,"11":1670958000000,"12":1670957100000,"13":1670956200000,"14":1670955300000,"15":1670954400000,"16":1670953500000,"17":1670952600000,"18":1670951700000,"19":1670950800000,"20":1670949900000,"21":1670949000000,"22":1670948100000,"23":1670947200000,"24":1670946300000,"25":1670945400000},"open":{"0":4021.88989,"1":4018.17993,"2":4004.42993,"3":4017.1001,"4":4032.09009,"5":4018.0,"6":4015.46997,"7":4017.53003,"8":4021.28003,"9":4019.44995,"10":4008.12988,"11":4001.1001,"12":4006.18994,"13":4003.73999,"14":4017.20996,"15":4027.5,"16":4048.20996,"17":4047.3501,"18":4055.76001,"19":4047.77002,"20":4049.26001,"21":4055.22998,"22":4078.3501,"23":4094.26001,"24":4090.55005,"25":4069.37988},"high":{"0":4031.22998,"1":4027.92993,"2":4018.79004,"3":4017.1001,"4":4032.63989,"5":4032.68994,"6":4018.13989,"7":4021.38989,"8":4021.83008,"9":4024.38989,"10":4021.20996,"11":4008.3501,"12":4008.78003,"13":4008.79004,"14":4017.20996,"15":4032.87988,"16":4048.37988,"17":4059.11011,"18":4055.91992,"19":4055.71997,"20":4055.73999,"21":4061.88989,"22":4078.86011,"23":4096.08984,"24":4100.95996,"25":4096.25},"low":{"0":4018.23999,"1":4014.80005,"2":4003.45996,"3":4000.88989,"4":4013.33008,"5":4014.5,"6":4010.96997,"7":4011.67993,"8":4008.18994,"9":4015.0,"10":4007.53003,"11":3999.45996,"12":3993.03003,"13":3995.68994,"14":4000.86011,"15":4014.04004,"16":4019.78003,"17":4046.91992,"18":4040.86011,"19":4041.77002,"20":4040.21997,"21":4038.95996,"22":4050.1499,"23":4070.81006,"24":4087.0,"25":4069.37988},"close":{"0":4019.51001,"1":4022.03003,"2":4018.17993,"3":4004.40991,"4":4017.12988,"5":4031.8999,"6":4018.03003,"7":4015.45996,"8":4017.52002,"9":4021.28003,"10":4019.44995,"11":4008.1499,"12":4001.12012,"13":4006.13989,"14":4003.84009,"15":4017.33008,"16":4027.41992,"17":4048.18994,"18":4047.22998,"19":4055.71997,"20":4045.6001,"21":4049.18994,"22":4054.95996,"23":4078.31006,"24":4094.11011,"25":4090.57007},"volume":{"0":277848568,"1":109730585,"2":79372546,"3":70131351,"4":64997838,"5":57441866,"6":51966323,"7":58254200,"8":56069610,"9":59857590,"10":61427398,"11":62662725,"12":68180852,"13":69358959,"14":72355810,"15":70434732,"16":86257811,"17":71720829,"18":78565233,"19":83785134,"20":88182786,"21":104868267,"22":129307820,"23":138229347,"24":144620408,"25":171530859}}