{"datetime":{"0":1666302300000,"1":1666301400000,"2":1666300500000,"3":1666299600000,"4":1666298700000,"5":1666297800000,"6":1666296900000,"7":1666296000000,"8":1666295100000,"9":1666294200000,"10":1666293300000,"11":1666292400000,"12":1666291500000,"13":1666290600000,"14":1666289700000,"15":1666288800000,"16":1666287900000,"17":1666287000000,"18":1666286100000,"19":1666285200000,"20":1666284300000,"21":1666283400000,"22":1666282500000,"23":1666281600000,"24":1666280700000,"25":1666279800000},"open":{"0":3665.97998,"1":3663.1499,"2":3672.3999,"3":3666.66992,"4":3657.57007,"5":3657.86011,"6":3660.11011,"7":3670.8501,"8":3676.76001,"9":3681.58008,"10":3679.44995,"11":3688.8999,"12":3687.84009,"13":3691.76001,"14":3697.3999,"15":3712.75,"16":3721.12988,"17":3713.16992,"18":3727.61011,"19":3729.47998,"20":3720.84009,"21":3731.53003,"22":3721.21997,"23":3700.8501,"24":3692.56006,"25":3689.05005},"high":{"0":3675.18994,"1":3666.29004,"2":3672.3999,"3":3675.87988,"4":3671.58008,"5":3666.25,"6":3663.34009,"7":3671.67993,"8":3677.15991,"9":3681.82007,"10":3683.28003,"11":3689.84009,"12":3688.92993,"13":3694.6001,"14":3702.43994,"15":3713.0,"16":3722.77002,"17":3724.29004,"18":3727.80005,"19":3731.28003,"20":3729.59009,"21":3734.16992,"22":3735.38989,"23":3727.57007,"24":3708.09009,"25":3695.57007},"low":{"0":3662.05005,"1":3656.43994,"2":3659.6001,"3":3666.32007,"4":3656.71997,"5":3656.68994,"6":3656.98999,"7":3659.33008,"8":3664.6001,"9":3673.59009,"10":3675.67993,"11":3674.20996,"12":3682.02002,"13":3687.04004,"14":3689.07007,"15":3695.13989,"16":3712.57007,"17":3712.88989,"18":3709.71997,"19":3723.62988,"20":3720.37988,"21":3717.55005,"22":3721.21997,"23":3700.28003,"24":3691.97998,"25":3680.59009},"close":{"0":3665.22998,"1":3666.02002,"2":3663.34009,"3":3672.42993,"4":3666.65991,"5":3657.61011,"6":3658.05005,"7":3660.04004,"8":3670.84009,"9":3676.79004,"10":3681.69995,"11":3679.45996,"12":3688.92993,"13":3687.61011,"14":3691.81006,"15":3697.44995,"16":3712.77002,"17":3721.01001,"18":3713.23999,"19":3727.86011,"20":3729.48999,"21":3720.87988,"22":3731.51001,"23":3721.09009,"24":3700.8999,"25":3692.52002},"volume":{"0":237983628,"1":102318802,"2":85550680,"3":71500619,"4":62796467,"5":62242021,"6":61020084,"7":56505291,"8":64711610,"9":57337146,"10":62632934,"11":68800705,"12":1352403296,"13":59124114,"14":70914270,"15":1144699345,"16":68319390,"17":68223736,"18":79509001,"19":861507270,"20":785599564,"21":88944028,"22":100628084,"23":126944114,"24":164180004,"25":151889898}}