{"datetime":{"0":1658267100000,"1":1658266200000,"2":1658265300000,"3":1658264400000,"4":1658263500000,"5":1658262600000,"6":1658261700000,"7":1658260800000,"8":1658259900000,"9":1658259000000,"10":1658258100000,"11":1658257200000,"12":1658256300000,"13":1658255400000,"14":1658254500000,"15":1658253600000,"16":1658252700000,"17":1658251800000,"18":1658250900000,"19":1658250000000,"20":1658249100000,"21":1658248200000,"22":1658247300000,"23":1658246400000,"24":1658245500000,"25":1658244600000},"open":{"0":3938.27002,"1":3931.04004,"2":3930.44995,"3":3928.73999,"4":3928.16992,"5":3925.73999,"6":3931.04004,"7":3927.36011,"8":3923.8999,"9":3912.48999,"10":3913.21997,"11":3916.61011,"12":3913.83008,"13":3909.15991,"14":3904.12988,"15":3908.48999,"16":3903.44995,"17":3904.79004,"18":3905.67993,"19":3899.1499,"20":3892.17993,"21":3891.8501,"22":3881.81006,"23":3880.03003,"24":3870.17993,"25":3860.72998},"high":{"0":3939.81006,"1":3938.28003,"2":3932.63989,"3":3932.93994,"4":3929.36011,"5":3929.61011,"6":3932.63989,"7":3934.82007,"8":3927.58008,"9":3923.93994,"10":3914.6499,"11":3916.78003,"12":3916.62988,"13":3914.6001,"14":3909.55005,"15":3908.63989,"16":3908.51001,"17":3910.53003,"18":3906.58008,"19":3906.8999,"20":3901.01001,"21":3894.0,"22":3893.18994,"23":3886.1001,"24":3879.91992,"25":3875.5},"low":{"0":3931.87012,"1":3926.87012,"2":3928.12012,"3":3925.48999,"4":3922.52002,"5":3925.73999,"6":3925.26001,"7":3927.16992,"8":3922.69995,"9":3912.48999,"10":3909.63989,"11":3912.88989,"12":3912.6001,"13":3908.95996,"14":3902.1499,"15":3899.91992,"16":3901.34009,"17":3902.04004,"18":3898.92993,"19":3899.1499,"20":3892.17993,"21":3888.79004,"22":3876.95996,"23":3874.25,"24":3865.51001,"25":3860.72998},"close":{"0":3934.57007,"1":3938.28003,"2":3931.05005,"3":3930.46997,"4":3928.59009,"5":3928.17993,"6":3925.73999,"7":3931.0,"8":3927.31006,"9":3923.86011,"10":3912.51001,"11":3913.11011,"12":3916.62988,"13":3913.83008,"14":3909.16992,"15":3904.11011,"16":3908.51001,"17":3903.43994,"18":3904.65991,"19":3905.79004,"20":3899.08008,"21":3892.17993,"22":3891.87012,"23":3881.75,"24":3879.88989,"25":3870.02002},"volume":{"0":257560799,"1":103976664,"2":74011937,"3":66154461,"4":59112968,"5":58699448,"6":64283034,"7":61851235,"8":57218457,"9":59769742,"10":53856190,"11":48917429,"12":49668050,"13":61125432,"14":48751221,"15":50277739,"16":49874883,"17":60271183,"18":67726927,"19":64737754,"20":68130725,"21":71218322,"22":79032815,"23":93279731,"24":106427080,"25":124683925}}