{"datetime":{"0":1688593500000,"1":1688592600000,"2":1688591700000,"3":1688590800000,"4":1688589900000,"5":1688589000000,"6":1688588100000,"7":1688587200000,"8":1688586300000,"9":1688585400000,"10":1688584500000,"11":1688583600000,"12":1688582700000,"13":1688581800000,"14":1688580900000,"15":1688580000000,"16":1688579100000,"17":1688578200000,"18":1688577300000,"19":1688576400000,"20":1688575500000,"21":1688574600000,"22":1688573700000,"23":1688572800000,"24":1688571900000,"25":1688571000000},"open":{"0":4449.58008,"1":4452.3501,"2":4451.91992,"3":4450.27002,"4":4447.97998,"5":4442.49023,"6":4447.49023,"7":4448.02979,"8":4447.0498,"9":4446.93994,"10":4446.56006,"11":4446.99023,"12":4444.33008,"13":4447.72998,"14":4447.24023,"15":4448.06982,"16":4452.50977,"17":4450.81982,"18":4452.72021,"19":4453.54004,"20":4450.6499,"21":4449.91992,"22":4448.20996,"23":4447.99023,"24":4446.79004,"25":4442.04004},"high":{"0":4451.08984,"1":4452.81982,"2":4452.52002,"3":4452.25977,"4":4450.3999,"5":4448.2998,"6":4447.49023,"7":4450.8999,"8":4448.6499,"9":4447.50977,"10":4448.77979,"11":4448.14014,"12":4447.4502,"13":4448.95996,"14":4448.75977,"15":4448.81006,"16":4453.4502,"17":4453.22021,"18":4452.81982,"19":4454.06006,"20":4453.4502,"21":4453.50977,"22":4451.6001,"23":4449.81982,"24":4448.91016,"25":4447.00977},"low":{"0":4446.5,"1":4449.47998,"2":4450.39014,"3":4449.77002,"4":4447.81982,"5":4442.49023,"6":4438.66016,"7":4446.49023,"8":4446.79004,"9":4445.25977,"10":4445.79004,"11":4445.68018,"12":4443.29004,"13":4442.62012,"14":4445.52979,"15":4445.85986,"16":4447.10986,"17":4450.64014,"18":4449.02979,"19":4451.12988,"20":4447.1001,"21":4449.91992,"22":4448.1499,"23":4445.06982,"24":4443.81006,"25":4436.60986},"close":{"0":4446.6499,"1":4449.58008,"2":4452.29004,"3":4451.91992,"4":4450.31982,"5":4447.9502,"6":4442.54004,"7":4447.5,"8":4448.08984,"9":4447.04004,"10":4446.93018,"11":4446.56982,"12":4447.0,"13":4444.31006,"14":4447.68994,"15":4447.06982,"16":4448.06006,"17":4452.5498,"18":4450.97021,"19":4452.72998,"20":4453.22998,"21":4450.72021,"22":4449.93018,"23":4447.99023,"24":4447.8501,"25":4446.77002},"volume":{"0":211606528,"1":84189771,"2":59619714,"3":52750569,"4":47452129,"5":43058935,"6":53109720,"7":46720400,"8":36780572,"9":36137284,"10":41918727,"11":42081831,"12":43165060,"13":52128866,"14":48384489,"15":48061908,"16":49610346,"17":56289575,"18":61286441,"19":61386538,"20":76662025,"21":72354026,"22":73692305,"23":90209048,"24":96524092,"25":121791967}}