{"datetime":{"0":1667594700000,"1":1667593800000,"2":1667592900000,"3":1667592000000,"4":1667591100000,"5":1667590200000,"6":1667589300000,"7":1667588400000,"8":1667587500000,"9":1667586600000,"10":1667585700000,"11":1667584800000,"12":1667583900000,"13":1667583000000,"14":1667582100000,"15":1667581200000,"16":1667580300000,"17":1667579400000,"18":1667578500000,"19":1667577600000,"20":1667576700000,"21":1667575800000,"22":1667574900000,"23":1667574000000,"24":1667573100000,"25":1667572200000},"open":{"0":3766.47998,"1":3753.62988,"2":3756.95996,"3":3747.73999,"4":3744.94995,"5":3730.3999,"6":3714.08008,"7":3715.68994,"8":3716.56006,"9":3719.47998,"10":3726.17993,"11":3721.25,"12":3719.72998,"13":3735.62012,"14":3723.34009,"15":3717.53003,"16":3737.6001,"17":3750.73999,"18":3767.54004,"19":3776.25,"20":3788.56006,"21":3784.47998,"22":3774.55005,"23":3759.36011,"24":3736.78003,"25":3766.97998},"high":{"0":3771.96997,"1":3766.42993,"2":3759.12012,"3":3760.26001,"4":3749.71997,"5":3745.72998,"6":3732.96997,"7":3720.02002,"8":3720.97998,"9":3723.28003,"10":3726.28003,"11":3727.87012,"12":3723.76001,"13":3737.1001,"14":3737.46997,"15":3724.63989,"16":3738.1499,"17":3756.04004,"18":3770.62012,"19":3782.59009,"20":3790.07007,"21":3796.07007,"22":3788.84009,"23":3775.12988,"24":3759.86011,"25":3780.38989},"low":{"0":3758.18994,"1":3749.68994,"2":3748.07007,"3":3744.82007,"4":3738.75,"5":3727.70996,"6":3711.8999,"7":3708.84009,"8":3714.08008,"9":3715.80005,"10":3717.96997,"11":3710.11011,"12":3716.13989,"13":3716.65991,"14":3722.56006,"15":3709.90991,"16":3717.02002,"17":3736.44995,"18":3750.08008,"19":3765.47998,"20":3772.69995,"21":3780.95996,"22":3770.33008,"23":3755.95996,"24":3731.5,"25":3736.71997},"close":{"0":3769.12,"1":3766.37012,"2":3753.68994,"3":3756.3999,"4":3747.6001,"5":3744.87012,"6":3730.5,"7":3714.11011,"8":3715.65991,"9":3716.54004,"10":3719.47998,"11":3723.8501,"12":3721.32007,"13":3719.71997,"14":3735.69995,"15":3723.26001,"16":3717.45996,"17":3738.03003,"18":3750.75,"19":3767.54004,"20":3776.18994,"21":3788.68994,"22":3785.29004,"23":3774.62988,"24":3759.3999,"25":3736.8999},"volume":{"0":242907106,"1":119429326,"2":90048144,"3":88468235,"4":70695748,"5":71553949,"6":72141905,"7":64871586,"8":56794810,"9":67355022,"10":1683133278,"11":77426405,"12":62907297,"13":73796874,"14":75629215,"15":92507212,"16":1280193112,"17":84112003,"18":82324049,"19":100766191,"20":91202298,"21":1576588742,"22":108286246,"23":134336952,"24":178766587,"25":278359680}}