{"datetime":{"0":1597873500000,"1":1597872600000,"2":1597871700000,"3":1597870800000,"4":1597869900000,"5":1597869000000,"6":1597868100000,"7":1597867200000,"8":1597866300000,"9":1597865400000,"10":1597864500000,"11":1597863600000,"12":1597862700000,"13":1597861800000,"14":1597860900000,"15":1597860000000,"16":1597859100000,"17":1597858200000,"18":1597857300000,"19":1597856400000,"20":1597855500000,"21":1597854600000,"22":1597853700000,"23":1597852800000,"24":1597851900000,"25":1597851000000},"open":{"0":3381.88989,"1":3382.12988,"2":3388.42993,"3":3389.87988,"4":3383.80005,"5":3384.78003,"6":3389.01001,"7":3397.3501,"8":3397.5,"9":3395.15991,"10":3396.1001,"11":3395.42993,"12":3395.37012,"13":3397.59009,"14":3397.17993,"15":3398.91992,"16":3399.06006,"17":3396.61011,"18":3393.8501,"19":3395.75,"20":3395.69995,"21":3394.90991,"22":3392.3999,"23":3391.11011,"24":3394.07007,"25":3392.51001},"high":{"0":3381.90991,"1":3383.46997,"2":3389.36011,"3":3391.21997,"4":3391.52002,"5":3387.29004,"6":3389.87012,"7":3399.04004,"8":3397.80005,"9":3397.56006,"10":3396.62012,"11":3396.52002,"12":3395.58008,"13":3397.8501,"14":3398.08008,"15":3398.98999,"16":3399.37988,"17":3399.54004,"18":3396.76001,"19":3397.12012,"20":3396.82007,"21":3396.77002,"22":3394.91992,"23":3393.08008,"24":3394.72998,"25":3395.90991},"low":{"0":3369.65991,"1":3377.94995,"2":3380.55005,"3":3388.05005,"4":3383.80005,"5":3383.0,"6":3381.57007,"7":3389.04004,"8":3396.84009,"9":3395.12988,"10":3395.06006,"11":3394.62012,"12":3393.72998,"13":3395.36011,"14":3396.61011,"15":3396.69995,"16":3398.21997,"17":3396.37988,"18":3393.63989,"19":3393.86011,"20":3394.3999,"21":3394.59009,"22":3391.97998,"23":3390.54004,"24":3389.51001,"25":3390.65991},"close":{"0":3375.59009,"1":3382.04004,"2":3382.22998,"3":3388.51001,"4":3389.96997,"5":3383.73999,"6":3384.80005,"7":3389.04004,"8":3397.36011,"9":3397.46997,"10":3395.13989,"11":3396.1499,"12":3395.42993,"13":3395.36011,"14":3397.5,"15":3397.32007,"16":3398.90991,"17":3399.04004,"18":3396.62012,"19":3393.86011,"20":3395.69995,"21":3395.66992,"22":3394.90991,"23":3392.3999,"24":3391.31006,"25":3394.12012},"volume":{"0":208848984,"1":79478497,"2":56976063,"3":46752164,"4":48509722,"5":51775982,"6":73901341,"7":52570273,"8":41359451,"9":41239822,"10":41452845,"11":39896741,"12":40069457,"13":43610618,"14":41756934,"15":46427265,"16":49955497,"17":46166279,"18":51050597,"19":61442926,"20":63185582,"21":64478965,"22":73028100,"23":91511444,"24":123741973,"25":123603796}}