{"datetime":{"0":1670017500000,"1":1670016600000,"2":1670015700000,"3":1670014800000,"4":1670013900000,"5":1670013000000,"6":1670012100000,"7":1670011200000,"8":1670010300000,"9":1670009400000,"10":1670008500000,"11":1670007600000,"12":1670006700000,"13":1670005800000,"14":1670004900000,"15":1670004000000,"16":1670003100000,"17":1670002200000,"18":1670001300000,"19":1670000400000,"20":1669999500000,"21":1669998600000,"22":1669997700000,"23":1669996800000,"24":1669995900000,"25":1669995000000},"open":{"0":4065.68994,"1":4070.72998,"2":4077.38989,"3":4067.79004,"4":4054.91992,"5":4054.66992,"6":4051.23999,"7":4054.58008,"8":4054.25,"9":4052.07007,"10":4049.70996,"11":4050.40991,"12":4054.20996,"13":4057.78003,"14":4064.57007,"15":4057.19995,"16":4059.62012,"17":4049.91992,"18":4042.75,"19":4043.65991,"20":4047.79004,"21":4039.11011,"22":4047.70996,"23":4034.12988,"24":4031.87988,"25":4040.16992},"high":{"0":4073.11011,"1":4072.03003,"2":4080.47998,"3":4077.68994,"4":4068.5,"5":4056.37988,"6":4055.68994,"7":4055.48999,"8":4056.68994,"9":4055.02002,"10":4052.07007,"11":4052.78003,"12":4054.62988,"13":4058.97998,"14":4064.94995,"15":4064.84009,"16":4063.81006,"17":4061.12012,"18":4049.87012,"19":4044.53003,"20":4051.87988,"21":4048.30005,"22":4048.62988,"23":4048.62012,"24":4036.62012,"25":4042.07007},"low":{"0":4061.01001,"1":4062.52002,"2":4068.98999,"3":4067.0,"4":4053.90991,"5":4052.57007,"6":4051.13989,"7":4048.01001,"8":4052.98999,"9":4050.54004,"10":4048.26001,"11":4046.43994,"12":4049.78003,"13":4051.38989,"14":4057.62012,"15":4055.73999,"16":4056.92993,"17":4048.04004,"18":4040.06006,"19":4039.30005,"20":4043.25,"21":4036.01001,"22":4036.21997,"23":4029.6001,"24":4027.29004,"25":4026.62988},"close":{"0":4071.55005,"1":4065.65991,"2":4070.71997,"3":4077.40991,"4":4067.79004,"5":4054.95996,"6":4054.68994,"7":4050.96997,"8":4054.57007,"9":4054.22998,"10":4052.07007,"11":4049.71997,"12":4050.3999,"13":4054.19995,"14":4057.76001,"15":4064.57007,"16":4057.16992,"17":4059.40991,"18":4049.87012,"19":4042.72998,"20":4043.66992,"21":4047.83008,"22":4039.09009,"23":4047.80005,"24":4033.68994,"25":4032.02002},"volume":{"0":210467439,"1":85258098,"2":72833194,"3":70777246,"4":57347804,"5":45158997,"6":39748393,"7":42565230,"8":39435363,"9":41036599,"10":41169841,"11":48564261,"12":43569559,"13":45181446,"14":46713621,"15":48224825,"16":49926967,"17":56242466,"18":73975450,"19":55815652,"20":71973481,"21":66308360,"22":75421216,"23":89947981,"24":91611736,"25":101811506}}