{"datetime":{"0":1600206300000,"1":1600205400000,"2":1600204500000,"3":1600203600000,"4":1600202700000,"5":1600201800000,"6":1600200900000,"7":1600200000000,"8":1600199100000,"9":1600198200000,"10":1600197300000,"11":1600196400000,"12":1600195500000,"13":1600194600000,"14":1600193700000,"15":1600192800000,"16":1600191900000,"17":1600191000000,"18":1600190100000,"19":1600189200000,"20":1600188300000,"21":1600187400000,"22":1600186500000,"23":1600185600000,"24":1600184700000,"25":1600183800000},"open":{"0":3393.07007,"1":3398.78003,"2":3396.91992,"3":3407.08008,"4":3407.84009,"5":3407.13989,"6":3407.36011,"7":3410.3999,"8":3414.56006,"9":3413.93994,"10":3417.09009,"11":3415.87012,"12":3416.06006,"13":3414.76001,"14":3413.68994,"15":3412.21997,"16":3414.59009,"17":3414.72998,"18":3415.80005,"19":3414.17993,"20":3406.02002,"21":3412.40991,"22":3413.76001,"23":3415.71997,"24":3416.8999,"25":3407.72998},"high":{"0":3403.04004,"1":3399.31006,"2":3399.8999,"3":3407.29004,"4":3408.82007,"5":3408.33008,"6":3408.12988,"7":3410.8999,"8":3414.75,"9":3415.42993,"10":3418.34009,"11":3418.29004,"12":3416.34009,"13":3416.61011,"14":3415.27002,"15":3415.62988,"16":3414.77002,"17":3417.33008,"18":3415.80005,"19":3417.80005,"20":3414.41992,"21":3416.77002,"22":3416.19995,"23":3419.12988,"24":3417.11011,"25":3419.47998},"low":{"0":3391.77002,"1":3389.25,"2":3394.95996,"3":3396.29004,"4":3405.38989,"5":3403.48999,"6":3404.93994,"7":3403.1499,"8":3410.31006,"9":3411.94995,"10":3413.27002,"11":3415.07007,"12":3414.34009,"13":3414.17993,"14":3411.97998,"15":3411.96997,"16":3410.69995,"17":3414.12012,"18":3411.78003,"19":3413.96997,"20":3405.30005,"21":3405.95996,"22":3407.94995,"23":3412.54004,"24":3412.05005,"25":3407.72998},"close":{"0":3400.83008,"1":3393.04004,"2":3398.90991,"3":3396.98999,"4":3407.04004,"5":3407.83008,"6":3407.13989,"7":3407.18994,"8":3410.3501,"9":3414.58008,"10":3414.01001,"11":3417.03003,"12":3415.8999,"13":3416.05005,"14":3414.78003,"15":3413.67993,"16":3412.12988,"17":3414.55005,"18":3414.76001,"19":3415.83008,"20":3414.19995,"21":3406.07007,"22":3412.37988,"23":3413.75,"24":3415.40991,"25":3417.06006},"volume":{"0":260332812,"1":115675864,"2":83243851,"3":82294230,"4":58374381,"5":62231069,"6":57134840,"7":67985223,"8":45635920,"9":50142007,"10":48509821,"11":53669010,"12":49311888,"13":48302009,"14":50867433,"15":52611603,"16":60066820,"17":75541563,"18":74767639,"19":86374339,"20":80697844,"21":89894606,"22":96393003,"23":114825266,"24":147283228,"25":153449997}}