{"datetime":{"0":1688415300000,"1":1688411700000,"2":1688410800000,"3":1688409900000,"4":1688409000000,"5":1688408100000,"6":1688407200000,"7":1688406300000,"8":1688405400000,"9":1688404500000,"10":1688403600000,"11":1688402700000,"12":1688401800000,"13":1688400900000,"14":1688400000000,"15":1688399100000,"16":1688398200000},"open":{"0":4455.59,"1":4455.59,"2":4455.18994,"3":4454.72998,"4":4454.68018,"5":4453.25,"6":4452.12012,"7":4451.91992,"8":4451.50977,"9":4451.81982,"10":4448.1001,"11":4448.2002,"12":4450.93018,"13":4450.68018,"14":4450.8501,"15":4449.89014,"16":4450.47998},"high":{"0":4455.59,"1":4455.59,"2":4455.59,"3":4456.45996,"4":4455.1001,"5":4455.27979,"6":4453.6001,"7":4452.97021,"8":4452.64014,"9":4451.8501,"10":4452.02979,"11":4450.52002,"12":4451.83008,"13":4451.58008,"14":4452.37988,"15":4450.75,"16":4450.47998},"low":{"0":4455.59,"1":4455.59,"2":4455.12988,"3":4453.0,"4":4453.89014,"5":4452.29004,"6":4451.62012,"7":4451.0,"8":4450.06006,"9":4449.45996,"10":4447.7998,"11":4446.6001,"12":4446.47998,"13":4446.99023,"14":4449.20996,"15":4447.04004,"16":4442.29004},"close":{"0":4455.59,"1":4455.59,"2":4455.59,"3":4455.06006,"4":4454.75,"5":4454.66992,"6":4453.18994,"7":4452.14014,"8":4451.89014,"9":4451.54004,"10":4451.81982,"11":4448.08008,"12":4448.1499,"13":4450.8999,"14":4450.62012,"15":4450.08008,"16":4449.83984},"volume":{"0":0,"1":10647657,"2":148348040,"3":1158233948,"4":61544354,"5":52741347,"6":51565322,"7":51598369,"8":56892980,"9":56904195,"10":66539325,"11":70731428,"12":68224870,"13":69807355,"14":83791797,"15":95183553,"16":113672844}}