{"datetime":{"0":1671831900000,"1":1671831000000,"2":1671830100000,"3":1671829200000,"4":1671828300000,"5":1671827400000,"6":1671826500000,"7":1671825600000,"8":1671824700000,"9":1671823800000,"10":1671822900000,"11":1671822000000,"12":1671821100000,"13":1671820200000,"14":1671819300000,"15":1671818400000,"16":1671817500000,"17":1671816600000,"18":1671815700000,"19":1671814800000,"20":1671813900000,"21":1671813000000,"22":1671812100000,"23":1671811200000,"24":1671810300000,"25":1671809400000},"open":{"0":3838.09009,"1":3837.1001,"2":3840.57007,"3":3841.25,"4":3836.11011,"5":3833.21997,"6":3832.1001,"7":3830.86011,"8":3834.1001,"9":3836.6499,"10":3832.44995,"11":3834.87988,"12":3834.18994,"13":3837.87988,"14":3833.91992,"15":3831.63989,"16":3831.12988,"17":3824.8999,"18":3824.98999,"19":3824.32007,"20":3836.71997,"21":3829.6001,"22":3812.6499,"23":3800.37988,"24":3812.09009,"25":3815.11011},"high":{"0":3845.31006,"1":3838.25,"2":3844.01001,"3":3845.80005,"4":3841.58008,"5":3839.0,"6":3835.5,"7":3832.44995,"8":3834.41992,"9":3839.73999,"10":3838.26001,"11":3839.52002,"12":3837.03003,"13":3843.67993,"14":3842.13989,"15":3836.55005,"16":3834.17993,"17":3836.66992,"18":3830.07007,"19":3827.22998,"20":3836.76001,"21":3842.67993,"22":3833.40991,"23":3818.58008,"24":3812.28003,"25":3827.16992},"low":{"0":3836.59009,"1":3832.12012,"2":3835.65991,"3":3838.25,"4":3834.05005,"5":3833.16992,"6":3830.30005,"7":3827.21997,"8":3827.58008,"9":3833.91992,"10":3832.37988,"11":3832.48999,"12":3832.41992,"13":3833.3999,"14":3832.86011,"15":3830.58008,"16":3828.21997,"17":3824.42993,"18":3822.61011,"19":3816.67993,"20":3822.81006,"21":3829.6001,"22":3810.18994,"23":3799.72998,"24":3797.01001,"25":3800.26001},"close":{"0":3844.44995,"1":3838.07007,"2":3837.13989,"3":3840.61011,"4":3841.26001,"5":3836.12988,"6":3833.25,"7":3832.1001,"8":3830.87012,"9":3834.08008,"10":3836.67993,"11":3832.48999,"12":3834.88989,"13":3834.20996,"14":3838.1499,"15":3834.07007,"16":3831.58008,"17":3831.13989,"18":3824.90991,"19":3825.71997,"20":3824.42993,"21":3836.69995,"22":3829.57007,"23":3812.59009,"24":3799.88989,"25":3811.98999},"volume":{"0":162384095,"1":60043941,"2":46563900,"3":46053457,"4":34858106,"5":33926089,"6":32536504,"7":34197529,"8":33532063,"9":36426148,"10":31370157,"11":33104491,"12":30095184,"13":38075105,"14":39061320,"15":36319642,"16":708433594,"17":41504032,"18":51717868,"19":53861839,"20":62814708,"21":72054353,"22":70064489,"23":81568517,"24":83806440,"25":85784633}}