{"datetime":{"0":1642110300000,"1":1642109400000,"2":1642108500000,"3":1642107600000,"4":1642106700000,"5":1642105800000,"6":1642104900000,"7":1642104000000,"8":1642103100000,"9":1642102200000,"10":1642101300000,"11":1642100400000,"12":1642099500000,"13":1642098600000,"14":1642097700000,"15":1642096800000,"16":1642095900000,"17":1642095000000,"18":1642094100000,"19":1642093200000,"20":1642092300000,"21":1642091400000,"22":1642090500000,"23":1642089600000,"24":1642088700000,"25":1642087800000},"open":{"0":4667.16992,"1":4677.79004,"2":4674.12988,"3":4689.18018,"4":4687.62012,"5":4690.20996,"6":4699.66992,"7":4701.93994,"8":4694.87988,"9":4700.45996,"10":4695.8501,"11":4691.9502,"12":4692.75,"13":4693.12988,"14":4711.14014,"15":4724.70996,"16":4727.41016,"17":4725.18018,"18":4711.3999,"19":4715.22021,"20":4719.85986,"21":4726.81006,"22":4727.9502,"23":4739.31006,"24":4738.97021,"25":4733.56006},"high":{"0":4667.75977,"1":4680.70996,"2":4678.97021,"3":4689.18018,"4":4690.81982,"5":4690.8999,"6":4700.39014,"7":4707.24023,"8":4702.02979,"9":4700.45996,"10":4703.58984,"11":4700.0,"12":4695.4502,"13":4700.3501,"14":4711.1499,"15":4724.70996,"16":4728.08984,"17":4728.91016,"18":4725.58008,"19":4718.66016,"20":4723.18994,"21":4729.39014,"22":4728.2998,"23":4741.10986,"24":4744.12988,"25":4743.3501},"low":{"0":4650.29004,"1":4666.6499,"2":4671.62988,"3":4671.41992,"4":4683.39014,"5":4684.00977,"6":4689.8501,"7":4699.52002,"8":4694.87988,"9":4694.1001,"10":4695.33008,"11":4686.06982,"12":4685.18018,"13":4687.70996,"14":4688.47021,"15":4711.16016,"16":4723.1499,"17":4722.50977,"18":4710.85986,"19":4710.68018,"20":4708.16016,"21":4718.83008,"22":4721.02002,"23":4727.37012,"24":4736.04004,"25":4733.56006},"close":{"0":4660.20996,"1":4667.16016,"2":4677.62012,"3":4674.24023,"4":4689.1499,"5":4687.58984,"6":4690.22998,"7":4699.5498,"8":4702.02002,"9":4694.8501,"10":4700.52002,"11":4695.79004,"12":4691.9502,"13":4692.72021,"14":4693.12012,"15":4711.16016,"16":4724.7002,"17":4727.3999,"18":4725.22998,"19":4711.43994,"20":4715.29004,"21":4719.7998,"22":4726.87012,"23":4728.0,"24":4739.25,"25":4738.72021},"volume":{"0":253235323,"1":100542451,"2":74465034,"3":69335668,"4":56358365,"5":58140538,"6":50329885,"7":46979124,"8":44556604,"9":45120174,"10":53421807,"11":58217680,"12":61206787,"13":58204919,"14":81133402,"15":58267723,"16":62820074,"17":62405411,"18":68565797,"19":756486294,"20":87462204,"21":89753825,"22":88265434,"23":101291616,"24":118815568,"25":145369502}}