{"datetime":{"0":1642023900000,"1":1642023000000,"2":1642022100000,"3":1642021200000,"4":1642020300000,"5":1642019400000,"6":1642018500000,"7":1642017600000,"8":1642016700000,"9":1642015800000,"10":1642014900000,"11":1642014000000,"12":1642013100000,"13":1642012200000,"14":1642011300000,"15":1642010400000,"16":1642009500000,"17":1642008600000,"18":1642007700000,"19":1642006800000,"20":1642005900000,"21":1642005000000,"22":1642004100000,"23":1642003200000,"24":1642002300000,"25":1642001400000},"open":{"0":4724.47998,"1":4721.83984,"2":4723.02002,"3":4725.7002,"4":4720.58008,"5":4727.31982,"6":4720.75977,"7":4720.10986,"8":4724.8999,"9":4724.66016,"10":4727.64014,"11":4733.58984,"12":4728.0,"13":4725.91016,"14":4721.3999,"15":4725.9502,"16":4725.41016,"17":4720.0,"18":4712.22998,"19":4723.43994,"20":4722.97998,"21":4740.37988,"22":4747.49023,"23":4743.08984,"24":4730.41992,"25":4728.58984},"high":{"0":4732.43018,"1":4724.75,"2":4724.64014,"3":4727.00977,"4":4727.33008,"5":4727.62988,"6":4727.68018,"7":4720.85986,"8":4726.9502,"9":4727.16016,"10":4728.35986,"11":4733.87988,"12":4734.54004,"13":4731.2002,"14":4728.4502,"15":4728.24023,"16":4728.72021,"17":4731.0498,"18":4721.45996,"19":4728.16992,"20":4727.60986,"21":4741.41992,"22":4747.7002,"23":4748.83008,"24":4743.22021,"25":4743.06982},"low":{"0":4723.5498,"1":4718.39014,"2":4718.31982,"3":4718.52979,"4":4719.99023,"5":4720.3999,"6":4720.43994,"7":4714.81006,"8":4718.8999,"9":4722.56006,"10":4723.79004,"11":4726.37988,"12":4726.08008,"13":4725.74023,"14":4720.1499,"15":4719.29004,"16":4723.85986,"17":4719.97021,"18":4706.70996,"19":4709.81006,"20":4717.66016,"21":4718.43018,"22":4739.8999,"23":4737.72021,"24":4729.75977,"25":4725.54004},"close":{"0":4726.5498,"1":4724.5,"2":4721.91016,"3":4722.85986,"4":4725.7002,"5":4720.5,"6":4727.2998,"7":4720.72998,"8":4720.1001,"9":4724.93018,"10":4724.66992,"11":4727.7002,"12":4733.54004,"13":4728.04004,"14":4725.91016,"15":4721.37988,"16":4725.85986,"17":4725.25,"18":4720.02002,"19":4712.25,"20":4723.2998,"21":4722.87988,"22":4739.9502,"23":4747.54004,"24":4742.95996,"25":4729.91016},"volume":{"0":200528483,"1":81678637,"2":56110976,"3":52667970,"4":45341977,"5":53154688,"6":44043584,"7":45770486,"8":39893621,"9":37241791,"10":38959128,"11":43165153,"12":41737493,"13":43391865,"14":40624539,"15":46936055,"16":44554919,"17":56839167,"18":62816405,"19":71383614,"20":82463721,"21":89344967,"22":80691571,"23":98111678,"24":104997690,"25":134976349}}