{"datetime":{"0":1652910300000,"1":1652909400000,"2":1652908500000,"3":1652907600000,"4":1652906700000,"5":1652905800000,"6":1652904900000,"7":1652904000000,"8":1652903100000,"9":1652902200000,"10":1652901300000,"11":1652900400000,"12":1652899500000,"13":1652898600000,"14":1652897700000,"15":1652896800000,"16":1652895900000,"17":1652895000000,"18":1652894100000,"19":1652893200000,"20":1652892300000,"21":1652891400000,"22":1652890500000,"23":1652889600000,"24":1652888700000,"25":1652887800000},"open":{"0":3923.19,"1":3914.87012,"2":3922.8999,"3":3922.80005,"4":3927.90991,"5":3942.82007,"6":3933.3999,"7":3935.31006,"8":3942.48999,"9":3949.36011,"10":3951.42993,"11":3976.68994,"12":3963.6001,"13":3962.40991,"14":3968.20996,"15":3971.18994,"16":3986.47998,"17":3975.63989,"18":3996.09009,"19":4013.72998,"20":4010.06006,"21":4011.56006,"22":4023.81006,"23":4017.43994,"24":4026.01001,"25":4051.97998},"high":{"0":3923.19,"1":3932.81006,"2":3928.46997,"3":3931.81006,"4":3933.0,"5":3943.8501,"6":3943.48999,"7":3939.59009,"8":3943.36011,"9":3953.87012,"10":3952.21997,"11":3976.68994,"12":3977.12012,"13":3969.90991,"14":3972.93994,"15":3972.79004,"16":3986.47998,"17":3986.97998,"18":3996.19995,"19":4013.72998,"20":4016.69995,"21":4013.31006,"22":4025.76001,"23":4026.75,"24":4031.16992,"25":4051.97998},"low":{"0":3914.85,"1":3913.6001,"2":3913.62012,"3":3922.37988,"4":3921.26001,"5":3925.08008,"6":3930.06006,"7":3932.12988,"8":3930.84009,"9":3941.09009,"10":3945.44995,"11":3950.6499,"12":3962.44995,"13":3959.54004,"14":3958.84009,"15":3961.98999,"16":3969.69995,"17":3971.71997,"18":3974.41992,"19":3994.83008,"20":4007.37012,"21":4005.77002,"22":4011.83008,"23":4015.46997,"24":4015.51001,"25":4022.93994},"close":{"0":3921.69,"1":3922.80005,"2":3915.0,"3":3922.97998,"4":3923.56006,"5":3927.96997,"6":3942.75,"7":3933.25,"8":3935.23999,"9":3942.53003,"10":3949.46997,"11":3951.46997,"12":3976.73999,"13":3963.62988,"14":3962.62012,"15":3968.22998,"16":3971.28003,"17":3986.55005,"18":3975.55005,"19":3996.06006,"20":4013.68994,"21":4010.13989,"22":4011.83008,"23":4024.0,"24":4016.33008,"25":4026.18994},"volume":{"0":0,"1":130443812,"2":89991317,"3":76156763,"4":75116372,"5":76207934,"6":64431894,"7":62657776,"8":66680927,"9":60445552,"10":61270094,"11":63027446,"12":58891256,"13":60761653,"14":69117528,"15":68394799,"16":66117173,"17":69723063,"18":78934198,"19":67355149,"20":72479553,"21":109149683,"22":85418646,"23":95919510,"24":104627644,"25":127737693}}