{"datetime":{"0":1640209500000,"1":1640208600000,"2":1640207700000,"3":1640206800000,"4":1640205900000,"5":1640205000000,"6":1640204100000,"7":1640203200000,"8":1640202300000,"9":1640201400000,"10":1640200500000,"11":1640199600000,"12":1640198700000,"13":1640197800000,"14":1640196900000,"15":1640196000000,"16":1640195100000,"17":1640194200000,"18":1640193300000,"19":1640192400000,"20":1640191500000,"21":1640190600000,"22":1640189700000,"23":1640188800000,"24":1640187900000,"25":1640187000000},"open":{"0":4687.20996,"1":4684.43018,"2":4685.41992,"3":4681.7998,"4":4678.14014,"5":4672.83008,"6":4676.99023,"7":4678.06982,"8":4677.91016,"9":4681.87012,"10":4685.52002,"11":4687.18994,"12":4683.77002,"13":4684.06006,"14":4684.22021,"15":4684.14014,"16":4683.47998,"17":4681.9502,"18":4684.33984,"19":4680.58008,"20":4672.20996,"21":4660.77002,"22":4656.27002,"23":4653.3501,"24":4655.8501,"25":4650.35986},"high":{"0":4697.66992,"1":4687.39014,"2":4686.24023,"3":4685.79004,"4":4682.52002,"5":4679.81006,"6":4679.02979,"7":4678.06982,"8":4680.25,"9":4684.56982,"10":4685.7998,"11":4687.50977,"12":4687.79004,"13":4685.31006,"14":4684.49023,"15":4686.72021,"16":4684.41992,"17":4685.29004,"18":4684.33984,"19":4684.56982,"20":4681.6499,"21":4672.66992,"22":4664.8501,"23":4658.60986,"24":4658.27002,"25":4656.08984},"low":{"0":4685.37012,"1":4682.56006,"2":4680.20996,"3":4681.2998,"4":4677.85986,"5":4672.83008,"6":4672.12012,"7":4674.41992,"8":4677.24023,"9":4675.18018,"10":4681.58008,"11":4684.72021,"12":4682.79004,"13":4681.02002,"14":4680.6499,"15":4682.66992,"16":4679.62012,"17":4681.27979,"18":4678.5498,"19":4677.43994,"20":4672.20996,"21":4660.77002,"22":4655.16016,"23":4650.77002,"24":4650.47998,"25":4645.52979},"close":{"0":4696.3999,"1":4687.22998,"2":4684.43994,"3":4685.41992,"4":4681.79004,"5":4678.12988,"6":4672.72021,"7":4676.99023,"8":4678.06982,"9":4677.89014,"10":4681.85986,"11":4685.52002,"12":4687.16016,"13":4683.68018,"14":4684.08984,"15":4684.20996,"16":4684.1001,"17":4683.45996,"18":4681.87988,"19":4684.47998,"20":4680.52979,"21":4672.35986,"22":4660.8501,"23":4656.22998,"24":4653.25,"25":4655.83008},"volume":{"0":1515906185,"1":68094435,"2":64235364,"3":44779065,"4":42215314,"5":41601353,"6":38451578,"7":39471936,"8":36071940,"9":42622790,"10":36499766,"11":39593724,"12":878076177,"13":43922404,"14":53827724,"15":48655405,"16":692318483,"17":45951040,"18":54889906,"19":57511498,"20":489481092,"21":69558935,"22":62795165,"23":74940551,"24":82272443,"25":93512036}}