{"datetime":{"0":1677275100000,"1":1677274200000,"2":1677273300000,"3":1677272400000,"4":1677271500000,"5":1677270600000,"6":1677269700000,"7":1677268800000,"8":1677267900000,"9":1677267000000,"10":1677266100000,"11":1677265200000,"12":1677264300000,"13":1677263400000,"14":1677262500000,"15":1677261600000,"16":1677260700000,"17":1677259800000,"18":1677258900000,"19":1677258000000,"20":1677257100000,"21":1677256200000,"22":1677255300000,"23":1677254400000,"24":1677253500000,"25":1677252600000},"open":{"0":3962.44995,"1":3970.34009,"2":3970.79004,"3":3973.98999,"4":3959.07007,"5":3964.02002,"6":3962.71997,"7":3961.77002,"8":3959.47998,"9":3957.46997,"10":3950.3501,"11":3952.62988,"12":3956.1499,"13":3961.62988,"14":3964.1499,"15":3964.91992,"16":3964.28003,"17":3959.84009,"18":3952.72998,"19":3947.03003,"20":3949.73999,"21":3948.91992,"22":3949.03003,"23":3951.01001,"24":3954.65991,"25":3973.23999},"high":{"0":3970.92993,"1":3971.1499,"2":3976.61011,"3":3978.25,"4":3976.09009,"5":3964.5,"6":3967.45996,"7":3965.54004,"8":3964.36011,"9":3959.61011,"10":3959.03003,"11":3954.61011,"12":3956.18994,"13":3964.83008,"14":3964.58008,"15":3966.88989,"16":3972.29004,"17":3965.44995,"18":3962.09009,"19":3954.76001,"20":3953.13989,"21":3951.22998,"22":3950.43994,"23":3959.52002,"24":3955.58008,"25":3973.23999},"low":{"0":3956.82007,"1":3959.95996,"2":3969.11011,"3":3970.80005,"4":3958.51001,"5":3957.71997,"6":3962.71997,"7":3960.32007,"8":3958.97998,"9":3951.62988,"10":3950.06006,"11":3949.34009,"12":3952.08008,"13":3955.77002,"14":3958.92993,"15":3960.16992,"16":3963.77002,"17":3956.71997,"18":3952.52002,"19":3946.21997,"20":3943.08008,"21":3944.3501,"22":3944.94995,"23":3947.86011,"24":3948.29004,"25":3954.61011},"close":{"0":3970.18,"1":3962.44995,"2":3970.34009,"3":3970.81006,"4":3973.80005,"5":3959.12012,"6":3963.97998,"7":3962.71997,"8":3961.73999,"9":3959.45996,"10":3957.48999,"11":3950.34009,"12":3952.58008,"13":3956.12988,"14":3961.62012,"15":3964.1001,"16":3964.87012,"17":3964.26001,"18":3959.77002,"19":3952.71997,"20":3946.95996,"21":3949.87988,"22":3948.90991,"23":3949.03003,"24":3951.23999,"25":3954.61011},"volume":{"0":200778654,"1":95969209,"2":72235080,"3":68649753,"4":63658246,"5":45551822,"6":48758386,"7":45943659,"8":45915973,"9":46282095,"10":43199522,"11":45900064,"12":43408015,"13":44569607,"14":50209427,"15":48798844,"16":66088303,"17":62302095,"18":63751068,"19":60205057,"20":69345910,"21":71100454,"22":78464993,"23":92440502,"24":100870826,"25":106192550}}