{"datetime":{"0":1683236700000,"1":1683235800000,"2":1683234900000,"3":1683234000000,"4":1683233100000,"5":1683232200000,"6":1683231300000,"7":1683230400000,"8":1683229500000,"9":1683228600000,"10":1683227700000,"11":1683226800000,"12":1683225900000,"13":1683225000000,"14":1683224100000,"15":1683223200000,"16":1683222300000,"17":1683221400000,"18":1683220500000,"19":1683219600000,"20":1683218700000,"21":1683217800000,"22":1683216900000,"23":1683216000000,"24":1683215100000,"25":1683214200000},"open":{"0":4062.54004,"1":4063.17993,"2":4061.51001,"3":4062.81006,"4":4059.92993,"5":4062.30005,"6":4070.28003,"7":4071.42993,"8":4072.5,"9":4075.12988,"10":4071.30005,"11":4067.97998,"12":4059.57007,"13":4064.3501,"14":4051.95996,"15":4054.27002,"16":4059.30005,"17":4062.70996,"18":4071.97998,"19":4058.84009,"20":4053.62012,"21":4050.67993,"22":4065.34009,"23":4067.03003,"24":4062.73999,"25":4082.55005},"high":{"0":4065.88989,"1":4072.6001,"2":4063.38989,"3":4072.0,"4":4062.90991,"5":4065.5,"6":4071.84009,"7":4072.28003,"8":4072.96997,"9":4079.59009,"10":4081.12012,"11":4072.43994,"12":4068.1001,"13":4065.66992,"14":4064.30005,"15":4054.83008,"16":4060.53003,"17":4064.47998,"18":4073.02002,"19":4074.15991,"20":4066.30005,"21":4058.06006,"22":4069.0,"23":4069.62012,"24":4071.88989,"25":4082.61011},"low":{"0":4058.41992,"1":4062.67993,"2":4056.45996,"3":4061.52002,"4":4056.94995,"5":4057.51001,"6":4062.21997,"7":4066.25,"8":4066.3501,"9":4072.29004,"10":4071.07007,"11":4065.97998,"12":4057.6499,"13":4059.30005,"14":4051.68994,"15":4048.28003,"16":4052.83008,"17":4058.66992,"18":4062.22998,"19":4056.86011,"20":4052.31006,"21":4049.08008,"22":4050.71997,"23":4064.13989,"24":4059.54004,"25":4061.97998},"close":{"0":4060.76001,"1":4062.68994,"2":4063.33008,"3":4061.52002,"4":4062.86011,"5":4059.8999,"6":4062.27002,"7":4070.25,"8":4071.36011,"9":4072.5,"10":4075.11011,"11":4071.19995,"12":4067.95996,"13":4059.62988,"14":4064.27002,"15":4052.19995,"16":4054.22998,"17":4059.41992,"18":4062.67993,"19":4072.03003,"20":4058.78003,"21":4053.57007,"22":4050.71997,"23":4065.37988,"24":4066.95996,"25":4062.65991},"volume":{"0":262622840,"1":113665021,"2":79675083,"3":73974822,"4":62929163,"5":67926540,"6":67447940,"7":65453530,"8":71974176,"9":80360396,"10":83181260,"11":60197384,"12":59073773,"13":60693530,"14":69731077,"15":69432342,"16":71025521,"17":74826039,"18":82995363,"19":96224980,"20":118158910,"21":119629740,"22":134820143,"23":114907540,"24":148493887,"25":154885855}}