{"datetime":{"0":1644875100000,"1":1644874200000,"2":1644873300000,"3":1644872400000,"4":1644871500000,"5":1644870600000,"6":1644869700000,"7":1644868800000,"8":1644867900000,"9":1644867000000,"10":1644866100000,"11":1644865200000,"12":1644864300000,"13":1644863400000,"14":1644862500000,"15":1644861600000,"16":1644860700000,"17":1644859800000,"18":1644858900000,"19":1644858000000,"20":1644857100000,"21":1644856200000,"22":1644855300000,"23":1644854400000,"24":1644853500000,"25":1644852600000},"open":{"0":4406.79004,"1":4396.43994,"2":4397.1001,"3":4392.10986,"4":4386.52979,"5":4386.25977,"6":4373.54004,"7":4373.99023,"8":4403.68994,"9":4410.56006,"10":4419.5498,"11":4419.85986,"12":4422.02979,"13":4419.70996,"14":4410.62012,"15":4412.6499,"16":4409.4502,"17":4409.16016,"18":4388.24023,"19":4389.66016,"20":4395.24023,"21":4400.91016,"22":4404.99023,"23":4412.50977,"24":4411.81982,"25":4412.60986},"high":{"0":4412.12012,"1":4408.89014,"2":4404.5,"3":4398.1001,"4":4398.37012,"5":4393.81982,"6":4396.6499,"7":4378.29004,"8":4404.85986,"9":4410.81006,"10":4421.02002,"11":4426.22021,"12":4425.2002,"13":4424.85986,"14":4419.50977,"15":4416.37012,"16":4416.95996,"17":4412.52979,"18":4412.12988,"19":4397.6499,"20":4401.85986,"21":4403.97998,"22":4406.25977,"23":4414.1499,"24":4423.45996,"25":4421.89014},"low":{"0":4395.08008,"1":4394.52002,"2":4384.91992,"3":4380.12012,"4":4381.1001,"5":4377.91016,"6":4367.58984,"7":4364.83984,"8":4373.27002,"9":4401.35986,"10":4408.8501,"11":4417.27002,"12":4417.93994,"13":4416.20996,"14":4409.6001,"15":4407.47021,"16":4406.43018,"17":4403.93994,"18":4388.24023,"19":4387.83984,"20":4388.45996,"21":4385.52002,"22":4388.7002,"23":4393.00977,"24":4401.95996,"25":4403.62988},"close":{"0":4401.1001,"1":4406.9502,"2":4396.62012,"3":4397.2002,"4":4392.2002,"5":4386.72998,"6":4387.22021,"7":4374.14014,"8":4374.12988,"9":4403.7002,"10":4410.52002,"11":4419.52979,"12":4419.8501,"13":4422.1001,"14":4419.47021,"15":4410.6499,"16":4412.62988,"17":4409.35986,"18":4409.12012,"19":4388.37012,"20":4389.60986,"21":4395.22998,"22":4401.00977,"23":4404.99023,"24":4411.18018,"25":4411.93018},"volume":{"0":191478739,"1":99125146,"2":76265309,"3":68974964,"4":58509756,"5":70889151,"6":77356807,"7":82685569,"8":82605184,"9":50241161,"10":47301302,"11":46830878,"12":45445638,"13":46659641,"14":48199297,"15":47365282,"16":50893149,"17":72364017,"18":73597399,"19":69074363,"20":81226286,"21":82600933,"22":87496671,"23":97666100,"24":107759691,"25":126133523}}