{"datetime":{"0":1611611100000,"1":1611610200000,"2":1611609300000,"3":1611608400000,"4":1611607500000,"5":1611606600000,"6":1611605700000,"7":1611604800000,"8":1611603900000,"9":1611603000000,"10":1611602100000,"11":1611601200000,"12":1611600300000,"13":1611599400000,"14":1611598500000,"15":1611597600000,"16":1611596700000,"17":1611595800000,"18":1611594900000,"19":1611594000000,"20":1611593100000,"21":1611592200000,"22":1611591300000,"23":1611590400000,"24":1611589500000,"25":1611588600000},"open":{"0":3848.30005,"1":3842.80005,"2":3839.1001,"3":3845.80005,"4":3848.13989,"5":3846.05005,"6":3843.71997,"7":3846.70996,"8":3848.6001,"9":3848.91992,"10":3847.1001,"11":3842.25,"12":3835.87012,"13":3825.30005,"14":3829.19995,"15":3835.58008,"16":3831.6001,"17":3817.97998,"18":3819.07007,"19":3823.37988,"20":3856.6001,"21":3857.28003,"22":3855.1001,"23":3849.6001,"24":3854.30005,"25":3851.67993},"high":{"0":3856.6001,"1":3848.1001,"2":3844.80005,"3":3847.30005,"4":3849.6001,"5":3848.80005,"6":3846.17993,"7":3848.30005,"8":3849.6001,"9":3850.30005,"10":3850.1001,"11":3847.1001,"12":3843.1001,"13":3837.6001,"14":3832.6001,"15":3838.8501,"16":3835.6001,"17":3830.3999,"18":3825.11011,"19":3830.80005,"20":3857.30005,"21":3858.6001,"22":3860.1001,"23":3857.03003,"24":3855.1001,"25":3855.94995},"low":{"0":3847.82007,"1":3840.87012,"2":3836.67993,"3":3837.68994,"4":3845.15991,"5":3845.28003,"6":3840.73999,"7":3841.86011,"8":3841.71997,"9":3846.65991,"10":3844.75,"11":3837.02002,"12":3835.61011,"13":3821.86011,"14":3821.6001,"15":3828.94995,"16":3828.61011,"17":3814.63989,"18":3813.01001,"19":3797.86011,"20":3823.5,"21":3854.29004,"22":3854.16992,"23":3849.6001,"24":3845.1001,"25":3851.3999},"close":{"0":3856.13989,"1":3847.83008,"2":3843.1001,"3":3838.92993,"4":3845.41992,"5":3848.38989,"6":3846.17993,"7":3844.1001,"8":3846.45996,"9":3848.80005,"10":3848.41992,"11":3846.80005,"12":3842.73999,"13":3835.12012,"14":3825.1001,"15":3828.94995,"16":3835.08008,"17":3830.3999,"18":3817.6001,"19":3820.19995,"20":3824.25,"21":3856.30005,"22":3857.03003,"23":3854.16992,"24":3849.53003,"25":3853.80005},"volume":{"0":0,"1":0,"2":0,"3":0,"4":0,"5":0,"6":0,"7":0,"8":0,"9":0,"10":0,"11":0,"12":0,"13":0,"14":0,"15":0,"16":0,"17":0,"18":0,"19":0,"20":0,"21":0,"22":0,"23":0,"24":0,"25":145686074}}