{"datetime":{"0":1683150300000,"1":1683149400000,"2":1683148500000,"3":1683147600000,"4":1683146700000,"5":1683145800000,"6":1683144900000,"7":1683144000000,"8":1683143100000,"9":1683142200000,"10":1683141300000,"11":1683140400000,"12":1683139500000,"13":1683138600000,"14":1683137700000,"15":1683136800000,"16":1683135900000,"17":1683135000000,"18":1683134100000,"19":1683133200000,"20":1683132300000,"21":1683131400000,"22":1683130500000,"23":1683129600000,"24":1683128700000,"25":1683127800000},"open":{"0":4095.1001,"1":4099.49023,"2":4109.8501,"3":4133.10986,"4":4131.74023,"5":4136.83984,"6":4131.16016,"7":4132.33984,"8":4133.50977,"9":4135.06982,"10":4131.33984,"11":4132.25,"12":4127.31982,"13":4128.27979,"14":4125.68994,"15":4125.68994,"16":4118.52002,"17":4117.31006,"18":4116.91992,"19":4119.83008,"20":4121.62012,"21":4125.10986,"22":4126.93018,"23":4133.20996,"24":4127.22998,"25":4122.25},"high":{"0":4098.54004,"1":4100.77002,"2":4116.62988,"3":4140.4502,"4":4138.58984,"5":4148.2998,"6":4143.93018,"7":4143.02002,"8":4133.89014,"9":4136.16016,"10":4135.58008,"11":4133.12988,"12":4132.18994,"13":4128.68018,"14":4128.47021,"15":4127.70996,"16":4126.16992,"17":4121.08008,"18":4119.99023,"19":4120.72021,"20":4123.0,"21":4127.25,"22":4131.29004,"23":4135.58008,"24":4137.06982,"25":4128.4502},"low":{"0":4088.86011,"1":4091.31006,"2":4099.31982,"3":4107.70996,"4":4116.43018,"5":4114.91016,"6":4131.16016,"7":4122.91016,"8":4130.08984,"9":4131.75,"10":4131.08008,"11":4130.35986,"12":4126.9502,"13":4125.68994,"14":4122.00977,"15":4124.77979,"16":4118.52002,"17":4115.7002,"18":4115.72998,"19":4114.2998,"20":4116.43018,"21":4121.14014,"22":4124.97021,"23":4125.5,"24":4127.0498,"25":4122.25},"close":{"0":4091.23999,"1":4095.12012,"2":4099.72998,"3":4110.06982,"4":4133.24023,"5":4131.68994,"6":4136.81006,"7":4130.81982,"8":4132.33008,"9":4133.5,"10":4135.06006,"11":4131.37012,"12":4132.18994,"13":4127.35986,"14":4128.2998,"15":4125.7002,"16":4125.72998,"17":4118.47998,"18":4117.31006,"19":4116.95996,"20":4119.8501,"21":4121.68018,"22":4125.08984,"23":4126.93018,"24":4132.70996,"25":4127.18018},"volume":{"0":257372743,"1":130690286,"2":111190134,"3":104865439,"4":92711871,"5":117555792,"6":65559972,"7":86438412,"8":53839101,"9":48268307,"10":51787220,"11":53559788,"12":45181346,"13":44437637,"14":47557284,"15":51461973,"16":59061374,"17":62211936,"18":61305253,"19":63898058,"20":77303399,"21":75616960,"22":84319964,"23":92893463,"24":110883533,"25":130238795}}