{"datetime":{"0":1684359900000,"1":1684359000000,"2":1684358100000,"3":1684357200000,"4":1684356300000,"5":1684355400000,"6":1684354500000,"7":1684353600000,"8":1684352700000,"9":1684351800000,"10":1684350900000,"11":1684350000000,"12":1684349100000,"13":1684348200000,"14":1684347300000,"15":1684346400000,"16":1684345500000,"17":1684344600000,"18":1684343700000,"19":1684342800000,"20":1684341900000,"21":1684341000000,"22":1684340100000,"23":1684339200000,"24":1684338300000,"25":1684337400000},"open":{"0":4155.95996,"1":4153.18018,"2":4158.25,"3":4152.20996,"4":4155.25977,"5":4158.56982,"6":4160.43994,"7":4164.06982,"8":4160.91992,"9":4158.35986,"10":4154.72998,"11":4150.72998,"12":4144.85986,"13":4135.5,"14":4132.22998,"15":4132.54004,"16":4131.89014,"17":4127.81006,"18":4125.81006,"19":4125.20996,"20":4124.66016,"21":4123.77979,"22":4119.24023,"23":4114.56982,"24":4126.43994,"25":4122.8501},"high":{"0":4161.43018,"1":4156.77002,"2":4160.64014,"3":4159.62012,"4":4157.62988,"5":4159.5,"6":4161.35986,"7":4164.41992,"8":4164.66992,"9":4161.97021,"10":4158.95996,"11":4158.43018,"12":4152.72021,"13":4144.83008,"14":4135.62012,"15":4133.52002,"16":4134.08008,"17":4132.2002,"18":4134.29004,"19":4127.12012,"20":4125.56006,"21":4125.37012,"22":4124.12012,"23":4120.83008,"24":4126.66016,"25":4130.12012},"low":{"0":4155.39014,"1":4151.64014,"2":4152.18018,"3":4151.31982,"4":4151.81982,"5":4154.62988,"6":4158.22021,"7":4157.02002,"8":4160.8501,"9":4158.25,"10":4152.47998,"11":4150.72998,"12":4144.52002,"13":4135.5,"14":4130.79004,"15":4131.37012,"16":4130.75977,"17":4126.3501,"18":4119.47998,"19":4124.0,"20":4122.24023,"21":4122.79004,"22":4118.7002,"23":4113.62012,"24":4113.62988,"25":4122.8501},"close":{"0":4158.75,"1":4155.93018,"2":4153.1499,"3":4158.27002,"4":4152.16992,"5":4155.16016,"6":4158.56006,"7":4160.43018,"8":4164.08984,"9":4160.87012,"10":4158.3501,"11":4154.72021,"12":4150.72998,"13":4144.83008,"14":4135.49023,"15":4132.25977,"16":4132.47021,"17":4131.91992,"18":4127.83984,"19":4125.81006,"20":4125.18994,"21":4124.66016,"22":4123.75,"23":4119.22998,"24":4114.33008,"25":4126.43018},"volume":{"0":229676058,"1":103842812,"2":73359308,"3":64159219,"4":56439819,"5":52135059,"6":52590772,"7":57648247,"8":58916598,"9":60085753,"10":61651404,"11":60653634,"12":62362265,"13":61803278,"14":56752692,"15":55619777,"16":59245489,"17":61090659,"18":77414584,"19":62988967,"20":76499849,"21":79494310,"22":78497434,"23":91246550,"24":107611696,"25":115348510}}