{"datetime":{"0":1673991900000,"1":1673991000000,"2":1673990100000,"3":1673989200000,"4":1673988300000,"5":1673987400000,"6":1673986500000,"7":1673985600000,"8":1673984700000,"9":1673983800000,"10":1673982900000,"11":1673982000000,"12":1673981100000,"13":1673980200000,"14":1673979300000,"15":1673978400000,"16":1673977500000,"17":1673976600000,"18":1673975700000,"19":1673974800000,"20":1673973900000,"21":1673973000000,"22":1673972100000,"23":1673971200000,"24":1673970300000,"25":1673969400000},"open":{"0":3991.86011,"1":3993.3501,"2":3993.86011,"3":3994.87988,"4":4000.03003,"5":3992.12012,"6":3995.8501,"7":4000.12988,"8":4000.53003,"9":3995.07007,"10":3994.43994,"11":3994.71997,"12":3992.93994,"13":3989.8999,"14":3993.28003,"15":3995.6499,"16":3993.77002,"17":3990.43994,"18":3987.21997,"19":3996.23999,"20":3997.53003,"21":4010.42993,"22":4010.20996,"23":3998.83008,"24":3996.69995,"25":3999.28003},"high":{"0":3991.86011,"1":3995.13989,"2":3996.12988,"3":3998.94995,"4":4000.28003,"5":4000.47998,"6":3995.92993,"7":4001.47998,"8":4001.04004,"9":4001.1499,"10":3997.18994,"11":3997.34009,"12":3996.73999,"13":3994.98999,"14":3994.15991,"15":3999.45996,"16":3996.93994,"17":3995.3501,"18":3991.12988,"19":3997.56006,"20":3999.37012,"21":4011.54004,"22":4015.38989,"23":4014.16992,"24":4004.38989,"25":4002.40991},"low":{"0":3985.19995,"1":3991.62012,"2":3991.83008,"3":3992.63989,"4":3993.56006,"5":3992.12012,"6":3990.21997,"7":3994.32007,"8":3997.98999,"9":3994.18994,"10":3993.66992,"11":3993.0,"12":3991.75,"13":3989.40991,"14":3989.03003,"15":3993.01001,"16":3992.97998,"17":3989.75,"18":3984.57007,"19":3986.02002,"20":3993.91992,"21":3992.37988,"22":4008.77002,"23":3998.83008,"24":3996.6001,"25":3989.84009},"close":{"0":3990.69995,"1":3991.8501,"2":3993.37012,"3":3993.86011,"4":3994.93994,"5":4000.08008,"6":3992.12012,"7":3995.6499,"8":4000.12012,"9":4000.5,"10":3995.07007,"11":3994.42993,"12":3994.71997,"13":3992.92993,"14":3989.87988,"15":3993.31006,"16":3995.63989,"17":3993.75,"18":3990.42993,"19":3987.22998,"20":3996.55005,"21":3997.57007,"22":4010.13989,"23":4010.09009,"24":3998.62012,"25":3996.84009},"volume":{"0":203347985,"1":91993863,"2":67813035,"3":63029894,"4":52453201,"5":52196185,"6":59051838,"7":54307322,"8":48185181,"9":49324204,"10":49374597,"11":52134261,"12":46560086,"13":46649255,"14":46886814,"15":53409899,"16":51789211,"17":59297310,"18":66756830,"19":76902351,"20":74632719,"21":93942836,"22":89917031,"23":126231643,"24":111321724,"25":145524358}}