{"datetime":{"0":1617745500000,"1":1617744600000,"2":1617743700000,"3":1617742800000,"4":1617741900000,"5":1617741000000,"6":1617740100000,"7":1617739200000,"8":1617738300000,"9":1617737400000,"10":1617736500000,"11":1617735600000,"12":1617734700000,"13":1617733800000,"14":1617732900000,"15":1617732000000,"16":1617731100000,"17":1617730200000,"18":1617729300000,"19":1617728400000,"20":1617727500000,"21":1617726600000,"22":1617725700000,"23":1617724800000,"24":1617723900000,"25":1617723000000},"open":{"0":4072.6001,"1":4076.94995,"2":4075.42993,"3":4079.8999,"4":4079.70996,"5":4080.8999,"6":4081.41992,"7":4080.5,"8":4079.1001,"9":4074.3999,"10":4077.57007,"11":4082.1001,"12":4081.81006,"13":4082.77002,"14":4084.17993,"15":4085.72998,"16":4085.6001,"17":4082.8999,"18":4084.3999,"19":4081.03003,"20":4080.87012,"21":4082.6499,"22":4081.97998,"23":4082.12988,"24":4076.77002,"25":4075.57007},"high":{"0":4075.1001,"1":4077.43994,"2":4078.6001,"3":4081.1001,"4":4082.3999,"5":4081.6001,"6":4081.6001,"7":4082.3999,"8":4080.6001,"9":4080.1001,"10":4079.3999,"11":4082.37988,"12":4082.6001,"13":4083.1001,"14":4086.1001,"15":4086.1001,"16":4086.1001,"17":4085.6001,"18":4085.1001,"19":4084.1001,"20":4083.8999,"21":4083.8999,"22":4085.6001,"23":4084.07007,"24":4082.97998,"25":4076.83008},"low":{"0":4068.18994,"1":4071.96997,"2":4073.68994,"3":4073.44995,"4":4078.72998,"5":4076.69995,"6":4079.8999,"7":4079.22998,"8":4078.66992,"9":4073.02002,"10":4072.56006,"11":4077.07007,"12":4080.58008,"13":4080.33008,"14":4082.65991,"15":4083.8999,"16":4085.21997,"17":4080.96997,"18":4081.62988,"19":4079.04004,"20":4079.82007,"21":4079.62988,"22":4080.94995,"23":4080.02002,"24":4075.61011,"25":4069.61011},"close":{"0":4075.1001,"1":4071.96997,"2":4076.44995,"3":4075.17993,"4":4079.65991,"5":4080.3999,"6":4081.1001,"7":4081.6001,"8":4080.3999,"9":4079.3999,"10":4074.6001,"11":4077.82007,"12":4082.19995,"13":4081.8999,"14":4082.8999,"15":4084.31006,"16":4085.71997,"17":4084.93994,"18":4082.93994,"19":4084.1001,"20":4082.03003,"21":4080.8999,"22":4083.1499,"23":4081.92993,"24":4081.86011,"25":4076.83008},"volume":{"0":0,"1":0,"2":0,"3":0,"4":0,"5":0,"6":0,"7":0,"8":0,"9":0,"10":0,"11":0,"12":0,"13":0,"14":0,"15":0,"16":0,"17":0,"18":0,"19":0,"20":0,"21":0,"22":66302364,"23":89548544,"24":104780819,"25":1139609411}}