{"datetime":{"0":1661291100000,"1":1661290200000,"2":1661289300000,"3":1661288400000,"4":1661287500000,"5":1661286600000,"6":1661285700000,"7":1661284800000,"8":1661283900000,"9":1661283000000,"10":1661282100000,"11":1661281200000,"12":1661280300000,"13":1661279400000,"14":1661278500000,"15":1661277600000,"16":1661276700000,"17":1661275800000,"18":1661274900000,"19":1661274000000,"20":1661273100000,"21":1661272200000,"22":1661271300000,"23":1661270400000,"24":1661269500000,"25":1661268600000},"open":{"0":4135.77002,"1":4136.66016,"2":4135.6001,"3":4134.02002,"4":4136.37988,"5":4136.62012,"6":4130.97021,"7":4130.6499,"8":4134.68994,"9":4139.27002,"10":4134.97021,"11":4136.97998,"12":4135.1001,"13":4124.41016,"14":4133.31006,"15":4135.41016,"16":4135.77002,"17":4134.06982,"18":4135.91016,"19":4134.8501,"20":4145.56982,"21":4146.68018,"22":4157.77002,"23":4144.49023,"24":4129.87988,"25":4133.08984},"high":{"0":4135.77002,"1":4137.56982,"2":4140.35986,"3":4139.22998,"4":4136.37988,"5":4138.12988,"6":4137.70996,"7":4132.4502,"8":4135.1001,"9":4141.37988,"10":4140.12012,"11":4138.37012,"12":4137.62012,"13":4135.7998,"14":4133.33008,"15":4135.72998,"16":4140.08008,"17":4140.91016,"18":4141.0,"19":4136.25977,"20":4149.22998,"21":4154.6499,"22":4159.18994,"23":4159.77002,"24":4150.77002,"25":4144.9502},"low":{"0":4127.3501,"1":4132.24023,"2":4135.14014,"3":4134.0,"4":4130.93994,"5":4133.25,"6":4130.91992,"7":4128.20996,"8":4127.08984,"9":4134.24023,"10":4131.70996,"11":4130.62988,"12":4132.5498,"13":4124.22021,"14":4124.02979,"15":4129.87012,"16":4133.08984,"17":4133.43994,"18":4134.02979,"19":4126.91016,"20":4134.24023,"21":4141.66016,"22":4146.72021,"23":4140.47998,"24":4129.87988,"25":4129.95996},"close":{"0":4127.77002,"1":4135.75977,"2":4136.62988,"3":4135.60986,"4":4134.06982,"5":4136.3999,"6":4136.64014,"7":4130.95996,"8":4130.66992,"9":4134.68018,"10":4139.27979,"11":4134.93018,"12":4136.95996,"13":4135.18994,"14":4124.5,"15":4133.24023,"16":4135.3999,"17":4135.77002,"18":4134.12988,"19":4135.75,"20":4134.83008,"21":4145.5,"22":4146.72021,"23":4158.0,"24":4144.62012,"25":4129.95996},"volume":{"0":155813130,"1":71571498,"2":48985610,"3":46784261,"4":40792165,"5":39980261,"6":38674621,"7":38679015,"8":42007299,"9":38197632,"10":43264437,"11":41199841,"12":41584553,"13":41410820,"14":44466933,"15":44379734,"16":44025819,"17":49635579,"18":54133774,"19":63049786,"20":61618647,"21":481346141,"22":72562152,"23":83130924,"24":84755626,"25":97141329}}