{"datetime":{"0":1662587100000,"1":1662586200000,"2":1662585300000,"3":1662584400000,"4":1662583500000,"5":1662582600000,"6":1662581700000,"7":1662580800000,"8":1662579900000,"9":1662579000000,"10":1662578100000,"11":1662577200000,"12":1662576300000,"13":1662575400000,"14":1662574500000,"15":1662573600000,"16":1662572700000,"17":1662571800000,"18":1662570900000,"19":1662570000000,"20":1662569100000,"21":1662568200000,"22":1662567300000,"23":1662566400000,"24":1662565500000,"25":1662564600000},"open":{"0":3981.95996,"1":3987.56006,"2":3982.83008,"3":3980.17993,"4":3976.8999,"5":3973.66992,"6":3972.31006,"7":3966.77002,"8":3964.46997,"9":3949.1499,"10":3953.20996,"11":3949.28003,"12":3950.59009,"13":3937.15991,"14":3940.65991,"15":3942.37988,"16":3938.26001,"17":3941.54004,"18":3944.44995,"19":3930.46997,"20":3927.51001,"21":3925.65991,"22":3913.62012,"23":3920.25,"24":3926.11011,"25":3909.42993},"high":{"0":3987.70996,"1":3987.56006,"2":3987.52002,"3":3984.05005,"4":3981.21997,"5":3979.26001,"6":3973.6001,"7":3977.78003,"8":3968.05005,"9":3964.6001,"10":3954.76001,"11":3955.79004,"12":3952.28003,"13":3952.87988,"14":3941.01001,"15":3944.87012,"16":3946.75,"17":3945.11011,"18":3945.93994,"19":3947.0,"20":3933.29004,"21":3935.96997,"22":3926.20996,"23":3925.1499,"24":3929.25,"25":3928.3501},"low":{"0":3976.91992,"1":3978.66992,"2":3978.93994,"3":3978.09009,"4":3975.06006,"5":3971.37012,"6":3964.75,"7":3966.22998,"8":3962.28003,"9":3949.07007,"10":3948.31006,"11":3948.83008,"12":3945.81006,"13":3933.62988,"14":3931.45996,"15":3938.84009,"16":3938.18994,"17":3937.28003,"18":3941.45996,"19":3926.46997,"20":3925.26001,"21":3924.48999,"22":3911.02002,"23":3912.06006,"24":3918.37988,"25":3906.03003},"close":{"0":3980.02002,"1":3981.92993,"2":3987.52002,"3":3982.79004,"4":3980.19995,"5":3976.93994,"6":3973.6001,"7":3972.32007,"8":3966.51001,"9":3964.43994,"10":3949.11011,"11":3953.05005,"12":3949.25,"13":3950.3501,"14":3937.09009,"15":3940.54004,"16":3942.3999,"17":3938.37988,"18":3941.55005,"19":3944.51001,"20":3930.52002,"21":3927.36011,"22":3925.46997,"23":3913.77002,"24":3920.53003,"25":3924.94995},"volume":{"0":224873703,"1":91132411,"2":72593688,"3":1459167993,"4":1384134249,"5":59874379,"6":46932231,"7":57965062,"8":54629468,"9":52769783,"10":42705165,"11":44982048,"12":966744719,"13":1800523170,"14":48844406,"15":48809094,"16":45963714,"17":49798434,"18":60413428,"19":67115174,"20":60821239,"21":74942557,"22":71440351,"23":405351800,"24":94604121,"25":107769886}}