{"datetime":{"0":1657575900000,"1":1657575000000,"2":1657574100000,"3":1657573200000,"4":1657572300000,"5":1657571400000,"6":1657570500000,"7":1657569600000,"8":1657568700000,"9":1657567800000,"10":1657566900000,"11":1657566000000,"12":1657565100000,"13":1657564200000,"14":1657563300000,"15":1657562400000,"16":1657561500000,"17":1657560600000,"18":1657559700000,"19":1657558800000,"20":1657557900000,"21":1657557000000,"22":1657556100000,"23":1657555200000,"24":1657554300000,"25":1657553400000},"open":{"0":3850.96997,"1":3854.6001,"2":3854.3999,"3":3858.58008,"4":3867.98999,"5":3865.3501,"6":3866.63989,"7":3876.63989,"8":3877.52002,"9":3873.6499,"10":3871.45996,"11":3862.19995,"12":3861.0,"13":3858.79004,"14":3859.40991,"15":3857.73999,"16":3858.79004,"17":3862.73999,"18":3861.13989,"19":3853.62012,"20":3862.86011,"21":3854.6499,"22":3857.04004,"23":3858.55005,"24":3858.05005,"25":3880.93994},"high":{"0":3854.79004,"1":3857.0,"2":3855.43994,"3":3859.42993,"4":3868.96997,"5":3868.58008,"6":3868.02002,"7":3876.86011,"8":3879.80005,"9":3880.05005,"10":3874.12012,"11":3873.23999,"12":3863.01001,"13":3864.1001,"14":3861.11011,"15":3860.29004,"16":3859.5,"17":3864.95996,"18":3864.25,"19":3864.06006,"20":3864.62988,"21":3866.63989,"22":3861.31006,"23":3861.59009,"24":3860.20996,"25":3880.93994},"low":{"0":3847.21997,"1":3850.90991,"2":3851.05005,"3":3852.42993,"4":3858.72998,"5":3862.93994,"6":3864.38989,"7":3866.25,"8":3875.62988,"9":3873.34009,"10":3870.28003,"11":3861.33008,"12":3856.88989,"13":3857.40991,"14":3855.06006,"15":3854.94995,"16":3853.0,"17":3856.0,"18":3857.8999,"19":3853.12012,"20":3853.71997,"21":3854.15991,"22":3848.80005,"23":3851.27002,"24":3849.17993,"25":3853.66992},"close":{"0":3854.79004,"1":3851.01001,"2":3854.59009,"3":3854.37988,"4":3858.72998,"5":3867.96997,"6":3865.3501,"7":3866.67993,"8":3876.54004,"9":3877.5,"10":3873.70996,"11":3871.47998,"12":3862.20996,"13":3860.88989,"14":3858.83008,"15":3859.40991,"16":3857.66992,"17":3857.76001,"18":3862.56006,"19":3861.1001,"20":3853.71997,"21":3862.71997,"22":3854.58008,"23":3857.31006,"24":3858.55005,"25":3858.06006},"volume":{"0":176470503,"1":77754230,"2":55059879,"3":54256945,"4":39929955,"5":36039582,"6":36518078,"7":41548424,"8":33001470,"9":41099300,"10":35541557,"11":43059756,"12":37419434,"13":36823415,"14":35535328,"15":39259329,"16":38399572,"17":47731671,"18":47352928,"19":53865847,"20":54742379,"21":60467035,"22":60238997,"23":90084280,"24":95847454,"25":111723415}}