{"datetime":{"0":1604699100000,"1":1604698200000,"2":1604697300000,"3":1604696400000,"4":1604695500000,"5":1604694600000,"6":1604693700000,"7":1604692800000,"8":1604691900000,"9":1604691000000,"10":1604690100000,"11":1604689200000,"12":1604688300000,"13":1604687400000,"14":1604686500000,"15":1604685600000,"16":1604684700000,"17":1604683800000,"18":1604682900000,"19":1604682000000,"20":1604681100000,"21":1604680200000,"22":1604679300000,"23":1604678400000,"24":1604676600000},"open":{"0":3515.84009,"1":3506.69995,"2":3504.32007,"3":3506.32007,"4":3506.33008,"5":3511.61011,"6":3512.97998,"7":3511.30005,"8":3510.95996,"9":3513.6499,"10":3512.48999,"11":3507.87012,"12":3507.34009,"13":3504.8501,"14":3508.30005,"15":3510.62012,"16":3510.41992,"17":3506.59009,"18":3504.8999,"19":3495.15991,"20":3504.5,"21":3505.32007,"22":3501.11011,"23":3489.13989,"24":3508.34009},"high":{"0":3521.58008,"1":3516.06006,"2":3507.33008,"3":3506.32007,"4":3507.5,"5":3513.8501,"6":3513.93994,"7":3513.30005,"8":3512.92993,"9":3514.48999,"10":3514.61011,"11":3513.15991,"12":3509.8999,"13":3508.70996,"14":3508.62012,"15":3514.37988,"16":3514.69995,"17":3511.36011,"18":3508.36011,"19":3512.03003,"20":3511.32007,"21":3505.61011,"22":3507.6499,"23":3502.17993,"24":3509.54004},"low":{"0":3506.3999,"1":3505.5,"2":3499.29004,"3":3499.75,"4":3504.41992,"5":3506.29004,"6":3510.30005,"7":3509.61011,"8":3510.03003,"9":3510.88989,"10":3510.40991,"11":3507.73999,"12":3504.65991,"13":3502.23999,"14":3503.65991,"15":3507.26001,"16":3506.44995,"17":3505.52002,"18":3501.47998,"19":3494.06006,"20":3492.75,"21":3500.20996,"22":3500.25,"23":3488.02002,"24":3492.07007},"close":{"0":3509.5,"1":3515.80005,"2":3506.68994,"3":3504.28003,"4":3506.37012,"5":3506.29004,"6":3511.62012,"7":3513.01001,"8":3511.28003,"9":3510.94995,"10":3513.70996,"11":3512.48999,"12":3507.8501,"13":3507.36011,"14":3504.80005,"15":3508.27002,"16":3510.59009,"17":3510.3999,"18":3506.26001,"19":3504.8999,"20":3494.93994,"21":3504.47998,"22":3505.37988,"23":3501.1001,"24":3492.19995},"volume":{"0":233214672,"1":94257891,"2":71885161,"3":64822758,"4":52395940,"5":52992507,"6":50943325,"7":49594491,"8":45765910,"9":45885289,"10":48299717,"11":51722844,"12":51709534,"13":50483579,"14":49093350,"15":53228826,"16":55675905,"17":56535434,"18":66811147,"19":78336857,"20":87174337,"21":67317657,"22":75783614,"23":82929648,"24":60784497}}