{"datetime":{"0":1603230300000,"1":1603229400000,"2":1603228500000,"3":1603227600000,"4":1603226700000,"5":1603225800000,"6":1603224900000,"7":1603224000000,"8":1603223100000,"9":1603222200000,"10":1603221300000,"11":1603220400000,"12":1603219500000,"13":1603218600000,"14":1603217700000,"15":1603216800000,"16":1603215900000,"17":1603215000000,"18":1603214100000,"19":1603213200000,"20":1603212300000,"21":1603211400000,"22":1603210500000,"23":1603209600000,"24":1603208700000,"25":1603207800000},"open":{"0":3455.76001,"1":3451.40991,"2":3443.87988,"3":3459.45996,"4":3465.84009,"5":3464.31006,"6":3469.06006,"7":3466.32007,"8":3474.25,"9":3472.86011,"10":3465.76001,"11":3459.3999,"12":3462.78003,"13":3450.12988,"14":3451.3999,"15":3450.54004,"16":3445.45996,"17":3444.81006,"18":3442.40991,"19":3444.67993,"20":3453.23999,"21":3451.86011,"22":3457.34009,"23":3457.65991,"24":3449.78003,"25":3439.37988},"high":{"0":3455.76001,"1":3457.21997,"2":3452.18994,"3":3464.1001,"4":3465.8999,"5":3467.58008,"6":3471.42993,"7":3469.07007,"8":3476.92993,"9":3476.90991,"10":3474.34009,"11":3467.0,"12":3463.34009,"13":3465.44995,"14":3453.5,"15":3454.19995,"16":3450.58008,"17":3445.91992,"18":3448.02002,"19":3444.87012,"20":3455.13989,"21":3454.78003,"22":3461.04004,"23":3460.27002,"24":3457.25,"25":3451.13989},"low":{"0":3443.01001,"1":3440.98999,"2":3436.44995,"3":3439.31006,"4":3459.05005,"5":3463.12988,"6":3464.33008,"7":3461.12012,"8":3463.67993,"9":3472.42993,"10":3465.76001,"11":3459.0,"12":3455.67993,"13":3449.57007,"14":3450.13989,"15":3450.13989,"16":3445.22998,"17":3441.72998,"18":3441.18994,"19":3435.6499,"20":3446.55005,"21":3450.28003,"22":3449.17993,"23":3454.28003,"24":3444.6001,"25":3439.37988},"close":{"0":3443.01001,"1":3455.77002,"2":3451.63989,"3":3443.92993,"4":3459.47998,"5":3465.84009,"6":3464.33008,"7":3469.05005,"8":3466.32007,"9":3474.19995,"10":3472.87012,"11":3465.76001,"12":3459.34009,"13":3462.78003,"14":3450.13989,"15":3451.37012,"16":3450.52002,"17":3445.5,"18":3444.8501,"19":3442.38989,"20":3446.55005,"21":3453.16992,"22":3451.79004,"23":3457.23999,"24":3457.25,"25":3449.80005},"volume":{"0":209553926,"1":92343648,"2":81842552,"3":85743012,"4":49012605,"5":52444837,"6":48916821,"7":54679653,"8":51430023,"9":53741102,"10":54725192,"11":57021868,"12":54014374,"13":71569222,"14":42640961,"15":45246323,"16":50776652,"17":57008928,"18":59331570,"19":73662791,"20":71027462,"21":71888442,"22":74576233,"23":83425456,"24":93203877,"25":111920924}}