{"datetime":{"0":1649972700000,"1":1649971800000,"2":1649970900000,"3":1649970000000,"4":1649969100000,"5":1649968200000,"6":1649967300000,"7":1649966400000},"open":{"0":4404.58008,"1":4405.91992,"2":4405.1001,"3":4407.0498,"4":4418.43018,"5":4422.70996,"6":4427.3501,"7":4430.02979},"high":{"0":4405.2002,"1":4406.20996,"2":4412.74023,"3":4410.04004,"4":4419.85986,"5":4424.31006,"6":4428.81982,"7":4431.31982},"low":{"0":4390.77002,"1":4398.93994,"2":4404.95996,"3":4402.77979,"4":4407.1001,"5":4416.58984,"6":4418.58008,"7":4425.72998},"close":{"0":4392.43994,"1":4404.54004,"2":4405.83984,"3":4405.16992,"4":4407.10986,"5":4418.49023,"6":4422.70996,"7":4427.31006},"volume":{"0":189403412,"1":100871429,"2":68246105,"3":63470015,"4":59411781,"5":47536999,"6":48731086,"7":36175801}}