{"datetime":{"0":1618868700000,"1":1618867800000,"2":1618866900000,"3":1618866000000,"4":1618865100000,"5":1618864200000,"6":1618863300000,"7":1618862400000,"8":1618861500000,"9":1618860600000,"10":1618859700000,"11":1618858800000,"12":1618857900000,"13":1618857000000,"14":1618856100000,"15":1618855200000,"16":1618854300000,"17":1618853400000,"18":1618852500000,"19":1618851600000,"20":1618850700000,"21":1618849800000,"22":1618848900000,"23":1618848000000,"24":1618847100000,"25":1618846200000},"open":{"0":4161.43018,"1":4155.64014,"2":4159.1001,"3":4163.02979,"4":4159.75,"5":4162.7998,"6":4159.64014,"7":4159.1001,"8":4160.22021,"9":4159.1001,"10":4160.6001,"11":4154.47998,"12":4152.7998,"13":4158.12012,"14":4160.6001,"15":4161.1001,"16":4158.1001,"17":4169.6001,"18":4167.6001,"19":4165.7998,"20":4165.25977,"21":4170.43018,"22":4166.6001,"23":4178.52979,"24":4178.33008,"25":4175.6001},"high":{"0":4164.2998,"1":4161.7998,"2":4160.1001,"3":4164.6001,"4":4163.6001,"5":4163.2998,"6":4163.6001,"7":4161.6001,"8":4161.6001,"9":4163.2998,"10":4161.7998,"11":4160.7998,"12":4156.72021,"13":4158.7998,"14":4165.2998,"15":4164.2998,"16":4166.2998,"17":4169.6001,"18":4169.6001,"19":4167.6499,"20":4167.1001,"21":4172.95996,"22":4172.6001,"23":4179.1001,"24":4180.02002,"25":4179.41016},"low":{"0":4156.0498,"1":4153.85986,"2":4154.68994,"3":4157.4502,"4":4158.49023,"5":4156.29004,"6":4159.39014,"7":4156.4502,"8":4157.7002,"9":4156.7998,"10":4158.04004,"11":4153.24023,"12":4150.54004,"13":4150.7998,"14":4155.16016,"15":4155.62988,"16":4155.2998,"17":4157.7998,"18":4163.91016,"19":4161.6001,"20":4156.52979,"21":4165.1001,"22":4164.08984,"23":4163.37988,"24":4177.2998,"25":4174.6001},"close":{"0":4164.2998,"1":4160.7998,"2":4156.1001,"3":4158.68994,"4":4163.27979,"5":4160.0,"6":4162.7998,"7":4159.39014,"8":4159.6001,"9":4160.47021,"10":4158.6001,"11":4160.2998,"12":4154.72998,"13":4153.6001,"14":4158.1001,"15":4160.06982,"16":4161.2998,"17":4157.7998,"18":4169.06982,"19":4167.2998,"20":4166.1001,"21":4165.75977,"22":4170.68018,"23":4166.7998,"24":4178.77979,"25":4178.08008},"volume":{"0":0,"1":0,"2":0,"3":0,"4":0,"5":0,"6":0,"7":0,"8":0,"9":0,"10":0,"11":0,"12":0,"13":0,"14":0,"15":0,"16":0,"17":0,"18":0,"19":0,"20":0,"21":0,"22":0,"23":0,"24":0,"25":0}}