{"datetime":{"0":1675115100000,"1":1675114200000,"2":1675113300000,"3":1675112400000,"4":1675111500000,"5":1675110600000,"6":1675109700000,"7":1675108800000,"8":1675107900000,"9":1675107000000,"10":1675106100000,"11":1675105200000,"12":1675104300000,"13":1675103400000,"14":1675102500000,"15":1675101600000,"16":1675100700000,"17":1675099800000,"18":1675098900000,"19":1675098000000,"20":1675097100000,"21":1675096200000,"22":1675095300000,"23":1675094400000,"24":1675093500000,"25":1675092600000},"open":{"0":4024.45996,"1":4019.20996,"2":4021.70996,"3":4025.58008,"4":4026.92993,"5":4027.15991,"6":4032.08008,"7":4034.45996,"8":4032.31006,"9":4038.71997,"10":4034.30005,"11":4033.6499,"12":4038.83008,"13":4040.98999,"14":4045.95996,"15":4044.1499,"16":4040.36011,"17":4045.07007,"18":4046.22998,"19":4041.68994,"20":4035.86011,"21":4050.8501,"22":4058.33008,"23":4056.32007,"24":4048.73999,"25":4049.27002},"high":{"0":4025.87988,"1":4027.56006,"2":4022.3999,"3":4029.80005,"4":4027.75,"5":4030.66992,"6":4032.18994,"7":4036.37012,"8":4034.82007,"9":4038.71997,"10":4042.32007,"11":4035.5,"12":4038.83008,"13":4041.54004,"14":4045.95996,"15":4046.01001,"16":4044.3999,"17":4047.93994,"18":4050.59009,"19":4049.09009,"20":4042.38989,"21":4050.94995,"22":4059.37012,"23":4063.8501,"24":4058.6001,"25":4050.88989},"low":{"0":4015.55005,"1":4017.6001,"2":4018.16992,"3":4021.79004,"4":4021.78003,"5":4025.42993,"6":4026.78003,"7":4030.1499,"8":4029.92993,"9":4029.69995,"10":4032.87012,"11":4029.78003,"12":4031.97998,"13":4037.84009,"14":4035.6001,"15":4042.65991,"16":4033.1001,"17":4039.96997,"18":4039.84009,"19":4038.84009,"20":4031.47998,"21":4034.81006,"22":4044.83008,"23":4054.96997,"24":4046.37012,"25":4042.09009},"close":{"0":4018.12988,"1":4024.62988,"2":4019.20996,"3":4021.79004,"4":4025.56006,"5":4026.94995,"6":4027.12012,"7":4032.12988,"8":4034.41992,"9":4032.28003,"10":4038.70996,"11":4034.30005,"12":4033.66992,"13":4038.76001,"14":4041.01001,"15":4045.92993,"16":4044.06006,"17":4040.25,"18":4045.04004,"19":4046.28003,"20":4042.38989,"21":4035.97998,"22":4050.82007,"23":4058.18994,"24":4056.23999,"25":4048.77002},"volume":{"0":243036627,"1":97598454,"2":77038083,"3":67126481,"4":55742340,"5":52288442,"6":48863777,"7":47468723,"8":48442896,"9":49231185,"10":50849056,"11":47409728,"12":49498060,"13":46513220,"14":52878710,"15":49358639,"16":56664950,"17":59533126,"18":70771102,"19":71156788,"20":85462942,"21":83058093,"22":93452335,"23":87630384,"24":99994460,"25":119762171}}