{"datetime":{"0":1613598300000,"1":1613597400000,"2":1613596500000,"3":1613595600000,"4":1613594700000,"5":1613593800000,"6":1613592900000,"7":1613592000000,"8":1613591100000,"9":1613590200000,"10":1613589300000,"11":1613588400000,"12":1613587500000,"13":1613586600000,"14":1613585700000,"15":1613584800000,"16":1613583900000,"17":1613583000000,"18":1613582100000,"19":1613581200000,"20":1613580300000,"21":1613579400000,"22":1613578500000,"23":1613577600000,"24":1613576700000,"25":1613575800000},"open":{"0":3930.19995,"1":3928.98999,"2":3927.82007,"3":3926.07007,"4":3924.37988,"5":3921.1001,"6":3925.93994,"7":3920.68994,"8":3921.70996,"9":3922.80005,"10":3921.05005,"11":3917.88989,"12":3918.79004,"13":3916.32007,"14":3912.07007,"15":3912.87988,"16":3906.11011,"17":3908.79004,"18":3909.20996,"19":3919.67993,"20":3911.95996,"21":3912.38989,"22":3917.67993,"23":3917.42993,"24":3912.58008,"25":3918.5},"high":{"0":3933.61011,"1":3932.66992,"2":3931.02002,"3":3928.8501,"4":3927.25,"5":3924.37012,"6":3926.42993,"7":3928.31006,"8":3923.22998,"9":3923.02002,"10":3923.22998,"11":3923.1001,"12":3920.65991,"13":3918.80005,"14":3916.3501,"15":3914.6499,"16":3913.81006,"17":3910.46997,"18":3910.15991,"19":3920.28003,"20":3920.88989,"21":3916.17993,"22":3919.21997,"23":3924.20996,"24":3923.52002,"25":3918.5},"low":{"0":3929.8999,"1":3927.6001,"2":3927.30005,"3":3925.48999,"4":3924.36011,"5":3920.40991,"6":3920.69995,"7":3920.68994,"8":3919.78003,"9":3920.51001,"10":3918.83008,"11":3917.41992,"12":3917.66992,"13":3915.55005,"14":3911.36011,"15":3911.19995,"16":3904.65991,"17":3902.93994,"18":3903.45996,"19":3908.77002,"20":3909.97998,"21":3908.91992,"22":3910.03003,"23":3915.8999,"24":3910.84009,"25":3900.42993},"close":{"0":3931.55005,"1":3930.23999,"2":3929.02002,"3":3927.77002,"4":3926.08008,"5":3924.37012,"6":3921.05005,"7":3925.92993,"8":3920.62988,"9":3921.72998,"10":3922.8501,"11":3921.03003,"12":3917.8999,"13":3918.80005,"14":3916.23999,"15":3911.92993,"16":3912.8501,"17":3906.17993,"18":3908.76001,"19":3909.22998,"20":3919.73999,"21":3911.92993,"22":3912.45996,"23":3917.78003,"24":3917.73999,"25":3912.55005},"volume":{"0":1909311290,"1":75970811,"2":59274902,"3":48192187,"4":1534973420,"5":45020258,"6":43666460,"7":40620337,"8":47422383,"9":40761759,"10":50900254,"11":1251292528,"12":39839310,"13":48844087,"14":54267856,"15":50818238,"16":61554208,"17":68057483,"18":81704362,"19":75199321,"20":696436080,"21":107640895,"22":84318994,"23":93190047,"24":319014977,"25":124788918}}