{"datetime":{"0":1648068300000,"1":1648067400000,"2":1648066500000,"3":1648065600000,"4":1648064700000,"5":1648063800000,"6":1648062900000,"7":1648062000000,"8":1648061100000,"9":1648060200000,"10":1648059300000,"11":1648058400000,"12":1648057500000,"13":1648056600000,"14":1648055700000,"15":1648054800000,"16":1648053900000,"17":1648053000000,"18":1648052100000,"19":1648051200000,"20":1648050300000,"21":1648049400000,"22":1648048500000,"23":1648047600000,"24":1648046700000,"25":1648045800000},"open":{"0":4471.43018,"1":4473.97021,"2":4468.49023,"3":4470.43994,"4":4474.37988,"5":4475.56982,"6":4465.81006,"7":4474.16992,"8":4466.25,"9":4467.2998,"10":4482.47021,"11":4484.85986,"12":4480.95996,"13":4489.97998,"14":4484.66016,"15":4494.4502,"16":4494.06982,"17":4497.10986,"18":4493.60986,"19":4488.60986,"20":4487.77979,"21":4491.93994,"22":4491.20996,"23":4477.68018,"24":4481.81982,"25":4493.1001},"high":{"0":4474.60986,"1":4475.47021,"2":4474.52979,"3":4475.7998,"4":4479.43994,"5":4476.18994,"6":4475.27002,"7":4474.89014,"8":4474.74023,"9":4472.02002,"10":4483.08008,"11":4485.58008,"12":4485.56982,"13":4492.77002,"14":4491.22998,"15":4501.06982,"16":4495.50977,"17":4497.41016,"18":4498.00977,"19":4495.02979,"20":4489.83984,"21":4496.24023,"22":4495.47998,"23":4491.04004,"24":4484.4502,"25":4493.1001},"low":{"0":4455.81006,"1":4462.83008,"2":4466.24023,"3":4467.39014,"4":4470.3999,"5":4469.04004,"6":4464.41992,"7":4465.56006,"8":4464.66992,"9":4465.6499,"10":4466.56982,"11":4479.52002,"12":4478.81982,"13":4481.0498,"14":4484.66016,"15":4481.04004,"16":4491.22998,"17":4490.81982,"18":4491.25977,"19":4488.60986,"20":4482.9502,"21":4487.06006,"22":4488.6001,"23":4473.95996,"24":4473.49023,"25":4478.43018},"close":{"0":4456.18018,"1":4471.41992,"2":4473.97021,"3":4468.45996,"4":4470.3999,"5":4474.41992,"6":4475.20996,"7":4465.97998,"8":4474.14014,"9":4466.27002,"10":4467.31982,"11":4482.52979,"12":4485.0498,"13":4481.27002,"14":4490.00977,"15":4484.66016,"16":4494.47998,"17":4494.06006,"18":4497.06006,"19":4493.62988,"20":4488.22998,"21":4487.7998,"22":4491.9502,"23":4491.04004,"24":4477.52979,"25":4481.81982},"volume":{"0":1832021312,"1":91846866,"2":67451324,"3":55168903,"4":1400328648,"5":47336507,"6":55498506,"7":52601910,"8":1192312838,"9":53452415,"10":60276905,"11":46782248,"12":982188980,"13":48868854,"14":49762998,"15":62761845,"16":53371703,"17":58303771,"18":58547931,"19":56865535,"20":62429739,"21":66772080,"22":75669959,"23":83149926,"24":92490937,"25":117141682}}