{"datetime":{"0":1666820700000,"1":1666819800000,"2":1666818900000,"3":1666818000000,"4":1666817100000,"5":1666816200000,"6":1666815300000,"7":1666814400000,"8":1666813500000,"9":1666812600000,"10":1666811700000,"11":1666810800000,"12":1666809900000,"13":1666809000000,"14":1666808100000,"15":1666807200000,"16":1666806300000,"17":1666805400000,"18":1666804500000,"19":1666803600000,"20":1666802700000,"21":1666801800000,"22":1666800900000,"23":1666800000000,"24":1666799100000,"25":1666798200000},"open":{"0":3838.59009,"1":3833.38989,"2":3831.66992,"3":3833.95996,"4":3832.6499,"5":3837.91992,"6":3850.38989,"7":3848.23999,"8":3845.80005,"9":3842.22998,"10":3849.61011,"11":3853.67993,"12":3867.57007,"13":3872.83008,"14":3875.73999,"15":3878.31006,"16":3883.27002,"17":3879.28003,"18":3879.87012,"19":3860.6499,"20":3865.68994,"21":3857.75,"22":3848.46997,"23":3827.12012,"24":3828.82007,"25":3825.96997},"high":{"0":3840.28003,"1":3838.83008,"2":3836.37012,"3":3833.95996,"4":3836.12012,"5":3842.21997,"6":3850.43994,"7":3853.40991,"8":3849.34009,"9":3846.83008,"10":3851.69995,"11":3854.52002,"12":3868.79004,"13":3877.70996,"14":3878.87988,"15":3882.57007,"16":3883.27002,"17":3886.1499,"18":3881.69995,"19":3880.34009,"20":3869.77002,"21":3865.8999,"22":3859.11011,"23":3851.75,"24":3839.87012,"25":3841.09009},"low":{"0":3827.91992,"1":3830.8501,"2":3829.70996,"3":3825.67993,"4":3830.42993,"5":3832.6499,"6":3837.42993,"7":3847.22998,"8":3842.42993,"9":3837.92993,"10":3841.88989,"11":3847.56006,"12":3851.61011,"13":3867.44995,"14":3871.62988,"15":3875.26001,"16":3875.65991,"17":3879.28003,"18":3877.25,"19":3860.6499,"20":3860.61011,"21":3851.87988,"22":3845.56006,"23":3827.12012,"24":3825.81006,"25":3824.07007},"close":{"0":3830.62012,"1":3838.55005,"2":3833.32007,"3":3831.63989,"4":3834.37988,"5":3832.6499,"6":3837.83008,"7":3850.40991,"8":3848.33008,"9":3845.83008,"10":3842.03003,"11":3849.59009,"12":3853.6499,"13":3867.44995,"14":3872.87012,"15":3875.73999,"16":3878.31006,"17":3883.46997,"18":3879.23999,"19":3879.78003,"20":3860.68994,"21":3865.83008,"22":3857.20996,"23":3848.46997,"24":3826.98999,"25":3829.01001},"volume":{"0":222104901,"1":120626240,"2":90414042,"3":73148839,"4":67675739,"5":1920287823,"6":66131938,"7":57210052,"8":57317776,"9":70896358,"10":69139886,"11":1538913401,"12":1474712653,"13":60962610,"14":59915429,"15":65769177,"16":76099429,"17":68115416,"18":83450659,"19":88710190,"20":98625304,"21":106481460,"22":102122662,"23":134778866,"24":148701981,"25":214039312}}