{"datetime":{"0":1598391900000,"1":1598391000000,"2":1598390100000,"3":1598389200000,"4":1598388300000,"5":1598387400000,"6":1598386500000,"7":1598385600000,"8":1598384700000,"9":1598383800000,"10":1598382900000,"11":1598382000000,"12":1598381100000,"13":1598380200000,"14":1598379300000,"15":1598378400000,"16":1598377500000,"17":1598376600000,"18":1598375700000,"19":1598374800000,"20":1598373900000,"21":1598373000000,"22":1598372100000,"23":1598371200000,"24":1598370300000,"25":1598369400000},"open":{"0":3441.73999,"1":3443.11011,"2":3440.63989,"3":3439.94995,"4":3438.18994,"5":3438.71997,"6":3436.57007,"7":3434.66992,"8":3436.20996,"9":3435.73999,"10":3433.90991,"11":3433.21997,"12":3433.63989,"13":3431.33008,"14":3427.03003,"15":3429.82007,"16":3427.58008,"17":3433.73999,"18":3436.15991,"19":3430.05005,"20":3429.47998,"21":3430.29004,"22":3429.12988,"23":3436.38989,"24":3433.62012,"25":3435.94995},"high":{"0":3444.20996,"1":3443.91992,"2":3443.32007,"3":3441.23999,"4":3440.53003,"5":3439.76001,"6":3438.82007,"7":3437.6001,"8":3436.37988,"9":3436.57007,"10":3436.20996,"11":3434.28003,"12":3434.20996,"13":3434.16992,"14":3432.71997,"15":3430.82007,"16":3430.61011,"17":3434.16992,"18":3436.15991,"19":3436.91992,"20":3431.70996,"21":3431.57007,"22":3435.1499,"23":3436.38989,"24":3436.58008,"25":3439.15991},"low":{"0":3441.72998,"1":3441.66992,"2":3440.11011,"3":3438.01001,"4":3438.18994,"5":3437.71997,"6":3433.6499,"7":3433.17993,"8":3434.42993,"9":3435.44995,"10":3433.8999,"11":3431.05005,"12":3432.22998,"13":3430.23999,"14":3426.37012,"15":3426.41992,"16":3426.34009,"17":3426.84009,"18":3432.42993,"19":3429.42993,"20":3425.84009,"21":3426.09009,"22":3428.87988,"23":3427.79004,"24":3431.53003,"25":3431.05005},"close":{"0":3443.53003,"1":3441.75,"2":3443.12012,"3":3440.62988,"4":3440.1499,"5":3438.22998,"6":3438.82007,"7":3436.59009,"8":3434.66992,"9":3436.16992,"10":3435.75,"11":3433.87988,"12":3433.18994,"13":3433.65991,"14":3431.33008,"15":3426.8501,"16":3429.78003,"17":3427.54004,"18":3433.68994,"19":3436.13989,"20":3430.0,"21":3429.3999,"22":3430.48999,"23":3429.11011,"24":3436.32007,"25":3433.56006},"volume":{"0":180235318,"1":86434650,"2":60070330,"3":52536079,"4":42718962,"5":46116620,"6":49229383,"7":39864425,"8":42160893,"9":43577348,"10":38909419,"11":39665482,"12":46145809,"13":45001877,"14":46875325,"15":50345211,"16":49589692,"17":60993573,"18":73571493,"19":70971781,"20":63965401,"21":69076102,"22":80220045,"23":96488177,"24":108423212,"25":166222998}}