{"datetime":{"0":1663278300000,"1":1663277400000,"2":1663276500000,"3":1663275600000,"4":1663274700000,"5":1663273800000,"6":1663272900000,"7":1663272000000,"8":1663271100000,"9":1663270200000,"10":1663269300000,"11":1663268400000,"12":1663267500000,"13":1663266600000,"14":1663265700000,"15":1663264800000,"16":1663263900000,"17":1663263000000,"18":1663262100000,"19":1663261200000,"20":1663260300000,"21":1663259400000,"22":1663258500000,"23":1663257600000,"24":1663256700000,"25":1663255800000},"open":{"0":3897.51001,"1":3890.79004,"2":3896.96997,"3":3909.81006,"4":3920.34009,"5":3922.46997,"6":3918.29004,"7":3928.65991,"8":3932.3999,"9":3940.86011,"10":3936.41992,"11":3921.27002,"12":3917.28003,"13":3906.06006,"14":3903.66992,"15":3909.38989,"16":3919.55005,"17":3922.30005,"18":3908.48999,"19":3914.42993,"20":3934.18994,"21":3929.21997,"22":3951.87988,"23":3951.65991,"24":3937.5,"25":3932.40991},"high":{"0":3909.0,"1":3899.37988,"2":3898.73999,"3":3911.06006,"4":3920.34009,"5":3926.12012,"6":3922.58008,"7":3928.76001,"8":3932.69995,"9":3941.02002,"10":3945.12012,"11":3938.93994,"12":3921.28003,"13":3919.69995,"14":3910.46997,"15":3913.34009,"16":3922.05005,"17":3925.09009,"18":3924.5,"19":3918.17993,"20":3935.30005,"21":3935.93994,"22":3956.45996,"23":3959.13989,"24":3952.97998,"25":3939.11011},"low":{"0":3895.1001,"1":3889.09009,"2":3888.28003,"3":3895.53003,"4":3907.98999,"5":3917.05005,"6":3916.5,"7":3913.11011,"8":3925.37012,"9":3932.13989,"10":3936.06006,"11":3921.27002,"12":3914.75,"13":3906.06006,"14":3903.44995,"15":3902.62012,"16":3904.38989,"17":3917.83008,"18":3906.51001,"19":3906.29004,"20":3911.37012,"21":3926.32007,"22":3929.05005,"23":3948.19995,"24":3935.42993,"25":3924.1001},"close":{"0":3901.45996,"1":3897.59009,"2":3890.83008,"3":3896.94995,"4":3909.80005,"5":3920.3501,"6":3922.37988,"7":3918.1001,"8":3928.68994,"9":3932.3501,"10":3940.90991,"11":3936.17993,"12":3921.27002,"13":3917.32007,"14":3906.25,"15":3903.66992,"16":3909.37988,"17":3919.59009,"18":3922.27002,"19":3908.5,"20":3913.05005,"21":3934.15991,"22":3929.11011,"23":3951.78003,"24":3951.58008,"25":3937.56006},"volume":{"0":198031423,"1":104965530,"2":88369574,"3":73191250,"4":56211621,"5":51732835,"6":47995161,"7":59158862,"8":49136233,"9":55287445,"10":58867211,"11":66877707,"12":47831362,"13":50835616,"14":54778427,"15":63756889,"16":64216536,"17":66450294,"18":75233510,"19":86995976,"20":711102989,"21":75986581,"22":94177663,"23":88714405,"24":121323074,"25":117762187}}