{"datetime":{"0":1671227100000,"1":1671226200000,"2":1671225300000,"3":1671224400000,"4":1671223500000,"5":1671222600000,"6":1671221700000,"7":1671220800000,"8":1671219900000,"9":1671219000000,"10":1671218100000,"11":1671217200000,"12":1671216300000,"13":1671215400000,"14":1671214500000,"15":1671213600000,"16":1671212700000,"17":1671211800000,"18":1671210900000,"19":1671210000000,"20":1671209100000,"21":1671208200000,"22":1671207300000,"23":1671206400000,"24":1671205500000,"25":1671204600000},"open":{"0":3860.62988,"1":3857.80005,"2":3852.90991,"3":3846.58008,"4":3833.23999,"5":3834.76001,"6":3842.72998,"7":3834.15991,"8":3833.18994,"9":3829.1001,"10":3830.8501,"11":3828.77002,"12":3834.59009,"13":3838.29004,"14":3833.6001,"15":3832.86011,"16":3841.37012,"17":3841.70996,"18":3849.95996,"19":3847.59009,"20":3847.95996,"21":3844.18994,"22":3849.44995,"23":3876.1499,"24":3870.73999,"25":3890.90991},"high":{"0":3864.6499,"1":3866.07007,"2":3858.68994,"3":3853.12988,"4":3849.05005,"5":3834.88989,"6":3844.17993,"7":3842.76001,"8":3837.1001,"9":3835.56006,"10":3834.87012,"11":3832.88989,"12":3836.1001,"13":3845.16992,"14":3838.79004,"15":3836.28003,"16":3842.44995,"17":3847.5,"18":3851.44995,"19":3850.0,"20":3848.45996,"21":3848.76001,"22":3854.3501,"23":3876.1499,"24":3881.73999,"25":3890.90991},"low":{"0":3851.02002,"1":3857.80005,"2":3851.90991,"3":3841.1001,"4":3831.61011,"5":3829.59009,"6":3834.82007,"7":3833.01001,"8":3831.92993,"9":3828.20996,"10":3829.26001,"11":3828.12988,"12":3827.90991,"13":3834.52002,"14":3832.26001,"15":3832.53003,"16":3831.5,"17":3839.19995,"18":3840.53003,"19":3837.09009,"20":3842.16992,"21":3836.29004,"22":3844.44995,"23":3849.12988,"24":3868.36011,"25":3863.73999},"close":{"0":3851.02002,"1":3860.80005,"2":3857.79004,"3":3852.91992,"4":3846.59009,"5":3833.27002,"6":3834.83008,"7":3842.76001,"8":3834.15991,"9":3833.21997,"10":3829.31006,"11":3830.77002,"12":3828.76001,"13":3834.57007,"14":3838.27002,"15":3833.57007,"16":3832.87988,"17":3841.40991,"18":3841.72998,"19":3850.0,"20":3847.47998,"21":3848.0,"22":3844.45996,"23":3849.52002,"24":3876.12988,"25":3870.1001},"volume":{"0":354405005,"1":132406501,"2":92315109,"3":78574312,"4":66912989,"5":58684919,"6":60835373,"7":59154206,"8":48880260,"9":53391619,"10":53798388,"11":53495550,"12":54654123,"13":57570962,"14":55296488,"15":59377110,"16":68008863,"17":72381416,"18":72859354,"19":76894071,"20":73061068,"21":88630599,"22":88761724,"23":100384205,"24":93780249,"25":127955465}}