{"datetime":{"0":1654811100000,"1":1654810200000,"2":1654809300000,"3":1654808400000,"4":1654807500000,"5":1654806600000,"6":1654805700000,"7":1654804800000,"8":1654803900000,"9":1654803000000,"10":1654802100000,"11":1654801200000,"12":1654800300000,"13":1654799400000,"14":1654798500000,"15":1654797600000,"16":1654796700000,"17":1654795800000,"18":1654794900000,"19":1654794000000,"20":1654793100000,"21":1654792200000,"22":1654791300000,"23":1654790400000,"24":1654789500000,"25":1654788600000},"open":{"0":4037.38989,"1":4047.55005,"2":4053.8999,"3":4069.04004,"4":4075.43994,"5":4086.22998,"6":4090.38989,"7":4096.14014,"8":4086.12988,"9":4095.32007,"10":4106.87988,"11":4105.31982,"12":4102.74023,"13":4097.22021,"14":4088.78003,"15":4096.70996,"16":4101.54004,"17":4091.01001,"18":4092.53003,"19":4096.2002,"20":4103.43018,"21":4108.75977,"22":4099.66016,"23":4119.1001,"24":4092.27002,"25":4101.6499},"high":{"0":4037.54004,"1":4048.16992,"2":4059.67993,"3":4069.04004,"4":4079.34009,"5":4086.22998,"6":4091.23999,"7":4096.2002,"8":4096.31006,"9":4095.32007,"10":4107.5498,"11":4110.81006,"12":4106.54004,"13":4103.56006,"14":4098.31006,"15":4098.97021,"16":4102.54004,"17":4104.9502,"18":4096.31982,"19":4096.83984,"20":4103.75977,"21":4115.12988,"22":4110.31982,"23":4119.1001,"24":4118.77979,"25":4108.97998},"low":{"0":4017.16992,"1":4036.47998,"2":4047.63989,"3":4053.94995,"4":4069.03003,"5":4074.34009,"6":4081.65991,"7":4085.8501,"8":4085.38989,"9":4085.52002,"10":4094.3501,"11":4104.3501,"12":4096.02002,"13":4094.73999,"14":4086.8501,"15":4085.97998,"16":4087.76001,"17":4088.40991,"18":4090.0,"19":4083.91992,"20":4089.41992,"21":4100.75977,"22":4098.83008,"23":4093.63989,"24":4088.47998,"25":4087.73999},"close":{"0":4017.67993,"1":4037.53003,"2":4047.63989,"3":4053.95996,"4":4069.1001,"5":4075.37988,"6":4086.20996,"7":4090.48999,"8":4096.12988,"9":4085.69995,"10":4095.12012,"11":4106.91016,"12":4105.24023,"13":4102.75,"14":4097.1499,"15":4088.77002,"16":4096.7998,"17":4101.56006,"18":4091.12012,"19":4092.15991,"20":4096.45996,"21":4103.29004,"22":4108.7002,"23":4099.56006,"24":4118.77979,"25":4092.78003},"volume":{"0":270064513,"1":114153645,"2":72976795,"3":68145841,"4":50962977,"5":47628071,"6":42362433,"7":46092782,"8":39672454,"9":41554694,"10":38420523,"11":37925714,"12":43057048,"13":41279013,"14":37674721,"15":39930548,"16":44198467,"17":49781547,"18":48671157,"19":59788000,"20":60856574,"21":61931241,"22":64208836,"23":76321295,"24":94250915,"25":97396183}}