{"datetime":{"0":1672350300000,"1":1672349400000,"2":1672348500000,"3":1672347600000,"4":1672346700000,"5":1672345800000,"6":1672344900000,"7":1672344000000,"8":1672343100000,"9":1672342200000,"10":1672341300000,"11":1672340400000,"12":1672339500000,"13":1672338600000,"14":1672337700000,"15":1672336800000,"16":1672335900000,"17":1672335000000,"18":1672334100000,"19":1672333200000,"20":1672332300000,"21":1672331400000,"22":1672330500000,"23":1672329600000,"24":1672328700000,"25":1672327800000},"open":{"0":3852.46997,"1":3849.66992,"2":3850.32007,"3":3850.58008,"4":3854.69995,"5":3851.44995,"6":3853.38989,"7":3853.96997,"8":3853.3999,"9":3851.25,"10":3851.40991,"11":3853.70996,"12":3851.0,"13":3853.3501,"14":3853.01001,"15":3854.48999,"16":3850.26001,"17":3844.03003,"18":3839.87988,"19":3846.63989,"20":3844.41992,"21":3838.43994,"22":3839.37012,"23":3830.82007,"24":3826.43994,"25":3805.44995},"high":{"0":3855.19995,"1":3852.98999,"2":3851.53003,"3":3854.09009,"4":3854.90991,"5":3855.65991,"6":3854.94995,"7":3858.18994,"8":3854.3999,"9":3853.80005,"10":3853.41992,"11":3854.73999,"12":3854.77002,"13":3854.54004,"14":3856.37012,"15":3856.22998,"16":3857.28003,"17":3850.53003,"18":3844.53003,"19":3847.63989,"20":3847.46997,"21":3846.09009,"22":3844.1499,"23":3839.95996,"24":3832.91992,"25":3830.41992},"low":{"0":3847.55005,"1":3849.56006,"2":3847.46997,"3":3849.40991,"4":3850.1001,"5":3849.98999,"6":3851.44995,"7":3852.80005,"8":3851.36011,"9":3849.1001,"10":3849.12012,"11":3847.65991,"12":3850.1001,"13":3848.33008,"14":3852.01001,"15":3851.87988,"16":3850.12012,"17":3844.03003,"18":3839.63989,"19":3838.52002,"20":3840.95996,"21":3838.43994,"22":3837.87012,"23":3829.15991,"24":3824.31006,"25":3805.44995},"close":{"0":3848.68994,"1":3852.47998,"2":3849.65991,"3":3850.32007,"4":3850.56006,"5":3854.65991,"6":3851.5,"7":3853.33008,"8":3853.97998,"9":3853.38989,"10":3851.22998,"11":3851.40991,"12":3853.70996,"13":3850.88989,"14":3853.33008,"15":3853.01001,"16":3854.61011,"17":3850.21997,"18":3844.05005,"19":3839.88989,"20":3846.63989,"21":3844.40991,"22":3838.26001,"23":3839.38989,"24":3830.84009,"25":3826.47998},"volume":{"0":173822887,"1":71187553,"2":56932592,"3":52587025,"4":37596352,"5":37030291,"6":37129954,"7":41895742,"8":37742176,"9":36642533,"10":42948630,"11":39996635,"12":39849613,"13":43401801,"14":40893434,"15":43826284,"16":45130915,"17":49864976,"18":48543131,"19":54935498,"20":54511889,"21":56540655,"22":66187184,"23":68761978,"24":73531938,"25":92316772}}