{"datetime":{"0":1644356700000,"1":1644355800000,"2":1644354900000,"3":1644354000000,"4":1644353100000,"5":1644352200000,"6":1644351300000,"7":1644350400000,"8":1644349500000,"9":1644341400000,"10":1644338700000,"11":1644336900000,"12":1644336000000,"13":1644335100000},"open":{"0":4517.91992,"1":4514.43994,"2":4516.89014,"3":4499.7998,"4":4498.81982,"5":4501.66016,"6":4516.9502,"7":4516.0498,"8":4513.60986,"9":4503.00977,"10":4481.35986,"11":4476.52002,"12":4477.0,"13":4479.70996},"high":{"0":4531.31982,"1":4523.31982,"2":4520.33008,"3":4517.16992,"4":4503.27002,"5":4507.0498,"6":4517.41992,"7":4520.62988,"8":4516.18994,"9":4510.68018,"10":4495.47998,"11":4484.3501,"12":4477.24023,"13":4485.00977},"low":{"0":4515.85986,"1":4513.66016,"2":4511.72021,"3":4494.37988,"4":4495.1001,"5":4496.33984,"6":4500.95996,"7":4515.56006,"8":4509.93018,"9":4503.00977,"10":4481.35986,"11":4476.52002,"12":4465.3999,"13":4473.91016},"close":{"0":4520.8501,"1":4517.74023,"2":4514.25977,"3":4516.91016,"4":4499.72021,"5":4498.95996,"6":4501.83984,"7":4516.99023,"8":4516.0498,"9":4507.39014,"10":4492.4502,"11":4481.31006,"12":4476.54004,"13":4477.12012},"volume":{"0":2164015951,"1":103715591,"2":72412377,"3":66583821,"4":1686133317,"5":62800154,"6":57351344,"7":49972647,"8":34076898,"9":29553486,"10":69594434,"11":69841539,"12":105207033,"13":124360104}}