{"datetime":{"0":1599601500000,"1":1599600600000,"2":1599599700000,"3":1599598800000,"4":1599597900000,"5":1599597000000,"6":1599596100000,"7":1599595200000,"8":1599594300000,"9":1599593400000,"10":1599592500000,"11":1599591600000,"12":1599590700000,"13":1599589800000,"14":1599588900000,"15":1599588000000,"16":1599587100000,"17":1599586200000,"18":1599585300000,"19":1599584400000,"20":1599583500000,"21":1599582600000,"22":1599581700000,"23":1599580800000,"24":1599579900000,"25":1599579000000},"open":{"0":3347.97998,"1":3350.19995,"2":3340.62988,"3":3345.5,"4":3336.62988,"5":3354.62988,"6":3363.98999,"7":3372.12988,"8":3374.17993,"9":3369.02002,"10":3369.07007,"11":3368.37012,"12":3361.61011,"13":3358.82007,"14":3358.79004,"15":3355.48999,"16":3353.82007,"17":3364.92993,"18":3368.65991,"19":3359.68994,"20":3366.51001,"21":3374.70996,"22":3373.44995,"23":3367.27002,"24":3344.37012,"25":3371.87988},"high":{"0":3348.54004,"1":3354.84009,"2":3350.45996,"3":3345.5,"4":3347.1001,"5":3354.62988,"6":3364.3999,"7":3375.52002,"8":3377.61011,"9":3374.8999,"10":3372.95996,"11":3369.47998,"12":3369.86011,"13":3363.44995,"14":3366.13989,"15":3362.97998,"16":3356.95996,"17":3366.19995,"18":3373.52002,"19":3371.87988,"20":3366.51001,"21":3379.96997,"22":3375.86011,"23":3373.91992,"24":3368.3999,"25":3371.87988},"low":{"0":3329.27002,"1":3343.79004,"2":3335.22998,"3":3329.71997,"4":3331.22998,"5":3336.47998,"6":3353.79004,"7":3363.38989,"8":3371.84009,"9":3365.54004,"10":3368.25,"11":3361.33008,"12":3361.06006,"13":3356.16992,"14":3357.58008,"15":3353.8501,"16":3345.20996,"17":3348.09009,"18":3360.97998,"19":3354.25,"20":3352.70996,"21":3361.1499,"22":3360.72998,"23":3349.1001,"24":3340.03003,"25":3341.72998},"close":{"0":3331.66992,"1":3348.33008,"2":3350.37012,"3":3341.1499,"4":3345.51001,"5":3336.47998,"6":3354.51001,"7":3363.8999,"8":3371.84009,"9":3374.11011,"10":3368.95996,"11":3369.0,"12":3368.52002,"13":3361.54004,"14":3358.79004,"15":3358.79004,"16":3355.67993,"17":3353.82007,"18":3364.86011,"19":3368.53003,"20":3359.70996,"21":3366.52002,"22":3374.56006,"23":3372.97998,"24":3366.62988,"25":3344.3999},"volume":{"0":306607368,"1":116435619,"2":90401897,"3":88243296,"4":90776491,"5":87853500,"6":69903493,"7":59516640,"8":59917484,"9":60082028,"10":48674672,"11":61239060,"12":56376804,"13":65332581,"14":68135740,"15":70625618,"16":89370682,"17":95364792,"18":84872275,"19":97724770,"20":104234711,"21":114539737,"22":129604564,"23":134828605,"24":164973306,"25":197680586}}