{"datetime":{"0":1637956800000,"1":1637954100000,"2":1637953200000,"3":1637952300000,"4":1637951400000,"5":1637950500000,"6":1637949600000,"7":1637948700000,"8":1637947800000,"9":1637946900000,"10":1637946000000,"11":1637945100000,"12":1637944200000,"13":1637943300000,"14":1637942400000,"15":1637941500000,"16":1637940600000},"open":{"0":4594.62,"1":4594.62,"2":4596.62988,"3":4614.81006,"4":4614.1001,"5":4604.27002,"6":4597.6499,"7":4602.54004,"8":4597.24023,"9":4598.97998,"10":4610.31982,"11":4615.35986,"12":4617.3999,"13":4607.22021,"14":4623.29004,"15":4626.93994,"16":4664.62988},"high":{"0":4594.62,"1":4594.62,"2":4596.62988,"3":4615.58008,"4":4622.77002,"5":4614.2998,"6":4610.08984,"7":4603.68994,"8":4604.2998,"9":4600.18994,"10":4610.31982,"11":4616.02002,"12":4621.31006,"13":4617.3999,"14":4623.29004,"15":4626.93994,"16":4664.62988},"low":{"0":4594.62,"1":4594.62,"2":4594.62,"3":4585.43018,"4":4613.02979,"5":4600.4502,"6":4594.62012,"7":4591.83008,"8":4593.22998,"9":4589.04004,"10":4598.83984,"11":4605.62988,"12":4611.3999,"13":4598.93018,"14":4606.16016,"15":4614.72998,"16":4626.58008},"close":{"0":4594.62,"1":4594.62,"2":4594.62,"3":4596.62988,"4":4614.93994,"5":4614.24023,"6":4604.22021,"7":4598.00977,"8":4602.77979,"9":4597.22021,"10":4598.99023,"11":4610.35986,"12":4615.29004,"13":4617.24023,"14":4607.3501,"15":4624.37012,"16":4626.97021},"volume":{"0":0,"1":6513089,"2":178267841,"3":244101038,"4":115354128,"5":95218463,"6":92734979,"7":90845046,"8":100258374,"9":101750641,"10":97245535,"11":101299452,"12":108553198,"13":127830137,"14":135785874,"15":171249558,"16":270051890}}