{"datetime":{"0":1645134300000,"1":1645133400000,"2":1645132500000,"3":1645131600000,"4":1645130700000,"5":1645129800000,"6":1645128900000,"7":1645128000000,"8":1645127100000,"9":1645126200000,"10":1645125300000,"11":1645124400000,"12":1645123500000,"13":1645122600000,"14":1645121700000,"15":1645120800000,"16":1645119900000,"17":1645119000000,"18":1645118100000,"19":1645117200000,"20":1645116300000,"21":1645115400000,"22":1645114500000,"23":1645113600000,"24":1645112700000,"25":1645111800000},"open":{"0":4389.66992,"1":4385.62012,"2":4381.47998,"3":4392.87988,"4":4394.58984,"5":4401.08984,"6":4406.95996,"7":4412.52979,"8":4411.52002,"9":4413.7998,"10":4415.70996,"11":4420.87988,"12":4423.3999,"13":4423.43994,"14":4420.1499,"15":4421.66992,"16":4421.8501,"17":4424.06006,"18":4423.47021,"19":4419.08008,"20":4414.54004,"21":4409.4502,"22":4425.06006,"23":4416.85986,"24":4439.87012,"25":4456.06006},"high":{"0":4394.2998,"1":4392.99023,"2":4388.47998,"3":4394.77002,"4":4399.24023,"5":4402.1001,"6":4408.77979,"7":4412.52979,"8":4413.49023,"9":4417.60986,"10":4418.16992,"11":4421.91016,"12":4423.87012,"13":4427.0498,"14":4424.9502,"15":4425.52002,"16":4429.68018,"17":4424.68018,"18":4427.47021,"19":4424.75,"20":4419.62988,"21":4415.3999,"22":4425.18994,"23":4425.12988,"24":4440.2002,"25":4456.06006},"low":{"0":4373.81006,"1":4380.56006,"2":4378.74023,"3":4380.91016,"4":4392.68994,"5":4394.56982,"6":4399.83984,"7":4403.60986,"8":4409.56982,"9":4410.2998,"10":4411.45996,"11":4413.9502,"12":4417.6001,"13":4421.10986,"14":4419.43994,"15":4416.91016,"16":4420.8999,"17":4419.41992,"18":4420.91992,"19":4416.08984,"20":4408.27002,"21":4407.89014,"22":4408.79004,"23":4413.14014,"24":4415.91992,"25":4434.75977},"close":{"0":4380.0498,"1":4389.52979,"2":4385.58984,"3":4381.49023,"4":4392.81982,"5":4394.60986,"6":4401.08008,"7":4406.97021,"8":4412.49023,"9":4411.5498,"10":4413.81006,"11":4415.7002,"12":4420.85986,"13":4423.31982,"14":4423.47021,"15":4420.1499,"16":4421.70996,"17":4421.89014,"18":4423.9502,"19":4423.52002,"20":4418.37988,"21":4414.52002,"22":4409.27979,"23":4425.08008,"24":4416.91016,"25":4439.91992},"volume":{"0":193106307,"1":111554650,"2":77972174,"3":78850086,"4":57614370,"5":58289788,"6":53242704,"7":53800757,"8":44081874,"9":50088998,"10":47970837,"11":48538549,"12":46114454,"13":45002697,"14":51632592,"15":52510239,"16":53452068,"17":52872915,"18":61020494,"19":705598248,"20":77417484,"21":72643565,"22":82904110,"23":100421654,"24":137521019,"25":116797629}}