{"datetime":{"0":1675806300000,"1":1675805400000,"2":1675804500000,"3":1675803600000,"4":1675802700000,"5":1675801800000,"6":1675800900000,"7":1675800000000,"8":1675799100000,"9":1675798200000,"10":1675797300000,"11":1675796400000,"12":1675795500000,"13":1675794600000,"14":1675793700000,"15":1675792800000,"16":1675791900000,"17":1675791000000,"18":1675790100000,"19":1675789200000,"20":1675788300000,"21":1675787400000,"22":1675786500000,"23":1675785600000,"24":1675784700000,"25":1675783800000},"open":{"0":4161.08008,"1":4158.60986,"2":4144.72998,"3":4147.87012,"4":4141.56006,"5":4132.8999,"6":4129.49023,"7":4101.22021,"8":4097.6499,"9":4110.29004,"10":4139.62988,"11":4155.33984,"12":4125.10986,"13":4110.39014,"14":4116.37012,"15":4114.45996,"16":4116.06982,"17":4110.10986,"18":4109.29004,"19":4099.49023,"20":4102.89014,"21":4097.77979,"22":4099.5,"23":4101.93994,"24":4106.47021,"25":4105.3501},"high":{"0":4176.54004,"1":4161.27002,"2":4159.1001,"3":4155.93018,"4":4148.70996,"5":4147.85986,"6":4137.87988,"7":4132.25977,"8":4102.75,"9":4110.29004,"10":4140.54004,"11":4160.66992,"12":4162.85986,"13":4127.93018,"14":4117.18018,"15":4117.87988,"16":4118.56982,"17":4117.00977,"18":4111.47998,"19":4110.97998,"20":4105.66016,"21":4103.02979,"22":4102.81006,"23":4104.79004,"24":4107.22021,"25":4107.3999},"low":{"0":4159.8999,"1":4153.6499,"2":4144.68018,"3":4139.22021,"4":4141.56006,"5":4131.58984,"6":4128.47021,"7":4100.83008,"8":4089.6499,"9":4088.38989,"10":4110.27979,"11":4139.2998,"12":4125.10986,"13":4109.58008,"14":4109.66016,"15":4113.87012,"16":4114.43018,"17":4110.10986,"18":4106.91992,"19":4099.47998,"20":4098.74023,"21":4097.1499,"22":4095.79004,"23":4096.68994,"24":4100.06982,"25":4097.52979},"close":{"0":4164.06982,"1":4161.10986,"2":4158.62012,"3":4144.70996,"4":4147.97021,"5":4141.62012,"6":4133.00977,"7":4129.68994,"8":4101.2998,"9":4097.72021,"10":4110.47021,"11":4139.74023,"12":4155.20996,"13":4125.1001,"14":4110.45996,"15":4116.33008,"16":4114.52979,"17":4116.02979,"18":4110.12012,"19":4109.25,"20":4099.58008,"21":4102.9502,"22":4097.62988,"23":4099.2998,"24":4101.9502,"25":4106.52979},"volume":{"0":262402375,"1":99959264,"2":81315069,"3":73666434,"4":58813522,"5":66402495,"6":63388749,"7":69475560,"8":62966510,"9":99959245,"10":86574737,"11":89609627,"12":124940298,"13":65238358,"14":51839616,"15":52649675,"16":56812096,"17":63892493,"18":61510727,"19":61811046,"20":69825530,"21":77599811,"22":88496326,"23":94652282,"24":107162704,"25":113600707}}