{"datetime":{"0":1614721500000,"1":1614720600000,"2":1614719700000,"3":1614718800000,"4":1614717900000,"5":1614717000000,"6":1614716100000,"7":1614715200000,"8":1614714300000,"9":1614713400000,"10":1614712500000,"11":1614711600000,"12":1614710700000,"13":1614709800000,"14":1614708900000,"15":1614708000000,"16":1614707100000,"17":1614706200000,"18":1614705300000,"19":1614704400000,"20":1614703500000,"21":1614702600000,"22":1614701700000,"23":1614700800000,"24":1614699900000,"25":1614699000000},"open":{"0":3882.8999,"1":3883.38989,"2":3894.12012,"3":3896.30005,"4":3891.30005,"5":3889.40991,"6":3890.5,"7":3897.72998,"8":3899.8999,"9":3896.67993,"10":3899.46997,"11":3891.97998,"12":3895.5,"13":3888.07007,"14":3886.5,"15":3879.76001,"16":3877.37988,"17":3884.98999,"18":3883.26001,"19":3886.5,"20":3880.0,"21":3882.0,"22":3894.0,"23":3898.19995,"24":3896.43994,"25":3905.6001},"high":{"0":3886.80005,"1":3887.80005,"2":3895.37012,"3":3899.0,"4":3899.0,"5":3894.36011,"6":3894.0,"7":3900.47998,"8":3902.66992,"9":3902.8999,"10":3899.5,"11":3899.80005,"12":3896.04004,"13":3896.30005,"14":3891.41992,"15":3887.46997,"16":3883.01001,"17":3885.73999,"18":3885.25,"19":3889.44995,"20":3889.95996,"21":3888.56006,"22":3901.5,"23":3902.97998,"24":3903.5,"25":3906.19995},"low":{"0":3869.0,"1":3880.40991,"2":3884.30005,"3":3894.0,"4":3890.62012,"5":3887.30005,"6":3888.68994,"7":3890.68994,"8":3897.47998,"9":3896.5,"10":3893.69995,"11":3891.95996,"12":3890.5,"13":3887.32007,"14":3885.6001,"15":3877.80005,"16":3874.36011,"17":3871.80005,"18":3875.53003,"19":3877.80005,"20":3876.80005,"21":3878.79004,"22":3881.5,"23":3892.0,"24":3888.27002,"25":3893.66992},"close":{"0":3871.5,"1":3883.3999,"2":3884.30005,"3":3894.61011,"4":3896.0,"5":3891.0,"6":3888.80005,"7":3890.68994,"8":3897.47998,"9":3899.3999,"10":3896.80005,"11":3899.80005,"12":3891.72998,"13":3895.30005,"14":3887.80005,"15":3885.19995,"16":3880.51001,"17":3876.62988,"18":3885.25,"19":3883.5,"20":3887.46997,"21":3881.51001,"22":3881.5,"23":3894.5,"24":3899.19995,"25":3896.18994},"volume":{"0":0,"1":0,"2":0,"3":0,"4":0,"5":0,"6":0,"7":0,"8":0,"9":0,"10":0,"11":0,"12":0,"13":0,"14":0,"15":0,"16":0,"17":0,"18":0,"19":0,"20":0,"21":0,"22":0,"23":0,"24":0,"25":0}}