{"datetime":{"0":1605044700000,"1":1605043800000,"2":1605042900000,"3":1605042000000,"4":1605041100000,"5":1605040200000,"6":1605039300000,"7":1605038400000,"8":1605037500000,"9":1605036600000,"10":1605035700000,"11":1605034800000,"12":1605033900000,"13":1605033000000,"14":1605032100000,"15":1605031200000,"16":1605030300000,"17":1605029400000,"18":1605028500000,"19":1605027600000,"20":1605026700000,"21":1605025800000,"22":1605024900000,"23":1605024000000,"24":1605023100000,"25":1605022200000},"open":{"0":3550.28003,"1":3552.37012,"2":3541.0,"3":3545.8999,"4":3543.67993,"5":3538.27002,"6":3543.19995,"7":3546.5,"8":3542.0,"9":3534.0,"10":3543.19995,"11":3549.22998,"12":3547.25,"13":3548.71997,"14":3554.67993,"15":3541.5,"16":3545.69995,"17":3540.5,"18":3536.46997,"19":3523.25,"20":3514.8999,"21":3531.27002,"22":3544.07007,"23":3540.82007,"24":3531.01001,"25":3543.26001},"high":{"0":3551.90991,"1":3553.19995,"2":3554.0,"3":3549.17993,"4":3549.19995,"5":3551.6499,"6":3549.45996,"7":3551.17993,"8":3547.5,"9":3542.31006,"10":3544.3999,"11":3552.69995,"12":3552.96997,"13":3551.31006,"14":3557.5,"15":3555.5,"16":3548.09009,"17":3547.03003,"18":3542.0,"19":3537.69995,"20":3525.69995,"21":3532.19995,"22":3546.92993,"23":3550.91992,"24":3541.97998,"25":3549.71997},"low":{"0":3541.12988,"1":3540.92993,"2":3540.19995,"3":3538.95996,"4":3540.69995,"5":3538.27002,"6":3535.69995,"7":3538.37012,"8":3539.51001,"9":3528.19995,"10":3532.22998,"11":3542.6001,"12":3546.0,"13":3542.5,"14":3548.6001,"15":3541.0,"16":3540.5,"17":3534.32007,"18":3526.05005,"19":3521.51001,"20":3514.69995,"21":3511.65991,"22":3530.19995,"23":3535.77002,"24":3525.48999,"25":3527.55005},"close":{"0":3546.70996,"1":3550.1499,"2":3552.12012,"3":3540.5,"4":3545.69995,"5":3543.42993,"6":3538.52002,"7":3542.8999,"8":3547.19995,"9":3541.80005,"10":3534.5,"11":3543.0,"12":3548.47998,"13":3547.0,"14":3549.46997,"15":3553.41992,"16":3541.69995,"17":3545.31006,"18":3541.19995,"19":3535.96997,"20":3522.25,"21":3514.69995,"22":3530.53003,"23":3544.20996,"24":3541.87012,"25":3530.86011},"volume":{"0":0,"1":0,"2":0,"3":0,"4":0,"5":0,"6":0,"7":0,"8":0,"9":0,"10":0,"11":0,"12":0,"13":0,"14":0,"15":0,"16":0,"17":0,"18":0,"19":0,"20":0,"21":0,"22":123759257,"23":156335314,"24":181460759,"25":223673180}}