{"datetime":{"0":1667508300000,"1":1667507400000,"2":1667506500000,"3":1667505600000,"4":1667504700000,"5":1667503800000,"6":1667502900000,"7":1667502000000,"8":1667501100000,"9":1667500200000,"10":1667499300000,"11":1667498400000,"12":1667497500000,"13":1667496600000,"14":1667495700000,"15":1667494800000,"16":1667493900000,"17":1667493000000,"18":1667492100000,"19":1667491200000,"20":1667490300000,"21":1667489400000,"22":1667488500000,"23":1667487600000,"24":1667486700000,"25":1667485800000},"open":{"0":3734.0,"1":3741.25,"2":3738.63989,"3":3744.42993,"4":3735.98999,"5":3742.59009,"6":3731.47998,"7":3732.16992,"8":3735.46997,"9":3738.12988,"10":3742.62012,"11":3748.3999,"12":3743.38989,"13":3740.30005,"14":3737.53003,"15":3726.68994,"16":3729.45996,"17":3726.92993,"18":3731.13989,"19":3744.13989,"20":3732.18994,"21":3735.88989,"22":3723.46997,"23":3701.25,"24":3724.06006,"25":3733.25},"high":{"0":3734.03003,"1":3744.06006,"2":3742.36011,"3":3744.8999,"4":3744.51001,"5":3745.32007,"6":3743.21997,"7":3734.06006,"8":3738.07007,"9":3740.20996,"10":3746.1001,"11":3749.23999,"12":3750.59009,"13":3743.86011,"14":3744.17993,"15":3737.84009,"16":3736.36011,"17":3732.21997,"18":3735.07007,"19":3745.72998,"20":3744.76001,"21":3736.30005,"22":3737.13989,"23":3723.21997,"24":3724.06006,"25":3733.25},"low":{"0":3718.46997,"1":3733.72998,"2":3737.23999,"3":3737.97998,"4":3735.86011,"5":3735.81006,"6":3731.27002,"7":3728.58008,"8":3732.25,"9":3734.80005,"10":3736.08008,"11":3740.32007,"12":3742.5,"13":3733.32007,"14":3736.78003,"15":3723.81006,"16":3723.83008,"17":3720.08008,"18":3726.88989,"19":3730.91992,"20":3732.18994,"21":3721.67993,"22":3718.57007,"23":3698.1499,"24":3700.77002,"25":3712.33008},"close":{"0":3719.80005,"1":3734.0,"2":3741.25,"3":3738.70996,"4":3744.46997,"5":3736.02002,"6":3742.6001,"7":3731.51001,"8":3732.25,"9":3735.43994,"10":3738.1001,"11":3742.6499,"12":3748.3999,"13":3743.41992,"14":3740.26001,"15":3737.51001,"16":3726.81006,"17":3729.36011,"18":3726.95996,"19":3730.91992,"20":3744.16992,"21":3732.47998,"22":3735.8501,"23":3723.21997,"24":3701.28003,"25":3724.21997},"volume":{"0":292324856,"1":122580383,"2":79207839,"3":76676144,"4":67449868,"5":64842228,"6":60241945,"7":63212870,"8":55494184,"9":57779389,"10":57752157,"11":61788604,"12":1483772978,"13":1428332567,"14":77073595,"15":75394078,"16":72796555,"17":78263888,"18":79709669,"19":1037776787,"20":107800883,"21":107111720,"22":123727755,"23":141916918,"24":149285816,"25":170056783}}