{"datetime":{"0":1635198300000,"1":1635197400000,"2":1635196500000,"3":1635195600000,"4":1635194700000,"5":1635193800000,"6":1635192900000,"7":1635192000000,"8":1635191100000,"9":1635190200000,"10":1635189300000,"11":1635188400000,"12":1635187500000,"13":1635186600000,"14":1635185700000,"15":1635184800000,"16":1635183900000,"17":1635183000000,"18":1635182100000,"19":1635181200000,"20":1635180300000,"21":1635179400000,"22":1635178500000,"23":1635177600000,"24":1635176700000,"25":1635175800000},"open":{"0":4566.93994,"1":4567.45996,"2":4566.87988,"3":4568.62988,"4":4568.6001,"5":4571.37988,"6":4566.72998,"7":4567.6001,"8":4567.27002,"9":4569.52002,"10":4571.62012,"11":4567.06006,"12":4567.3999,"13":4567.06982,"14":4565.8999,"15":4562.02002,"16":4559.08984,"17":4559.47998,"18":4559.56982,"19":4555.27979,"20":4552.62988,"21":4551.91992,"22":4548.5,"23":4550.06006,"24":4542.62012,"25":4553.68994},"high":{"0":4567.37012,"1":4567.75,"2":4567.66992,"3":4569.08008,"4":4569.6001,"5":4572.62012,"6":4571.37988,"7":4567.77979,"8":4568.39014,"9":4570.18018,"10":4571.6499,"11":4571.97998,"12":4568.97021,"13":4567.93018,"14":4567.75,"15":4566.68994,"16":4562.16016,"17":4559.50977,"18":4559.83008,"19":4559.56006,"20":4556.10986,"21":4553.72021,"22":4552.68994,"23":4552.4502,"24":4550.62988,"25":4556.95996},"low":{"0":4562.37012,"1":4565.39014,"2":4564.6499,"3":4566.68018,"4":4567.54004,"5":4568.27002,"6":4566.72998,"7":4565.83008,"8":4566.22998,"9":4566.25,"10":4568.16016,"11":4567.06006,"12":4566.93018,"13":4565.54004,"14":4564.41016,"15":4561.16992,"16":4558.18018,"17":4557.0498,"18":4556.89014,"19":4553.83008,"20":4551.91992,"21":4550.56006,"22":4546.52979,"23":4547.6499,"24":4539.91992,"25":4537.35986},"close":{"0":4567.08984,"1":4566.93994,"2":4567.39014,"3":4566.85986,"4":4568.62988,"5":4568.58008,"6":4571.37988,"7":4566.77002,"8":4567.62988,"9":4567.25977,"10":4569.54004,"11":4571.62988,"12":4567.08984,"13":4567.39014,"14":4567.08008,"15":4565.89014,"16":4561.97998,"17":4559.12988,"18":4559.43018,"19":4559.56006,"20":4555.27002,"21":4552.64014,"22":4551.87012,"23":4548.4502,"24":4549.77002,"25":4542.89014},"volume":{"0":154272081,"1":78166947,"2":54674051,"3":47783257,"4":42356854,"5":47357595,"6":42173184,"7":39494990,"8":33857311,"9":33618857,"10":35025185,"11":38833948,"12":42982053,"13":47502638,"14":48296629,"15":44719107,"16":39622215,"17":48835496,"18":48537553,"19":50215900,"20":51059430,"21":59788844,"22":62320972,"23":71239155,"24":84389264,"25":121468344}}