{"datetime":{"0":1597441500000,"1":1597440600000,"2":1597439700000,"3":1597438800000,"4":1597437900000,"5":1597437000000,"6":1597436100000,"7":1597435200000,"8":1597434300000,"9":1597433400000,"10":1597432500000,"11":1597431600000,"12":1597430700000,"13":1597429800000,"14":1597428900000,"15":1597428000000,"16":1597427100000,"17":1597426200000,"18":1597425300000,"19":1597424400000,"20":1597423500000,"21":1597422600000,"22":1597421700000,"23":1597420800000,"24":1597419900000,"25":1597419000000},"open":{"0":3365.91992,"1":3365.77002,"2":3366.42993,"3":3370.5,"4":3372.18994,"5":3374.37012,"6":3376.44995,"7":3378.51001,"8":3376.30005,"9":3375.92993,"10":3375.97998,"11":3374.55005,"12":3376.78003,"13":3374.03003,"14":3375.51001,"15":3375.18994,"16":3375.62988,"17":3375.84009,"18":3371.82007,"19":3369.98999,"20":3372.6001,"21":3367.36011,"22":3367.69995,"23":3371.42993,"24":3370.47998,"25":3368.65991},"high":{"0":3372.84009,"1":3366.54004,"2":3367.46997,"3":3371.56006,"4":3372.37012,"5":3375.87012,"6":3376.96997,"7":3378.51001,"8":3378.51001,"9":3376.80005,"10":3376.12012,"11":3376.19995,"12":3376.96997,"13":3377.56006,"14":3376.1001,"15":3377.3999,"16":3377.23999,"17":3377.80005,"18":3376.62012,"19":3373.93994,"20":3375.02002,"21":3373.47998,"22":3371.94995,"23":3373.12012,"24":3372.11011,"25":3370.72998},"low":{"0":3361.63989,"1":3362.47998,"2":3363.31006,"3":3366.26001,"4":3370.3999,"5":3371.61011,"6":3372.32007,"7":3375.34009,"8":3375.26001,"9":3374.98999,"10":3374.55005,"11":3372.47998,"12":3374.28003,"13":3374.03003,"14":3373.54004,"15":3374.80005,"16":3372.07007,"17":3375.3501,"18":3371.82007,"19":3368.37988,"20":3369.98999,"21":3366.83008,"22":3366.45996,"23":3367.1499,"24":3363.8999,"25":3364.01001},"close":{"0":3372.43994,"1":3365.92993,"2":3365.81006,"3":3366.45996,"4":3370.48999,"5":3372.15991,"6":3374.34009,"7":3376.46997,"8":3378.46997,"9":3376.36011,"10":3375.91992,"11":3376.02002,"12":3374.56006,"13":3376.84009,"14":3374.03003,"15":3375.53003,"16":3375.05005,"17":3375.62988,"18":3375.80005,"19":3371.80005,"20":3369.98999,"21":3372.6001,"22":3367.19995,"23":3367.65991,"24":3371.36011,"25":3370.62012},"volume":{"0":184939674,"1":69079539,"2":49481980,"3":47109643,"4":39632379,"5":40597596,"6":37196243,"7":44677682,"8":48695437,"9":42550936,"10":33531677,"11":36988878,"12":37942103,"13":40218328,"14":43051815,"15":44054211,"16":44600303,"17":44539006,"18":50431639,"19":48609638,"20":54999927,"21":67768308,"22":84711092,"23":72939740,"24":77918968,"25":87463214}}