{"datetime":{"0":1652219100000,"1":1652218200000,"2":1652217300000,"3":1652216400000,"4":1652215500000,"5":1652214600000,"6":1652213700000,"7":1652212800000,"8":1652211900000,"9":1652211000000,"10":1652210100000,"11":1652209200000,"12":1652208300000,"13":1652207400000,"14":1652206500000,"15":1652205600000,"16":1652204700000,"17":1652203800000,"18":1652202900000,"19":1652202000000,"20":1652201100000,"21":1652200200000,"22":1652199300000,"23":1652198400000,"24":1652197500000,"25":1652196600000},"open":{"0":3993.62988,"1":4007.13989,"2":4026.16992,"3":4022.1499,"4":4030.91992,"5":4016.04004,"6":4038.18994,"7":4040.25,"8":4022.95996,"9":3994.07007,"10":3980.31006,"11":3968.25,"12":3972.57007,"13":3972.58008,"14":3978.42993,"15":3982.46997,"16":3988.92993,"17":3981.45996,"18":3974.51001,"19":3999.26001,"20":4016.3999,"21":4033.94995,"22":4043.8501,"23":4050.61011,"24":4043.78003,"25":4035.17993},"high":{"0":4005.62988,"1":4007.13989,"2":4032.01001,"3":4036.63989,"4":4031.27002,"5":4032.03003,"6":4038.26001,"7":4041.03003,"8":4040.17993,"9":4026.96997,"10":3994.20996,"11":3988.04004,"12":3984.16992,"13":3977.15991,"14":3985.83008,"15":3993.36011,"16":3989.11011,"17":3997.72998,"18":3990.30005,"19":4005.44995,"20":4016.3999,"21":4036.65991,"22":4050.82007,"23":4059.67993,"24":4050.62988,"25":4068.82007},"low":{"0":3991.18994,"1":3992.12988,"2":4004.22998,"3":4020.08008,"4":4013.02002,"5":4010.26001,"6":4009.41992,"7":4026.42993,"8":4022.91992,"9":3994.07007,"10":3971.25,"11":3965.62988,"12":3966.1001,"13":3958.16992,"14":3970.28003,"15":3970.87988,"16":3967.93994,"17":3969.30005,"18":3969.07007,"19":3974.55005,"20":3993.05005,"21":4009.12988,"22":4028.71997,"23":4040.3999,"24":4027.68994,"25":4035.17993},"close":{"0":4000.98999,"1":3993.3999,"2":4006.94995,"3":4026.04004,"4":4022.01001,"5":4031.53003,"6":4015.93994,"7":4038.26001,"8":4040.17993,"9":4023.12988,"10":3993.90991,"11":3980.27002,"12":3968.25,"13":3972.59009,"14":3972.41992,"15":3979.58008,"16":3982.29004,"17":3988.69995,"18":3981.37988,"19":3974.55005,"20":3999.48999,"21":4016.29004,"22":4033.88989,"23":4044.75,"24":4050.62988,"25":4043.87012},"volume":{"0":182640541,"1":116556689,"2":88326394,"3":80535292,"4":70637602,"5":71703203,"6":72464435,"7":77545283,"8":77966502,"9":87878263,"10":68493299,"11":68822088,"12":66387380,"13":80760053,"14":62923331,"15":76664815,"16":81515052,"17":86367042,"18":101939252,"19":103058241,"20":99033464,"21":99771939,"22":100225326,"23":120421929,"24":129410048,"25":158682439}}