{"datetime":{"0":1616618700000,"1":1616617800000,"2":1616616900000,"3":1616616000000,"4":1616615100000,"5":1616614200000,"6":1616613300000,"7":1616612400000,"8":1616611500000,"9":1616610600000,"10":1616609700000,"11":1616608800000,"12":1616607900000,"13":1616607000000,"14":1616606100000,"15":1616605200000,"16":1616604300000,"17":1616603400000,"18":1616602500000,"19":1616601600000,"20":1616600700000,"21":1616599800000,"22":1616598900000,"23":1616598000000,"24":1616597100000,"25":1616596200000},"open":{"0":3901.46997,"1":3908.19995,"2":3912.23999,"3":3910.04004,"4":3912.81006,"5":3918.6499,"6":3925.0,"7":3927.55005,"8":3914.8999,"9":3921.84009,"10":3917.0,"11":3928.5,"12":3936.94995,"13":3936.71997,"14":3934.83008,"15":3929.52002,"16":3932.87012,"17":3936.5,"18":3938.87012,"19":3937.58008,"20":3927.69995,"21":3923.43994,"22":3927.5,"23":3921.19995,"24":3930.55005,"25":3925.5},"high":{"0":3906.0,"1":3909.0,"2":3916.5,"3":3916.69995,"4":3920.69995,"5":3919.0,"6":3928.69995,"7":3927.80005,"8":3928.0,"9":3924.69995,"10":3923.69995,"11":3928.5,"12":3937.5,"13":3937.69995,"14":3937.19995,"15":3936.0,"16":3934.5,"17":3937.45996,"18":3939.37012,"19":3942.19995,"20":3938.31006,"21":3929.19995,"22":3927.81006,"23":3930.76001,"24":3935.0,"25":3930.69995},"low":{"0":3889.90991,"1":3900.71997,"2":3908.0,"3":3908.55005,"4":3909.58008,"5":3912.09009,"6":3918.8999,"7":3922.08008,"8":3913.90991,"9":3914.30005,"10":3914.43994,"11":3917.5,"12":3927.53003,"13":3932.01001,"14":3931.47998,"15":3928.75,"16":3926.81006,"17":3930.90991,"18":3934.0,"19":3936.37012,"20":3927.6499,"21":3920.43994,"22":3917.69995,"23":3920.93994,"24":3920.93994,"25":3924.6001},"close":{"0":3889.90991,"1":3900.96997,"2":3909.19995,"3":3912.73999,"4":3909.79004,"5":3912.56006,"6":3918.8999,"7":3924.5,"8":3927.30005,"9":3914.30005,"10":3921.8501,"11":3917.5,"12":3928.52002,"13":3937.19995,"14":3936.69995,"15":3934.94995,"16":3929.27002,"17":3932.62012,"18":3936.0,"19":3937.87012,"20":3936.58008,"21":3927.38989,"22":3923.18994,"23":3927.1001,"24":3922.0,"25":3930.05005},"volume":{"0":0,"1":0,"2":0,"3":0,"4":0,"5":0,"6":0,"7":0,"8":0,"9":0,"10":0,"11":0,"12":0,"13":0,"14":0,"15":0,"16":0,"17":0,"18":0,"19":0,"20":0,"21":0,"22":0,"23":0,"24":0,"25":0}}