{"datetime":{"0":1599687900000,"1":1599687000000,"2":1599686100000,"3":1599685200000,"4":1599684300000,"5":1599683400000,"6":1599682500000,"7":1599681600000,"8":1599680700000,"9":1599679800000,"10":1599678900000,"11":1599678000000,"12":1599677100000,"13":1599676200000,"14":1599675300000,"15":1599674400000,"16":1599673500000,"17":1599672600000,"18":1599671700000,"19":1599670800000,"20":1599669900000,"21":1599669000000,"22":1599668100000,"23":1599667200000,"24":1599666300000,"25":1599665400000},"open":{"0":3410.90991,"1":3422.37012,"2":3418.57007,"3":3417.15991,"4":3418.8999,"5":3410.33008,"6":3412.37012,"7":3411.52002,"8":3413.41992,"9":3417.98999,"10":3420.48999,"11":3411.96997,"12":3413.75,"13":3405.94995,"14":3406.55005,"15":3402.56006,"16":3401.71997,"17":3400.66992,"18":3394.1499,"19":3393.65991,"20":3395.56006,"21":3395.52002,"22":3384.84009,"23":3382.06006,"24":3373.88989,"25":3369.82007},"high":{"0":3414.0,"1":3424.77002,"2":3424.02002,"3":3421.93994,"4":3419.73999,"5":3419.42993,"6":3415.47998,"7":3414.91992,"8":3416.33008,"9":3420.83008,"10":3420.48999,"11":3422.33008,"12":3413.81006,"13":3413.8501,"14":3408.40991,"15":3407.6499,"16":3405.56006,"17":3402.6001,"18":3401.32007,"19":3403.23999,"20":3398.43994,"21":3399.09009,"22":3398.69995,"23":3391.0,"24":3381.52002,"25":3378.32007},"low":{"0":3397.27002,"1":3408.90991,"2":3418.57007,"3":3417.15991,"4":3414.91992,"5":3410.33008,"6":3408.8501,"7":3407.6001,"8":3410.87012,"9":3413.57007,"10":3415.22998,"11":3411.96997,"12":3409.8501,"13":3405.94995,"14":3405.41992,"15":3401.76001,"16":3400.37988,"17":3398.67993,"18":3389.6499,"19":3391.90991,"20":3390.88989,"21":3393.51001,"22":3384.84009,"23":3382.06006,"24":3367.55005,"25":3366.84009},"close":{"0":3399.02002,"1":3410.94995,"2":3422.42993,"3":3418.58008,"4":3417.18994,"5":3418.90991,"6":3410.28003,"7":3412.33008,"8":3411.42993,"9":3413.57007,"10":3417.94995,"11":3420.5,"12":3411.91992,"13":3413.77002,"14":3405.83008,"15":3406.56006,"16":3402.46997,"17":3401.69995,"18":3400.67993,"19":3394.04004,"20":3393.37988,"21":3395.6499,"22":3395.94995,"23":3384.65991,"24":3381.52002,"25":3373.78003},"volume":{"0":236209071,"1":97686837,"2":74646184,"3":55415344,"4":53155603,"5":49928796,"6":49024358,"7":55987860,"8":51656484,"9":63737515,"10":58193142,"11":52752409,"12":46069816,"13":49281112,"14":47108849,"15":47792823,"16":51068734,"17":64738871,"18":68209596,"19":88250903,"20":86324745,"21":90863340,"22":111297695,"23":111807479,"24":145568112,"25":169444057}}