{"datetime":{"0":1618436700000,"1":1618435800000,"2":1618434900000,"3":1618434000000,"4":1618433100000,"5":1618432200000,"6":1618431300000,"7":1618430400000,"8":1618429500000,"9":1618428600000,"10":1618427700000,"11":1618426800000,"12":1618425900000,"13":1618425000000,"14":1618424100000,"15":1618423200000,"16":1618422300000,"17":1618421400000,"18":1618420500000,"19":1618419600000,"20":1618418700000,"21":1618417800000,"22":1618416900000,"23":1618416000000,"24":1618415100000,"25":1618414200000},"open":{"0":4125.49023,"1":4131.52002,"2":4127.5498,"3":4124.91992,"4":4134.93018,"5":4135.79004,"6":4131.81006,"7":4133.1499,"8":4142.08984,"9":4145.3999,"10":4144.8999,"11":4147.1001,"12":4147.18994,"13":4143.04004,"14":4142.08984,"15":4146.33984,"16":4145.8999,"17":4144.06006,"18":4145.68018,"19":4146.43018,"20":4147.4502,"21":4145.33984,"22":4148.45996,"23":4150.93994,"24":4145.75,"25":4141.58008},"high":{"0":4127.1001,"1":4133.27002,"2":4132.3999,"3":4128.1001,"4":4135.3999,"5":4136.8999,"6":4138.3999,"7":4134.3999,"8":4144.3999,"9":4145.3999,"10":4147.1001,"11":4147.1001,"12":4148.1001,"13":4148.3999,"14":4147.1001,"15":4146.8999,"16":4146.8999,"17":4145.8999,"18":4145.77002,"19":4147.68018,"20":4151.41016,"21":4151.68994,"22":4149.52979,"23":4150.93994,"24":4150.85986,"25":4147.0},"low":{"0":4121.43018,"1":4123.50977,"2":4125.56006,"3":4121.6001,"4":4125.0498,"5":4131.64014,"6":4128.33008,"7":4124.12988,"8":4130.8999,"9":4140.60986,"10":4144.06006,"11":4143.58984,"12":4146.35986,"13":4143.02002,"14":4141.3501,"15":4141.56982,"16":4144.58008,"17":4142.54004,"18":4140.1001,"19":4143.31982,"20":4146.29004,"21":4145.33984,"22":4144.47021,"23":4146.00977,"24":4144.93018,"25":4137.77002},"close":{"0":4127.02979,"1":4125.74023,"2":4131.77002,"3":4126.7998,"4":4125.91992,"5":4134.43018,"6":4136.04004,"7":4132.31006,"8":4133.6499,"9":4142.3999,"10":4145.6001,"11":4145.1001,"12":4147.3999,"13":4147.8999,"14":4143.8999,"15":4142.33984,"16":4146.58984,"17":4145.6001,"18":4143.81006,"19":4145.66016,"20":4146.43018,"21":4147.43018,"22":4145.33008,"23":4148.50977,"24":4150.85986,"25":4145.74023},"volume":{"0":0,"1":0,"2":0,"3":0,"4":0,"5":0,"6":0,"7":0,"8":0,"9":0,"10":0,"11":0,"12":0,"13":0,"14":0,"15":0,"16":0,"17":0,"18":32457699,"19":703107415,"20":75065322,"21":76241116,"22":73509489,"23":83722141,"24":105623206,"25":121211161}}