{"datetime":{"0":1679953500000,"1":1679952600000,"2":1679951700000,"3":1679950800000,"4":1679949900000,"5":1679949000000,"6":1679948100000,"7":1679947200000,"8":1679946300000,"9":1679945400000,"10":1679944500000,"11":1679943600000,"12":1679942700000,"13":1679941800000,"14":1679940900000,"15":1679940000000,"16":1679939100000,"17":1679938200000,"18":1679937300000,"19":1679936400000,"20":1679935500000,"21":1679934600000,"22":1679933700000,"23":1679932800000,"24":1679931900000,"25":1679931000000},"open":{"0":3985.58008,"1":3991.41992,"2":3990.06006,"3":3995.11011,"4":3991.87988,"5":3988.78003,"6":3984.21997,"7":3983.25,"8":3987.88989,"9":3984.66992,"10":3977.78003,"11":3978.83008,"12":3978.22998,"13":3982.45996,"14":3975.06006,"15":3973.8501,"16":3979.72998,"17":3980.66992,"18":3978.70996,"19":3978.67993,"20":3979.94995,"21":3986.21997,"22":3991.5,"23":3995.29004,"24":3999.77002,"25":3982.92993},"high":{"0":3986.03003,"1":3992.91992,"2":3992.75,"3":3997.23999,"4":3995.59009,"5":3994.68994,"6":3990.71997,"7":3984.22998,"8":3989.8501,"9":3987.8501,"10":3985.16992,"11":3983.70996,"12":3981.29004,"13":3983.73999,"14":3982.95996,"15":3977.8501,"16":3981.67993,"17":3982.86011,"18":3981.42993,"19":3981.15991,"20":3987.04004,"21":3986.21997,"22":3995.94995,"23":3996.51001,"24":4003.83008,"25":4001.46997},"low":{"0":3973.43994,"1":3983.30005,"2":3987.1001,"3":3988.72998,"4":3990.80005,"5":3988.78003,"6":3983.26001,"7":3978.8501,"8":3983.12012,"9":3983.8501,"10":3975.27002,"11":3976.94995,"12":3976.62988,"13":3976.02002,"14":3974.70996,"15":3970.97998,"16":3970.48999,"17":3977.77002,"18":3973.31006,"19":3973.70996,"20":3977.87012,"21":3978.73999,"22":3985.52002,"23":3990.75,"24":3991.42993,"25":3982.92993},"close":{"0":3977.53003,"1":3985.62012,"2":3991.27002,"3":3990.07007,"4":3995.1499,"5":3991.80005,"6":3988.73999,"7":3984.22998,"8":3983.33008,"9":3987.8501,"10":3984.68994,"11":3977.76001,"12":3978.80005,"13":3978.20996,"14":3982.44995,"15":3975.05005,"16":3973.82007,"17":3979.81006,"18":3980.62012,"19":3978.73999,"20":3978.5,"21":3979.93994,"22":3986.23999,"23":3991.52002,"24":3995.55005,"25":3999.71997},"volume":{"0":229678525,"1":90195713,"2":68924775,"3":62974962,"4":54685754,"5":58957331,"6":57035487,"7":53567698,"8":54084851,"9":57715428,"10":49811786,"11":55110902,"12":54799905,"13":55111400,"14":62334749,"15":60345781,"16":61091934,"17":61728866,"18":64107067,"19":63948059,"20":70474851,"21":82225688,"22":80830435,"23":99865611,"24":115140543,"25":142890933}}