{"datetime":{"0":1597959900000,"1":1597959000000,"2":1597958100000,"3":1597957200000,"4":1597956300000,"5":1597955400000,"6":1597954500000,"7":1597953600000,"8":1597952700000,"9":1597951800000,"10":1597950900000,"11":1597950000000,"12":1597949100000,"13":1597948200000,"14":1597947300000,"15":1597946400000,"16":1597945500000,"17":1597944600000,"18":1597943700000,"19":1597942800000,"20":1597941900000,"21":1597941000000,"22":1597940100000,"23":1597939200000,"24":1597938300000,"25":1597937400000},"open":{"0":3389.3999,"1":3383.46997,"2":3387.32007,"3":3385.47998,"4":3382.87012,"5":3383.83008,"6":3380.72998,"7":3379.1001,"8":3380.38989,"9":3378.12988,"10":3375.96997,"11":3376.3999,"12":3378.32007,"13":3379.05005,"14":3381.12988,"15":3380.20996,"16":3378.26001,"17":3375.62012,"18":3371.44995,"19":3375.08008,"20":3372.79004,"21":3374.69995,"22":3370.76001,"23":3370.95996,"24":3365.94995,"25":3360.47998},"high":{"0":3390.80005,"1":3389.88989,"2":3387.37988,"3":3389.07007,"4":3385.56006,"5":3384.69995,"6":3384.23999,"7":3380.86011,"8":3380.68994,"9":3380.46997,"10":3378.40991,"11":3377.8999,"12":3378.86011,"13":3380.03003,"14":3381.40991,"15":3381.63989,"16":3381.45996,"17":3379.30005,"18":3375.75,"19":3375.36011,"20":3378.16992,"21":3376.05005,"22":3375.8999,"23":3372.27002,"24":3371.36011,"25":3366.80005},"low":{"0":3384.53003,"1":3382.04004,"2":3381.33008,"3":3385.33008,"4":3382.47998,"5":3382.82007,"6":3380.18994,"7":3378.79004,"8":3377.90991,"9":3378.1001,"10":3375.8501,"11":3374.79004,"12":3375.82007,"13":3377.58008,"14":3378.76001,"15":3379.09009,"16":3377.96997,"17":3374.22998,"18":3371.06006,"19":3370.96997,"20":3372.56006,"21":3371.82007,"22":3370.73999,"23":3368.68994,"24":3365.44995,"25":3354.80005},"close":{"0":3385.26001,"1":3389.3999,"2":3383.5,"3":3387.30005,"4":3385.51001,"5":3382.88989,"6":3383.82007,"7":3380.76001,"8":3379.1001,"9":3380.37012,"10":3378.1001,"11":3375.93994,"12":3376.3999,"13":3378.31006,"14":3379.04004,"15":3381.12012,"16":3380.20996,"17":3378.27002,"18":3375.62012,"19":3371.40991,"20":3375.06006,"21":3372.78003,"22":3374.72998,"23":3370.72998,"24":3371.02002,"25":3366.08008},"volume":{"0":196540235,"1":76333111,"2":59289900,"3":56789466,"4":40467677,"5":36741379,"6":43712828,"7":39721210,"8":41784201,"9":37138067,"10":35463317,"11":39047435,"12":40052788,"13":42388444,"14":43668631,"15":43691716,"16":46513545,"17":51411299,"18":50111112,"19":52826809,"20":64137241,"21":65073066,"22":73748778,"23":84510425,"24":91473111,"25":120874997}}