{"datetime":{"0":1630705500000,"1":1630704600000,"2":1630703700000,"3":1630702800000,"4":1630701900000,"5":1630701000000,"6":1630700100000,"7":1630699200000,"8":1630698300000,"9":1630697400000,"10":1630696500000,"11":1630695600000,"12":1630694700000,"13":1630693800000,"14":1630692900000,"15":1630692000000,"16":1630691100000,"17":1630690200000,"18":1630689300000,"19":1630688400000,"20":1630687500000,"21":1630686600000,"22":1630685700000,"23":1630684800000,"24":1630683900000,"25":1630683000000},"open":{"0":4536.7002,"1":4538.00977,"2":4541.2002,"3":4538.93994,"4":4538.3501,"5":4538.6499,"6":4538.75,"7":4539.45996,"8":4538.72998,"9":4537.25,"10":4538.27002,"11":4532.66016,"12":4532.18018,"13":4533.79004,"14":4533.12988,"15":4531.4502,"16":4534.2002,"17":4533.7998,"18":4534.14014,"19":4530.87012,"20":4529.02979,"21":4531.37988,"22":4534.1001,"23":4529.8999,"24":4526.37012,"25":4532.41992},"high":{"0":4538.00977,"1":4540.27979,"2":4541.4502,"3":4541.29004,"4":4539.56006,"5":4538.97021,"6":4539.75977,"7":4539.64014,"8":4539.91992,"9":4539.08008,"10":4539.0,"11":4538.27979,"12":4532.66016,"13":4534.1499,"14":4534.02002,"15":4533.54004,"16":4535.18994,"17":4535.64014,"18":4535.27002,"19":4535.39014,"20":4531.43018,"21":4532.75977,"22":4535.02002,"23":4534.18018,"24":4529.97021,"25":4532.41992},"low":{"0":4533.8501,"1":4536.22998,"2":4537.70996,"3":4538.77002,"4":4537.56006,"5":4538.18018,"6":4538.1499,"7":4537.72021,"8":4538.22021,"9":4536.47021,"10":4537.24023,"11":4532.56982,"12":4531.16992,"13":4530.7998,"14":4531.7002,"15":4530.20996,"16":4530.85986,"17":4533.02979,"18":4531.75977,"19":4529.37988,"20":4527.79004,"21":4526.41992,"22":4530.91016,"23":4528.12988,"24":4521.2998,"25":4523.2002},"close":{"0":4535.22021,"1":4536.7002,"2":4538.02002,"3":4541.18018,"4":4538.91016,"5":4538.3501,"6":4538.6499,"7":4538.77002,"8":4539.4502,"9":4538.74023,"10":4537.24023,"11":4538.27979,"12":4532.6499,"13":4532.16016,"14":4533.74023,"15":4533.12012,"16":4531.41016,"17":4534.18018,"18":4533.72021,"19":4534.12988,"20":4530.85986,"21":4529.04004,"22":4531.3999,"23":4534.02979,"24":4529.58984,"25":4526.47998},"volume":{"0":166189527,"1":60740608,"2":43586016,"3":38946688,"4":32837644,"5":32383127,"6":33242095,"7":32347201,"8":27595741,"9":29834311,"10":31495130,"11":35325706,"12":31060674,"13":36908991,"14":39213687,"15":39270979,"16":35779015,"17":42030830,"18":49397847,"19":46300018,"20":53136171,"21":53338734,"22":53559241,"23":77878138,"24":76094794,"25":106539145}}