{"datetime":{"0":1680299100000,"1":1680298200000,"2":1680297300000,"3":1680296400000,"4":1680295500000,"5":1680294600000,"6":1680293700000,"7":1680292800000,"8":1680291900000,"9":1680291000000,"10":1680290100000,"11":1680289200000,"12":1680288300000,"13":1680287400000,"14":1680286500000,"15":1680285600000,"16":1680284700000,"17":1680283800000,"18":1680282900000,"19":1680282000000,"20":1680281100000,"21":1680280200000,"22":1680279300000,"23":1680278400000,"24":1680277500000,"25":1680276600000},"open":{"0":4095.94995,"1":4103.95996,"2":4094.90991,"3":4089.52002,"4":4088.72998,"5":4086.30005,"6":4089.38989,"7":4085.82007,"8":4082.45996,"9":4084.53003,"10":4086.20996,"11":4086.77002,"12":4087.30005,"13":4090.29004,"14":4087.38989,"15":4085.90991,"16":4083.12012,"17":4081.58008,"18":4078.33008,"19":4076.65991,"20":4076.44995,"21":4071.06006,"22":4069.70996,"23":4070.07007,"24":4068.93994,"25":4056.17993},"high":{"0":4110.75,"1":4105.97021,"2":4104.81006,"3":4096.68018,"4":4089.98999,"5":4089.70996,"6":4089.95996,"7":4091.13989,"8":4086.55005,"9":4084.96997,"10":4087.70996,"11":4087.22998,"12":4088.07007,"13":4090.57007,"14":4091.31006,"15":4087.91992,"16":4085.91992,"17":4083.37012,"18":4084.65991,"19":4078.26001,"20":4077.43994,"21":4076.46997,"22":4073.90991,"23":4073.51001,"24":4071.98999,"25":4071.82007},"low":{"0":4094.86011,"1":4095.86011,"2":4094.80005,"3":4089.41992,"4":4086.87012,"5":4084.82007,"6":4084.20996,"7":4085.82007,"8":4081.70996,"9":4081.91992,"10":4084.43994,"11":4083.6001,"12":4085.36011,"13":4086.59009,"14":4087.26001,"15":4085.15991,"16":4081.82007,"17":4081.1499,"18":4077.58008,"19":4075.29004,"20":4072.84009,"21":4070.5,"22":4068.72998,"23":4068.62012,"24":4068.44995,"25":4056.17993},"close":{"0":4108.8999,"1":4096.02002,"2":4103.97998,"3":4094.90991,"4":4089.46997,"5":4088.76001,"6":4086.20996,"7":4089.38989,"8":4085.83008,"9":4082.44995,"10":4084.5,"11":4086.20996,"12":4086.79004,"13":4087.32007,"14":4090.34009,"15":4087.37012,"16":4085.91992,"17":4083.08008,"18":4081.58008,"19":4078.26001,"20":4076.79004,"21":4076.46997,"22":4071.12012,"23":4069.65991,"24":4070.20996,"25":4068.84009},"volume":{"0":276278641,"1":114632765,"2":91323554,"3":71848678,"4":1349731206,"5":45601621,"6":51929283,"7":53268820,"8":43548081,"9":42856360,"10":46764107,"11":47512681,"12":53449908,"13":52000677,"14":56257111,"15":49436019,"16":56420473,"17":53126907,"18":62584116,"19":57803282,"20":63817352,"21":71352079,"22":72721875,"23":78192966,"24":86599776,"25":99919917}}