{"datetime":{"0":1667421900000,"1":1667421000000,"2":1667420100000,"3":1667419200000,"4":1667418300000,"5":1667417400000,"6":1667416500000,"7":1667415600000,"8":1667414700000,"9":1667413800000,"10":1667412900000,"11":1667412000000,"12":1667411100000,"13":1667410200000,"14":1667409300000,"15":1667408400000,"16":1667407500000,"17":1667406600000,"18":1667405700000,"19":1667404800000,"20":1667403900000,"21":1667403000000,"22":1667402100000,"23":1667401200000,"24":1667400300000,"25":1667399400000},"open":{"0":3780.56006,"1":3780.8501,"2":3821.56006,"3":3816.78003,"4":3860.09009,"5":3888.55005,"6":3877.66992,"7":3843.06006,"8":3840.95996,"9":3831.30005,"10":3830.88989,"11":3834.61011,"12":3828.44995,"13":3827.21997,"14":3831.62988,"15":3836.66992,"16":3838.53003,"17":3835.79004,"18":3834.47998,"19":3837.1499,"20":3836.55005,"21":3832.26001,"22":3834.57007,"23":3834.04004,"24":3838.47998,"25":3852.8999},"high":{"0":3780.56006,"1":3784.58008,"2":3821.56006,"3":3839.88989,"4":3866.27002,"5":3894.43994,"6":3888.58008,"7":3889.23999,"8":3848.6499,"9":3842.70996,"10":3832.73999,"11":3834.82007,"12":3836.44995,"13":3828.43994,"14":3831.96997,"15":3838.29004,"16":3840.37012,"17":3839.70996,"18":3837.61011,"19":3840.63989,"20":3840.62012,"21":3835.54004,"22":3835.54004,"23":3839.88989,"24":3841.26001,"25":3852.8999},"low":{"0":3758.97998,"1":3771.20996,"2":3773.12988,"3":3811.72998,"4":3801.5,"5":3836.12988,"6":3864.01001,"7":3834.02002,"8":3840.87012,"9":3830.5,"10":3829.66992,"11":3830.38989,"12":3828.44995,"13":3823.6499,"14":3827.11011,"15":3831.37012,"16":3836.23999,"17":3834.13989,"18":3832.94995,"19":3834.33008,"20":3834.04004,"21":3831.45996,"22":3830.80005,"23":3833.73999,"24":3833.96997,"25":3836.92993},"close":{"0":3759.11011,"1":3780.61011,"2":3780.90991,"3":3821.58008,"4":3818.42993,"5":3859.84009,"6":3888.54004,"7":3877.08008,"8":3843.08008,"9":3841.0,"10":3831.31006,"11":3830.90991,"12":3834.54004,"13":3828.41992,"14":3827.22998,"15":3831.62012,"16":3836.67993,"17":3838.53003,"18":3835.45996,"19":3834.56006,"20":3836.95996,"21":3835.30005,"22":3832.28003,"23":3838.12988,"24":3833.96997,"25":3838.62988},"volume":{"0":315832869,"1":156950797,"2":147618170,"3":115101614,"4":158453329,"5":1941493871,"6":95828165,"7":1679700491,"8":56276212,"9":55778994,"10":2448475530,"11":48696595,"12":51179946,"13":56584934,"14":58706632,"15":56630133,"16":54649392,"17":64333679,"18":1563392485,"19":76249504,"20":631959180,"21":585092180,"22":478561297,"23":93615709,"24":576402025,"25":317703378}}