{"datetime":{"0":1653083100000,"1":1653082200000,"2":1653081300000,"3":1653080400000,"4":1653079500000,"5":1653078600000,"6":1653077700000,"7":1653076800000,"8":1653075900000,"9":1653075000000,"10":1653074100000,"11":1653073200000,"12":1653072300000,"13":1653071400000,"14":1653070500000,"15":1653069600000,"16":1653068700000,"17":1653067800000,"18":1653066900000,"19":1653066000000,"20":1653065100000,"21":1653064200000,"22":1653063300000,"23":1653062400000,"24":1653061500000,"25":1653060600000},"open":{"0":3884.91,"1":3857.53003,"2":3831.87012,"3":3840.6499,"4":3836.65991,"5":3829.31006,"6":3831.84009,"7":3839.32007,"8":3834.62012,"9":3811.28003,"10":3821.90991,"11":3834.3501,"12":3829.65991,"13":3849.20996,"14":3851.56006,"15":3867.15991,"16":3865.51001,"17":3870.68994,"18":3871.05005,"19":3881.01001,"20":3912.19995,"21":3916.07007,"22":3911.88989,"23":3933.40991,"24":3941.06006,"25":3927.76001},"high":{"0":3903.88989,"1":3895.55005,"2":3857.58008,"3":3845.68994,"4":3852.37988,"5":3836.88989,"6":3833.6499,"7":3841.81006,"8":3844.76001,"9":3836.90991,"10":3823.08008,"11":3834.62012,"12":3839.5,"13":3852.66992,"14":3853.70996,"15":3868.29004,"16":3876.84009,"17":3878.66992,"18":3873.17993,"19":3884.02002,"20":3913.01001,"21":3916.17993,"22":3918.37012,"23":3937.32007,"24":3943.41992,"25":3943.37012},"low":{"0":3878.71,"1":3850.57007,"2":3831.87012,"3":3829.03003,"4":3830.22998,"5":3819.58008,"6":3821.84009,"7":3826.55005,"8":3831.38989,"9":3810.32007,"10":3811.29004,"11":3818.26001,"12":3823.91992,"13":3829.73999,"14":3845.8501,"15":3841.54004,"16":3865.23999,"17":3865.28003,"18":3860.09009,"19":3864.88989,"20":3880.66992,"21":3905.11011,"22":3904.58008,"23":3908.17993,"24":3927.62988,"25":3923.67993},"close":{"0":3901.55005,"1":3889.16992,"2":3857.46997,"3":3831.77002,"4":3840.79004,"5":3836.82007,"6":3829.53003,"7":3831.87012,"8":3839.36011,"9":3834.91992,"10":3811.30005,"11":3821.93994,"12":3834.28003,"13":3829.80005,"14":3849.36011,"15":3851.40991,"16":3867.23999,"17":3865.65991,"18":3870.69995,"19":3870.95996,"20":3880.77002,"21":3912.23999,"22":3916.29004,"23":3911.07007,"24":3933.80005,"25":3940.8999},"volume":{"0":33736004,"1":160130177,"2":91337323,"3":72697360,"4":77396535,"5":73256284,"6":66240931,"7":71538220,"8":77930647,"9":96498584,"10":77136397,"11":76376916,"12":94927860,"13":77572594,"14":69567570,"15":82680534,"16":67544447,"17":78542078,"18":82842108,"19":86955290,"20":81262990,"21":75301880,"22":84845846,"23":103971832,"24":109086505,"25":130280809}}