{"datetime":{"0":1668635100000,"1":1668634200000,"2":1668633300000,"3":1668632400000,"4":1668631500000,"5":1668630600000,"6":1668629700000,"7":1668628800000,"8":1668627900000,"9":1668627000000,"10":1668626100000,"11":1668625200000,"12":1668624300000,"13":1668623400000,"14":1668622500000,"15":1668621600000,"16":1668620700000,"17":1668619800000,"18":1668618900000,"19":1668618000000,"20":1668617100000,"21":1668616200000,"22":1668615300000,"23":1668614400000,"24":1668613500000,"25":1668612600000},"open":{"0":3964.06006,"1":3959.22998,"2":3958.30005,"3":3967.77002,"4":3962.91992,"5":3963.6499,"6":3961.37988,"7":3958.92993,"8":3964.70996,"9":3969.62012,"10":3972.34009,"11":3973.26001,"12":3976.47998,"13":3968.87988,"14":3968.08008,"15":3971.58008,"16":3969.81006,"17":3970.78003,"18":3965.54004,"19":3961.27002,"20":3968.94995,"21":3969.51001,"22":3969.77002,"23":3970.04004,"24":3976.22998,"25":3976.82007},"high":{"0":3968.33008,"1":3964.07007,"2":3961.3999,"3":3968.44995,"4":3967.93994,"5":3967.43994,"6":3965.81006,"7":3963.17993,"8":3965.08008,"9":3971.46997,"10":3973.12988,"11":3974.78003,"12":3981.97998,"13":3976.76001,"14":3969.68994,"15":3971.95996,"16":3975.08008,"17":3974.45996,"18":3972.55005,"19":3966.37988,"20":3970.12988,"21":3977.43994,"22":3973.88989,"23":3975.75,"24":3980.47998,"25":3983.09009},"low":{"0":3959.16992,"1":3955.70996,"2":3954.34009,"3":3955.42993,"4":3961.26001,"5":3955.95996,"6":3959.11011,"7":3957.58008,"8":3957.96997,"9":3960.93994,"10":3969.11011,"11":3968.98999,"12":3973.0,"13":3967.45996,"14":3963.82007,"15":3966.15991,"16":3969.04004,"17":3966.73999,"18":3964.21997,"19":3960.48999,"20":3958.57007,"21":3968.22998,"22":3964.40991,"23":3965.88989,"24":3964.12012,"25":3972.62012},"close":{"0":3959.49,"1":3964.07007,"2":3959.44995,"3":3958.31006,"4":3967.72998,"5":3962.8501,"6":3963.58008,"7":3961.3501,"8":3958.92993,"9":3964.73999,"10":3969.6499,"11":3972.36011,"12":3973.27002,"13":3976.47998,"14":3968.86011,"15":3968.11011,"16":3971.56006,"17":3969.87988,"18":3970.82007,"19":3965.52002,"20":3961.28003,"21":3969.0,"22":3969.75,"23":3969.82007,"24":3970.0,"25":3976.44995},"volume":{"0":211778835,"1":108519612,"2":78725148,"3":65979035,"4":49394398,"5":55723424,"6":45437383,"7":46954236,"8":47251896,"9":53825397,"10":45976987,"11":47984147,"12":53998093,"13":47887762,"14":54908594,"15":49764699,"16":53134220,"17":58510929,"18":64504163,"19":64244189,"20":67858868,"21":75441242,"22":86506155,"23":100080147,"24":140588333,"25":158721735}}