{"datetime":{"0":1631223900000,"1":1631223000000,"2":1631222100000,"3":1631221200000,"4":1631220300000,"5":1631219400000,"6":1631218500000,"7":1631217600000,"8":1631216700000,"9":1631215800000,"10":1631214900000,"11":1631214000000,"12":1631213100000,"13":1631212200000,"14":1631211300000,"15":1631210400000,"16":1631209500000,"17":1631208600000,"18":1631207700000,"19":1631206800000,"20":1631205900000,"21":1631205000000,"22":1631204100000,"23":1631203200000,"24":1631202300000,"25":1631201400000},"open":{"0":4504.27979,"1":4500.16016,"2":4499.66992,"3":4502.81006,"4":4495.81982,"5":4498.93018,"6":4500.12988,"7":4498.22998,"8":4498.0,"9":4502.41016,"10":4514.6001,"11":4510.81006,"12":4515.04004,"13":4512.52979,"14":4513.33008,"15":4516.97998,"16":4516.22998,"17":4513.25977,"18":4523.0498,"19":4523.45996,"20":4525.00977,"21":4527.14014,"22":4528.12012,"23":4522.22021,"24":4522.25,"25":4513.02002},"high":{"0":4504.6499,"1":4505.8999,"2":4501.33008,"3":4504.22998,"4":4503.50977,"5":4499.06006,"6":4500.68994,"7":4500.1001,"8":4500.87988,"9":4502.41016,"10":4515.06006,"11":4514.58008,"12":4515.14014,"13":4515.62988,"14":4513.33984,"15":4517.12012,"16":4517.22998,"17":4516.60986,"18":4523.0498,"19":4524.2002,"20":4526.93018,"21":4529.8999,"22":4529.6499,"23":4528.18018,"24":4524.72998,"25":4522.93994},"low":{"0":4492.06982,"1":4498.0498,"2":4498.1499,"3":4499.68994,"4":4495.77002,"5":4494.22021,"6":4497.52979,"7":4492.64014,"8":4497.31982,"9":4495.16016,"10":4498.91016,"11":4510.81006,"12":4510.75,"13":4510.0498,"14":4509.97998,"15":4510.70996,"16":4512.66992,"17":4512.7998,"18":4513.22998,"19":4521.91016,"20":4523.35986,"21":4524.49023,"22":4524.64014,"23":4520.8999,"24":4520.02979,"25":4510.24023},"close":{"0":4492.97998,"1":4504.33008,"2":4500.33008,"3":4499.68994,"4":4502.81006,"5":4495.89014,"6":4498.95996,"7":4500.08008,"8":4498.22021,"9":4498.10986,"10":4502.4502,"11":4514.58008,"12":4510.81982,"13":4514.99023,"14":4512.52002,"15":4513.41992,"16":4516.95996,"17":4516.20996,"18":4513.22998,"19":4523.06006,"20":4523.54004,"21":4524.97021,"22":4527.06006,"23":4528.16992,"24":4522.16992,"25":4521.9502},"volume":{"0":141703193,"1":79157637,"2":48110993,"3":47266893,"4":42316026,"5":42480783,"6":38824931,"7":48238555,"8":37671349,"9":51724416,"10":58073100,"11":34432578,"12":36394932,"13":40497141,"14":42856812,"15":42213309,"16":43971863,"17":46734921,"18":62820311,"19":60285304,"20":60243533,"21":71179730,"22":73263078,"23":82152935,"24":101378193,"25":98918408}}