{"datetime":{"0":1633383900000,"1":1633383000000,"2":1633382100000,"3":1633381200000,"4":1633380300000,"5":1633379400000,"6":1633378500000,"7":1633374000000,"8":1633373100000,"9":1633372200000,"10":1633371300000,"11":1633370400000,"12":1633369500000,"13":1633368600000,"14":1633367700000,"15":1633366800000,"16":1633365900000,"17":1633365000000,"18":1633364100000,"19":1633363200000,"20":1633362300000,"21":1633361400000},"open":{"0":4302.47998,"1":4291.64014,"2":4298.31006,"3":4297.58984,"4":4295.75977,"5":4292.72998,"6":4293.29004,"7":4287.97021,"8":4283.64014,"9":4290.0,"10":4297.62988,"11":4299.4502,"12":4285.2002,"13":4294.02002,"14":4300.3999,"15":4295.39014,"16":4306.87988,"17":4315.43018,"18":4334.93994,"19":4343.54004,"20":4340.27002,"21":4348.83984},"high":{"0":4305.02979,"1":4303.93018,"2":4301.22998,"3":4306.87012,"4":4300.52002,"5":4296.1499,"6":4293.79004,"7":4292.29004,"8":4291.0,"9":4293.54004,"10":4299.25,"11":4300.3501,"12":4301.0498,"13":4294.81982,"14":4302.41016,"15":4301.1001,"16":4306.87988,"17":4315.43018,"18":4335.12012,"19":4346.52979,"20":4345.12988,"21":4355.50977},"low":{"0":4288.8501,"1":4289.37988,"2":4288.85986,"3":4296.58008,"4":4295.47998,"5":4289.12988,"6":4291.81006,"7":4280.70996,"8":4282.06982,"9":4283.0,"10":4287.95996,"11":4294.3501,"12":4284.22998,"13":4278.93994,"14":4287.7998,"15":4287.37988,"16":4286.43018,"17":4293.29004,"18":4314.22998,"19":4328.93994,"20":4337.83984,"21":4339.1499},"close":{"0":4301.1001,"1":4302.29004,"2":4291.64014,"3":4298.31982,"4":4297.66992,"5":4295.75977,"6":4292.72998,"7":4291.37012,"8":4287.95996,"9":4283.75977,"10":4290.0,"11":4297.56982,"12":4299.66992,"13":4285.12988,"14":4293.62988,"15":4300.5,"16":4295.5,"17":4306.81006,"18":4315.66992,"19":4335.20996,"20":4345.12988,"21":4340.54004},"volume":{"0":169651271,"1":98887446,"2":66770249,"3":62027463,"4":49579362,"5":51561070,"6":5850074,"7":37325916,"8":47356181,"9":48417730,"10":47907018,"11":50668691,"12":61032094,"13":68996593,"14":70317629,"15":70411677,"16":80998211,"17":97875883,"18":86980253,"19":100728272,"20":123897937,"21":135179386}}