{"datetime":{"0":1616791500000,"1":1616790600000,"2":1616789700000,"3":1616788800000,"4":1616787900000,"5":1616787000000,"6":1616786100000,"7":1616785200000,"8":1616784300000,"9":1616783400000,"10":1616782500000,"11":1616781600000,"12":1616780700000,"13":1616779800000,"14":1616778900000,"15":1616778000000,"16":1616777100000,"17":1616776200000,"18":1616775300000,"19":1616774400000,"20":1616773500000,"21":1616772600000,"22":1616771700000,"23":1616770800000,"24":1616769900000,"25":1616769000000},"open":{"0":3949.1001,"1":3943.43994,"2":3936.80005,"3":3936.3999,"4":3927.88989,"5":3929.6001,"6":3922.1001,"7":3933.8999,"8":3933.3999,"9":3942.6001,"10":3942.37988,"11":3939.3999,"12":3942.33008,"13":3936.63989,"14":3934.52002,"15":3933.91992,"16":3931.79004,"17":3923.43994,"18":3924.73999,"19":3930.08008,"20":3936.5,"21":3935.6001,"22":3931.62988,"23":3927.27002,"24":3924.61011,"25":3917.12012},"high":{"0":3978.47998,"1":3950.1001,"2":3943.43994,"3":3939.81006,"4":3937.28003,"5":3932.26001,"6":3930.12012,"7":3935.86011,"8":3934.40991,"9":3943.73999,"10":3943.98999,"11":3944.34009,"12":3944.15991,"13":3942.59009,"14":3936.62988,"15":3935.17993,"16":3933.41992,"17":3932.02002,"18":3926.20996,"19":3932.3999,"20":3937.23999,"21":3938.30005,"22":3935.59009,"23":3933.6001,"24":3927.76001,"25":3928.0},"low":{"0":3948.1001,"1":3943.43994,"2":3936.79004,"3":3932.8999,"4":3918.12012,"5":3925.6001,"6":3917.6001,"7":3921.08008,"8":3927.8999,"9":3933.91992,"10":3940.1001,"11":3939.3999,"12":3939.1001,"13":3934.8999,"14":3932.31006,"15":3929.8999,"16":3930.6001,"17":3921.8999,"18":3920.47998,"19":3924.1001,"20":3928.6001,"21":3934.57007,"22":3928.12988,"23":3925.97998,"24":3923.61011,"25":3917.12012},"close":{"0":3974.73999,"1":3948.8999,"2":3943.18994,"3":3937.05005,"4":3937.28003,"5":3927.3999,"6":3929.3999,"7":3921.8999,"8":3934.1001,"9":3934.16992,"10":3942.3999,"11":3942.12988,"12":3939.61011,"13":3942.3999,"14":3935.88989,"15":3934.27002,"16":3933.17993,"17":3931.3999,"18":3923.93994,"19":3925.1001,"20":3929.83008,"21":3935.75,"22":3935.59009,"23":3931.51001,"24":3927.31006,"25":3924.5},"volume":{"0":0,"1":0,"2":0,"3":0,"4":0,"5":0,"6":0,"7":0,"8":0,"9":0,"10":0,"11":0,"12":0,"13":0,"14":0,"15":0,"16":0,"17":0,"18":0,"19":0,"20":0,"21":42470878,"22":78559789,"23":83614634,"24":257418911,"25":114656112}}