{"datetime":{"0":1651873500000,"1":1651872600000,"2":1651871700000,"3":1651870800000,"4":1651869900000,"5":1651869000000,"6":1651868100000,"7":1651867200000,"8":1651866300000,"9":1651865400000,"10":1651864500000,"11":1651863600000,"12":1651862700000,"13":1651861800000,"14":1651860900000,"15":1651860000000,"16":1651859100000,"17":1651858200000,"18":1651857300000,"19":1651856400000,"20":1651855500000,"21":1651854600000,"22":1651853700000,"23":1651852800000,"24":1651851900000,"25":1651851000000},"open":{"0":4120.87012,"1":4096.47998,"2":4092.23999,"3":4100.18018,"4":4090.80005,"5":4098.12988,"6":4105.02002,"7":4111.3999,"8":4127.37988,"9":4131.02002,"10":4137.3999,"11":4147.74023,"12":4132.60986,"13":4129.06982,"14":4112.50977,"15":4109.52979,"16":4118.8501,"17":4147.87012,"18":4138.45996,"19":4138.47021,"20":4102.8999,"21":4106.12988,"22":4090.72998,"23":4073.8999,"24":4087.62012,"25":4128.16992},"high":{"0":4138.85986,"1":4130.58008,"2":4098.75977,"3":4103.52002,"4":4114.79004,"5":4101.22021,"6":4111.64014,"7":4116.58008,"8":4130.27979,"9":4138.79004,"10":4139.2998,"11":4152.31006,"12":4149.33984,"13":4137.1499,"14":4131.91992,"15":4139.85986,"16":4127.52002,"17":4149.50977,"18":4157.68994,"19":4139.97998,"20":4143.91992,"21":4116.31006,"22":4125.66992,"23":4096.50977,"24":4089.87012,"25":4128.16992},"low":{"0":4117.1001,"1":4096.25977,"2":4084.55005,"3":4088.87012,"4":4089.92993,"5":4090.1001,"6":4094.6499,"7":4096.7998,"8":4108.97021,"9":4118.18994,"10":4121.27979,"11":4137.10986,"12":4123.47021,"13":4120.54004,"14":4108.52002,"15":4106.5,"16":4106.3501,"17":4113.70996,"18":4137.54004,"19":4122.3999,"20":4100.8501,"21":4088.26001,"22":4090.72998,"23":4068.91992,"24":4067.90991,"25":4086.95996},"close":{"0":4124.25977,"1":4120.97021,"2":4097.08984,"3":4092.33008,"4":4100.37012,"5":4090.8999,"6":4098.10986,"7":4105.06982,"8":4111.35986,"9":4127.47998,"10":4130.97998,"11":4137.22998,"12":4147.66992,"13":4132.66992,"14":4129.52979,"15":4112.6001,"16":4109.52002,"17":4118.8501,"18":4147.62012,"19":4138.37988,"20":4138.72021,"21":4103.5498,"22":4106.25,"23":4090.05005,"24":4074.06006,"25":4087.27002},"volume":{"0":271369207,"1":150084956,"2":92091448,"3":76540406,"4":74365075,"5":59757935,"6":56932840,"7":72259637,"8":55258528,"9":63584273,"10":63425661,"11":62162079,"12":69059250,"13":61218912,"14":64439597,"15":68932974,"16":65710032,"17":85797913,"18":90359769,"19":89458847,"20":107464727,"21":95839682,"22":123082607,"23":120649507,"24":124827138,"25":124066459}}