{"datetime":{"0":1630100700000,"1":1630099800000,"2":1630098900000,"3":1630098000000,"4":1630097100000,"5":1630096200000,"6":1630095300000,"7":1630094400000,"8":1630093500000,"9":1630092600000,"10":1630091700000,"11":1630090800000,"12":1630089900000,"13":1630089000000,"14":1630088100000,"15":1630087200000,"16":1630086300000,"17":1630085400000,"18":1630084500000,"19":1630083600000,"20":1630082700000,"21":1630081800000,"22":1630080900000,"23":1630080000000,"24":1630079100000,"25":1630078200000},"open":{"0":4511.56982,"1":4510.75977,"2":4510.77002,"3":4509.00977,"4":4509.22021,"5":4509.00977,"6":4508.3999,"7":4510.81982,"8":4510.16992,"9":4511.00977,"10":4510.12988,"11":4509.2002,"12":4506.7998,"13":4506.75977,"14":4505.5,"15":4505.93994,"16":4504.83008,"17":4499.87012,"18":4503.45996,"19":4503.43018,"20":4497.06982,"21":4499.97998,"22":4499.79004,"23":4484.87012,"24":4481.52002,"25":4474.1001},"high":{"0":4513.33008,"1":4511.58008,"2":4512.4502,"3":4510.8501,"4":4509.4502,"5":4510.2002,"6":4509.22021,"7":4510.83984,"8":4510.97021,"9":4512.08008,"10":4511.75,"11":4510.7002,"12":4509.16016,"13":4508.2002,"14":4507.0,"15":4506.37988,"16":4506.56982,"17":4504.87988,"18":4503.99023,"19":4505.12012,"20":4505.8501,"21":4501.2998,"22":4505.16016,"23":4500.70996,"24":4486.74023,"25":4484.39014},"low":{"0":4507.47998,"1":4508.81006,"2":4510.64014,"3":4508.8999,"4":4508.3501,"5":4508.37988,"6":4507.2998,"7":4507.47998,"8":4509.6001,"9":4510.14014,"10":4509.49023,"11":4508.93018,"12":4506.49023,"13":4506.52002,"14":4504.22021,"15":4504.81006,"16":4503.6001,"17":4499.87012,"18":4499.83984,"19":4502.87012,"20":4496.95996,"21":4496.47021,"22":4497.74023,"23":4479.29004,"24":4481.52002,"25":4474.1001},"close":{"0":4508.70996,"1":4511.5498,"2":4510.81006,"3":4510.83984,"4":4509.02002,"5":4509.22998,"6":4509.02002,"7":4508.35986,"8":4510.81982,"9":4510.1499,"10":4511.02002,"11":4510.14014,"12":4509.16016,"13":4506.83984,"14":4506.75977,"15":4505.47998,"16":4505.97021,"17":4504.83008,"18":4499.89014,"19":4503.49023,"20":4503.3501,"21":4497.08008,"22":4499.97998,"23":4499.83984,"24":4484.56982,"25":4481.6001},"volume":{"0":166052484,"1":66219003,"2":46258082,"3":43423157,"4":37143397,"5":35147910,"6":32592872,"7":37098091,"8":34059681,"9":34129904,"10":33489819,"11":35815396,"12":34254528,"13":36916497,"14":42698510,"15":42928757,"16":42653627,"17":44172666,"18":50376106,"19":51013025,"20":62464503,"21":63720545,"22":79643950,"23":88550283,"24":110570409,"25":94106930}}