{"datetime":{"0":1599860700000,"1":1599859800000,"2":1599858900000,"3":1599858000000,"4":1599857100000,"5":1599856200000,"6":1599855300000,"7":1599854400000,"8":1599853500000,"9":1599852600000,"10":1599851700000,"11":1599850800000,"12":1599849900000,"13":1599849000000,"14":1599848100000,"15":1599847200000,"16":1599846300000,"17":1599845400000,"18":1599844500000,"19":1599843600000,"20":1599842700000,"21":1599841800000,"22":1599840900000,"23":1599840000000,"24":1599839100000,"25":1599838200000},"open":{"0":3343.19995,"1":3347.12988,"2":3330.03003,"3":3336.01001,"4":3339.87988,"5":3324.34009,"6":3329.34009,"7":3314.63989,"8":3321.92993,"9":3316.72998,"10":3322.0,"11":3331.28003,"12":3337.27002,"13":3352.6001,"14":3352.12988,"15":3348.02002,"16":3351.43994,"17":3355.86011,"18":3366.01001,"19":3356.05005,"20":3360.02002,"21":3354.54004,"22":3347.52002,"23":3341.37988,"24":3351.21997,"25":3352.69995},"high":{"0":3346.29004,"1":3352.86011,"2":3348.6499,"3":3337.04004,"4":3342.33008,"5":3341.3501,"6":3329.91992,"7":3330.51001,"8":3326.65991,"9":3324.79004,"10":3327.53003,"11":3334.48999,"12":3343.84009,"13":3352.6001,"14":3357.84009,"15":3355.06006,"16":3354.23999,"17":3355.86011,"18":3367.93994,"19":3368.94995,"20":3365.17993,"21":3359.8501,"22":3359.56006,"23":3352.3501,"24":3362.58008,"25":3364.78003},"low":{"0":3338.58008,"1":3339.91992,"2":3330.03003,"3":3324.01001,"4":3334.54004,"5":3324.29004,"6":3322.54004,"7":3311.81006,"8":3314.65991,"9":3310.46997,"10":3316.29004,"11":3321.34009,"12":3330.83008,"13":3335.42993,"14":3349.32007,"15":3344.58008,"16":3347.92993,"17":3347.1001,"18":3353.12012,"19":3355.59009,"20":3355.8501,"21":3345.91992,"22":3342.47998,"23":3337.8999,"24":3339.54004,"25":3345.08008},"close":{"0":3341.37988,"1":3343.26001,"2":3347.15991,"3":3330.0,"4":3336.23999,"5":3339.68994,"6":3324.34009,"7":3329.30005,"8":3314.67993,"9":3322.15991,"10":3316.73999,"11":3321.71997,"12":3331.37988,"13":3337.3999,"14":3352.63989,"15":3352.08008,"16":3347.92993,"17":3351.3999,"18":3356.34009,"19":3366.09009,"20":3356.01001,"21":3359.8501,"22":3354.84009,"23":3347.46997,"24":3341.23999,"25":3351.22998},"volume":{"0":224217252,"1":97747252,"2":79771713,"3":65420705,"4":57119398,"5":65164260,"6":50274726,"7":61186833,"8":59027936,"9":73050247,"10":70674395,"11":70736444,"12":58672055,"13":64682155,"14":48991347,"15":56947878,"16":52696467,"17":53975534,"18":69529308,"19":66486975,"20":69557478,"21":76543270,"22":88789629,"23":107533935,"24":115181364,"25":129576457}}