{"datetime":{"0":1612302300000,"1":1612301400000,"2":1612300500000,"3":1612299600000,"4":1612298700000,"5":1612297800000,"6":1612296900000,"7":1612296000000,"8":1612295100000,"9":1612294200000,"10":1612293300000,"11":1612292400000,"12":1612291500000,"13":1612290600000,"14":1612289700000,"15":1612288800000,"16":1612287900000,"17":1612287000000,"18":1612286100000,"19":1612285200000,"20":1612284300000,"21":1612283400000,"22":1612282500000,"23":1612281600000,"24":1612280700000,"25":1612279800000},"open":{"0":3832.84009,"1":3838.47998,"2":3836.75,"3":3842.1001,"4":3841.55005,"5":3836.83008,"6":3839.69995,"7":3837.47998,"8":3839.26001,"9":3835.09009,"10":3838.94995,"11":3840.40991,"12":3838.13989,"13":3837.03003,"14":3842.41992,"15":3841.15991,"16":3840.16992,"17":3836.36011,"18":3837.65991,"19":3831.51001,"20":3827.5,"21":3826.61011,"22":3826.54004,"23":3819.62988,"24":3816.22998,"25":3791.84009},"high":{"0":3837.43994,"1":3838.65991,"2":3838.78003,"3":3842.1001,"4":3842.21997,"5":3842.28003,"6":3839.69995,"7":3839.79004,"8":3840.5,"9":3839.52002,"10":3839.23999,"11":3841.41992,"12":3840.46997,"13":3839.32007,"14":3843.09009,"15":3842.54004,"16":3841.76001,"17":3840.31006,"18":3839.81006,"19":3837.88989,"20":3832.6001,"21":3831.69995,"22":3835.93994,"23":3828.15991,"24":3823.05005,"25":3819.32007},"low":{"0":3826.22998,"1":3832.92993,"2":3835.40991,"3":3836.67993,"4":3840.11011,"5":3836.83008,"6":3835.90991,"7":3836.36011,"8":3835.73999,"9":3835.09009,"10":3833.19995,"11":3838.96997,"12":3836.3501,"13":3837.03003,"14":3836.33008,"15":3840.06006,"16":3839.8999,"17":3834.95996,"18":3835.38989,"19":3830.15991,"20":3825.57007,"21":3825.46997,"22":3826.54004,"23":3819.62988,"24":3816.09009,"25":3791.84009},"close":{"0":3826.46997,"1":3832.92993,"2":3838.52002,"3":3836.72998,"4":3842.06006,"5":3841.55005,"6":3836.78003,"7":3839.70996,"8":3837.53003,"9":3839.25,"10":3835.08008,"11":3838.96997,"12":3840.46997,"13":3838.13989,"14":3837.04004,"15":3842.44995,"16":3841.07007,"17":3840.23999,"18":3836.3501,"19":3837.63989,"20":3831.61011,"21":3827.55005,"22":3826.91992,"23":3826.5,"24":3819.76001,"25":3815.98999},"volume":{"0":235283897,"1":97774117,"2":67512530,"3":61769024,"4":1599935723,"5":54335683,"6":51141902,"7":46523954,"8":1393248907,"9":47016564,"10":45978679,"11":46224798,"12":1203599812,"13":53008301,"14":53928441,"15":60814707,"16":993478270,"17":67985597,"18":67391524,"19":75485149,"20":77035963,"21":84778110,"22":102359738,"23":109074139,"24":126728248,"25":147166035}}