{"datetime":{"0":1610574300000,"1":1610573400000,"2":1610572500000,"3":1610571600000,"4":1610570700000,"5":1610569800000,"6":1610568900000,"7":1610568000000,"8":1610567100000,"9":1610566200000,"10":1610565300000,"11":1610564400000,"12":1610563500000,"13":1610562600000,"14":1610561700000,"15":1610560800000,"16":1610559900000,"17":1610559000000,"18":1610558100000,"19":1610557200000,"20":1610556300000,"21":1610555400000,"22":1610554500000,"23":1610553600000,"24":1610552700000,"25":1610551800000},"open":{"0":3815.80005,"1":3810.5,"2":3813.87012,"3":3816.6499,"4":3815.68994,"5":3821.0,"6":3819.69995,"7":3815.5,"8":3814.5,"9":3814.77002,"10":3814.91992,"11":3813.68994,"12":3811.05005,"13":3809.12988,"14":3804.62012,"15":3808.57007,"16":3811.31006,"17":3809.33008,"18":3806.16992,"19":3809.73999,"20":3806.83008,"21":3804.97998,"22":3799.92993,"23":3800.8999,"24":3798.62988,"25":3802.22998},"high":{"0":3816.5,"1":3816.30005,"2":3815.30005,"3":3818.30005,"4":3818.0,"5":3821.5,"6":3821.5,"7":3820.80005,"8":3816.0,"9":3816.5,"10":3815.71997,"11":3815.02002,"12":3815.6499,"13":3811.12012,"14":3809.12988,"15":3808.84009,"16":3811.31006,"17":3811.59009,"18":3810.88989,"19":3811.6001,"20":3809.96997,"21":3807.90991,"22":3805.55005,"23":3802.77002,"24":3804.03003,"25":3806.1499},"low":{"0":3811.30005,"1":3808.54004,"2":3809.26001,"3":3811.90991,"4":3813.67993,"5":3815.43994,"6":3818.02002,"7":3814.46997,"8":3813.23999,"9":3813.02002,"10":3813.78003,"11":3811.79004,"12":3811.04004,"13":3806.07007,"14":3803.93994,"15":3804.31006,"16":3807.13989,"17":3807.47998,"18":3804.95996,"19":3804.71997,"20":3806.83008,"21":3803.96997,"22":3799.36011,"23":3791.5,"24":3798.52002,"25":3798.37988},"close":{"0":3811.30005,"1":3815.30005,"2":3809.63989,"3":3814.12012,"4":3816.3999,"5":3815.43994,"6":3820.8999,"7":3820.80005,"8":3815.80005,"9":3814.75,"10":3814.52002,"11":3814.94995,"12":3813.66992,"13":3811.02002,"14":3809.12988,"15":3804.62012,"16":3808.52002,"17":3811.29004,"18":3809.34009,"19":3806.17993,"20":3809.77002,"21":3806.78003,"22":3804.92993,"23":3799.93994,"24":3800.67993,"25":3798.41992},"volume":{"0":0,"1":0,"2":0,"3":0,"4":0,"5":0,"6":0,"7":0,"8":0,"9":3706786,"10":50404857,"11":51800847,"12":1173927048,"13":54465842,"14":50594755,"15":58242015,"16":948001816,"17":60758280,"18":65948390,"19":68250248,"20":688066452,"21":85181936,"22":77683487,"23":105115421,"24":352716466,"25":146919424}}