{"datetime":{"0":1598478300000,"1":1598477400000,"2":1598476500000,"3":1598475600000,"4":1598474700000,"5":1598473800000,"6":1598472900000,"7":1598472000000,"8":1598471100000,"9":1598470200000,"10":1598469300000,"11":1598468400000,"12":1598467500000,"13":1598466600000,"14":1598465700000,"15":1598464800000,"16":1598463900000,"17":1598463000000,"18":1598462100000,"19":1598461200000,"20":1598460300000,"21":1598459400000,"22":1598458500000,"23":1598457600000,"24":1598456700000,"25":1598455800000},"open":{"0":3475.37988,"1":3479.95996,"2":3476.87988,"3":3468.09009,"4":3469.13989,"5":3480.36011,"6":3476.52002,"7":3473.12988,"8":3470.82007,"9":3469.86011,"10":3469.70996,"11":3468.69995,"12":3466.53003,"13":3471.44995,"14":3468.80005,"15":3462.56006,"16":3461.63989,"17":3457.42993,"18":3456.62012,"19":3455.22998,"20":3454.42993,"21":3452.11011,"22":3449.06006,"23":3449.81006,"24":3445.43994,"25":3449.96997},"high":{"0":3480.67993,"1":3480.34009,"2":3480.03003,"3":3476.87988,"4":3474.01001,"5":3480.88989,"6":3481.07007,"7":3477.11011,"8":3473.11011,"9":3473.12988,"10":3471.95996,"11":3472.75,"12":3470.77002,"13":3471.67993,"14":3472.79004,"15":3468.84009,"16":3463.55005,"17":3461.98999,"18":3457.63989,"19":3457.3501,"20":3456.12012,"21":3455.19995,"22":3452.23999,"23":3451.43994,"24":3450.44995,"25":3450.37988},"low":{"0":3475.32007,"1":3474.79004,"2":3473.91992,"3":3465.83008,"4":3466.1001,"5":3469.07007,"6":3476.31006,"7":3472.37012,"8":3470.6001,"9":3469.52002,"10":3468.88989,"11":3468.69995,"12":3466.37012,"13":3465.69995,"14":3467.92993,"15":3461.66992,"16":3460.17993,"17":3456.73999,"18":3453.94995,"19":3455.22998,"20":3454.04004,"21":3451.62988,"22":3449.06006,"23":3447.58008,"24":3444.1499,"25":3444.63989},"close":{"0":3478.92993,"1":3475.32007,"2":3479.94995,"3":3476.87988,"4":3468.07007,"5":3469.1499,"6":3480.26001,"7":3476.53003,"8":3473.11011,"9":3470.76001,"10":3469.88989,"11":3469.71997,"12":3468.65991,"13":3466.33008,"14":3471.55005,"15":3468.77002,"16":3462.53003,"17":3461.81006,"18":3457.51001,"19":3456.62012,"20":3455.25,"21":3454.3999,"22":3452.17993,"23":3449.1001,"24":3449.82007,"25":3445.54004},"volume":{"0":185843294,"1":84210710,"2":62213190,"3":55246670,"4":51780129,"5":57546706,"6":46999781,"7":48374067,"8":41550594,"9":43241102,"10":39344592,"11":40988193,"12":51191265,"13":51714605,"14":46858225,"15":55240625,"16":50155685,"17":57641322,"18":59080896,"19":68493169,"20":63366216,"21":73759834,"22":86660403,"23":77259345,"24":99695487,"25":115044790}}