{"datetime":{"0":1634939100000,"1":1634938200000,"2":1634937300000,"3":1634936400000,"4":1634935500000,"5":1634934600000,"6":1634933700000,"7":1634932800000,"8":1634931900000,"9":1634931000000,"10":1634930100000,"11":1634929200000,"12":1634928300000,"13":1634927400000,"14":1634926500000,"15":1634925600000,"16":1634924700000,"17":1634923800000,"18":1634922900000,"19":1634922000000,"20":1634921100000,"21":1634920200000,"22":1634919300000,"23":1634918400000,"24":1634917500000,"25":1634916600000},"open":{"0":4544.75,"1":4542.7002,"2":4543.20996,"3":4544.81982,"4":4549.06006,"5":4547.22021,"6":4543.56006,"7":4538.7998,"8":4543.47021,"9":4542.39014,"10":4541.35986,"11":4540.47998,"12":4543.83984,"13":4536.54004,"14":4534.91016,"15":4531.75977,"16":4527.68994,"17":4537.43018,"18":4549.41992,"19":4548.58984,"20":4551.18994,"21":4559.62988,"22":4551.95996,"23":4552.16016,"24":4553.2998,"25":4546.12012},"high":{"0":4547.54004,"1":4549.7002,"2":4545.47998,"3":4545.58984,"4":4549.75977,"5":4553.56006,"6":4547.18994,"7":4544.49023,"8":4544.68018,"9":4545.7002,"10":4544.43994,"11":4543.33008,"12":4546.54004,"13":4544.2998,"14":4536.5,"15":4535.1499,"16":4532.83008,"17":4537.97021,"18":4549.41992,"19":4552.2998,"20":4553.52979,"21":4559.66992,"22":4559.4502,"23":4553.72021,"24":4554.72998,"25":4555.04004},"low":{"0":4542.43994,"1":4542.7002,"2":4541.0498,"3":4542.41016,"4":4544.75,"5":4547.18018,"6":4542.6001,"7":4538.7998,"8":4538.75977,"9":4540.60986,"10":4540.83008,"11":4539.56006,"12":4540.41992,"13":4536.14014,"14":4532.6001,"15":4527.4502,"16":4524.0,"17":4524.66992,"18":4533.00977,"19":4548.37012,"20":4547.2002,"21":4550.41016,"22":4551.64014,"23":4549.50977,"24":4545.56006,"25":4541.87988},"close":{"0":4545.08008,"1":4544.81982,"2":4542.68018,"3":4543.22021,"4":4544.7998,"5":4549.06006,"6":4547.18994,"7":4543.52979,"8":4538.85986,"9":4543.33008,"10":4542.41992,"11":4541.39014,"12":4540.43994,"13":4543.8501,"14":4536.5,"15":4534.8999,"16":4531.77002,"17":4527.62988,"18":4537.43018,"19":4549.43018,"20":4548.60986,"21":4551.18994,"22":4559.4502,"23":4551.97998,"24":4552.1499,"25":4553.22998},"volume":{"0":182962710,"1":76263205,"2":51651745,"3":45881462,"4":39545521,"5":45932468,"6":35750808,"7":36087420,"8":37792031,"9":36867496,"10":32968507,"11":36123361,"12":35659802,"13":39950407,"14":39273897,"15":44256490,"16":56169335,"17":64606315,"18":62062772,"19":50461565,"20":54630971,"21":60513360,"22":62669693,"23":78466281,"24":96924534,"25":121338838}}