{"datetime":{"0":1610142300000,"1":1610141400000,"2":1610140500000,"3":1610139600000,"4":1610138700000,"5":1610137800000,"6":1610136900000,"7":1610136000000,"8":1610135100000,"9":1610134200000,"10":1610133300000,"11":1610132400000,"12":1610131500000,"13":1610130600000,"14":1610129700000,"15":1610128800000,"16":1610127900000,"17":1610127000000,"18":1610126100000,"19":1610125200000,"20":1610124300000,"21":1610123400000,"22":1610122500000,"23":1610121600000,"24":1610120700000,"25":1610119800000},"open":{"0":3821.40991,"1":3816.92993,"2":3816.95996,"3":3811.73999,"4":3802.25,"5":3807.17993,"6":3800.86011,"7":3794.19995,"8":3788.45996,"9":3798.87988,"10":3808.52002,"11":3810.37012,"12":3815.59009,"13":3816.36011,"14":3817.38989,"15":3814.71997,"16":3810.75,"17":3812.12012,"18":3814.71997,"19":3817.83008,"20":3814.75,"21":3802.01001,"22":3819.41992,"23":3818.04004,"24":3822.41992,"25":3815.05005},"high":{"0":3826.68994,"1":3821.63989,"2":3818.34009,"3":3818.47998,"4":3812.95996,"5":3808.43994,"6":3807.16992,"7":3806.23999,"8":3796.73999,"9":3799.1001,"10":3808.62988,"11":3811.13989,"12":3815.78003,"13":3817.05005,"14":3819.03003,"15":3817.37988,"16":3814.6499,"17":3812.26001,"18":3814.71997,"19":3820.1499,"20":3819.87988,"21":3815.79004,"22":3821.72998,"23":3822.68994,"24":3823.1001,"25":3824.3999},"low":{"0":3820.83008,"1":3814.73999,"2":3812.98999,"3":3811.61011,"4":3800.95996,"5":3801.12988,"6":3800.66992,"7":3794.1499,"8":3788.1499,"9":3783.6001,"10":3790.93994,"11":3807.12988,"12":3809.09009,"13":3815.37988,"14":3815.6001,"15":3809.03003,"16":3808.04004,"17":3808.68994,"18":3808.82007,"19":3812.94995,"20":3814.75,"21":3802.01001,"22":3801.91992,"23":3818.04004,"24":3814.0,"25":3815.05005},"close":{"0":3824.59009,"1":3821.42993,"2":3816.92993,"3":3816.98999,"4":3811.6499,"5":3802.27002,"6":3807.16992,"7":3801.0,"8":3793.93994,"9":3788.33008,"10":3798.93994,"11":3808.48999,"12":3810.37012,"13":3815.57007,"14":3816.32007,"15":3817.3501,"16":3814.62988,"17":3810.79004,"18":3812.16992,"19":3814.66992,"20":3817.86011,"21":3814.76001,"22":3801.96997,"23":3819.6001,"24":3817.5,"25":3822.54004},"volume":{"0":233390616,"1":90331757,"2":70064827,"3":64579026,"4":57075288,"5":52052598,"6":61184367,"7":60290370,"8":58447038,"9":73906059,"10":73742462,"11":50645832,"12":47860699,"13":44817300,"14":48008669,"15":58532999,"16":57710547,"17":60435411,"18":61449415,"19":65091449,"20":69412363,"21":85125928,"22":95252630,"23":90340837,"24":108923428,"25":127817603}}