{"datetime":{"0":1668721500000,"1":1668720600000,"2":1668719700000,"3":1668718800000,"4":1668717900000,"5":1668717000000,"6":1668716100000,"7":1668715200000,"8":1668714300000,"9":1668713400000,"10":1668712500000,"11":1668711600000,"12":1668710700000,"13":1668709800000,"14":1668708900000,"15":1668708000000,"16":1668707100000,"17":1668706200000,"18":1668705300000,"19":1668704400000,"20":1668703500000,"21":1668702600000,"22":1668701700000,"23":1668700800000,"24":1668699900000,"25":1668699000000},"open":{"0":3933.03003,"1":3925.87988,"2":3927.67993,"3":3936.87012,"4":3934.54004,"5":3937.56006,"6":3941.27002,"7":3947.48999,"8":3949.8501,"9":3949.32007,"10":3949.54004,"11":3948.44995,"12":3939.22998,"13":3935.41992,"14":3937.95996,"15":3936.37012,"16":3920.59009,"17":3917.5,"18":3912.22998,"19":3912.75,"20":3918.65991,"21":3924.8999,"22":3915.12012,"23":3908.21997,"24":3917.20996,"25":3919.26001},"high":{"0":3948.5,"1":3933.88989,"2":3928.3999,"3":3938.69995,"4":3939.13989,"5":3939.04004,"6":3941.3501,"7":3951.37988,"8":3949.95996,"9":3953.65991,"10":3954.33008,"11":3951.66992,"12":3950.12988,"13":3940.1001,"14":3938.96997,"15":3941.40991,"16":3936.54004,"17":3921.73999,"18":3918.32007,"19":3916.71997,"20":3918.65991,"21":3924.94995,"22":3926.70996,"23":3916.27002,"24":3921.66992,"25":3919.26001},"low":{"0":3932.93994,"1":3925.19995,"2":3922.13989,"3":3927.72998,"4":3930.96997,"5":3932.3999,"6":3934.38989,"7":3939.87988,"8":3942.88989,"9":3946.83008,"10":3948.82007,"11":3946.47998,"12":3939.03003,"13":3933.09009,"14":3935.42993,"15":3936.30005,"16":3918.84009,"17":3915.95996,"18":3909.68994,"19":3908.45996,"20":3910.67993,"21":3917.91992,"22":3914.61011,"23":3906.54004,"24":3907.77002,"25":3910.33008},"close":{"0":3947.62012,"1":3933.0,"2":3925.92993,"3":3927.72998,"4":3936.87012,"5":3934.76001,"6":3937.46997,"7":3941.19995,"8":3947.48999,"9":3949.88989,"10":3949.21997,"11":3949.44995,"12":3948.62012,"13":3939.21997,"14":3935.51001,"15":3937.94995,"16":3936.16992,"17":3920.6001,"18":3917.45996,"19":3912.22998,"20":3911.19995,"21":3918.69995,"22":3924.87988,"23":3915.34009,"24":3907.96997,"25":3917.12988},"volume":{"0":222723246,"1":84421307,"2":70865986,"3":73456954,"4":50682307,"5":52388214,"6":54583946,"7":48990295,"8":47141819,"9":52571938,"10":45861942,"11":49985697,"12":58193448,"13":48941015,"14":48400918,"15":56437791,"16":62394656,"17":54704945,"18":56993658,"19":63719624,"20":66256979,"21":67840111,"22":80703279,"23":88564871,"24":98231004,"25":114496748}}