{"datetime":{"0":1670363100000,"1":1670362200000,"2":1670361300000,"3":1670360400000,"4":1670359500000,"5":1670358600000,"6":1670357700000,"7":1670356800000,"8":1670355900000,"9":1670355000000,"10":1670354100000,"11":1670353200000,"12":1670352300000,"13":1670351400000,"14":1670350500000,"15":1670349600000,"16":1670348700000,"17":1670347800000,"18":1670346900000,"19":1670346000000,"20":1670345100000,"21":1670344200000,"22":1670343300000,"23":1670342400000,"24":1670341500000,"25":1670340600000},"open":{"0":3938.18994,"1":3922.96997,"2":3927.27002,"3":3927.06006,"4":3926.66992,"5":3923.6499,"6":3927.76001,"7":3934.79004,"8":3937.44995,"9":3931.27002,"10":3936.66992,"11":3942.58008,"12":3946.79004,"13":3947.95996,"14":3952.56006,"15":3953.0,"16":3956.32007,"17":3956.36011,"18":3953.87988,"19":3956.13989,"20":3960.36011,"21":3961.04004,"22":3964.88989,"23":3973.91992,"24":3983.66992,"25":3996.62988},"high":{"0":3943.86011,"1":3940.22998,"2":3928.87988,"3":3934.19995,"4":3929.62012,"5":3926.92993,"6":3930.61011,"7":3935.67993,"8":3939.40991,"9":3937.37988,"10":3938.22998,"11":3944.77002,"12":3946.95996,"13":3949.02002,"14":3952.86011,"15":3957.48999,"16":3958.59009,"17":3960.12012,"18":3957.33008,"19":3960.02002,"20":3962.33008,"21":3962.96997,"22":3968.96997,"23":3975.96997,"24":3987.67993,"25":4001.51001},"low":{"0":3937.55005,"1":3922.84009,"2":3921.90991,"3":3926.88989,"4":3924.41992,"5":3918.38989,"6":3923.65991,"7":3925.95996,"8":3932.45996,"9":3928.41992,"10":3930.55005,"11":3933.38989,"12":3941.16992,"13":3944.66992,"14":3942.6499,"15":3952.25,"16":3950.09009,"17":3952.80005,"18":3948.33008,"19":3953.18994,"20":3955.07007,"21":3950.87988,"22":3960.68994,"23":3961.82007,"24":3973.78003,"25":3983.71997},"close":{"0":3942.22,"1":3938.41992,"2":3922.97998,"3":3927.26001,"4":3927.06006,"5":3926.70996,"6":3923.65991,"7":3927.77002,"8":3934.80005,"9":3937.37988,"10":3931.29004,"11":3936.65991,"12":3942.62012,"13":3946.83008,"14":3947.96997,"15":3952.55005,"16":3953.06006,"17":3956.31006,"18":3956.3501,"19":3954.55005,"20":3956.11011,"21":3960.29004,"22":3961.0,"23":3964.87012,"24":3974.17993,"25":3983.71997},"volume":{"0":182914573,"1":110442089,"2":83354325,"3":68047186,"4":58877265,"5":61992236,"6":63450433,"7":59810620,"8":53544379,"9":58157228,"10":50585456,"11":57367064,"12":47548822,"13":48023323,"14":58027211,"15":50791835,"16":54202991,"17":58676343,"18":733822086,"19":673028330,"20":71629664,"21":80046969,"22":77920689,"23":95806526,"24":113111099,"25":111689624}}