{"datetime":{"0":1605217500000,"1":1605216600000,"2":1605215700000,"3":1605214800000,"4":1605213900000,"5":1605213000000,"6":1605212100000,"7":1605211200000,"8":1605210300000,"9":1605209400000,"10":1605208500000,"11":1605207600000,"12":1605206700000,"13":1605205800000,"14":1605204900000,"15":1605204000000,"16":1605203100000,"17":1605202200000,"18":1605201300000,"19":1605200400000,"20":1605199500000,"21":1605198600000,"22":1605197700000,"23":1605196800000,"24":1605195900000,"25":1605195000000},"open":{"0":3525.82007,"1":3524.98999,"2":3524.02002,"3":3525.80005,"4":3525.3999,"5":3532.16992,"6":3531.02002,"7":3540.0,"8":3534.0,"9":3527.55005,"10":3533.87988,"11":3538.09009,"12":3543.18994,"13":3548.6001,"14":3560.63989,"15":3557.71997,"16":3552.70996,"17":3561.86011,"18":3563.38989,"19":3565.44995,"20":3567.97998,"21":3559.13989,"22":3566.19995,"23":3558.47998,"24":3557.88989,"25":3562.66992},"high":{"0":3537.78003,"1":3528.63989,"2":3531.29004,"3":3526.6499,"4":3528.8999,"5":3538.34009,"6":3533.72998,"7":3543.56006,"8":3540.06006,"9":3537.04004,"10":3533.87988,"11":3538.6499,"12":3543.37012,"13":3551.77002,"14":3560.63989,"15":3561.01001,"16":3558.72998,"17":3561.86011,"18":3563.54004,"19":3569.02002,"20":3568.6001,"21":3568.28003,"22":3567.43994,"23":3566.53003,"24":3559.97998,"25":3563.46997},"low":{"0":3519.5,"1":3520.47998,"2":3522.69995,"3":3518.58008,"4":3524.38989,"5":3525.33008,"6":3528.67993,"7":3530.87988,"8":3530.57007,"9":3524.98999,"10":3525.6499,"11":3527.15991,"12":3530.96997,"13":3541.88989,"14":3548.3999,"15":3555.8999,"16":3552.56006,"17":3552.6499,"18":3559.91992,"19":3563.12988,"20":3563.76001,"21":3558.6499,"22":3557.51001,"23":3555.32007,"24":3552.21997,"25":3553.31006},"close":{"0":3536.76001,"1":3525.83008,"2":3525.52002,"3":3524.08008,"4":3525.95996,"5":3525.44995,"6":3532.12012,"7":3530.96997,"8":3540.01001,"9":3534.0,"10":3527.55005,"11":3533.86011,"12":3538.12988,"13":3543.05005,"14":3548.6001,"15":3560.6499,"16":3557.73999,"17":3552.73999,"18":3561.87988,"19":3563.57007,"20":3565.45996,"21":3568.05005,"22":3559.13989,"23":3566.27002,"24":3558.19995,"25":3557.97998},"volume":{"0":237537516,"1":103727572,"2":82009791,"3":76042090,"4":76512356,"5":67434786,"6":64492876,"7":55057003,"8":50458743,"9":58564623,"10":74691207,"11":61470429,"12":72743430,"13":59447102,"14":62583321,"15":56366684,"16":61713298,"17":57645667,"18":55574250,"19":71192794,"20":67236069,"21":78458709,"22":87714485,"23":97454136,"24":110033125,"25":130060194}}