{"datetime":{"0":1628891100000,"1":1628890200000,"2":1628889300000,"3":1628888400000,"4":1628887500000,"5":1628886600000,"6":1628885700000,"7":1628884800000,"8":1628883900000,"9":1628883000000,"10":1628882100000,"11":1628881200000,"12":1628880300000,"13":1628879400000,"14":1628878500000,"15":1628877600000,"16":1628876700000,"17":1628875800000,"18":1628874900000,"19":1628874000000,"20":1628873100000,"21":1628872200000,"22":1628871300000,"23":1628870400000,"24":1628869500000,"25":1628868600000},"open":{"0":4464.83008,"1":4463.85986,"2":4465.27002,"3":4463.72021,"4":4462.1499,"5":4465.41016,"6":4466.49023,"7":4466.39014,"8":4466.45996,"9":4464.95996,"10":4464.27979,"11":4464.87988,"12":4463.4502,"13":4464.18994,"14":4464.97998,"15":4464.2002,"16":4464.83008,"17":4465.00977,"18":4465.5,"19":4464.24023,"20":4462.0498,"21":4463.08008,"22":4462.6001,"23":4464.7002,"24":4464.70996,"25":4464.83984},"high":{"0":4468.08008,"1":4465.97021,"2":4465.7998,"3":4465.33008,"4":4464.08008,"5":4465.41016,"6":4466.7998,"7":4466.6499,"8":4466.97998,"9":4467.02979,"10":4465.2998,"11":4464.9502,"12":4465.37988,"13":4464.64014,"14":4464.97998,"15":4465.31982,"16":4465.1001,"17":4465.1001,"18":4466.00977,"19":4465.72021,"20":4464.72021,"21":4465.14014,"22":4467.64014,"23":4465.22021,"24":4468.37012,"25":4466.77002},"low":{"0":4463.0,"1":4462.7002,"2":4463.68018,"3":4463.43018,"4":4461.70996,"5":4461.18994,"6":4465.18018,"7":4465.60986,"8":4465.60986,"9":4464.64014,"10":4464.27979,"11":4463.5,"12":4463.43994,"13":4462.91992,"14":4463.64014,"15":4464.16016,"16":4463.47021,"17":4463.14014,"18":4463.72021,"19":4463.02979,"20":4462.0498,"21":4461.74023,"22":4462.41992,"23":4460.81982,"24":4464.6001,"25":4461.31006},"close":{"0":4467.97021,"1":4464.77979,"2":4463.87988,"3":4465.25977,"4":4463.74023,"5":4462.16016,"6":4465.3999,"7":4466.47998,"8":4466.37012,"9":4466.49023,"10":4464.95996,"11":4464.25977,"12":4464.87012,"13":4463.43994,"14":4464.22998,"15":4464.9502,"16":4464.16016,"17":4464.8501,"18":4464.81006,"19":4465.5,"20":4464.20996,"21":4462.02979,"22":4463.10986,"23":4462.6001,"24":4464.72998,"25":4464.68018},"volume":{"0":163319973,"1":64665955,"2":42869632,"3":39809791,"4":39671642,"5":41877047,"6":37203367,"7":32975542,"8":32457700,"9":31668162,"10":28772322,"11":31309637,"12":32989910,"13":34060707,"14":34606483,"15":34611484,"16":37397111,"17":38867302,"18":43665244,"19":47249502,"20":52639932,"21":60196505,"22":70315774,"23":74592995,"24":289766027,"25":85715915}}