{"datetime":{"0":1686779100000,"1":1686778200000,"2":1686777300000,"3":1686776400000,"4":1686775500000,"5":1686774600000,"6":1686773700000,"7":1686772800000,"8":1686771900000,"9":1686771000000,"10":1686770100000,"11":1686769200000,"12":1686768300000,"13":1686767400000,"14":1686766500000,"15":1686765600000,"16":1686764700000,"17":1686763800000,"18":1686762900000,"19":1686762000000,"20":1686761100000,"21":1686760200000,"22":1686759300000,"23":1686758400000,"24":1686757500000,"25":1686756600000},"open":{"0":4365.14014,"1":4367.77002,"2":4366.83008,"3":4364.72021,"4":4366.62988,"5":4346.31006,"6":4350.25,"7":4373.99023,"8":4373.50977,"9":4374.35986,"10":4376.45996,"11":4382.2998,"12":4380.58008,"13":4383.27002,"14":4382.47998,"15":4383.79004,"16":4385.7998,"17":4387.81006,"18":4385.2002,"19":4380.25,"20":4380.58008,"21":4378.27002,"22":4380.41016,"23":4376.22998,"24":4373.45996,"25":4366.29004},"high":{"0":4372.56982,"1":4371.75977,"2":4376.81982,"3":4382.41992,"4":4371.97021,"5":4367.3999,"6":4350.62012,"7":4373.99023,"8":4375.79004,"9":4375.68018,"10":4376.45996,"11":4382.2998,"12":4382.49023,"13":4383.3501,"14":4385.27979,"15":4383.8501,"16":4386.97998,"17":4388.54004,"18":4391.81982,"19":4385.49023,"20":4382.10986,"21":4384.45996,"22":4383.27979,"23":4382.06006,"24":4377.77979,"25":4374.18994},"low":{"0":4352.85986,"1":4363.39014,"2":4359.52002,"3":4364.70996,"4":4361.12988,"5":4341.62988,"6":4337.8501,"7":4338.24023,"8":4372.08984,"9":4371.18994,"10":4372.29004,"11":4374.93018,"12":4380.10986,"13":4380.16992,"14":4382.25977,"15":4377.68018,"16":4382.47021,"17":4385.66992,"18":4385.2002,"19":4378.89014,"20":4378.7002,"21":4378.0498,"22":4376.27979,"23":4375.02002,"24":4373.3501,"25":4366.29004},"close":{"0":4372.56982,"1":4365.16992,"2":4367.91992,"3":4367.06982,"4":4364.58008,"5":4366.64014,"6":4346.25977,"7":4349.58984,"8":4373.93018,"9":4373.54004,"10":4374.37988,"11":4376.58008,"12":4382.31006,"13":4380.7002,"14":4383.25,"15":4382.47998,"16":4383.75977,"17":4385.77979,"18":4387.95996,"19":4385.2002,"20":4380.31982,"21":4380.75977,"22":4378.25,"23":4380.24023,"24":4376.31006,"25":4373.52002},"volume":{"0":246376853,"1":98424048,"2":87579992,"3":88222545,"4":91007713,"5":105242684,"6":88104279,"7":131076033,"8":49593095,"9":47903322,"10":50011142,"11":50995543,"12":44589832,"13":49782013,"14":50312904,"15":52153039,"16":53835033,"17":57251494,"18":65460147,"19":1393992544,"20":78396095,"21":77394967,"22":89852526,"23":92895656,"24":103119988,"25":130204958}}