{"datetime":{"0":1647549900000,"1":1647549000000,"2":1647548100000,"3":1647547200000,"4":1647546300000,"5":1647545400000,"6":1647544500000,"7":1647543600000,"8":1647542700000,"9":1647541800000,"10":1647540900000,"11":1647540000000,"12":1647539100000,"13":1647538200000,"14":1647537300000,"15":1647536400000,"16":1647535500000,"17":1647534600000,"18":1647533700000,"19":1647532800000,"20":1647531900000,"21":1647531000000,"22":1647530100000,"23":1647529200000,"24":1647528300000,"25":1647527400000},"open":{"0":4406.04004,"1":4394.29004,"2":4388.08008,"3":4397.33984,"4":4393.91992,"5":4386.68018,"6":4393.50977,"7":4398.1001,"8":4396.27979,"9":4390.2998,"10":4375.41992,"11":4380.64014,"12":4378.25,"13":4378.37012,"14":4367.2002,"15":4364.56982,"16":4364.75,"17":4358.20996,"18":4349.85986,"19":4351.22998,"20":4357.81006,"21":4367.27979,"22":4365.37012,"23":4365.24023,"24":4348.31006,"25":4345.10986},"high":{"0":4410.45996,"1":4406.35986,"2":4395.41016,"3":4401.02979,"4":4398.25,"5":4394.18994,"6":4395.08984,"7":4400.08984,"8":4402.02002,"9":4397.77002,"10":4390.37988,"11":4381.37012,"12":4381.75977,"13":4379.68018,"14":4378.87012,"15":4369.25,"16":4367.66992,"17":4367.06006,"18":4361.3501,"19":4357.16992,"20":4358.91016,"21":4368.49023,"22":4370.16992,"23":4371.97021,"24":4365.3999,"25":4348.9502},"low":{"0":4398.62988,"1":4392.68018,"2":4387.16992,"3":4384.89014,"4":4392.12988,"5":4386.68018,"6":4386.5498,"7":4391.97998,"8":4396.04004,"9":4389.22021,"10":4373.81006,"11":4374.7002,"12":4375.5498,"13":4376.00977,"14":4364.31006,"15":4361.77979,"16":4355.1499,"17":4356.1001,"18":4349.85986,"19":4346.72021,"20":4343.97998,"21":4355.12988,"22":4362.95996,"23":4362.9502,"24":4348.2998,"25":4335.6499},"close":{"0":4410.35986,"1":4406.02979,"2":4394.2998,"3":4388.10986,"4":4397.43018,"5":4394.02002,"6":4386.5498,"7":4393.47021,"8":4398.18018,"9":4396.25977,"10":4390.25977,"11":4375.4502,"12":4380.6499,"13":4378.22021,"14":4378.2998,"15":4367.1499,"16":4364.5498,"17":4364.72998,"18":4357.97998,"19":4349.91992,"20":4350.95996,"21":4357.85986,"22":4367.27002,"23":4365.06006,"24":4365.20996,"25":4348.33984},"volume":{"0":188996962,"1":103230239,"2":70766594,"3":65183967,"4":56628979,"5":52427513,"6":55697041,"7":57848175,"8":1349476453,"9":59377066,"10":53197091,"11":51336177,"12":46693140,"13":51613182,"14":57405288,"15":53212673,"16":64817017,"17":56129733,"18":60164675,"19":68670961,"20":670194234,"21":89947053,"22":84410777,"23":119925572,"24":114254417,"25":134323884}}