{"datetime":{"0":1621633500000,"1":1621632600000,"2":1621631700000,"3":1621630800000,"4":1621629900000,"5":1621629000000,"6":1621628100000,"7":1621627200000,"8":1621626300000,"9":1621625400000,"10":1621624500000,"11":1621623600000,"12":1621622700000,"13":1621621800000,"14":1621620900000,"15":1621620000000,"16":1621619100000,"17":1621618200000,"18":1621617300000,"19":1621616400000,"20":1621615500000,"21":1621614600000,"22":1621613700000,"23":1621612800000,"24":1621611900000,"25":1621611000000},"open":{"0":4158.5,"1":4166.41016,"2":4165.2002,"3":4163.93994,"4":4159.77002,"5":4161.2998,"6":4167.2002,"7":4164.0,"8":4164.33008,"9":4160.87988,"10":4155.75977,"11":4155.52002,"12":4162.74023,"13":4161.85986,"14":4161.50977,"15":4166.20996,"16":4172.00977,"17":4169.72998,"18":4176.91016,"19":4177.47021,"20":4172.64014,"21":4175.12988,"22":4179.3999,"23":4188.62988,"24":4182.18018,"25":4168.60986},"high":{"0":4163.2002,"1":4166.41016,"2":4169.1499,"3":4166.4502,"4":4164.95996,"5":4163.72021,"6":4167.7002,"7":4168.43994,"8":4164.58984,"9":4166.0498,"10":4161.62988,"11":4159.0,"12":4162.74023,"13":4163.10986,"14":4162.18994,"15":4168.74023,"16":4173.16016,"17":4174.02979,"18":4178.79004,"19":4179.00977,"20":4177.52979,"21":4179.87012,"22":4179.9502,"23":4188.72021,"24":4188.5,"25":4186.10986},"low":{"0":4154.0,"1":4158.24023,"2":4164.7002,"3":4160.49023,"4":4159.77002,"5":4156.5,"6":4160.45996,"7":4162.2002,"8":4162.5,"9":4160.7002,"10":4155.2002,"11":4155.02979,"12":4151.72021,"13":4160.22021,"14":4159.37988,"15":4158.58008,"16":4165.47021,"17":4169.06982,"18":4169.49023,"19":4175.0,"20":4170.74023,"21":4171.97998,"22":4175.25977,"23":4179.43994,"24":4178.97998,"25":4168.60986},"close":{"0":4157.0,"1":4158.25,"2":4166.5,"3":4164.7002,"4":4164.18994,"5":4159.2002,"6":4161.47021,"7":4167.5,"8":4163.7002,"9":4164.0,"10":4160.7002,"11":4155.7002,"12":4155.77002,"13":4162.72998,"14":4161.87012,"15":4161.56982,"16":4166.22021,"17":4172.02002,"18":4169.52979,"19":4177.12988,"20":4177.4502,"21":4172.93018,"22":4175.25977,"23":4179.43994,"24":4188.5,"25":4182.37988},"volume":{"0":0,"1":0,"2":0,"3":0,"4":0,"5":0,"6":0,"7":0,"8":0,"9":0,"10":0,"11":11218388,"12":50209479,"13":43806205,"14":46213800,"15":60695907,"16":55946524,"17":57508517,"18":62366345,"19":60587001,"20":67335449,"21":67370101,"22":71832439,"23":86647735,"24":100126694,"25":127140459}}