{"datetime":{"0":1645047900000,"1":1645047000000,"2":1645046100000,"3":1645045200000,"4":1645044300000,"5":1645043400000,"6":1645042500000,"7":1645041600000,"8":1645040700000,"9":1645039800000,"10":1645038900000,"11":1645038000000,"12":1645037100000,"13":1645036200000,"14":1645035300000,"15":1645034400000,"16":1645033500000,"17":1645032600000,"18":1645031700000,"19":1645030800000,"20":1645029900000,"21":1645029000000,"22":1645028100000,"23":1645027200000,"24":1645026300000,"25":1645025400000},"open":{"0":4481.52002,"1":4483.5498,"2":4478.97998,"3":4474.8999,"4":4467.75,"5":4471.5,"6":4447.8999,"7":4439.2002,"8":4436.68018,"9":4440.45996,"10":4439.58984,"11":4438.41992,"12":4437.5,"13":4443.06006,"14":4444.83984,"15":4445.75977,"16":4441.68018,"17":4446.50977,"18":4443.29004,"19":4439.56982,"20":4443.62988,"21":4442.41992,"22":4439.79004,"23":4437.72021,"24":4449.35986,"25":4455.75},"high":{"0":4489.5498,"1":4483.95996,"2":4483.66016,"3":4485.70996,"4":4475.12988,"5":4481.43994,"6":4472.47998,"7":4457.8999,"8":4440.97998,"9":4440.52979,"10":4442.77979,"11":4439.77979,"12":4441.2998,"13":4443.06006,"14":4445.22998,"15":4449.16992,"16":4446.72998,"17":4446.50977,"18":4446.68994,"19":4446.37012,"20":4445.31982,"21":4444.7002,"22":4442.41016,"23":4443.58984,"24":4456.25977,"25":4457.9502},"low":{"0":4472.25977,"1":4474.77002,"2":4476.47021,"3":4473.8999,"4":4463.08984,"5":4465.0498,"6":4447.8999,"7":4432.14014,"8":4434.93994,"9":4435.75,"10":4439.2002,"11":4435.33984,"12":4437.29004,"13":4429.68018,"14":4442.74023,"15":4444.10986,"16":4441.3999,"17":4440.06982,"18":4438.08984,"19":4439.02979,"20":4438.18018,"21":4438.8999,"22":4433.16992,"23":4434.18994,"24":4435.25,"25":4449.25},"close":{"0":4475.27979,"1":4481.49023,"2":4483.62988,"3":4478.97998,"4":4474.8501,"5":4467.72998,"6":4471.56982,"7":4447.91016,"8":4439.29004,"9":4436.62988,"10":4440.5,"11":4439.58984,"12":4438.37012,"13":4437.49023,"14":4443.06006,"15":4444.77002,"16":4445.6001,"17":4441.68018,"18":4446.52979,"19":4443.1499,"20":4439.47021,"21":4443.70996,"22":4442.41016,"23":4439.83008,"24":4437.68994,"25":4449.27979},"volume":{"0":179021628,"1":95749357,"2":71911077,"3":71972932,"4":56668226,"5":73801712,"6":78334843,"7":89184119,"8":1242694292,"9":44491118,"10":41481948,"11":44403722,"12":1065198627,"13":61003609,"14":51136774,"15":48880094,"16":49793355,"17":57893028,"18":58350468,"19":61749849,"20":75975311,"21":79091867,"22":79139527,"23":92003154,"24":131782628,"25":129236310}}