{"datetime":{"0":1674769500000,"1":1674768600000,"2":1674767700000,"3":1674766800000,"4":1674765900000,"5":1674765000000,"6":1674764100000,"7":1674763200000,"8":1674762300000,"9":1674761400000,"10":1674760500000,"11":1674759600000,"12":1674758700000,"13":1674757800000,"14":1674756900000,"15":1674756000000,"16":1674755100000,"17":1674754200000,"18":1674753300000,"19":1674752400000,"20":1674751500000,"21":1674750600000,"22":1674749700000,"23":1674748800000,"24":1674747900000,"25":1674747000000},"open":{"0":4049.75,"1":4051.84009,"2":4048.44995,"3":4047.5,"4":4047.45996,"5":4043.21997,"6":4043.76001,"7":4041.91992,"8":4043.62988,"9":4035.72998,"10":4034.47998,"11":4034.52002,"12":4034.59009,"13":4035.87988,"14":4037.32007,"15":4029.43994,"16":4028.66992,"17":4022.78003,"18":4022.66992,"19":4016.12988,"20":4030.72998,"21":4039.38989,"22":4033.0,"23":4027.73999,"24":4038.92993,"25":4036.08008},"high":{"0":4061.57007,"1":4054.28003,"2":4054.6001,"3":4049.59009,"4":4049.28003,"5":4048.96997,"6":4047.67993,"7":4045.11011,"8":4047.43994,"9":4045.34009,"10":4036.83008,"11":4037.83008,"12":4038.78003,"13":4039.83008,"14":4037.59009,"15":4040.32007,"16":4030.05005,"17":4029.55005,"18":4027.80005,"19":4022.6499,"20":4034.38989,"21":4043.18994,"22":4044.69995,"23":4034.52002,"24":4042.93994,"25":4052.62012},"low":{"0":4047.94995,"1":4049.6499,"2":4048.3501,"3":4044.44995,"4":4043.01001,"5":4043.17993,"6":4040.96997,"7":4038.41992,"8":4040.5,"9":4035.72998,"10":4031.25,"11":4029.37988,"12":4029.91992,"13":4034.16992,"14":4033.8501,"15":4029.3501,"16":4024.75,"17":4021.75,"18":4014.5,"19":4014.0,"20":4013.29004,"21":4027.67993,"22":4033.0,"23":4022.42993,"24":4021.29004,"25":4036.08008},"close":{"0":4060.19995,"1":4049.81006,"2":4051.94995,"3":4048.45996,"4":4047.56006,"5":4047.43994,"6":4043.17993,"7":4043.77002,"8":4041.90991,"9":4043.62012,"10":4035.71997,"11":4034.43994,"12":4034.51001,"13":4034.57007,"14":4035.93994,"15":4037.31006,"16":4029.48999,"17":4028.6499,"18":4022.70996,"19":4022.62012,"20":4016.20996,"21":4030.83008,"22":4039.51001,"23":4033.07007,"24":4027.88989,"25":4038.79004},"volume":{"0":261266325,"1":101571775,"2":78816327,"3":67164827,"4":57243230,"5":55435033,"6":54520781,"7":53571306,"8":53170447,"9":56005365,"10":46255134,"11":53009152,"12":54281382,"13":52743965,"14":46574913,"15":55967479,"16":56526753,"17":61751636,"18":64861746,"19":69216730,"20":84545162,"21":83962807,"22":93866931,"23":105503093,"24":127758745,"25":160777493}}