{"datetime":{"0":1622583900000,"1":1622583000000,"2":1622582100000,"3":1622581200000,"4":1622580300000,"5":1622579400000,"6":1622578500000,"7":1622577600000,"8":1622576700000,"9":1622575800000,"10":1622574900000,"11":1622574000000,"12":1622573100000,"13":1622572200000,"14":1622571300000,"15":1622570400000,"16":1622569500000,"17":1622568600000,"18":1622567700000,"19":1622566800000,"20":1622565900000,"21":1622565000000,"22":1622564100000,"23":1622563200000,"24":1622562300000,"25":1622561400000},"open":{"0":4201.43994,"1":4203.7998,"2":4206.06982,"3":4208.7998,"4":4207.7998,"5":4205.6001,"6":4202.47998,"7":4201.1001,"8":4198.6001,"9":4198.39014,"10":4199.7002,"11":4203.5,"12":4207.1001,"13":4205.43994,"14":4204.1001,"15":4208.66992,"16":4209.27002,"17":4207.54004,"18":4207.68994,"19":4203.43994,"20":4209.99023,"21":4209.24023,"22":4210.25977,"23":4218.97998,"24":4221.08984,"25":4216.52002},"high":{"0":4205.1001,"1":4204.1001,"2":4207.62988,"3":4208.7998,"4":4208.7998,"5":4209.14014,"6":4205.8999,"7":4203.75,"8":4201.77979,"9":4200.12988,"10":4199.9502,"11":4203.77002,"12":4207.1001,"13":4207.79004,"14":4206.93994,"15":4208.91016,"16":4209.29004,"17":4210.27002,"18":4208.50977,"19":4207.43994,"20":4209.99023,"21":4212.16992,"22":4210.25977,"23":4220.31982,"24":4221.81982,"25":4234.12012},"low":{"0":4200.1001,"1":4199.7998,"2":4204.1001,"3":4205.1001,"4":4207.12988,"5":4205.1001,"6":4202.1001,"7":4200.27979,"8":4197.97021,"9":4197.7998,"10":4197.66016,"11":4198.1001,"12":4202.2998,"13":4204.6001,"14":4202.7998,"15":4203.6001,"16":4206.00977,"17":4205.56006,"18":4205.7998,"19":4201.22021,"20":4199.87988,"21":4207.25977,"22":4205.16016,"23":4210.25977,"24":4215.97998,"25":4216.52002},"close":{"0":4201.1001,"1":4201.18994,"2":4204.1001,"3":4205.81982,"4":4208.70996,"5":4207.89014,"6":4205.7998,"7":4202.22998,"8":4201.2998,"9":4198.45996,"10":4198.64014,"11":4199.4502,"12":4203.75977,"13":4206.7998,"14":4205.68994,"15":4204.47021,"16":4208.41992,"17":4208.7998,"18":4207.6001,"19":4207.43994,"20":4203.68994,"21":4210.20996,"22":4209.16992,"23":4210.25977,"24":4218.7998,"25":4221.0498},"volume":{"0":0,"1":0,"2":0,"3":0,"4":0,"5":0,"6":0,"7":0,"8":0,"9":0,"10":0,"11":0,"12":0,"13":0,"14":0,"15":0,"16":0,"17":0,"18":0,"19":14024654,"20":722177919,"21":78604012,"22":91427586,"23":103165302,"24":118941556,"25":163461215}}