{"datetime":{"0":1636058700000,"1":1636057800000,"2":1636056900000,"3":1636056000000,"4":1636055100000,"5":1636054200000,"6":1636053300000,"7":1636052400000,"8":1636051500000,"9":1636050600000,"10":1636049700000,"11":1636048800000,"12":1636047900000,"13":1636047000000,"14":1636046100000,"15":1636045200000,"16":1636044300000,"17":1636043400000,"18":1636042500000,"19":1636041600000,"20":1636040700000,"21":1636039800000,"22":1636038900000,"23":1636038000000,"24":1636037100000,"25":1636036200000},"open":{"0":4670.41992,"1":4672.02002,"2":4671.56006,"3":4669.81982,"4":4673.8501,"5":4673.0,"6":4673.66016,"7":4675.6499,"8":4675.1499,"9":4673.16016,"10":4672.37012,"11":4671.95996,"12":4672.4502,"13":4672.06006,"14":4677.00977,"15":4674.8999,"16":4669.66016,"17":4665.43994,"18":4674.00977,"19":4677.58008,"20":4680.4502,"21":4678.95996,"22":4681.29004,"23":4675.91016,"24":4670.02979,"25":4662.93018},"high":{"0":4680.56006,"1":4674.43994,"2":4674.0498,"3":4671.91016,"4":4675.10986,"5":4674.12988,"6":4674.58008,"7":4675.95996,"8":4676.33984,"9":4675.16016,"10":4673.18994,"11":4672.75,"12":4673.0498,"13":4672.8501,"14":4677.56006,"15":4677.3501,"16":4675.02002,"17":4669.75977,"18":4674.18994,"19":4677.58008,"20":4682.68018,"21":4682.31006,"22":4683.0,"23":4681.29004,"24":4677.74023,"25":4670.66992},"low":{"0":4669.81006,"1":4668.27979,"2":4669.97998,"3":4667.77979,"4":4669.81006,"5":4671.2998,"6":4670.64014,"7":4668.89014,"8":4673.6001,"9":4670.41016,"10":4670.68994,"11":4667.77002,"12":4670.54004,"13":4669.77002,"14":4670.81982,"15":4674.27979,"16":4665.9502,"17":4664.29004,"18":4664.81006,"19":4673.37012,"20":4677.29004,"21":4678.95996,"22":4677.99023,"23":4674.58008,"24":4669.2002,"25":4662.58984},"close":{"0":4680.08984,"1":4670.37012,"2":4671.91016,"3":4671.47998,"4":4669.83008,"5":4673.83008,"6":4672.97998,"7":4673.6499,"8":4675.64014,"9":4675.12012,"10":4673.1499,"11":4672.37988,"12":4671.77002,"13":4672.50977,"14":4672.10986,"15":4677.06982,"16":4674.81982,"17":4669.54004,"18":4665.41992,"19":4674.08008,"20":4677.6001,"21":4680.56006,"22":4678.9502,"23":4681.29004,"24":4675.95996,"25":4670.12012},"volume":{"0":230307848,"1":102141164,"2":77606704,"3":76318242,"4":73528730,"5":67504729,"6":63501017,"7":62175105,"8":60571509,"9":59685784,"10":56411305,"11":63561221,"12":61545470,"13":56300513,"14":63178579,"15":63516502,"16":59409944,"17":77711806,"18":89228065,"19":83050657,"20":84222318,"21":86395311,"22":86532423,"23":95185593,"24":117118209,"25":152008917}}