{"datetime":{"0":1663019100000,"1":1663018200000,"2":1663017300000,"3":1663016400000,"4":1663015500000,"5":1663014600000,"6":1663013700000,"7":1663012800000,"8":1663011900000,"9":1663011000000,"10":1663010100000,"11":1663009200000,"12":1663008300000,"13":1663007400000,"14":1663006500000,"15":1663005600000,"16":1663004700000,"17":1663003800000,"18":1663002900000,"19":1663002000000,"20":1663001100000,"21":1663000200000,"22":1662999300000,"23":1662998400000,"24":1662997500000,"25":1662996600000},"open":{"0":4108.5,"1":4103.39014,"2":4109.22021,"3":4104.97998,"4":4103.93994,"5":4100.72021,"6":4109.91016,"7":4111.37988,"8":4105.7998,"9":4111.64014,"10":4108.58008,"11":4104.52002,"12":4103.00977,"13":4098.08984,"14":4095.0,"15":4094.5,"16":4106.8501,"17":4112.45996,"18":4104.18018,"19":4106.22021,"20":4111.08008,"21":4116.0498,"22":4110.45996,"23":4112.62988,"24":4095.58008,"25":4083.66992},"high":{"0":4111.16016,"1":4108.6001,"2":4109.29004,"3":4110.2998,"4":4107.54004,"5":4103.95996,"6":4111.5,"7":4111.6001,"8":4112.31006,"9":4112.3999,"10":4111.83984,"11":4109.43994,"12":4104.58008,"13":4102.97021,"14":4099.12012,"15":4097.39014,"16":4107.93994,"17":4113.81006,"18":4112.31006,"19":4108.0,"20":4114.77002,"21":4117.22021,"22":4119.27979,"23":4113.25977,"24":4112.20996,"25":4097.2998},"low":{"0":4103.5498,"1":4100.35986,"2":4102.47021,"3":4103.49023,"4":4103.18018,"5":4097.27979,"6":4100.18018,"7":4105.74023,"8":4105.14014,"9":4105.6499,"10":4105.75977,"11":4097.81982,"12":4099.2002,"13":4095.88989,"14":4090.86011,"15":4087.58008,"16":4089.34009,"17":4105.16016,"18":4101.41016,"19":4100.79004,"20":4105.1001,"21":4109.47021,"22":4110.41992,"23":4108.58008,"24":4095.37988,"25":4083.66992},"close":{"0":4110.91992,"1":4108.6001,"2":4103.41992,"3":4109.25,"4":4104.99023,"5":4103.93018,"6":4100.68994,"7":4109.8999,"8":4111.35986,"9":4105.79004,"10":4111.66992,"11":4108.54004,"12":4104.49023,"13":4102.97021,"14":4098.00977,"15":4095.0,"16":4094.46997,"17":4106.93994,"18":4112.18018,"19":4104.1001,"20":4106.1001,"21":4111.16016,"22":4115.91992,"23":4110.27979,"24":4112.16016,"25":4095.66992},"volume":{"0":167138748,"1":80837326,"2":59284089,"3":52954188,"4":45124170,"5":47466280,"6":55805580,"7":42577585,"8":41421756,"9":41132086,"10":45315422,"11":48800698,"12":43195957,"13":44050365,"14":47861437,"15":54232998,"16":57352832,"17":55264439,"18":55842570,"19":69339561,"20":640653858,"21":80016068,"22":80946359,"23":89221327,"24":113557026,"25":223735228}}