{"datetime":{"0":1629754200000,"1":1629753300000,"2":1629752400000,"3":1629751500000,"4":1629750600000,"5":1629749700000,"6":1629748800000,"7":1629747900000,"8":1629747000000,"9":1629746100000,"10":1629745200000,"11":1629744300000,"12":1629743400000,"13":1629742500000,"14":1629741600000,"15":1629740700000,"16":1629739800000,"17":1629738900000,"18":1629738000000,"19":1629737100000,"20":1629736200000,"21":1629735300000,"22":1629734400000,"23":1629733500000,"24":1629732600000},"open":{"0":4486.06982,"1":4486.18994,"2":4487.81982,"3":4486.25,"4":4485.2002,"5":4485.27979,"6":4484.77002,"7":4484.37012,"8":4484.60986,"9":4489.58008,"10":4488.74023,"11":4487.06006,"12":4486.37988,"13":4485.47021,"14":4485.31006,"15":4484.25,"16":4482.31982,"17":4484.25,"18":4480.20996,"19":4478.22021,"20":4476.64014,"21":4475.6499,"22":4471.0498,"23":4467.35986,"24":4450.29004},"high":{"0":4487.68018,"1":4486.52979,"2":4488.1001,"3":4488.47998,"4":4487.27979,"5":4486.62988,"6":4487.64014,"7":4485.62012,"8":4486.10986,"9":4489.58008,"10":4489.87988,"11":4488.75,"12":4487.47998,"13":4486.54004,"14":4486.91992,"15":4486.08008,"16":4484.58008,"17":4484.77979,"18":4484.43994,"19":4480.72021,"20":4479.12012,"21":4479.93018,"22":4476.16016,"23":4471.06006,"24":4470.91992},"low":{"0":4485.2998,"1":4484.1001,"2":4485.85986,"3":4486.1499,"4":4485.00977,"5":4484.25,"6":4484.77002,"7":4484.14014,"8":4482.1001,"9":4483.50977,"10":4488.39014,"11":4484.64014,"12":4485.66992,"13":4485.2998,"14":4485.31006,"15":4483.62012,"16":4482.29004,"17":4481.33008,"18":4479.9502,"19":4477.91992,"20":4474.85986,"21":4475.6499,"22":4469.7002,"23":4465.9502,"24":4450.29004},"close":{"0":4487.29004,"1":4486.0498,"2":4486.16016,"3":4487.81006,"4":4486.22998,"5":4485.18994,"6":4485.25,"7":4484.81006,"8":4484.37012,"9":4484.58008,"10":4489.56982,"11":4488.74023,"12":4487.08984,"13":4486.3999,"14":4485.43994,"15":4485.31006,"16":4484.16992,"17":4482.31982,"18":4484.25977,"19":4480.18018,"20":4478.20996,"21":4476.6001,"22":4475.6499,"23":4470.97021,"24":4467.16992},"volume":{"0":27177666,"1":55016302,"2":46851188,"3":40364104,"4":37919936,"5":35057924,"6":40654410,"7":32016347,"8":42684193,"9":40262801,"10":37994752,"11":39862237,"12":38236201,"13":39920831,"14":44674243,"15":44008674,"16":49350677,"17":51844698,"18":57502514,"19":57704881,"20":67869562,"21":77120712,"22":90642229,"23":101797111,"24":104978196}}