{"datetime":{"0":1635371100000,"1":1635370200000,"2":1635369300000,"3":1635368400000,"4":1635367500000,"5":1635366600000,"6":1635365700000,"7":1635364800000,"8":1635363900000,"9":1635363000000,"10":1635362100000,"11":1635361200000,"12":1635360300000,"13":1635359400000,"14":1635358500000,"15":1635357600000,"16":1635356700000,"17":1635355800000,"18":1635354900000,"19":1635354000000,"20":1635353100000,"21":1635352200000,"22":1635351300000,"23":1635350400000,"24":1635349500000,"25":1635348600000},"open":{"0":4565.27002,"1":4566.66016,"2":4563.91016,"3":4575.33984,"4":4578.20996,"5":4580.37012,"6":4584.1499,"7":4582.62988,"8":4581.81006,"9":4581.54004,"10":4580.77979,"11":4575.22021,"12":4575.31006,"13":4576.5498,"14":4576.66016,"15":4572.25977,"16":4573.81982,"17":4575.47021,"18":4577.58008,"19":4570.9502,"20":4573.5,"21":4572.06006,"22":4577.43018,"23":4583.70996,"24":4578.8999,"25":4580.22021},"high":{"0":4565.8999,"1":4566.91016,"2":4567.58984,"3":4575.99023,"4":4578.7002,"5":4581.02002,"6":4584.1499,"7":4584.31006,"8":4582.8501,"9":4582.06982,"10":4582.74023,"11":4580.85986,"12":4575.83008,"13":4576.6499,"14":4578.1001,"15":4576.72021,"16":4573.8999,"17":4576.12012,"18":4577.91016,"19":4577.8999,"20":4577.18018,"21":4576.39014,"22":4578.18018,"23":4584.56982,"24":4583.7002,"25":4581.25},"low":{"0":4551.9502,"1":4561.9502,"2":4559.5498,"3":4563.93018,"4":4575.27979,"5":4577.56982,"6":4580.18994,"7":4581.06006,"8":4579.37012,"9":4579.62012,"10":4579.35986,"11":4574.47021,"12":4573.66992,"13":4572.52002,"14":4575.75977,"15":4571.62988,"16":4570.1001,"17":4571.60986,"18":4572.5,"19":4570.24023,"20":4569.41016,"21":4570.18018,"22":4570.66992,"23":4573.45996,"24":4576.72021,"25":4567.77002},"close":{"0":4551.9502,"1":4565.33008,"2":4566.6001,"3":4563.93018,"4":4575.27979,"5":4578.18994,"6":4580.18994,"7":4584.10986,"8":4582.58984,"9":4581.81006,"10":4581.5498,"11":4580.7998,"12":4575.24023,"13":4575.18018,"14":4576.5498,"15":4576.66992,"16":4572.04004,"17":4573.83008,"18":4575.5,"19":4577.62012,"20":4570.7998,"21":4573.7002,"22":4572.12988,"23":4577.66016,"24":4583.7002,"25":4579.10986},"volume":{"0":165264027,"1":93505218,"2":77834812,"3":65751374,"4":48762634,"5":48223214,"6":47378365,"7":49931743,"8":46980893,"9":46711007,"10":47040400,"11":47361974,"12":48102956,"13":53738907,"14":51802876,"15":54497265,"16":53473773,"17":61807601,"18":63818193,"19":65593770,"20":79479617,"21":85467348,"22":85361832,"23":106057857,"24":118017854,"25":148243525}}