{"datetime":{"0":1689198300000,"1":1689197400000,"2":1689196500000,"3":1689195600000,"4":1689194700000,"5":1689193800000,"6":1689192900000,"7":1689192000000,"8":1689191100000,"9":1689190200000,"10":1689189300000,"11":1689188400000,"12":1689187500000,"13":1689186600000,"14":1689185700000,"15":1689184800000,"16":1689183900000,"17":1689183000000,"18":1689182100000,"19":1689181200000,"20":1689180300000,"21":1689179400000,"22":1689178500000,"23":1689177600000,"24":1689176700000,"25":1689175800000},"open":{"0":4475.33008,"1":4470.18994,"2":4476.91992,"3":4476.62988,"4":4479.0,"5":4480.66992,"6":4480.72021,"7":4477.0498,"8":4477.95996,"9":4475.72998,"10":4473.14014,"11":4472.27002,"12":4471.3501,"13":4467.45996,"14":4470.08984,"15":4465.7998,"16":4469.20996,"17":4479.97998,"18":4482.56982,"19":4483.70996,"20":4486.66016,"21":4485.64014,"22":4485.24023,"23":4483.16992,"24":4477.66992,"25":4467.68994},"high":{"0":4475.72021,"1":4475.83008,"2":4477.68018,"3":4477.39014,"4":4479.0,"5":4481.31006,"6":4481.18018,"7":4480.85986,"8":4478.18018,"9":4478.41016,"10":4476.25977,"11":4474.56982,"12":4475.58008,"13":4473.22998,"14":4470.3999,"15":4471.14014,"16":4472.68018,"17":4481.0,"18":4485.02002,"19":4484.66016,"20":4487.52979,"21":4488.33984,"22":4487.18994,"23":4485.64014,"24":4484.0498,"25":4480.37012},"low":{"0":4469.62988,"1":4469.74023,"2":4466.0,"3":4474.83008,"4":4474.58008,"5":4477.27979,"6":4478.97998,"7":4474.47998,"8":4475.68018,"9":4475.18018,"10":4473.14014,"11":4470.6499,"12":4470.41992,"13":4466.77002,"14":4465.5498,"15":4463.22998,"16":4464.04004,"17":4464.7998,"18":4479.75977,"19":4480.22021,"20":4481.60986,"21":4483.93994,"22":4482.58008,"23":4479.33008,"24":4476.66992,"25":4467.68994},"close":{"0":4472.66016,"1":4475.31006,"2":4470.12988,"3":4476.9502,"4":4476.60986,"5":4478.97021,"6":4480.6499,"7":4480.74023,"8":4477.06006,"9":4477.97998,"10":4475.70996,"11":4473.1499,"12":4472.27979,"13":4471.31982,"14":4467.33008,"15":4469.99023,"16":4465.81006,"17":4469.29004,"18":4479.95996,"19":4482.52002,"20":4483.66016,"21":4486.3501,"22":4485.60986,"23":4485.14014,"24":4483.0,"25":4477.87988},"volume":{"0":231979881,"1":92949395,"2":73138830,"3":56497465,"4":51748291,"5":46869493,"6":44929061,"7":46637897,"8":42857188,"9":43776342,"10":41506417,"11":42469875,"12":45060691,"13":52265518,"14":53218999,"15":57433997,"16":65227203,"17":73078909,"18":59101596,"19":61716498,"20":69153268,"21":80355190,"22":79649559,"23":99918894,"24":117120456,"25":180911601}}