{"datetime":{"0":1631915100000,"1":1631914200000,"2":1631913300000,"3":1631912400000,"4":1631911500000,"5":1631910600000,"6":1631909700000,"7":1631908800000,"8":1631907900000,"9":1631907000000,"10":1631906100000,"11":1631905200000,"12":1631904300000,"13":1631903400000,"14":1631902500000,"15":1631901600000,"16":1631900700000,"17":1631899800000,"18":1631898900000,"19":1631898000000,"20":1631897100000,"21":1631896200000,"22":1631895300000,"23":1631894400000,"24":1631893500000,"25":1631892600000},"open":{"0":4438.62012,"1":4432.00977,"2":4430.79004,"3":4433.66016,"4":4434.81982,"5":4430.83984,"6":4432.50977,"7":4432.52002,"8":4436.29004,"9":4437.66016,"10":4438.72998,"11":4443.93994,"12":4445.91992,"13":4443.16016,"14":4441.14014,"15":4439.95996,"16":4438.14014,"17":4440.77979,"18":4445.52979,"19":4441.58984,"20":4440.25,"21":4449.1499,"22":4445.10986,"23":4452.18018,"24":4463.89014,"25":4469.74023},"high":{"0":4438.95996,"1":4438.9502,"2":4436.66016,"3":4438.22998,"4":4436.68018,"5":4435.06006,"6":4435.08984,"7":4437.37988,"8":4436.3501,"9":4438.83984,"10":4439.72998,"11":4444.25977,"12":4447.10986,"13":4448.97998,"14":4446.14014,"15":4444.77979,"16":4442.3501,"17":4440.77979,"18":4447.97021,"19":4445.56006,"20":4443.79004,"21":4449.1499,"22":4450.0,"23":4454.33008,"24":4464.93018,"25":4471.52002},"low":{"0":4428.89014,"1":4430.5,"2":4430.20996,"3":4430.14014,"4":4432.41016,"5":4427.75977,"6":4430.25,"7":4431.91016,"8":4427.93018,"9":4434.18018,"10":4433.77002,"11":4438.74023,"12":4443.6001,"13":4443.06006,"14":4440.25,"15":4439.06006,"16":4434.3999,"17":4433.99023,"18":4440.47021,"19":4435.54004,"20":4437.08008,"21":4439.9502,"22":4442.29004,"23":4444.72998,"24":4448.75977,"25":4461.68994},"close":{"0":4433.18994,"1":4438.25977,"2":4432.06006,"3":4430.75977,"4":4433.66992,"5":4434.83008,"6":4430.8501,"7":4432.5,"8":4432.56982,"9":4436.27979,"10":4437.6499,"11":4438.75977,"12":4443.91992,"13":4445.91992,"14":4443.14014,"15":4441.14014,"16":4440.02002,"17":4438.14014,"18":4440.7998,"19":4445.56006,"20":4441.5498,"21":4440.3999,"22":4449.02002,"23":4445.08984,"24":4451.54004,"25":4464.06982},"volume":{"0":329420767,"1":115107285,"2":72670819,"3":62026081,"4":54091537,"5":55963199,"6":49975451,"7":48604326,"8":46964906,"9":42294326,"10":40073500,"11":37813976,"12":48061833,"13":41210131,"14":39841354,"15":41432885,"16":43428814,"17":55451666,"18":53194996,"19":58139477,"20":769088825,"21":63686807,"22":66135987,"23":77940911,"24":503786571,"25":140745644}}