{"datetime":{"0":1600983900000,"1":1600983000000,"2":1600982100000,"3":1600981200000,"4":1600980300000,"5":1600979400000,"6":1600978500000,"7":1600977600000,"8":1600976700000,"9":1600975800000,"10":1600974900000,"11":1600974000000,"12":1600973100000,"13":1600972200000,"14":1600971300000,"15":1600970400000,"16":1600969500000,"17":1600968600000,"18":1600967700000,"19":1600966800000,"20":1600965900000,"21":1600965000000,"22":1600964100000,"23":1600963200000,"24":1600962300000,"25":1600961400000},"open":{"0":3244.30005,"1":3233.83008,"2":3247.21997,"3":3241.0,"4":3264.47998,"5":3257.03003,"6":3267.16992,"7":3269.07007,"8":3277.01001,"9":3274.37012,"10":3269.75,"11":3261.96997,"12":3251.46997,"13":3259.07007,"14":3258.42993,"15":3255.8999,"16":3250.62012,"17":3241.52002,"18":3239.17993,"19":3242.48999,"20":3225.69995,"21":3234.84009,"22":3250.57007,"23":3233.33008,"24":3217.34009,"25":3226.13989},"high":{"0":3253.22998,"1":3247.16992,"2":3249.53003,"3":3247.8999,"4":3264.79004,"5":3266.27002,"6":3270.11011,"7":3271.19995,"8":3278.69995,"9":3278.68994,"10":3275.05005,"11":3270.36011,"12":3262.09009,"13":3259.48999,"14":3263.87012,"15":3262.25,"16":3256.08008,"17":3253.34009,"18":3246.04004,"19":3244.25,"20":3242.91992,"21":3234.84009,"22":3257.15991,"23":3253.52002,"24":3239.32007,"25":3229.6001},"low":{"0":3240.25,"1":3229.91992,"2":3230.73999,"3":3239.37012,"4":3240.69995,"5":3256.22998,"6":3254.45996,"7":3264.11011,"8":3268.40991,"9":3272.72998,"10":3268.25,"11":3261.31006,"12":3250.66992,"13":3246.98999,"14":3256.31006,"15":3255.41992,"16":3244.03003,"17":3240.67993,"18":3232.87012,"19":3230.47998,"20":3225.69995,"21":3224.16992,"22":3238.32007,"23":3233.33008,"24":3213.87012,"25":3209.44995},"close":{"0":3246.51001,"1":3244.37988,"2":3233.81006,"3":3247.27002,"4":3241.01001,"5":3264.44995,"6":3257.32007,"7":3267.15991,"8":3269.0,"9":3277.02002,"10":3274.36011,"11":3269.77002,"12":3261.96997,"13":3251.48999,"14":3259.08008,"15":3258.3999,"16":3255.87988,"17":3250.54004,"18":3241.47998,"19":3238.27002,"20":3242.53003,"21":3225.37988,"22":3238.51001,"23":3250.6001,"24":3233.51001,"25":3217.29004},"volume":{"0":215868004,"1":101101837,"2":86071801,"3":68128726,"4":67431875,"5":53275145,"6":59801278,"7":50376527,"8":58843673,"9":66375172,"10":66779102,"11":56350359,"12":49203359,"13":55631847,"14":56625988,"15":62923785,"16":63519233,"17":66288402,"18":70685611,"19":69097089,"20":79775895,"21":91498569,"22":88147190,"23":109299427,"24":117994946,"25":155357803}}