{"datetime":{"0":1643147100000,"1":1643146200000,"2":1643145300000,"3":1643144400000,"4":1643143500000,"5":1643142600000,"6":1643141700000,"7":1643140800000,"8":1643139900000,"9":1643139000000,"10":1643138100000,"11":1643137200000,"12":1643136300000,"13":1643135400000,"14":1643134500000,"15":1643133600000,"16":1643132700000,"17":1643131800000,"18":1643130900000,"19":1643130000000,"20":1643129100000,"21":1643128200000,"22":1643127300000,"23":1643126400000,"24":1643125500000,"25":1643124600000},"open":{"0":4371.70996,"1":4368.25,"2":4385.31982,"3":4407.58984,"4":4397.62988,"5":4387.87012,"6":4382.41016,"7":4377.47021,"8":4357.39014,"9":4349.20996,"10":4329.75977,"11":4328.41016,"12":4329.74023,"13":4337.68018,"14":4331.43018,"15":4312.27002,"16":4316.41992,"17":4335.70996,"18":4316.29004,"19":4325.41992,"20":4343.24023,"21":4338.08984,"22":4311.52979,"23":4305.91992,"24":4337.22998,"25":4366.64014},"high":{"0":4379.12012,"1":4381.5498,"2":4398.0498,"3":4407.58984,"4":4400.25,"5":4397.95996,"6":4391.83984,"7":4384.06982,"8":4377.47998,"9":4359.18994,"10":4349.81006,"11":4331.33984,"12":4332.27002,"13":4337.68018,"14":4341.77002,"15":4334.24023,"16":4331.43994,"17":4336.66992,"18":4342.81006,"19":4334.85986,"20":4353.12012,"21":4341.93994,"22":4337.41992,"23":4312.72021,"24":4337.22998,"25":4366.64014},"low":{"0":4349.22021,"1":4357.72998,"2":4365.97021,"3":4383.66016,"4":4397.22998,"5":4376.95996,"6":4381.33984,"7":4364.49023,"8":4354.70996,"9":4346.18018,"10":4327.52002,"11":4317.25977,"12":4315.31006,"13":4320.0498,"14":4318.87988,"15":4309.93994,"16":4311.99023,"17":4307.06006,"18":4313.60986,"19":4314.68018,"20":4323.66016,"21":4319.39014,"22":4305.7002,"23":4287.10986,"24":4299.52979,"25":4334.66992},"close":{"0":4358.02979,"1":4371.68994,"2":4367.18994,"3":4385.33984,"4":4399.75,"5":4397.62988,"6":4387.89014,"7":4382.4502,"8":4377.47998,"9":4357.47021,"10":4349.29004,"11":4329.77002,"12":4328.45996,"13":4329.77002,"14":4337.6001,"15":4331.56006,"16":4312.29004,"17":4316.5498,"18":4335.72021,"19":4316.25977,"20":4325.31982,"21":4341.8501,"22":4337.41992,"23":4310.79004,"24":4304.50977,"25":4337.31982},"volume":{"0":299395155,"1":128306175,"2":99493155,"3":186203812,"4":0,"5":83974274,"6":86690002,"7":80220891,"8":80995066,"9":73559410,"10":65787574,"11":65348216,"12":63615681,"13":66264901,"14":76407899,"15":70800077,"16":74972619,"17":80703254,"18":86167178,"19":84058112,"20":99524091,"21":103543272,"22":107551883,"23":118687435,"24":139205511,"25":155806778}}