{"datetime":{"0":1616100300000,"1":1616099400000,"2":1616098500000,"3":1616097600000,"4":1616096700000,"5":1616095800000,"6":1616094900000,"7":1616094000000,"8":1616093100000,"9":1616092200000,"10":1616091300000,"11":1616090400000,"12":1616089500000,"13":1616088600000,"14":1616087700000,"15":1616086800000,"16":1616085900000,"17":1616085000000,"18":1616084100000,"19":1616083200000,"20":1616082300000,"21":1616081400000,"22":1616080500000,"23":1616079600000,"24":1616078700000,"25":1616077800000},"open":{"0":3918.6001,"1":3930.45996,"2":3932.8999,"3":3935.5,"4":3928.94995,"5":3941.62012,"6":3953.40991,"7":3963.30005,"8":3961.94995,"9":3958.20996,"10":3952.12988,"11":3948.97998,"12":3958.87988,"13":3965.87988,"14":3969.91992,"15":3962.19995,"16":3960.1001,"17":3961.09009,"18":3955.80005,"19":3954.71997,"20":3952.98999,"21":3951.80005,"22":3947.30005,"23":3953.83008,"24":3952.1001,"25":3948.33008},"high":{"0":3919.80005,"1":3932.30005,"2":3932.8999,"3":3938.1001,"4":3939.1001,"5":3944.96997,"6":3953.6001,"7":3963.30005,"8":3963.80005,"9":3962.30005,"10":3959.92993,"11":3954.38989,"12":3958.87988,"13":3966.30005,"14":3969.91992,"15":3969.66992,"16":3962.1001,"17":3961.09009,"18":3960.59009,"19":3960.65991,"20":3955.58008,"21":3957.69995,"22":3955.41992,"23":3953.83008,"24":3955.02002,"25":3955.23999},"low":{"0":3912.1001,"1":3916.92993,"2":3922.5,"3":3926.06006,"4":3928.94995,"5":3924.80005,"6":3941.30005,"7":3953.07007,"8":3959.46997,"9":3955.96997,"10":3951.38989,"11":3948.97998,"12":3947.28003,"13":3958.26001,"14":3965.13989,"15":3961.1001,"16":3958.1001,"17":3956.13989,"18":3955.6001,"19":3952.80005,"20":3947.80005,"21":3947.1001,"22":3944.30005,"23":3943.30005,"24":3942.56006,"25":3946.6001},"close":{"0":3916.3501,"1":3918.1001,"2":3930.70996,"3":3933.1001,"4":3936.0,"5":3928.95996,"6":3941.48999,"7":3953.80005,"8":3963.0,"9":3961.44995,"10":3958.6001,"11":3952.87988,"12":3949.22998,"13":3958.62988,"14":3965.80005,"15":3969.41992,"16":3961.80005,"17":3959.80005,"18":3960.59009,"19":3957.19995,"20":3954.71997,"21":3953.73999,"22":3952.6001,"23":3947.80005,"24":3954.82007,"25":3952.6001},"volume":{"0":0,"1":0,"2":0,"3":0,"4":0,"5":0,"6":0,"7":0,"8":0,"9":0,"10":0,"11":0,"12":0,"13":0,"14":0,"15":0,"16":0,"17":0,"18":0,"19":0,"20":0,"21":0,"22":0,"23":0,"24":0,"25":0}}