{"datetime":{"0":1649454300000,"1":1649453400000,"2":1649452500000,"3":1649448900000,"4":1649448000000,"5":1649444400000,"6":1649443500000,"7":1649442600000,"8":1649440800000,"9":1649439900000,"10":1649439000000,"11":1649434500000,"12":1649433600000},"open":{"0":4500.8501,"1":4503.22021,"2":4502.22021,"3":4506.10986,"4":4501.14014,"5":4516.47998,"6":4513.70996,"7":4519.02002,"8":4510.95996,"9":4507.16992,"10":4507.6001,"11":4481.91016,"12":4475.70996},"high":{"0":4502.1499,"1":4505.22021,"2":4507.56982,"3":4507.7002,"4":4506.20996,"5":4516.5498,"6":4517.12012,"7":4519.08984,"8":4513.16016,"9":4512.29004,"10":4508.68018,"11":4486.2002,"12":4489.77979},"low":{"0":4481.7998,"1":4500.00977,"2":4499.25,"3":4501.56982,"4":4500.25,"5":4509.43994,"6":4511.83008,"7":4512.29004,"8":4509.02002,"9":4505.87012,"10":4505.5498,"11":4476.08984,"12":4474.6001},"close":{"0":4489.24023,"1":4500.37988,"2":4503.1001,"3":4501.87988,"4":4506.12012,"5":4509.45996,"6":4516.47998,"7":4513.74023,"8":4512.02002,"9":4510.95996,"10":4507.35986,"11":4486.2002,"12":4481.85986},"volume":{"0":227974062,"1":22538394,"2":62175091,"3":30076951,"4":30318195,"5":41471382,"6":21139709,"7":50653587,"8":30191771,"9":896330641,"10":20513496,"11":49409626,"12":97960227}}