{"datetime":{"0":1676324700000,"1":1676323800000,"2":1676322900000,"3":1676322000000,"4":1676321100000,"5":1676320200000,"6":1676319300000,"7":1676318400000,"8":1676317500000,"9":1676316600000,"10":1676315700000,"11":1676314800000,"12":1676313900000,"13":1676313000000,"14":1676312100000,"15":1676311200000,"16":1676310300000,"17":1676309400000,"18":1676308500000,"19":1676307600000,"20":1676306700000,"21":1676305800000,"22":1676304900000,"23":1676304000000,"24":1676303100000,"25":1676302200000},"open":{"0":4135.29004,"1":4129.2998,"2":4126.97998,"3":4127.1499,"4":4125.3501,"5":4128.25,"6":4132.1001,"7":4137.45996,"8":4132.8999,"9":4133.52002,"10":4127.66992,"11":4131.2998,"12":4132.58984,"13":4131.35986,"14":4130.2998,"15":4128.50977,"16":4130.29004,"17":4126.12988,"18":4128.33008,"19":4124.24023,"20":4119.02002,"21":4118.7002,"22":4112.33008,"23":4113.16992,"24":4102.35986,"25":4096.62012},"high":{"0":4137.06006,"1":4136.6001,"2":4129.91992,"3":4128.49023,"4":4127.18994,"5":4129.08984,"6":4133.85986,"7":4138.8999,"8":4137.58984,"9":4137.14014,"10":4134.2998,"11":4132.72998,"12":4134.70996,"13":4133.52002,"14":4133.70996,"15":4131.49023,"16":4132.95996,"17":4130.41992,"18":4129.4502,"19":4128.60986,"20":4127.87988,"21":4120.0498,"22":4118.7002,"23":4115.52979,"24":4113.50977,"25":4105.14014},"low":{"0":4129.24023,"1":4129.2998,"2":4125.08984,"3":4121.02002,"4":4121.49023,"5":4122.16016,"6":4127.68994,"7":4131.43018,"8":4132.37988,"9":4132.35986,"10":4127.5,"11":4126.18994,"12":4130.54004,"13":4129.31006,"14":4129.70996,"15":4127.81982,"16":4125.45996,"17":4121.1001,"18":4124.56982,"19":4124.24023,"20":4118.02002,"21":4116.56006,"22":4110.4502,"23":4109.2998,"24":4100.74023,"25":4092.66992},"close":{"0":4136.95996,"1":4135.25977,"2":4129.25,"3":4126.97021,"4":4127.16992,"5":4125.2998,"6":4128.22998,"7":4132.1001,"8":4137.45996,"9":4132.93018,"10":4133.43994,"11":4127.68994,"12":4131.25977,"13":4132.68018,"14":4131.31982,"15":4130.31006,"16":4128.3999,"17":4130.22998,"18":4126.06982,"19":4128.37012,"20":4124.22021,"21":4119.08008,"22":4118.66016,"23":4112.08984,"24":4113.20996,"25":4102.52979},"volume":{"0":176161361,"1":85622938,"2":61206115,"3":61947977,"4":46206713,"5":55371431,"6":47257104,"7":50326118,"8":43627053,"9":44940962,"10":43674476,"11":44742491,"12":47754128,"13":48047517,"14":47992549,"15":51564826,"16":54034766,"17":58446928,"18":55565895,"19":62328458,"20":71034681,"21":64852412,"22":67489499,"23":77408419,"24":87520896,"25":103755894}}