{"datetime":{"0":1613511900000,"1":1613511000000,"2":1613510100000,"3":1613509200000,"4":1613508300000,"5":1613507400000,"6":1613506500000,"7":1613505600000,"8":1613504700000,"9":1613503800000,"10":1613502900000,"11":1613502000000,"12":1613501100000,"13":1613500200000,"14":1613499300000,"15":1613498400000,"16":1613497500000,"17":1613496600000,"18":1613495700000,"19":1613494800000,"20":1613493900000,"21":1613493000000,"22":1613492100000,"23":1613491200000,"24":1613490300000,"25":1613489400000},"open":{"0":3934.69995,"1":3935.22998,"2":3935.43994,"3":3936.47998,"4":3938.19995,"5":3939.94995,"6":3936.28003,"7":3933.26001,"8":3936.41992,"9":3937.42993,"10":3937.11011,"11":3936.83008,"12":3933.58008,"13":3936.63989,"14":3932.36011,"15":3928.92993,"16":3935.48999,"17":3933.96997,"18":3938.43994,"19":3940.15991,"20":3947.73999,"21":3948.1499,"22":3938.67993,"23":3945.55005,"24":3949.31006,"25":3939.61011},"high":{"0":3935.41992,"1":3937.13989,"2":3937.62012,"3":3937.8501,"4":3938.6499,"5":3940.87988,"6":3939.92993,"7":3936.66992,"8":3936.83008,"9":3939.98999,"10":3938.45996,"11":3938.8501,"12":3937.0,"13":3937.32007,"14":3936.98999,"15":3933.52002,"16":3935.48999,"17":3937.37988,"18":3938.84009,"19":3941.96997,"20":3948.25,"21":3950.06006,"22":3948.08008,"23":3947.48999,"24":3950.42993,"25":3949.90991},"low":{"0":3928.71997,"1":3931.57007,"2":3933.43994,"3":3932.65991,"4":3933.31006,"5":3937.76001,"6":3935.51001,"7":3933.23999,"8":3933.23999,"9":3934.55005,"10":3935.37988,"11":3936.29004,"12":3933.22998,"13":3933.33008,"14":3930.70996,"15":3923.8501,"16":3927.5,"17":3929.93994,"18":3932.59009,"19":3936.55005,"20":3933.05005,"21":3947.36011,"22":3936.90991,"23":3938.62012,"24":3945.59009,"25":3939.61011},"close":{"0":3932.82007,"1":3934.66992,"2":3935.3501,"3":3935.40991,"4":3936.45996,"5":3938.16992,"6":3939.92993,"7":3936.27002,"8":3933.27002,"9":3936.38989,"10":3937.3999,"11":3937.12012,"12":3936.83008,"13":3933.59009,"14":3936.72998,"15":3932.63989,"16":3928.8999,"17":3935.67993,"18":3933.93994,"19":3938.62012,"20":3940.1001,"21":3947.63989,"22":3948.08008,"23":3938.6499,"24":3945.59009,"25":3949.18994},"volume":{"0":211630669,"1":81484802,"2":60201143,"3":52910318,"4":48373653,"5":52190514,"6":47990063,"7":44935314,"8":44499602,"9":48567594,"10":42646676,"11":42219691,"12":47194932,"13":48818271,"14":56055414,"15":67712791,"16":62827843,"17":65335678,"18":67519634,"19":69393659,"20":85216231,"21":78612009,"22":87044855,"23":97974743,"24":109247526,"25":132917226}}