{"datetime":{"0":1659995100000,"1":1659994200000,"2":1659993300000,"3":1659992400000,"4":1659991500000,"5":1659990600000,"6":1659989700000,"7":1659988800000,"8":1659987900000,"9":1659987000000,"10":1659986100000,"11":1659985200000,"12":1659984300000,"13":1659983400000,"14":1659982500000,"15":1659981600000,"16":1659980700000,"17":1659979800000,"18":1659978900000,"19":1659978000000,"20":1659977100000,"21":1659976200000,"22":1659975300000,"23":1659974400000,"24":1659973500000,"25":1659972600000},"open":{"0":4143.25,"1":4138.37988,"2":4137.2998,"3":4135.31006,"4":4135.22021,"5":4138.18018,"6":4139.5,"7":4149.47021,"8":4145.31006,"9":4142.25977,"10":4148.3501,"11":4143.8999,"12":4142.87012,"13":4138.04004,"14":4144.83984,"15":4159.1001,"16":4148.06006,"17":4166.95996,"18":4174.16016,"19":4175.52002,"20":4182.8501,"21":4177.31982,"22":4179.4502,"23":4182.39014,"24":4180.18994,"25":4155.93018},"high":{"0":4143.74023,"1":4143.47021,"2":4140.66016,"3":4138.1499,"4":4136.70996,"5":4139.74023,"6":4140.47021,"7":4149.5498,"8":4150.04004,"9":4145.31982,"10":4151.91016,"11":4149.06006,"12":4147.16016,"13":4143.1001,"14":4145.29004,"15":4160.16016,"16":4160.06982,"17":4169.47998,"18":4174.24023,"19":4181.06982,"20":4183.10986,"21":4182.58008,"22":4180.87012,"23":4186.62012,"24":4186.45996,"25":4181.62012},"low":{"0":4138.50977,"1":4134.7998,"2":4131.22021,"3":4134.3501,"4":4128.97021,"5":4134.27979,"6":4135.83008,"7":4135.64014,"8":4143.10986,"9":4139.77002,"10":4142.25977,"11":4140.6001,"12":4141.85986,"13":4134.37012,"14":4135.6001,"15":4143.62012,"16":4147.79004,"17":4146.33008,"18":4166.12012,"19":4174.0,"20":4173.72998,"21":4174.97021,"22":4173.64014,"23":4178.25,"24":4176.77002,"25":4155.93018},"close":{"0":4140.0,"1":4143.24023,"2":4138.52002,"3":4137.2998,"4":4135.3501,"5":4135.08984,"6":4138.22998,"7":4139.39014,"8":4149.41992,"9":4145.27002,"10":4142.25977,"11":4148.33008,"12":4143.99023,"13":4142.85986,"14":4138.2002,"15":4144.66992,"16":4159.12988,"17":4148.1499,"18":4166.91992,"19":4174.1499,"20":4175.6499,"21":4182.49023,"22":4177.37012,"23":4179.45996,"24":4182.22021,"25":4180.24023},"volume":{"0":155460252,"1":77802845,"2":61157919,"3":50487912,"4":51432333,"5":47164053,"6":43224227,"7":53383163,"8":43172449,"9":40580466,"10":45858053,"11":40013546,"12":42235653,"13":47258198,"14":55971034,"15":56495558,"16":59103641,"17":70363767,"18":61738407,"19":59561122,"20":71468738,"21":71508293,"22":83554621,"23":105914115,"24":138912084,"25":134508245}}