{"datetime":{"0":1657316700000,"1":1657315800000,"2":1657314900000,"3":1657314000000,"4":1657313100000,"5":1657312200000,"6":1657311300000,"7":1657310400000,"8":1657309500000,"9":1657308600000,"10":1657307700000,"11":1657306800000,"12":1657305900000,"13":1657305000000,"14":1657304100000,"15":1657303200000,"16":1657302300000,"17":1657301400000,"18":1657300500000,"19":1657299600000,"20":1657298700000,"21":1657297800000,"22":1657296900000,"23":1657296000000,"24":1657295100000,"25":1657294200000},"open":{"0":3907.11011,"1":3907.57007,"2":3912.43994,"3":3912.23999,"4":3913.97998,"5":3908.19995,"6":3901.62988,"7":3896.98999,"8":3896.62988,"9":3895.25,"10":3890.04004,"11":3883.83008,"12":3887.6001,"13":3892.23999,"14":3901.43994,"15":3911.45996,"16":3910.86011,"17":3915.90991,"18":3909.93994,"19":3907.11011,"20":3908.69995,"21":3903.11011,"22":3884.01001,"23":3874.97998,"24":3891.69995,"25":3888.26001},"high":{"0":3907.31006,"1":3908.62012,"2":3912.61011,"3":3915.31006,"4":3914.33008,"5":3914.15991,"6":3908.42993,"7":3902.93994,"8":3902.58008,"9":3897.75,"10":3895.33008,"11":3891.37012,"12":3889.48999,"13":3893.33008,"14":3905.3999,"15":3911.81006,"16":3911.48999,"17":3917.95996,"18":3918.5,"19":3915.20996,"20":3909.5,"21":3910.46997,"22":3905.18994,"23":3884.84009,"24":3894.66992,"25":3897.19995},"low":{"0":3897.04004,"1":3901.69995,"2":3906.31006,"3":3907.61011,"4":3906.1001,"5":3907.43994,"6":3900.61011,"7":3894.02002,"8":3895.04004,"9":3892.11011,"10":3886.27002,"11":3879.33008,"12":3883.38989,"13":3883.37988,"14":3892.08008,"15":3900.92993,"16":3903.52002,"17":3909.95996,"18":3907.37988,"19":3905.68994,"20":3900.01001,"21":3902.81006,"22":3882.63989,"23":3869.34009,"24":3871.15991,"25":3882.26001},"close":{"0":3899.17993,"1":3907.30005,"2":3907.48999,"3":3912.15991,"4":3912.20996,"5":3914.05005,"6":3908.13989,"7":3901.63989,"8":3897.04004,"9":3896.56006,"10":3895.28003,"11":3890.08008,"12":3883.84009,"13":3887.68994,"14":3892.22998,"15":3901.44995,"16":3911.48999,"17":3910.51001,"18":3915.94995,"19":3909.8999,"20":3907.12012,"21":3908.69995,"22":3903.02002,"23":3884.0,"24":3874.8999,"25":3891.75},"volume":{"0":175081765,"1":73172841,"2":46293463,"3":46508041,"4":39193874,"5":39331115,"6":37939520,"7":34965241,"8":42583399,"9":37794137,"10":36700188,"11":43177127,"12":37596431,"13":47346622,"14":42380816,"15":37053820,"16":42167771,"17":45096925,"18":49886989,"19":58429964,"20":59231869,"21":61788340,"22":70375976,"23":75881217,"24":103130952,"25":95409416}}