{"datetime":{"0":1599083100000,"1":1599082200000,"2":1599081300000,"3":1599080400000,"4":1599079500000,"5":1599078600000,"6":1599077700000,"7":1599076800000,"8":1599075900000,"9":1599075000000,"10":1599074100000,"11":1599073200000,"12":1599072300000,"13":1599071400000,"14":1599070500000,"15":1599069600000,"16":1599068700000,"17":1599067800000,"18":1599066900000,"19":1599066000000,"20":1599065100000,"21":1599064200000,"22":1599063300000,"23":1599062400000,"24":1599061500000,"25":1599060600000},"open":{"0":3584.88989,"1":3578.09009,"2":3576.87988,"3":3568.87988,"4":3566.37012,"5":3567.12988,"6":3562.25,"7":3565.87012,"8":3567.77002,"9":3566.52002,"10":3563.01001,"11":3557.43994,"12":3557.96997,"13":3555.8999,"14":3552.01001,"15":3549.54004,"16":3541.94995,"17":3545.69995,"18":3548.70996,"19":3549.90991,"20":3548.12988,"21":3551.1001,"22":3543.48999,"23":3538.17993,"24":3546.87012,"25":3543.76001},"high":{"0":3588.11011,"1":3585.54004,"2":3580.28003,"3":3576.88989,"4":3570.52002,"5":3568.42993,"6":3568.18994,"7":3565.97998,"8":3568.58008,"9":3568.87988,"10":3566.86011,"11":3563.07007,"12":3559.22998,"13":3558.70996,"14":3556.52002,"15":3552.30005,"16":3550.11011,"17":3549.88989,"18":3548.95996,"19":3551.94995,"20":3552.30005,"21":3553.76001,"22":3551.18994,"23":3543.97998,"24":3547.34009,"25":3547.6001},"low":{"0":3580.17993,"1":3576.56006,"2":3575.61011,"3":3568.34009,"4":3566.11011,"5":3565.40991,"6":3562.25,"7":3560.02002,"8":3565.26001,"9":3565.59009,"10":3562.15991,"11":3555.66992,"12":3556.27002,"13":3555.12988,"14":3552.01001,"15":3547.44995,"16":3541.76001,"17":3538.19995,"18":3542.79004,"19":3544.87988,"20":3545.77002,"21":3546.08008,"22":3542.29004,"23":3535.29004,"24":3535.22998,"25":3538.23999},"close":{"0":3580.17993,"1":3584.87012,"2":3578.03003,"3":3576.80005,"4":3568.91992,"5":3566.33008,"6":3567.25,"7":3562.26001,"8":3565.88989,"9":3567.91992,"10":3566.62988,"11":3562.98999,"12":3557.46997,"13":3557.93994,"14":3555.87012,"15":3551.97998,"16":3549.63989,"17":3542.05005,"18":3545.81006,"19":3548.91992,"20":3549.94995,"21":3548.25,"22":3551.08008,"23":3543.52002,"24":3539.01001,"25":3546.8999},"volume":{"0":266414314,"1":120960106,"2":86558464,"3":78774541,"4":68792689,"5":49364353,"6":55587310,"7":55575013,"8":48029078,"9":57425793,"10":53495034,"11":52319919,"12":46820187,"13":50677385,"14":53390507,"15":67134583,"16":75844485,"17":85385189,"18":77089451,"19":75517914,"20":73697935,"21":83711299,"22":101842462,"23":129920906,"24":141756785,"25":168252369}}