{"datetime":{"0":1606254300000,"1":1606253400000,"2":1606252500000,"3":1606251600000,"4":1606250700000,"5":1606249800000,"6":1606248900000,"7":1606248000000,"8":1606247100000,"9":1606246200000,"10":1606245300000,"11":1606244400000,"12":1606243500000,"13":1606242600000,"14":1606241700000,"15":1606240800000,"16":1606239900000,"17":1606239000000,"18":1606238100000,"19":1606237200000,"20":1606236300000,"21":1606235400000,"22":1606234500000,"23":1606233600000,"24":1606232700000,"25":1606231800000},"open":{"0":3631.54004,"1":3636.04004,"2":3634.8999,"3":3633.97998,"4":3634.3999,"5":3629.02002,"6":3633.55005,"7":3634.3999,"8":3636.8999,"9":3631.3999,"10":3636.69995,"11":3633.3999,"12":3632.19995,"13":3630.84009,"14":3632.19995,"15":3633.19995,"16":3630.30005,"17":3627.69995,"18":3620.81006,"19":3618.6499,"20":3617.65991,"21":3610.69995,"22":3610.38989,"23":3606.68994,"24":3600.1001,"25":3594.52002},"high":{"0":3637.3999,"1":3637.69995,"2":3637.8999,"3":3636.47998,"4":3634.3999,"5":3634.8999,"6":3634.05005,"7":3637.19995,"8":3637.8501,"9":3641.28003,"10":3637.19995,"11":3636.69995,"12":3633.8999,"13":3634.8501,"14":3633.08008,"15":3634.3999,"16":3638.3999,"17":3630.8999,"18":3628.13989,"19":3622.69995,"20":3620.90991,"21":3617.91992,"22":3613.45996,"23":3611.28003,"24":3607.0,"25":3605.97998},"low":{"0":3631.19995,"1":3631.30005,"2":3632.29004,"3":3629.3999,"4":3629.98999,"5":3626.53003,"6":3628.76001,"7":3632.04004,"8":3632.45996,"9":3631.3999,"10":3629.43994,"11":3632.72998,"12":3632.09009,"13":3630.3501,"14":3629.34009,"15":3630.30005,"16":3629.30005,"17":3625.19995,"18":3620.69995,"19":3618.19995,"20":3616.3999,"21":3608.19995,"22":3608.3999,"23":3604.97998,"24":3596.29004,"25":3594.52002},"close":{"0":3635.19995,"1":3631.8999,"2":3635.90991,"3":3635.19995,"4":3634.22998,"5":3634.69995,"6":3628.77002,"7":3634.05005,"8":3634.07007,"9":3636.69995,"10":3630.8999,"11":3636.16992,"12":3633.19995,"13":3632.62988,"14":3630.59009,"15":3631.84009,"16":3633.3999,"17":3629.80005,"18":3627.87988,"19":3621.06006,"20":3618.3999,"21":3617.40991,"22":3611.20996,"23":3610.13989,"24":3606.43994,"25":3599.86011},"volume":{"0":0,"1":0,"2":0,"3":0,"4":0,"5":0,"6":0,"7":0,"8":0,"9":0,"10":0,"11":0,"12":0,"13":0,"14":0,"15":0,"16":0,"17":0,"18":0,"19":0,"20":0,"21":0,"22":0,"23":0,"24":0,"25":229261948}}