{"datetime":{"0":1637790300000,"1":1637789400000,"2":1637788500000,"3":1637787600000,"4":1637786700000,"5":1637785800000,"6":1637784900000,"7":1637784000000,"8":1637783100000,"9":1637782200000,"10":1637781300000,"11":1637780400000,"12":1637779500000,"13":1637778600000,"14":1637777700000,"15":1637776800000,"16":1637775900000,"17":1637775000000,"18":1637774100000,"19":1637773200000,"20":1637772300000,"21":1637771400000,"22":1637770500000,"23":1637769600000,"24":1637768700000,"25":1637767800000},"open":{"0":4699.52979,"1":4701.62988,"2":4700.22021,"3":4694.33008,"4":4693.24023,"5":4686.20996,"6":4685.24023,"7":4692.6001,"8":4694.75,"9":4696.5,"10":4696.37988,"11":4694.43994,"12":4690.47021,"13":4685.83008,"14":4691.89014,"15":4688.1001,"16":4689.54004,"17":4691.81006,"18":4686.79004,"19":4681.8999,"20":4677.72998,"21":4681.6001,"22":4673.22021,"23":4671.24023,"24":4663.5498,"25":4675.77979},"high":{"0":4702.87012,"1":4702.41992,"2":4702.33008,"3":4700.16992,"4":4696.27002,"5":4693.25977,"6":4691.22021,"7":4698.12012,"8":4695.66992,"9":4697.5,"10":4697.91016,"11":4697.29004,"12":4694.6499,"13":4691.0498,"14":4691.89014,"15":4692.39014,"16":4693.20996,"17":4694.75,"18":4692.6001,"19":4687.22998,"20":4684.12988,"21":4684.22998,"22":4682.24023,"23":4680.81006,"24":4671.31982,"25":4675.77979},"low":{"0":4696.64014,"1":4696.97021,"2":4699.16016,"3":4692.47021,"4":4692.87012,"5":4686.20996,"6":4684.99023,"7":4681.12012,"8":4692.6001,"9":4693.43994,"10":4695.45996,"11":4693.25,"12":4690.47021,"13":4685.7002,"14":4685.24023,"15":4686.81006,"16":4687.3501,"17":4686.62988,"18":4686.50977,"19":4677.52979,"20":4675.47021,"21":4677.3999,"22":4671.93018,"23":4665.7998,"24":4659.89014,"25":4661.16992},"close":{"0":4701.62012,"1":4699.68018,"2":4701.62012,"3":4700.16992,"4":4694.31982,"5":4693.16992,"6":4686.18018,"7":4685.27979,"8":4692.6001,"9":4694.8999,"10":4696.43994,"11":4696.37988,"12":4694.47998,"13":4690.47021,"14":4685.87988,"15":4691.87988,"16":4688.1499,"17":4689.54004,"18":4691.77979,"19":4686.74023,"20":4681.95996,"21":4677.68994,"22":4681.58008,"23":4673.14014,"24":4671.18018,"25":4663.47998},"volume":{"0":181219928,"1":72862285,"2":44620714,"3":42290435,"4":35871569,"5":34748363,"6":35815164,"7":49363472,"8":33543726,"9":36793427,"10":36738356,"11":34841669,"12":34324902,"13":37068582,"14":40591823,"15":45911045,"16":44759206,"17":51320120,"18":54731122,"19":54991624,"20":556747025,"21":70172287,"22":68826512,"23":85054509,"24":94966130,"25":109402879}}