{"datetime":{"0":1646689500000,"1":1646688600000,"2":1646687700000,"3":1646686800000,"4":1646685900000,"5":1646685000000,"6":1646684100000,"7":1646683200000,"8":1646682300000,"9":1646681400000,"10":1646680500000,"11":1646679600000,"12":1646678700000,"13":1646677800000,"14":1646676900000,"15":1646676000000,"16":1646675100000,"17":1646674200000,"18":1646673300000,"19":1646672400000,"20":1646671500000,"21":1646670600000,"22":1646669700000,"23":1646668800000,"24":1646667900000,"25":1646667000000},"open":{"0":4218.91016,"1":4221.06982,"2":4213.02979,"3":4222.4502,"4":4223.41992,"5":4233.24023,"6":4239.12988,"7":4232.22021,"8":4238.60986,"9":4234.83008,"10":4233.91992,"11":4235.3999,"12":4233.39014,"13":4235.49023,"14":4243.25977,"15":4247.43994,"16":4254.2998,"17":4269.18994,"18":4267.16016,"19":4261.18018,"20":4266.43994,"21":4265.93018,"22":4274.97998,"23":4283.56982,"24":4294.91992,"25":4327.00977},"high":{"0":4218.91016,"1":4221.06982,"2":4224.27979,"3":4224.95996,"4":4228.58984,"5":4234.62012,"6":4243.72998,"7":4241.12988,"8":4239.68018,"9":4245.00977,"10":4237.75977,"11":4247.66016,"12":4248.25,"13":4237.47021,"14":4247.52002,"15":4247.77002,"16":4265.79004,"17":4269.83008,"18":4276.97998,"19":4274.43994,"20":4267.91992,"21":4272.47021,"22":4280.6499,"23":4291.77002,"24":4303.1499,"25":4327.00977},"low":{"0":4199.8501,"1":4209.6001,"2":4209.27002,"3":4211.02979,"4":4219.18018,"5":4221.83008,"6":4232.12012,"7":4226.89014,"8":4230.77002,"9":4231.99023,"10":4225.93018,"11":4232.58008,"12":4232.49023,"13":4228.31006,"14":4228.08984,"15":4239.24023,"16":4246.1001,"17":4248.8999,"18":4266.77979,"19":4257.56006,"20":4256.39014,"21":4262.97021,"22":4266.02002,"23":4274.43994,"24":4285.0498,"25":4292.33984},"close":{"0":4201.56982,"1":4218.93018,"2":4220.81982,"3":4212.99023,"4":4222.43994,"5":4223.41016,"6":4233.27002,"7":4239.1499,"8":4232.41992,"9":4238.66016,"10":4234.83008,"11":4233.79004,"12":4235.43994,"13":4233.43994,"14":4235.45996,"15":4243.29004,"16":4247.43018,"17":4254.27979,"18":4269.16992,"19":4267.20996,"20":4261.27979,"21":4266.56006,"22":4266.02002,"23":4274.58984,"24":4285.31006,"25":4295.25},"volume":{"0":225241799,"1":151197053,"2":123685995,"3":104073688,"4":85142850,"5":82315130,"6":74518509,"7":83676997,"8":73830196,"9":86393009,"10":87502062,"11":83356005,"12":1733132299,"13":87958295,"14":99376223,"15":89933013,"16":93003825,"17":98791774,"18":92396892,"19":110203724,"20":119653458,"21":130654386,"22":127237494,"23":136738416,"24":185821752,"25":201730225}}