{"datetime":{"0":1601675100000,"1":1601674200000,"2":1601673300000,"3":1601672400000,"4":1601671500000,"5":1601670600000,"6":1601669700000,"7":1601668800000,"8":1601667900000,"9":1601667000000,"10":1601666100000,"11":1601665200000,"12":1601664300000,"13":1601663400000,"14":1601662500000,"15":1601661600000,"16":1601660700000,"17":1601659800000,"18":1601658900000,"19":1601658000000,"20":1601657100000,"21":1601656200000,"22":1601655300000,"23":1601654400000,"24":1601653500000,"25":1601652600000},"open":{"0":3360.0,"1":3360.38989,"2":3355.29004,"3":3362.65991,"4":3360.63989,"5":3363.29004,"6":3364.22998,"7":3355.40991,"8":3353.44995,"9":3366.8999,"10":3360.18994,"11":3364.96997,"12":3367.94995,"13":3361.48999,"14":3356.55005,"15":3338.31006,"16":3349.37012,"17":3358.29004,"18":3357.09009,"19":3352.3999,"20":3348.90991,"21":3361.0,"22":3359.97998,"23":3351.46997,"24":3349.22998,"25":3338.93994},"high":{"0":3360.04004,"1":3365.79004,"2":3363.02002,"3":3365.3999,"4":3366.08008,"5":3365.11011,"6":3366.43994,"7":3366.94995,"8":3356.5,"9":3367.59009,"10":3368.84009,"11":3366.58008,"12":3369.1001,"13":3368.73999,"14":3368.44995,"15":3362.08008,"16":3353.42993,"17":3358.43994,"18":3363.27002,"19":3359.15991,"20":3357.75,"21":3361.28003,"22":3361.62012,"23":3364.23999,"24":3353.71997,"25":3353.27002},"low":{"0":3347.70996,"1":3357.71997,"2":3352.83008,"3":3352.87988,"4":3357.3999,"5":3358.90991,"6":3362.62012,"7":3355.30005,"8":3349.68994,"9":3352.31006,"10":3359.51001,"11":3359.02002,"12":3362.27002,"13":3358.30005,"14":3353.87988,"15":3329.91992,"16":3337.90991,"17":3347.46997,"18":3354.67993,"19":3350.78003,"20":3347.58008,"21":3348.58008,"22":3352.72998,"23":3350.91992,"24":3343.70996,"25":3323.68994},"close":{"0":3348.3501,"1":3359.98999,"2":3360.3999,"3":3355.31006,"4":3362.63989,"5":3360.63989,"6":3363.25,"7":3364.20996,"8":3355.45996,"9":3353.48999,"10":3366.90991,"11":3360.17993,"12":3365.04004,"13":3367.90991,"14":3361.40991,"15":3356.66992,"16":3338.28003,"17":3349.41992,"18":3358.19995,"19":3357.18994,"20":3356.40991,"21":3348.90991,"22":3361.11011,"23":3359.8999,"24":3350.93994,"25":3349.37012},"volume":{"0":206275679,"1":88646961,"2":62848504,"3":68080392,"4":52971849,"5":54036082,"6":45222147,"7":54106271,"8":50944132,"9":58134909,"10":48857970,"11":56326857,"12":67970873,"13":74402845,"14":112877461,"15":126612323,"16":63129409,"17":70189104,"18":66405684,"19":55762931,"20":56855749,"21":66164411,"22":69894987,"23":90771781,"24":98106257,"25":135986413}}