{"datetime":{"0":1662068700000,"1":1662067800000,"2":1662066900000,"3":1662066000000,"4":1662065100000,"5":1662064200000,"6":1662063300000,"7":1662062400000,"8":1662061500000,"9":1662060600000,"10":1662059700000,"11":1662058800000,"12":1662057900000,"13":1662057000000,"14":1662056100000,"15":1662055200000,"16":1662054300000,"17":1662053400000,"18":1662052500000,"19":1662051600000,"20":1662050700000,"21":1662049800000,"22":1662048900000,"23":1662048000000,"24":1662047100000,"25":1662046200000},"open":{"0":3947.62988,"1":3943.3501,"2":3956.17993,"3":3945.46997,"4":3942.34009,"5":3944.43994,"6":3928.15991,"7":3924.37988,"8":3926.67993,"9":3932.5,"10":3922.69995,"11":3910.01001,"12":3914.92993,"13":3920.19995,"14":3921.19995,"15":3914.33008,"16":3914.08008,"17":3911.26001,"18":3920.27002,"19":3905.79004,"20":3908.82007,"21":3928.65991,"22":3912.76001,"23":3930.98999,"24":3931.36011,"25":3936.72998},"high":{"0":3970.22998,"1":3948.33008,"2":3956.43994,"3":3957.90991,"4":3949.3999,"5":3952.62988,"6":3945.34009,"7":3930.68994,"8":3926.67993,"9":3933.72998,"10":3933.26001,"11":3922.79004,"12":3915.90991,"13":3920.82007,"14":3925.21997,"15":3922.47998,"16":3916.08008,"17":3928.07007,"18":3922.34009,"19":3921.16992,"20":3911.40991,"21":3928.87012,"22":3929.66992,"23":3933.80005,"24":3934.6001,"25":3936.72998},"low":{"0":3943.30005,"1":3939.92993,"2":3943.20996,"3":3943.56006,"4":3938.8501,"5":3942.04004,"6":3927.88989,"7":3921.73999,"8":3921.91992,"9":3926.29004,"10":3921.87988,"11":3908.04004,"12":3906.06006,"13":3912.02002,"14":3917.98999,"15":3914.05005,"16":3909.82007,"17":3911.22998,"18":3909.93994,"19":3903.6499,"20":3904.1001,"21":3907.57007,"22":3908.41992,"23":3911.83008,"24":3922.82007,"25":3922.76001},"close":{"0":3967.22998,"1":3947.87012,"2":3943.48999,"3":3956.16992,"4":3945.5,"5":3942.23999,"6":3944.42993,"7":3928.20996,"8":3924.40991,"9":3926.72998,"10":3932.40991,"11":3922.70996,"12":3909.98999,"13":3914.93994,"14":3920.25,"15":3921.17993,"16":3914.32007,"17":3913.83008,"18":3911.27002,"19":3920.30005,"20":3905.79004,"21":3908.86011,"22":3928.55005,"23":3913.06006,"24":3931.15991,"25":3931.16992},"volume":{"0":1984228854,"1":1847856825,"2":69661778,"3":69279554,"4":57151755,"5":66688122,"6":1515900926,"7":48024304,"8":41845081,"9":48821455,"10":56332709,"11":55765941,"12":52139748,"13":51099429,"14":55284173,"15":53873482,"16":57391600,"17":78739623,"18":73386219,"19":91682323,"20":81299606,"21":81513881,"22":92537632,"23":105389311,"24":360064034,"25":123153261}}