{"datetime":{"0":1602107100000,"1":1602106200000,"2":1602105300000,"3":1602104400000,"4":1602103500000,"5":1602102600000,"6":1602101700000,"7":1602100800000,"8":1602099900000,"9":1602099000000,"10":1602098100000,"11":1602097200000,"12":1602096300000,"13":1602095400000,"14":1602094500000,"15":1602093600000,"16":1602092700000,"17":1602091800000,"18":1602090900000,"19":1602090000000,"20":1602089100000,"21":1602088200000,"22":1602087300000,"23":1602086400000,"24":1602085500000,"25":1602084600000},"open":{"0":3421.03003,"1":3423.31006,"2":3424.65991,"3":3422.41992,"4":3419.71997,"5":3422.12012,"6":3414.71997,"7":3414.01001,"8":3414.6499,"9":3408.15991,"10":3406.62988,"11":3406.02002,"12":3404.43994,"13":3400.83008,"14":3404.93994,"15":3404.25,"16":3406.02002,"17":3405.22998,"18":3405.09009,"19":3405.12988,"20":3402.80005,"21":3403.51001,"22":3395.03003,"23":3399.13989,"24":3402.58008,"25":3384.56006},"high":{"0":3424.97998,"1":3424.27002,"2":3425.3999,"3":3426.26001,"4":3423.65991,"5":3423.21997,"6":3422.63989,"7":3417.70996,"8":3418.29004,"9":3414.76001,"10":3408.81006,"11":3407.88989,"12":3406.12988,"13":3405.94995,"14":3406.57007,"15":3405.29004,"16":3406.6001,"17":3407.29004,"18":3405.88989,"19":3408.6499,"20":3406.61011,"21":3407.51001,"22":3405.37012,"23":3401.87012,"24":3404.97998,"25":3403.66992},"low":{"0":3418.43994,"1":3418.79004,"2":3422.28003,"3":3421.57007,"4":3419.54004,"5":3417.34009,"6":3414.37012,"7":3413.11011,"8":3413.52002,"9":3408.15991,"10":3406.31006,"11":3406.01001,"12":3403.01001,"13":3400.82007,"14":3396.38989,"15":3402.90991,"16":3404.0,"17":3404.06006,"18":3402.27002,"19":3404.21997,"20":3401.59009,"21":3400.69995,"22":3395.03003,"23":3394.38989,"24":3399.61011,"25":3384.56006},"close":{"0":3418.43994,"1":3421.04004,"2":3423.30005,"3":3424.63989,"4":3422.43994,"5":3419.70996,"6":3422.12988,"7":3414.65991,"8":3414.03003,"9":3414.63989,"10":3408.15991,"11":3406.62988,"12":3405.98999,"13":3404.46997,"14":3400.79004,"15":3405.01001,"16":3404.29004,"17":3406.01001,"18":3405.22998,"19":3405.08008,"20":3405.07007,"21":3402.69995,"22":3403.61011,"23":3395.1001,"24":3400.75,"25":3402.58008},"volume":{"0":213207970,"1":84547330,"2":65635638,"3":57309493,"4":44982051,"5":48923984,"6":53455278,"7":44073902,"8":53579023,"9":49017892,"10":36968109,"11":44242409,"12":42706431,"13":39094675,"14":56426405,"15":45263181,"16":42446310,"17":55091139,"18":57557560,"19":60596540,"20":57082864,"21":77085364,"22":83240619,"23":91992049,"24":89433248,"25":116239165}}