{"datetime":{"0":1637012700000,"1":1637011800000,"2":1637010900000,"3":1637010000000,"4":1637009100000,"5":1637008200000,"6":1637007300000,"7":1637006400000,"8":1637005500000,"9":1637004600000,"10":1637003700000,"11":1637002800000,"12":1637001900000,"13":1637001000000,"14":1637000100000,"15":1636999200000,"16":1636998300000,"17":1636997400000,"18":1636996500000,"19":1636995600000,"20":1636994700000,"21":1636993800000,"22":1636992900000,"23":1636992000000,"24":1636991100000,"25":1636990200000},"open":{"0":4680.33984,"1":4684.5498,"2":4681.81982,"3":4683.18018,"4":4683.43018,"5":4678.16016,"6":4679.16992,"7":4680.89014,"8":4681.08008,"9":4682.77979,"10":4683.3999,"11":4681.97998,"12":4681.85986,"13":4676.00977,"14":4679.02002,"15":4678.8999,"16":4675.1499,"17":4687.25,"18":4689.81982,"19":4687.75,"20":4687.0498,"21":4687.35986,"22":4688.04004,"23":4696.20996,"24":4691.7998,"25":4689.2998},"high":{"0":4683.27002,"1":4684.6001,"2":4684.91992,"3":4684.16992,"4":4684.24023,"5":4683.75977,"6":4679.39014,"7":4681.0,"8":4682.95996,"9":4683.18994,"10":4685.2998,"11":4684.10986,"12":4682.18018,"13":4682.1001,"14":4679.18994,"15":4680.33008,"16":4679.04004,"17":4690.25977,"18":4690.64014,"19":4690.41016,"20":4690.52979,"21":4689.00977,"22":4689.31006,"23":4696.29004,"24":4696.18018,"25":4697.41992},"low":{"0":4676.31006,"1":4678.77979,"2":4681.43994,"3":4680.7002,"4":4681.3999,"5":4677.16016,"6":4676.25977,"7":4677.95996,"8":4680.77979,"9":4680.00977,"10":4680.66016,"11":4680.27979,"12":4679.97021,"13":4675.8999,"14":4672.85986,"15":4678.0,"16":4673.75,"17":4674.81006,"18":4686.97021,"19":4687.56006,"20":4686.87012,"21":4685.41992,"22":4685.87988,"23":4687.33008,"24":4687.0498,"25":4689.2998},"close":{"0":4683.1001,"1":4680.35986,"2":4684.6499,"3":4681.83984,"4":4683.1499,"5":4683.43018,"6":4678.16992,"7":4679.16016,"8":4680.87988,"9":4681.02979,"10":4682.77979,"11":4683.43994,"12":4681.93994,"13":4681.8999,"14":4675.99023,"15":4679.00977,"16":4678.87988,"17":4675.0498,"18":4687.37012,"19":4689.87988,"20":4687.75,"21":4686.87012,"22":4687.3501,"23":4688.06982,"24":4696.18018,"25":4691.79004},"volume":{"0":142404486,"1":71772291,"2":49069595,"3":44773344,"4":43917647,"5":38741649,"6":37863940,"7":41143162,"8":38368626,"9":36063609,"10":43851593,"11":40173545,"12":40269629,"13":43803391,"14":43658455,"15":39951217,"16":48112932,"17":57531733,"18":49075399,"19":52582396,"20":57154351,"21":63971868,"22":65860171,"23":74305672,"24":86563865,"25":123368236}}