{"datetime":{"0":1640036700000,"1":1640035800000,"2":1640034900000,"3":1640034000000,"4":1640033100000,"5":1640032200000,"6":1640031300000,"7":1640030400000,"8":1640029500000,"9":1640028600000,"10":1640027700000,"11":1640026800000,"12":1640025900000,"13":1640025000000,"14":1640024100000,"15":1640023200000,"16":1640022300000,"17":1640021400000,"18":1640020500000,"19":1640019600000,"20":1640018700000,"21":1640017800000,"22":1640016900000,"23":1640016000000,"24":1640015100000,"25":1640014200000},"open":{"0":4558.22998,"1":4563.47021,"2":4556.77002,"3":4555.6499,"4":4553.41992,"5":4554.74023,"6":4557.87988,"7":4553.12012,"8":4552.89014,"9":4544.87012,"10":4544.87988,"11":4537.8501,"12":4540.54004,"13":4547.33984,"14":4542.58008,"15":4547.62012,"16":4537.93018,"17":4537.5498,"18":4535.00977,"19":4538.33008,"20":4550.75,"21":4543.18018,"22":4548.25,"23":4560.72998,"24":4561.1499,"25":4587.8999},"high":{"0":4572.91016,"1":4563.47021,"2":4567.77979,"3":4562.22998,"4":4561.9502,"5":4555.25,"6":4562.58008,"7":4560.02002,"8":4558.89014,"9":4557.00977,"10":4546.31006,"11":4545.06006,"12":4544.66016,"13":4547.33984,"14":4552.93018,"15":4548.5498,"16":4547.85986,"17":4540.06982,"18":4543.29004,"19":4539.68994,"20":4551.12012,"21":4551.58984,"22":4558.56006,"23":4562.12012,"24":4563.43994,"25":4587.8999},"low":{"0":4556.10986,"1":4554.54004,"2":4556.47021,"3":4555.6499,"4":4551.58984,"5":4549.0,"6":4553.37012,"7":4552.62988,"8":4550.41016,"9":4540.31982,"10":4542.29004,"11":4534.77979,"12":4537.25977,"13":4537.6001,"14":4542.10986,"15":4542.41016,"16":4532.83984,"17":4531.1001,"18":4532.83008,"19":4533.66992,"20":4535.97021,"21":4540.0498,"22":4542.66016,"23":4545.45996,"24":4545.50977,"25":4552.16016},"close":{"0":4567.87988,"1":4558.33008,"2":4563.50977,"3":4556.83984,"4":4555.64014,"5":4553.37012,"6":4554.85986,"7":4557.91992,"8":4553.08008,"9":4552.93018,"10":4544.8501,"11":4544.89014,"12":4537.8501,"13":4540.8501,"14":4547.2998,"15":4542.5,"16":4547.27979,"17":4538.06982,"18":4537.4502,"19":4535.16016,"20":4538.25977,"21":4550.66992,"22":4543.27002,"23":4548.1001,"24":4560.87988,"25":4561.04004},"volume":{"0":165656391,"1":88973381,"2":71606856,"3":56827295,"4":53237504,"5":51676017,"6":52934467,"7":47919255,"8":46232332,"9":55771118,"10":42768020,"11":50551860,"12":1186909940,"13":49328631,"14":52931950,"15":51734136,"16":985519081,"17":65789612,"18":69150673,"19":76390783,"20":79068808,"21":86030590,"22":100105730,"23":114181895,"24":116104885,"25":217712373}}