{"datetime":{"0":1629927900000,"1":1629927000000,"2":1629926100000,"3":1629925200000,"4":1629924300000,"5":1629923400000,"6":1629922500000,"7":1629921600000,"8":1629920700000,"9":1629919800000,"10":1629918900000,"11":1629918000000,"12":1629917100000,"13":1629916200000,"14":1629915300000,"15":1629914400000,"16":1629913500000,"17":1629912600000,"18":1629911700000,"19":1629910800000,"20":1629909900000,"21":1629909000000,"22":1629908100000,"23":1629907200000,"24":1629906300000,"25":1629905400000},"open":{"0":4500.70996,"1":4497.43994,"2":4496.45996,"3":4498.77002,"4":4498.7998,"5":4499.47021,"6":4499.85986,"7":4498.4502,"8":4499.81006,"9":4498.22998,"10":4499.60986,"11":4500.12988,"12":4498.8501,"13":4500.49023,"14":4498.62012,"15":4498.18994,"16":4497.35986,"17":4495.93018,"18":4494.7998,"19":4491.7998,"20":4492.6499,"21":4490.39014,"22":4491.20996,"23":4490.41016,"24":4487.18994,"25":4490.4502},"high":{"0":4501.70996,"1":4500.93994,"2":4498.1001,"3":4499.14014,"4":4499.33008,"5":4499.64014,"6":4499.91992,"7":4500.62012,"8":4499.87012,"9":4499.8501,"10":4500.39014,"11":4500.29004,"12":4501.08008,"13":4500.72021,"14":4500.7002,"15":4500.29004,"16":4499.33008,"17":4497.75977,"18":4495.91016,"19":4495.06982,"20":4492.8999,"21":4492.81982,"22":4492.74023,"23":4492.06982,"24":4490.33008,"25":4491.47021},"low":{"0":4496.1499,"1":4497.43994,"2":4495.52979,"3":4496.2998,"4":4497.9502,"5":4496.58008,"6":4498.16016,"7":4497.93018,"8":4497.93994,"9":4498.1499,"10":4498.0498,"11":4499.14014,"12":4498.43994,"13":4498.83984,"14":4498.58008,"15":4497.91992,"16":4496.64014,"17":4494.72021,"18":4493.3999,"19":4491.37012,"20":4490.64014,"21":4488.68018,"22":4489.87988,"23":4489.12012,"24":4486.60986,"25":4485.66016},"close":{"0":4496.1499,"1":4500.72021,"2":4497.4502,"3":4496.43994,"4":4498.77002,"5":4498.7998,"6":4499.5,"7":4499.85986,"8":4498.45996,"9":4499.81006,"10":4498.2002,"11":4499.6499,"12":4500.12012,"13":4498.87012,"14":4500.50977,"15":4498.62988,"16":4498.2002,"17":4497.37988,"18":4495.91016,"19":4494.77002,"20":4491.79004,"21":4492.6499,"22":4490.37012,"23":4491.2002,"24":4490.33008,"25":4487.04004},"volume":{"0":177072962,"1":69437910,"2":49028674,"3":47549684,"4":39705131,"5":45184400,"6":50561214,"7":55630707,"8":33458817,"9":34009009,"10":35940879,"11":36479126,"12":38599525,"13":38059866,"14":42516828,"15":41642924,"16":41941587,"17":44386540,"18":44622025,"19":53491081,"20":51873918,"21":61550344,"22":63914040,"23":81518583,"24":92457789,"25":103868085}}