{"datetime":{"0":1648154700000,"1":1648153800000,"2":1648152900000,"3":1648152000000,"4":1648151100000,"5":1648150200000,"6":1648149300000,"7":1648148400000,"8":1648147500000,"9":1648146600000,"10":1648145700000,"11":1648144800000,"12":1648143900000,"13":1648143000000,"14":1648142100000,"15":1648141200000,"16":1648140300000,"17":1648139400000,"18":1648138500000,"19":1648137600000,"20":1648136700000,"21":1648135800000,"22":1648134900000,"23":1648134000000,"24":1648133100000,"25":1648132200000},"open":{"0":4509.06982,"1":4512.41992,"2":4504.16992,"3":4498.43018,"4":4496.5,"5":4497.72021,"6":4499.2002,"7":4498.77979,"8":4499.52002,"9":4498.22998,"10":4495.04004,"11":4494.2998,"12":4492.95996,"13":4489.02979,"14":4494.77979,"15":4500.87988,"16":4504.56982,"17":4498.47021,"18":4488.95996,"19":4479.85986,"20":4481.31006,"21":4471.14014,"22":4480.97998,"23":4472.7998,"24":4475.7998,"25":4469.97998},"high":{"0":4520.58008,"1":4513.66992,"2":4514.47021,"3":4504.43018,"4":4499.08984,"5":4499.00977,"6":4501.06982,"7":4504.7002,"8":4501.72998,"9":4500.31982,"10":4500.6001,"11":4499.41016,"12":4494.7998,"13":4492.95996,"14":4496.49023,"15":4501.72021,"16":4504.56982,"17":4505.47998,"18":4498.81982,"19":4492.16016,"20":4485.56006,"21":4482.95996,"22":4481.91016,"23":4485.66016,"24":4479.2002,"25":4477.64014},"low":{"0":4508.81982,"1":4504.81982,"2":4503.18018,"3":4494.74023,"4":4491.58008,"5":4494.00977,"6":4495.0,"7":4495.7998,"8":4498.27002,"9":4495.29004,"10":4494.77979,"11":4491.2998,"12":4489.7002,"13":4485.18994,"14":4487.35986,"15":4493.02002,"16":4498.93018,"17":4497.5,"18":4487.52979,"19":4478.99023,"20":4478.2002,"21":4468.79004,"22":4470.08008,"23":4472.7998,"24":4470.2002,"25":4465.16992},"close":{"0":4520.02002,"1":4509.14014,"2":4512.3999,"3":4504.31982,"4":4498.75,"5":4496.4502,"6":4497.66016,"7":4499.2002,"8":4498.83008,"9":4499.47998,"10":4498.16016,"11":4495.0498,"12":4494.22998,"13":4492.93018,"14":4488.99023,"15":4494.77002,"16":4500.93018,"17":4504.54004,"18":4498.31006,"19":4488.81006,"20":4479.75,"21":4481.20996,"22":4471.43018,"23":4480.77979,"24":4472.77002,"25":4475.75},"volume":{"0":214775574,"1":88276796,"2":66327915,"3":54757684,"4":53155470,"5":46226336,"6":43755992,"7":48385054,"8":41641547,"9":46299254,"10":44343896,"11":51028317,"12":42408078,"13":48238496,"14":49433883,"15":51281385,"16":55526622,"17":66110975,"18":64615775,"19":69025212,"20":61461642,"21":65719202,"22":70630760,"23":76965810,"24":113783548,"25":122218094}}