{"datetime":{"0":1653342300000,"1":1653341400000,"2":1653340500000,"3":1653339600000,"4":1653338700000,"5":1653337800000,"6":1653336900000,"7":1653336000000,"8":1653335100000,"9":1653334200000,"10":1653333300000,"11":1653332400000,"12":1653331500000,"13":1653330600000,"14":1653329700000,"15":1653328800000,"16":1653327900000,"17":1653327000000,"18":1653326100000,"19":1653325200000,"20":1653324300000,"21":1653323400000,"22":1653322500000,"23":1653321600000,"24":1653320700000,"25":1653319800000},"open":{"0":3961.70996,"1":3966.30005,"2":3967.54004,"3":3967.83008,"4":3981.11011,"5":3973.36011,"6":3976.33008,"7":3971.84009,"8":3965.03003,"9":3956.6001,"10":3961.42993,"11":3964.52002,"12":3972.08008,"13":3970.29004,"14":3975.40991,"15":3969.92993,"16":3971.55005,"17":3964.19995,"18":3963.5,"19":3944.34009,"20":3946.56006,"21":3943.8999,"22":3926.78003,"23":3927.55005,"24":3935.21997,"25":3919.41992},"high":{"0":3975.03003,"1":3975.18994,"2":3972.1001,"3":3977.26001,"4":3981.87988,"5":3981.03003,"6":3978.34009,"7":3976.86011,"8":3972.6001,"9":3965.90991,"10":3961.42993,"11":3964.87012,"12":3972.82007,"13":3973.96997,"14":3977.87012,"15":3981.15991,"16":3973.53003,"17":3974.79004,"18":3965.87012,"19":3963.58008,"20":3954.52002,"21":3952.17993,"22":3943.19995,"23":3929.19995,"24":3948.8999,"25":3935.79004},"low":{"0":3954.97998,"1":3958.8999,"2":3961.55005,"3":3964.81006,"4":3966.63989,"5":3971.23999,"6":3971.66992,"7":3967.67993,"8":3964.12988,"9":3953.20996,"10":3946.11011,"11":3956.91992,"12":3958.21997,"13":3964.66992,"14":3969.65991,"15":3967.97998,"16":3963.8501,"17":3963.36011,"18":3957.56006,"19":3941.09009,"20":3933.34009,"21":3941.1001,"22":3924.72998,"23":3909.04004,"24":3925.8501,"25":3916.45996},"close":{"0":3972.82007,"1":3961.38989,"2":3966.15991,"3":3967.46997,"4":3967.86011,"5":3981.03003,"6":3973.09009,"7":3976.36011,"8":3971.55005,"9":3965.03003,"10":3956.56006,"11":3961.41992,"12":3964.58008,"13":3971.77002,"14":3970.21997,"15":3975.3999,"16":3969.90991,"17":3971.48999,"18":3964.25,"19":3963.53003,"20":3944.28003,"21":3945.79004,"22":3943.19995,"23":3926.34009,"24":3927.32007,"25":3935.62012},"volume":{"0":210845354,"1":97845819,"2":69652100,"3":63489684,"4":58321001,"5":53536781,"6":50128310,"7":51681300,"8":49496569,"9":52006420,"10":54525944,"11":46569266,"12":54231941,"13":48962774,"14":54919963,"15":61856810,"16":58745104,"17":74027489,"18":70397359,"19":81708012,"20":80553839,"21":90643455,"22":89475645,"23":97003282,"24":133324283,"25":137679640}}