{"datetime":{"0":1681767900000,"1":1681767000000,"2":1681766100000,"3":1681765200000,"4":1681764300000,"5":1681763400000,"6":1681762500000,"7":1681761600000,"8":1681760700000,"9":1681759800000,"10":1681758900000,"11":1681758000000,"12":1681757100000,"13":1681756200000,"14":1681755300000,"15":1681754400000,"16":1681753500000,"17":1681752600000,"18":1681751700000,"19":1681750800000,"20":1681749900000,"21":1681749000000,"22":1681748100000,"23":1681747200000,"24":1681746300000,"25":1681745400000},"open":{"0":4145.22021,"1":4147.1001,"2":4142.14014,"3":4139.20996,"4":4135.66992,"5":4128.52002,"6":4126.50977,"7":4125.43994,"8":4130.58008,"9":4131.77002,"10":4130.5,"11":4129.5,"12":4129.85986,"13":4129.06982,"14":4128.12988,"15":4129.12988,"16":4125.68994,"17":4133.37988,"18":4133.49023,"19":4135.4502,"20":4133.66992,"21":4139.52002,"22":4138.85986,"23":4138.74023,"24":4141.04004,"25":4137.16992},"high":{"0":4151.3999,"1":4147.37988,"2":4147.41992,"3":4143.60986,"4":4139.9502,"5":4136.31006,"6":4128.77979,"7":4127.47998,"8":4131.1499,"9":4132.87012,"10":4133.06982,"11":4130.72998,"12":4131.77002,"13":4131.33984,"14":4129.0498,"15":4130.72021,"16":4130.08984,"17":4133.37988,"18":4138.7002,"19":4137.31006,"20":4137.97021,"21":4142.75977,"22":4143.2002,"23":4143.6499,"24":4141.8999,"25":4143.33008},"low":{"0":4142.66016,"1":4143.54004,"2":4142.14014,"3":4139.20996,"4":4135.66992,"5":4127.7998,"6":4125.58984,"7":4123.18018,"8":4124.72998,"9":4130.33984,"10":4129.66016,"11":4126.50977,"12":4127.35986,"13":4127.75977,"14":4125.47021,"15":4127.06006,"16":4124.35986,"17":4124.75977,"18":4132.93994,"19":4132.27002,"20":4132.39014,"21":4131.58984,"22":4138.77979,"23":4135.27979,"24":4135.74023,"25":4134.33984},"close":{"0":4151.3999,"1":4145.2002,"2":4147.14014,"3":4142.14014,"4":4139.22998,"5":4135.81006,"6":4128.49023,"7":4126.5,"8":4125.37988,"9":4130.58984,"10":4131.75977,"11":4130.4502,"12":4129.5,"13":4129.85986,"14":4129.04004,"15":4128.12012,"16":4129.33008,"17":4125.70996,"18":4133.31006,"19":4133.5,"20":4135.47021,"21":4133.81006,"22":4139.49023,"23":4138.8501,"24":4138.77002,"25":4141.1001},"volume":{"0":221071046,"1":90805228,"2":66315885,"3":59367932,"4":52812607,"5":48095772,"6":42206023,"7":45198250,"8":46193270,"9":42459507,"10":39958673,"11":39080390,"12":40835550,"13":44838787,"14":49597593,"15":51429377,"16":53507134,"17":69857174,"18":68590418,"19":59322062,"20":622127148,"21":80940012,"22":71928501,"23":88038718,"24":102361737,"25":87950810}}