{"datetime":{"0":1683755100000,"1":1683754200000,"2":1683753300000,"3":1683752400000,"4":1683751500000,"5":1683750600000,"6":1683749700000,"7":1683748800000,"8":1683747900000,"9":1683747000000,"10":1683746100000,"11":1683745200000,"12":1683744300000,"13":1683743400000,"14":1683742500000,"15":1683741600000,"16":1683740700000,"17":1683739800000,"18":1683738900000,"19":1683738000000,"20":1683737100000,"21":1683736200000,"22":1683735300000,"23":1683734400000,"24":1683733500000,"25":1683732600000},"open":{"0":4144.02002,"1":4141.89014,"2":4131.97021,"3":4129.91992,"4":4130.06982,"5":4119.77979,"6":4119.66992,"7":4110.91992,"8":4101.74023,"9":4102.06006,"10":4114.25,"11":4116.43018,"12":4121.72021,"13":4123.52979,"14":4122.0498,"15":4126.4502,"16":4131.27002,"17":4129.02002,"18":4121.85986,"19":4118.62012,"20":4118.31982,"21":4131.08008,"22":4141.25,"23":4137.06006,"24":4133.06982,"25":4143.74023},"high":{"0":4145.43994,"1":4147.31982,"2":4145.56006,"3":4134.37012,"4":4131.41992,"5":4130.97021,"6":4121.87988,"7":4121.31006,"8":4112.58984,"9":4105.1499,"10":4114.25,"11":4116.87988,"12":4122.2002,"13":4124.6001,"14":4125.24023,"15":4126.62012,"16":4131.43994,"17":4133.7002,"18":4130.10986,"19":4125.83008,"20":4121.68994,"21":4134.89014,"22":4142.72998,"23":4146.5,"24":4135.75,"25":4154.27979},"low":{"0":4135.8501,"1":4141.08984,"2":4130.2998,"3":4128.16992,"4":4126.27979,"5":4119.77979,"6":4117.12988,"7":4110.91992,"8":4101.25977,"9":4098.91992,"10":4099.93994,"11":4110.77002,"12":4114.47998,"13":4118.87988,"14":4120.52002,"15":4119.25,"16":4125.37012,"17":4128.5,"18":4121.74023,"19":4118.60986,"20":4112.41016,"21":4117.87988,"22":4128.08008,"23":4136.8501,"24":4125.37012,"25":4129.00977},"close":{"0":4137.1001,"1":4144.0498,"2":4141.91016,"3":4133.10986,"4":4129.8999,"5":4130.08008,"6":4119.75,"7":4119.58984,"8":4110.91016,"9":4101.7002,"10":4102.16992,"11":4114.27979,"12":4116.4502,"13":4121.72021,"14":4123.58008,"15":4122.08008,"16":4126.3501,"17":4131.35986,"18":4129.04004,"19":4122.12012,"20":4118.60986,"21":4118.37012,"22":4131.0498,"23":4141.18994,"24":4135.16992,"25":4133.04004},"volume":{"0":166176284,"1":95681039,"2":79118682,"3":63676088,"4":56153913,"5":52662650,"6":50079544,"7":60452571,"8":51920106,"9":59238877,"10":61395846,"11":59043878,"12":49379941,"13":51607655,"14":44359215,"15":54041792,"16":54185134,"17":60835990,"18":62340296,"19":66336859,"20":87222515,"21":84558675,"22":92313159,"23":109975056,"24":103296051,"25":118205645}}