{"datetime":{"0":1622756700000,"1":1622755800000,"2":1622754900000,"3":1622754000000,"4":1622753100000,"5":1622752200000,"6":1622751300000,"7":1622750400000,"8":1622749500000,"9":1622748600000,"10":1622747700000,"11":1622746800000,"12":1622745900000,"13":1622745000000,"14":1622744100000,"15":1622743200000,"16":1622742300000,"17":1622741400000,"18":1622740500000,"19":1622739600000,"20":1622738700000,"21":1622737800000,"22":1622736900000,"23":1622736000000,"24":1622735100000,"25":1622734200000},"open":{"0":4194.93018,"1":4196.20996,"2":4195.31006,"3":4192.5,"4":4194.31006,"5":4195.0,"6":4198.00977,"7":4199.66016,"8":4200.25,"9":4202.83008,"10":4197.12988,"11":4199.93994,"12":4201.20996,"13":4197.60986,"14":4198.47998,"15":4198.3999,"16":4199.18994,"17":4201.33984,"18":4202.0,"19":4197.77979,"20":4177.8501,"21":4181.06982,"22":4185.06006,"23":4176.87012,"24":4171.18018,"25":4191.43018},"high":{"0":4195.5,"1":4199.2998,"2":4196.27002,"3":4196.2998,"4":4195.7998,"5":4196.87012,"6":4198.00977,"7":4200.6499,"8":4201.97021,"9":4203.25977,"10":4203.12012,"11":4200.1499,"12":4201.81006,"13":4201.5498,"14":4198.87988,"15":4200.49023,"16":4199.2002,"17":4201.87988,"18":4202.4502,"19":4204.39014,"20":4197.68018,"21":4184.1001,"22":4185.91016,"23":4186.06006,"24":4178.27002,"25":4191.43018},"low":{"0":4191.99023,"1":4194.93018,"2":4192.27002,"3":4192.31982,"4":4192.06982,"5":4192.9502,"6":4194.91016,"7":4197.8999,"8":4198.35986,"9":4199.5,"10":4196.75977,"11":4194.04004,"12":4197.00977,"13":4196.02979,"14":4194.33984,"15":4197.33008,"16":4195.31006,"17":4196.02979,"18":4197.33984,"19":4196.45996,"20":4177.18994,"21":4177.18994,"22":4181.06982,"23":4175.72021,"24":4167.93018,"25":4171.60986},"close":{"0":4193.7998,"1":4195.18018,"2":4195.95996,"3":4195.81006,"4":4192.31982,"5":4194.29004,"6":4194.99023,"7":4198.02979,"8":4199.52002,"9":4200.27002,"10":4202.83984,"11":4197.12988,"12":4199.8999,"13":4201.22021,"14":4197.62012,"15":4198.54004,"16":4198.3501,"17":4199.16992,"18":4201.37988,"19":4202.0,"20":4197.66016,"21":4177.91016,"22":4181.06982,"23":4185.0498,"24":4176.79004,"25":4171.60986},"volume":{"0":0,"1":0,"2":0,"3":0,"4":32743067,"5":48396082,"6":50180342,"7":49160459,"8":43266235,"9":45210075,"10":39937859,"11":47917608,"12":43193760,"13":48545247,"14":44849381,"15":44500017,"16":48040459,"17":54404868,"18":62395361,"19":74249224,"20":80747032,"21":77720664,"22":78242815,"23":95075908,"24":175876857,"25":121363226}}