{"datetime":{"0":1649886300000,"1":1649885400000,"2":1649884500000,"3":1649883600000,"4":1649882700000,"5":1649881800000,"6":1649880900000,"7":1649880000000,"8":1649879100000,"9":1649878200000,"10":1649877300000,"11":1649876400000,"12":1649875500000,"13":1649874600000,"14":1649873700000,"15":1649872800000,"16":1649871900000,"17":1649871000000,"18":1649870100000,"19":1649869200000,"20":1649868300000,"21":1649867400000,"22":1649866500000,"23":1649865600000,"24":1649864700000,"25":1649863800000},"open":{"0":4451.49023,"1":4448.41992,"2":4445.47021,"3":4441.89014,"4":4440.06006,"5":4435.43994,"6":4434.25,"7":4433.66016,"8":4430.97021,"9":4437.22021,"10":4438.97021,"11":4434.68018,"12":4438.83008,"13":4429.37012,"14":4426.49023,"15":4423.87012,"16":4428.77002,"17":4428.77002,"18":4423.8501,"19":4411.54004,"20":4408.83984,"21":4406.31006,"22":4400.08984,"23":4403.7998,"24":4411.06982,"25":4394.2998},"high":{"0":4453.91992,"1":4452.72021,"2":4449.35986,"3":4446.18018,"4":4443.31982,"5":4440.00977,"6":4438.3501,"7":4438.50977,"8":4433.75977,"9":4437.79004,"10":4441.70996,"11":4441.37988,"12":4439.24023,"13":4439.12012,"14":4434.10986,"15":4427.70996,"16":4428.77002,"17":4432.75,"18":4430.35986,"19":4423.89014,"20":4412.66992,"21":4412.0498,"22":4411.87988,"23":4407.66992,"24":4415.27002,"25":4413.85986},"low":{"0":4444.18994,"1":4447.47998,"2":4445.39014,"3":4437.25977,"4":4438.81006,"5":4434.41992,"6":4433.3999,"7":4431.49023,"8":4429.31982,"9":4429.87988,"10":4436.18018,"11":4433.70996,"12":4434.24023,"13":4429.37012,"14":4425.58984,"15":4421.58984,"16":4422.18018,"17":4426.83008,"18":4423.41016,"19":4411.45996,"20":4406.9502,"21":4401.81982,"22":4400.08984,"23":4397.02002,"24":4403.5498,"25":4392.7002},"close":{"0":4446.83984,"1":4451.52979,"2":4448.35986,"3":4445.43994,"4":4441.95996,"5":4440.00977,"6":4435.41992,"7":4434.22021,"8":4433.7002,"9":4431.0498,"10":4437.18018,"11":4438.95996,"12":4434.62988,"13":4438.7998,"14":4429.3501,"15":4426.31982,"16":4423.72998,"17":4428.79004,"18":4428.79004,"19":4423.7998,"20":4411.54004,"21":4408.81982,"22":4406.2998,"23":4400.08984,"24":4403.5498,"25":4411.0},"volume":{"0":183330516,"1":97173569,"2":64629888,"3":57941398,"4":47785532,"5":49130369,"6":44573396,"7":47804425,"8":44835348,"9":45483853,"10":47699527,"11":45230765,"12":1087079491,"13":55448989,"14":52041585,"15":51516914,"16":881041694,"17":64725796,"18":65252610,"19":68735688,"20":627158876,"21":76518115,"22":84748929,"23":96204299,"24":110779477,"25":134764297}}