{"datetime":{"0":1625003100000,"1":1625002200000,"2":1625001300000,"3":1625000400000,"4":1624999500000,"5":1624998600000,"6":1624997700000,"7":1624996800000,"8":1624995900000,"9":1624995000000,"10":1624994100000,"11":1624993200000,"12":1624992300000,"13":1624991400000,"14":1624990500000,"15":1624989600000,"16":1624988700000,"17":1624987800000,"18":1624986900000,"19":1624986000000,"20":1624985100000,"21":1624984200000,"22":1624983300000,"23":1624982400000,"24":1624981500000,"25":1624980600000},"open":{"0":4291.0498,"1":4292.58008,"2":4291.4502,"3":4290.6499,"4":4287.83984,"5":4291.81006,"6":4294.64014,"7":4294.08984,"8":4293.06006,"9":4292.91992,"10":4294.91992,"11":4295.91992,"12":4293.89014,"13":4296.27002,"14":4295.33984,"15":4295.68994,"16":4295.37012,"17":4297.68994,"18":4296.31982,"19":4297.10986,"20":4298.1001,"21":4297.16016,"22":4296.83008,"23":4296.93018,"24":4295.83984,"25":4293.20996},"high":{"0":4293.31006,"1":4292.58008,"2":4292.91016,"3":4291.43994,"4":4290.93018,"5":4292.3999,"6":4295.06006,"7":4295.9502,"8":4294.25,"9":4293.7998,"10":4295.1001,"11":4296.4502,"12":4295.95996,"13":4296.29004,"14":4296.66016,"15":4295.79004,"16":4296.60986,"17":4297.74023,"18":4297.91992,"19":4297.68018,"20":4299.77002,"21":4300.52002,"22":4297.85986,"23":4297.9502,"24":4299.08008,"25":4299.7998},"low":{"0":4290.25,"1":4290.58984,"2":4290.72021,"3":4288.81982,"4":4287.04004,"5":4287.04004,"6":4291.4502,"7":4292.31982,"8":4291.75977,"9":4292.25,"10":4292.83008,"11":4294.8501,"12":4293.62988,"13":4293.83008,"14":4295.16016,"15":4294.58984,"16":4294.27979,"17":4294.89014,"18":4296.02002,"19":4295.02002,"20":4297.1001,"21":4297.06006,"22":4294.75,"23":4294.97998,"24":4295.83984,"25":4293.20996},"close":{"0":4291.83984,"1":4291.00977,"2":4292.56982,"3":4291.43994,"4":4290.62012,"5":4287.85986,"6":4291.79004,"7":4294.66016,"8":4294.1001,"9":4293.0498,"10":4292.91992,"11":4294.8999,"12":4295.8999,"13":4293.93018,"14":4296.24023,"15":4295.33984,"16":4295.70996,"17":4295.43018,"18":4297.72998,"19":4296.29004,"20":4297.12988,"21":4298.08008,"22":4297.1499,"23":4296.93994,"24":4296.75977,"25":4295.77979},"volume":{"0":150019475,"1":78688720,"2":52735198,"3":49730749,"4":47314603,"5":49015845,"6":40744447,"7":42703170,"8":40404565,"9":43037354,"10":44132875,"11":37538798,"12":39320574,"13":42949457,"14":50454706,"15":45644306,"16":47330401,"17":48393134,"18":46983482,"19":50594205,"20":56070926,"21":59272211,"22":63262755,"23":81863726,"24":86517341,"25":125610806}}