{"datetime":{"0":1649281500000,"1":1649280600000,"2":1649279700000,"3":1649278800000,"4":1649277900000,"5":1649277000000,"6":1649276100000,"7":1649275200000,"8":1649274300000,"9":1649273400000,"10":1649272500000,"11":1649271600000,"12":1649270700000,"13":1649269800000,"14":1649268900000,"15":1649268000000,"16":1649267100000,"17":1649266200000,"18":1649265300000,"19":1649264400000,"20":1649263500000,"21":1649262600000,"22":1649261700000,"23":1649260800000,"24":1649259900000,"25":1649259000000},"open":{"0":4482.8999,"1":4471.8501,"2":4493.85986,"3":4494.62988,"4":4478.8999,"5":4460.41016,"6":4458.81982,"7":4476.0498,"8":4482.14014,"9":4473.41992,"10":4466.91016,"11":4467.47021,"12":4466.14014,"13":4463.62988,"14":4467.50977,"15":4473.54004,"16":4469.50977,"17":4468.81006,"18":4464.3999,"19":4464.83984,"20":4470.5,"21":4464.97998,"22":4467.72021,"23":4470.50977,"24":4472.27979,"25":4494.16992},"high":{"0":4494.22998,"1":4483.91016,"2":4497.95996,"3":4503.93994,"4":4494.9502,"5":4485.83984,"6":4465.31982,"7":4498.4502,"8":4483.56006,"9":4483.4502,"10":4473.83008,"11":4467.99023,"12":4468.0,"13":4467.27979,"14":4467.50977,"15":4475.25977,"16":4478.60986,"17":4470.16992,"18":4471.70996,"19":4469.62988,"20":4472.93994,"21":4472.52002,"22":4472.5498,"23":4472.25977,"24":4474.5498,"25":4494.16992},"low":{"0":4479.0498,"1":4468.64014,"2":4471.41016,"3":4488.75977,"4":4474.68994,"5":4460.3999,"6":4450.04004,"7":4458.47021,"8":4476.10986,"9":4472.0,"10":4466.0,"11":4464.29004,"12":4463.02002,"13":4462.60986,"14":4461.29004,"15":4467.60986,"16":4469.22021,"17":4464.54004,"18":4461.87012,"19":4462.60986,"20":4464.8999,"21":4462.3999,"22":4465.16992,"23":4460.0,"24":4469.5,"25":4472.2002},"close":{"0":4480.60986,"1":4483.1001,"2":4471.93994,"3":4493.93994,"4":4494.5498,"5":4479.22998,"6":4460.06006,"7":4458.6499,"8":4476.14014,"9":4482.2002,"10":4473.08008,"11":4466.93018,"12":4467.4502,"13":4466.12012,"14":4463.68994,"15":4467.60986,"16":4473.43994,"17":4469.12988,"18":4468.56982,"19":4464.4502,"20":4464.93994,"21":4470.75,"22":4465.16992,"23":4464.56982,"24":4470.50977,"25":4472.56006},"volume":{"0":261128940,"1":105553590,"2":78480950,"3":83200335,"4":69849939,"5":77450340,"6":76667479,"7":96509921,"8":65759573,"9":63382045,"10":57234037,"11":48090649,"12":55400204,"13":51891532,"14":55461361,"15":54920007,"16":66974734,"17":72670958,"18":75218660,"19":81258556,"20":86738681,"21":94383623,"22":93027470,"23":120522065,"24":134019948,"25":145624306}}