{"datetime":{"0":1691531100000,"1":1691530200000,"2":1691529300000,"3":1691528400000,"4":1691527500000,"5":1691526600000,"6":1691525700000,"7":1691524800000,"8":1691523900000,"9":1691523000000,"10":1691522100000,"11":1691521200000,"12":1691520300000,"13":1691519400000,"14":1691518500000,"15":1691517600000,"16":1691516700000,"17":1691515800000,"18":1691514900000,"19":1691514000000,"20":1691513100000,"21":1691512200000,"22":1691511300000,"23":1691510400000,"24":1691509500000,"25":1691508600000},"open":{"0":4499.93994,"1":4497.27979,"2":4494.54004,"3":4494.70996,"4":4485.93994,"5":4487.91992,"6":4485.91992,"7":4483.81006,"8":4482.83984,"9":4480.3999,"10":4480.25,"11":4476.89014,"12":4474.62988,"13":4476.0,"14":4474.8999,"15":4468.6001,"16":4469.66016,"17":4473.31006,"18":4469.5,"19":4467.12012,"20":4474.75977,"21":4473.37988,"22":4469.50977,"23":4476.72998,"24":4482.2998,"25":4498.02979},"high":{"0":4503.31006,"1":4501.83984,"2":4498.8501,"3":4496.9502,"4":4496.47998,"5":4489.74023,"6":4490.81006,"7":4487.02002,"8":4484.58984,"9":4483.72021,"10":4485.18994,"11":4481.1499,"12":4476.93994,"13":4480.85986,"14":4477.56006,"15":4475.18018,"16":4470.27979,"17":4474.0,"18":4473.8501,"19":4469.52002,"20":4474.91016,"21":4475.25,"22":4473.6499,"23":4479.95996,"24":4482.2998,"25":4498.02979},"low":{"0":4498.2998,"1":4493.16016,"2":4493.22021,"3":4492.91016,"4":4485.75977,"5":4485.93018,"6":4485.87988,"7":4480.70996,"8":4480.6499,"9":4476.99023,"10":4478.25,"11":4476.70996,"12":4474.12012,"13":4474.60986,"14":4474.70996,"15":4467.95996,"16":4466.93018,"17":4467.35986,"18":4468.16016,"19":4464.39014,"20":4466.72998,"21":4467.87012,"22":4465.74023,"23":4468.66016,"24":4472.27979,"25":4480.10986},"close":{"0":4499.3999,"1":4499.93994,"2":4497.33984,"3":4494.43994,"4":4494.68018,"5":4485.9502,"6":4487.91016,"7":4485.75977,"8":4483.81982,"9":4482.83984,"10":4480.37012,"11":4480.12988,"12":4476.8999,"13":4474.60986,"14":4475.89014,"15":4474.95996,"16":4468.6001,"17":4469.74023,"18":4473.3999,"19":4469.47998,"20":4467.22998,"21":4474.75977,"22":4473.6499,"23":4469.6001,"24":4476.29004,"25":4482.16992},"volume":{"0":202515047,"1":93675346,"2":65736372,"3":56524961,"4":52201431,"5":45255603,"6":49435147,"7":50156092,"8":47055097,"9":46442907,"10":45210817,"11":47257523,"12":43731976,"13":49887642,"14":50642561,"15":49253825,"16":53799472,"17":62095508,"18":60579355,"19":66902184,"20":616221584,"21":77335594,"22":78401414,"23":94296822,"24":98581458,"25":146352328}}