{"datetime":{"0":1639172700000,"1":1639171800000,"2":1639170900000,"3":1639170000000,"4":1639169100000,"5":1639168200000,"6":1639167300000,"7":1639166400000,"8":1639165500000,"9":1639164600000,"10":1639163700000,"11":1639162800000,"12":1639161900000,"13":1639161000000,"14":1639160100000,"15":1639159200000,"16":1639158300000,"17":1639157400000,"18":1639156500000,"19":1639155600000,"20":1639154700000,"21":1639153800000,"22":1639152900000,"23":1639152000000,"24":1639151100000,"25":1639150200000},"open":{"0":4704.52979,"1":4699.06982,"2":4694.31982,"3":4690.68018,"4":4695.77979,"5":4698.7002,"6":4696.62988,"7":4696.89014,"8":4695.0,"9":4697.0,"10":4697.04004,"11":4693.0498,"12":4685.29004,"13":4690.41992,"14":4691.47021,"15":4691.33984,"16":4689.24023,"17":4684.85986,"18":4674.72021,"19":4684.18018,"20":4684.33984,"21":4698.2002,"22":4690.6499,"23":4687.97021,"24":4696.52979,"25":4687.64014},"high":{"0":4713.56982,"1":4704.62988,"2":4700.16992,"3":4695.10986,"4":4696.27002,"5":4700.12988,"6":4699.08984,"7":4698.25,"8":4697.43994,"9":4697.4502,"10":4698.45996,"11":4698.35986,"12":4693.18994,"13":4690.8999,"14":4693.41016,"15":4694.43994,"16":4693.72998,"17":4689.2998,"18":4685.10986,"19":4685.29004,"20":4684.81006,"21":4699.72021,"22":4699.91016,"23":4694.18994,"24":4698.62988,"25":4705.37988},"low":{"0":4704.52979,"1":4699.0498,"2":4693.60986,"3":4688.24023,"4":4689.91992,"5":4694.16992,"6":4695.81006,"7":4694.87988,"8":4692.77002,"9":4693.31006,"10":4695.02002,"11":4691.64014,"12":4684.8501,"13":4684.37012,"14":4688.2002,"15":4688.37012,"16":4688.6001,"17":4680.12012,"18":4673.45996,"19":4670.24023,"20":4678.5,"21":4682.43018,"22":4689.18994,"23":4687.29004,"24":4685.72998,"25":4687.64014},"close":{"0":4711.6499,"1":4704.54004,"2":4699.08008,"3":4694.33984,"4":4690.7002,"5":4695.70996,"6":4698.70996,"7":4696.62988,"8":4696.8999,"9":4695.02979,"10":4696.9502,"11":4697.0,"12":4693.02979,"13":4685.2002,"14":4690.39014,"15":4691.47021,"16":4691.31006,"17":4689.16016,"18":4684.91016,"19":4674.87988,"20":4684.22021,"21":4684.2998,"22":4698.02002,"23":4690.62988,"24":4687.31006,"25":4696.47998},"volume":{"0":166205094,"1":92284905,"2":73869404,"3":64872853,"4":55230661,"5":50900456,"6":47501596,"7":48095433,"8":41185488,"9":43057625,"10":45003987,"11":43688382,"12":42215315,"13":44886383,"14":43052111,"15":53756839,"16":55625084,"17":52837195,"18":60230868,"19":65573047,"20":60910677,"21":551825757,"22":72780092,"23":87759918,"24":98556852,"25":156306540}}