{"datetime":{"0":1634161500000,"1":1634160600000,"2":1634159700000,"3":1634158800000,"4":1634157900000,"5":1634157000000,"6":1634156100000,"7":1634155200000,"8":1634154300000,"9":1634153400000,"10":1634152500000,"11":1634151600000,"12":1634150700000,"13":1634149800000,"14":1634148900000,"15":1634148000000,"16":1634147100000,"17":1634146200000,"18":1634145300000,"19":1634144400000,"20":1634143500000,"21":1634142600000,"22":1634141700000,"23":1634140800000,"24":1634139900000,"25":1634139000000},"open":{"0":4359.0,"1":4358.39014,"2":4360.62012,"3":4358.83008,"4":4355.41016,"5":4361.16016,"6":4367.66016,"7":4361.33984,"8":4363.8501,"9":4360.29004,"10":4354.50977,"11":4350.49023,"12":4353.87012,"13":4352.91992,"14":4350.97021,"15":4350.08984,"16":4346.06006,"17":4342.58984,"18":4346.08984,"19":4341.43018,"20":4346.12012,"21":4333.60986,"22":4332.33008,"23":4345.49023,"24":4358.77002,"25":4358.00977},"high":{"0":4366.7998,"1":4363.27979,"2":4362.93994,"3":4364.70996,"4":4360.1001,"5":4362.04004,"6":4367.66016,"7":4372.87012,"8":4364.18994,"9":4365.62012,"10":4360.33008,"11":4355.70996,"12":4353.87012,"13":4354.47021,"14":4353.02979,"15":4351.56982,"16":4355.43994,"17":4346.5498,"18":4347.5,"19":4347.47021,"20":4347.0,"21":4346.27002,"22":4339.58008,"23":4346.24023,"24":4358.77002,"25":4365.8501},"low":{"0":4358.35986,"1":4358.16992,"2":4358.1499,"3":4355.41992,"4":4354.81982,"5":4353.83008,"6":4360.77979,"7":4356.06982,"8":4361.31006,"9":4359.99023,"10":4353.14014,"11":4349.52979,"12":4347.20996,"13":4349.7002,"14":4347.41016,"15":4348.25977,"16":4345.50977,"17":4337.4502,"18":4340.56982,"19":4341.37988,"20":4340.83984,"21":4332.49023,"22":4330.24023,"23":4329.91992,"24":4341.39014,"25":4356.02002},"close":{"0":4363.97998,"1":4359.00977,"2":4358.43994,"3":4360.58984,"4":4358.8999,"5":4355.39014,"6":4361.25,"7":4367.77979,"8":4361.31006,"9":4363.79004,"10":4360.27979,"11":4354.50977,"12":4350.56982,"13":4353.87988,"14":4353.02002,"15":4350.97021,"16":4350.08984,"17":4346.08008,"18":4342.58984,"19":4346.06006,"20":4341.41992,"21":4346.08008,"22":4333.72998,"23":4332.2998,"24":4345.97998,"25":4358.54004},"volume":{"0":158387723,"1":73060010,"2":52244892,"3":54933427,"4":40171158,"5":44700412,"6":44067381,"7":62196177,"8":35899439,"9":41471454,"10":38481318,"11":36663329,"12":948731328,"13":37555515,"14":43870870,"15":44376995,"16":785345036,"17":53978257,"18":54291411,"19":61842121,"20":1113848602,"21":69871099,"22":76916665,"23":94092836,"24":102048550,"25":113585007}}