{"datetime":{"0":1664487900000,"1":1664487000000,"2":1664486100000,"3":1664485200000,"4":1664484300000,"5":1664483400000,"6":1664482500000,"7":1664481600000,"8":1664480700000,"9":1664479800000,"10":1664478900000,"11":1664478000000,"12":1664477100000,"13":1664476200000,"14":1664475300000,"15":1664474400000,"16":1664473500000,"17":1664472600000,"18":1664471700000,"19":1664470800000,"20":1664469900000,"21":1664469000000,"22":1664468100000,"23":1664467200000,"24":1664466300000,"25":1664465400000},"open":{"0":3639.01001,"1":3625.92993,"2":3627.37988,"3":3612.43994,"4":3620.67993,"5":3620.20996,"6":3617.04004,"7":3617.98999,"8":3629.01001,"9":3630.76001,"10":3634.6001,"11":3636.23999,"12":3644.87012,"13":3641.40991,"14":3649.28003,"15":3653.48999,"16":3646.6499,"17":3640.11011,"18":3641.20996,"19":3638.82007,"20":3631.90991,"21":3631.12988,"22":3623.91992,"23":3645.1001,"24":3646.71997,"25":3687.01001},"high":{"0":3645.25,"1":3644.61011,"2":3632.28003,"3":3627.38989,"4":3623.65991,"5":3628.07007,"6":3622.01001,"7":3620.51001,"8":3630.51001,"9":3636.92993,"10":3635.93994,"11":3636.23999,"12":3646.27002,"13":3646.86011,"14":3650.18994,"15":3656.63989,"16":3659.07007,"17":3646.94995,"18":3643.98999,"19":3651.40991,"20":3643.13989,"21":3634.86011,"22":3633.21997,"23":3645.42993,"24":3652.61011,"25":3687.01001},"low":{"0":3635.96997,"1":3624.90991,"2":3623.0,"3":3612.26001,"4":3612.42993,"5":3617.26001,"6":3610.3999,"7":3613.51001,"8":3617.75,"9":3627.87012,"10":3628.22998,"11":3629.42993,"12":3635.58008,"13":3640.47998,"14":3638.13989,"15":3648.98999,"16":3646.59009,"17":3636.72998,"18":3634.58008,"19":3636.32007,"20":3630.02002,"21":3621.13989,"22":3619.68994,"23":3623.37012,"24":3641.86011,"25":3646.57007},"close":{"0":3641.70996,"1":3639.03003,"2":3625.92993,"3":3627.32007,"4":3612.43994,"5":3620.72998,"6":3620.22998,"7":3617.09009,"8":3617.93994,"9":3628.98999,"10":3630.79004,"11":3634.6499,"12":3636.21997,"13":3645.63989,"14":3641.40991,"15":3649.31006,"16":3653.71997,"17":3646.76001,"18":3640.01001,"19":3641.1499,"20":3638.8501,"21":3632.1001,"22":3631.11011,"23":3623.63989,"24":3645.28003,"25":3646.57007},"volume":{"0":220285319,"1":127365660,"2":98178536,"3":78518231,"4":68129114,"5":68204909,"6":73189703,"7":70274321,"8":67447796,"9":2710994239,"10":49427545,"11":57544136,"12":1206357593,"13":48796986,"14":60198531,"15":61556534,"16":63529674,"17":937492698,"18":74076397,"19":83332869,"20":696575306,"21":86017659,"22":96775427,"23":107817310,"24":336445254,"25":125740695}}