{"datetime":{"0":1644961500000,"1":1644960600000,"2":1644959700000,"3":1644958800000,"4":1644957900000,"5":1644957000000,"6":1644956100000,"7":1644955200000,"8":1644954300000,"9":1644953400000,"10":1644952500000,"11":1644951600000,"12":1644950700000,"13":1644949800000,"14":1644948900000,"15":1644948000000,"16":1644947100000,"17":1644946200000,"18":1644945300000,"19":1644944400000,"20":1644943500000,"21":1644942600000,"22":1644941700000,"23":1644940800000,"24":1644939900000,"25":1644939000000},"open":{"0":4459.43018,"1":4466.52002,"2":4467.75,"3":4464.0,"4":4465.7998,"5":4463.66016,"6":4460.22998,"7":4465.41992,"8":4463.97998,"9":4464.0498,"10":4455.06982,"11":4449.08984,"12":4451.93994,"13":4453.87012,"14":4459.20996,"15":4466.25,"16":4463.91992,"17":4459.81982,"18":4466.06006,"19":4465.54004,"20":4465.45996,"21":4459.70996,"22":4450.45996,"23":4450.62988,"24":4460.52002,"25":4429.27979},"high":{"0":4472.77002,"1":4466.66992,"2":4469.3999,"3":4469.7002,"4":4467.06982,"5":4465.60986,"6":4465.56982,"7":4466.33008,"8":4466.33008,"9":4465.87988,"10":4464.72998,"11":4455.72021,"12":4452.45996,"13":4455.81006,"14":4459.43994,"15":4468.99023,"16":4467.35986,"17":4468.7998,"18":4467.25,"19":4470.2002,"20":4469.33008,"21":4466.06982,"22":4459.52002,"23":4454.91992,"24":4467.47021,"25":4465.2998},"low":{"0":4453.7002,"1":4449.56982,"2":4463.77979,"3":4463.31982,"4":4459.62012,"5":4457.52979,"6":4458.12012,"7":4455.97021,"8":4463.16992,"9":4462.35986,"10":4453.12988,"11":4448.37988,"12":4443.06006,"13":4450.60986,"14":4449.18018,"15":4459.22998,"16":4462.08984,"17":4459.81982,"18":4458.60986,"19":4465.00977,"20":4463.95996,"21":4457.04004,"22":4449.31006,"23":4446.49023,"24":4448.2998,"25":4429.27979},"close":{"0":4470.7002,"1":4459.3999,"2":4466.52002,"3":4467.74023,"4":4464.06006,"5":4465.60986,"6":4463.62012,"7":4460.22021,"8":4465.37988,"9":4463.97021,"10":4464.1001,"11":4455.06982,"12":4449.08984,"13":4451.91992,"14":4453.85986,"15":4459.22998,"16":4466.25977,"17":4463.91992,"18":4459.7002,"19":4466.04004,"20":4465.5498,"21":4465.35986,"22":4459.52002,"23":4450.68018,"24":4450.6499,"25":4460.47021},"volume":{"0":194797087,"1":119556653,"2":65033401,"3":59787518,"4":55704169,"5":56625687,"6":50915794,"7":58170579,"8":47248290,"9":46961297,"10":48930874,"11":44286538,"12":48879158,"13":47073232,"14":54515862,"15":53838229,"16":56133136,"17":60951995,"18":62101843,"19":63307619,"20":71676501,"21":74535490,"22":82718297,"23":95190420,"24":114812736,"25":140855198}}