{"datetime":{"0":1605908700000,"1":1605907800000,"2":1605906900000,"3":1605906000000,"4":1605905100000,"5":1605904200000,"6":1605903300000,"7":1605902400000,"8":1605901500000,"9":1605900600000,"10":1605899700000,"11":1605898800000,"12":1605897900000,"13":1605897000000,"14":1605896100000,"15":1605895200000,"16":1605894300000,"17":1605893400000,"18":1605892500000,"19":1605891600000,"20":1605890700000,"21":1605889800000,"22":1605888900000,"23":1605888000000,"24":1605887100000,"25":1605886200000},"open":{"0":3568.52002,"1":3563.62012,"2":3564.46997,"3":3572.08008,"4":3572.1499,"5":3574.15991,"6":3573.40991,"7":3575.12988,"8":3576.62012,"9":3575.88989,"10":3572.61011,"11":3572.71997,"12":3573.18994,"13":3572.98999,"14":3571.69995,"15":3572.25,"16":3575.79004,"17":3576.62012,"18":3575.12988,"19":3572.30005,"20":3572.45996,"21":3571.77002,"22":3567.96997,"23":3574.57007,"24":3580.78003,"25":3579.31006},"high":{"0":3573.6499,"1":3568.62012,"2":3565.48999,"3":3572.93994,"4":3573.21997,"5":3577.53003,"6":3575.29004,"7":3575.46997,"8":3576.62012,"9":3576.86011,"10":3576.07007,"11":3573.79004,"12":3573.27002,"13":3573.20996,"14":3572.96997,"15":3573.34009,"16":3576.30005,"17":3578.87012,"18":3577.38989,"19":3577.83008,"20":3573.53003,"21":3575.27002,"22":3572.41992,"23":3576.04004,"24":3580.98999,"25":3581.22998},"low":{"0":3556.8501,"1":3560.98999,"2":3559.80005,"3":3563.37012,"4":3570.84009,"5":3571.27002,"6":3571.81006,"7":3573.31006,"8":3573.94995,"9":3574.27002,"10":3572.08008,"11":3570.05005,"12":3569.62988,"13":3570.36011,"14":3570.22998,"15":3570.76001,"16":3568.90991,"17":3575.80005,"18":3573.53003,"19":3572.04004,"20":3570.11011,"21":3567.47998,"22":3566.18994,"23":3567.53003,"24":3569.78003,"25":3574.56006},"close":{"0":3557.81006,"1":3568.52002,"2":3563.63989,"3":3564.44995,"4":3572.12012,"5":3572.15991,"6":3574.09009,"7":3573.41992,"8":3575.08008,"9":3576.6001,"10":3575.87012,"11":3572.62988,"12":3572.71997,"13":3573.19995,"14":3572.96997,"15":3571.71997,"16":3572.26001,"17":3575.80005,"18":3576.61011,"19":3575.12988,"20":3572.27002,"21":3572.47998,"22":3571.79004,"23":3568.04004,"24":3574.12988,"25":3580.82007},"volume":{"0":1904564498,"1":93709641,"2":68518022,"3":67634834,"4":1412186969,"5":52050246,"6":45188812,"7":48018467,"8":1214678881,"9":48054511,"10":46045826,"11":45743938,"12":1032352908,"13":48169655,"14":46555185,"15":48237918,"16":846293079,"17":55753800,"18":63363241,"19":72996170,"20":600712840,"21":75092011,"22":73641274,"23":87787013,"24":296624638,"25":112224263}}