{"datetime":{"0":1627422300000,"1":1627421400000,"2":1627420500000,"3":1627419600000,"4":1627418700000,"5":1627417800000,"6":1627416900000,"7":1627416000000,"8":1627415100000,"9":1627414200000,"10":1627413300000,"11":1627412400000,"12":1627411500000,"13":1627410600000,"14":1627409700000,"15":1627408800000,"16":1627407900000,"17":1627407000000,"18":1627406100000,"19":1627405200000,"20":1627404300000,"21":1627403400000,"22":1627402500000,"23":1627401600000,"24":1627400700000,"25":1627399800000},"open":{"0":4393.47998,"1":4392.54004,"2":4392.12012,"3":4393.04004,"4":4387.62012,"5":4387.81006,"6":4383.66992,"7":4375.6499,"8":4378.47021,"9":4375.24023,"10":4379.02002,"11":4380.33008,"12":4385.33008,"13":4384.66992,"14":4377.25977,"15":4388.8999,"16":4385.3501,"17":4389.5498,"18":4398.08008,"19":4398.43994,"20":4395.72021,"21":4403.66992,"22":4395.02979,"23":4405.02002,"24":4398.41016,"25":4416.37988},"high":{"0":4402.16992,"1":4393.50977,"2":4393.6001,"3":4396.33008,"4":4393.24023,"5":4389.22021,"6":4389.6001,"7":4383.58008,"8":4381.25,"9":4379.33984,"10":4380.75,"11":4383.79004,"12":4385.91016,"13":4385.31982,"14":4384.72998,"15":4388.8999,"16":4390.70996,"17":4389.5498,"18":4398.27979,"19":4402.8999,"20":4401.08984,"21":4403.66992,"22":4403.93994,"23":4408.83008,"24":4407.52979,"25":4416.37988},"low":{"0":4392.24023,"1":4389.5498,"2":4391.2998,"3":4391.68018,"4":4387.62012,"5":4386.93018,"6":4383.66992,"7":4375.52002,"8":4375.58984,"9":4372.50977,"10":4372.62012,"11":4378.52979,"12":4379.77002,"13":4379.8999,"14":4376.77979,"15":4377.33008,"16":4385.25,"17":4380.25977,"18":4386.06982,"19":4396.1001,"20":4392.31982,"21":4394.1001,"22":4393.02002,"23":4394.62988,"24":4398.41016,"25":4398.16016},"close":{"0":4401.68994,"1":4393.47998,"2":4392.6001,"3":4392.16016,"4":4393.0498,"5":4387.62012,"6":4387.8999,"7":4383.58008,"8":4375.58984,"9":4378.45996,"10":4375.27979,"11":4379.02979,"12":4380.3501,"13":4385.22998,"14":4384.72998,"15":4377.33008,"16":4389.1499,"17":4385.2002,"18":4389.49023,"19":4398.10986,"20":4398.41016,"21":4395.97021,"22":4403.77979,"23":4394.81006,"24":4405.08984,"25":4398.3501},"volume":{"0":203014466,"1":77579086,"2":52084906,"3":54203608,"4":46321763,"5":43909735,"6":46234916,"7":42604065,"8":44276465,"9":47390916,"10":46113487,"11":42040075,"12":44226816,"13":46037904,"14":49315414,"15":62609801,"16":52227508,"17":75910983,"18":765035425,"19":61184236,"20":70574054,"21":77599419,"22":83104680,"23":95874580,"24":96074197,"25":129949665}}