{"datetime":{"0":1628804700000,"1":1628803800000,"2":1628802900000,"3":1628802000000,"4":1628801100000,"5":1628800200000,"6":1628799300000,"7":1628798400000,"8":1628797500000,"9":1628796600000,"10":1628795700000,"11":1628794800000,"12":1628793900000,"13":1628793000000,"14":1628792100000,"15":1628791200000,"16":1628790300000,"17":1628789400000,"18":1628788500000,"19":1628787600000,"20":1628786700000,"21":1628785800000,"22":1628784900000,"23":1628784000000,"24":1628783100000,"25":1628782200000},"open":{"0":4459.81006,"1":4459.70996,"2":4459.27002,"3":4458.16992,"4":4456.25977,"5":4455.25,"6":4454.31982,"7":4453.0498,"8":4453.22021,"9":4452.58984,"10":4451.37988,"11":4452.89014,"12":4452.97021,"13":4452.43994,"14":4452.91016,"15":4448.39014,"16":4449.12988,"17":4447.25977,"18":4443.31006,"19":4447.39014,"20":4444.62012,"21":4443.87988,"22":4440.12988,"23":4440.45996,"24":4441.81982,"25":4446.08008},"high":{"0":4461.6499,"1":4461.77002,"2":4460.41016,"3":4460.0,"4":4458.5498,"5":4456.89014,"6":4455.75977,"7":4454.31982,"8":4454.16992,"9":4454.12012,"10":4452.66992,"11":4452.9502,"12":4453.87012,"13":4453.85986,"14":4452.91016,"15":4453.12012,"16":4450.20996,"17":4449.66016,"18":4448.12012,"19":4447.39014,"20":4447.29004,"21":4445.06982,"22":4443.95996,"23":4440.50977,"24":4443.47998,"25":4446.08008},"low":{"0":4458.5,"1":4458.6001,"2":4458.6499,"3":4458.10986,"4":4456.22998,"5":4454.91992,"6":4454.14014,"7":4452.12988,"8":4452.50977,"9":4452.33008,"10":4450.72998,"11":4451.14014,"12":4452.25977,"13":4452.33008,"14":4450.47998,"15":4448.35986,"16":4448.06006,"17":4446.3999,"18":4443.22998,"19":4443.16992,"20":4443.97998,"21":4443.0,"22":4439.31982,"23":4435.95996,"24":4438.33008,"25":4439.95996},"close":{"0":4460.33008,"1":4459.7998,"2":4459.7002,"3":4459.27002,"4":4458.12012,"5":4456.25977,"6":4455.24023,"7":4454.31006,"8":4453.04004,"9":4453.2002,"10":4452.56006,"11":4451.39014,"12":4452.91016,"13":4452.95996,"14":4452.41992,"15":4452.93994,"16":4448.3999,"17":4449.08984,"18":4447.29004,"19":4443.37988,"20":4446.93018,"21":4444.58984,"22":4443.91992,"23":4440.12988,"24":4440.43018,"25":4441.7998},"volume":{"0":1439473252,"1":63228963,"2":46404482,"3":42257023,"4":1111164732,"5":35899087,"6":34348432,"7":35320415,"8":31375954,"9":37176283,"10":32273366,"11":33827854,"12":833174210,"13":36546029,"14":36243436,"15":43464921,"16":41073533,"17":44335422,"18":49964648,"19":56143456,"20":59896383,"21":63302402,"22":63845724,"23":73936162,"24":92511922,"25":96907874}}