{"datetime":{"0":1659563100000,"1":1659562200000,"2":1659561300000,"3":1659560400000,"4":1659559500000,"5":1659558600000,"6":1659557700000,"7":1659556800000,"8":1659555900000,"9":1659555000000,"10":1659554100000,"11":1659553200000,"12":1659552300000,"13":1659551400000,"14":1659550500000,"15":1659549600000,"16":1659548700000,"17":1659547800000,"18":1659546900000,"19":1659546000000,"20":1659545100000,"21":1659544200000,"22":1659543300000,"23":1659542400000},"open":{"0":4167.16016,"1":4159.27979,"2":4159.4502,"3":4159.3501,"4":4157.64014,"5":4160.31006,"6":4158.8999,"7":4157.14014,"8":4155.7998,"9":4157.14014,"10":4155.68018,"11":4154.47998,"12":4151.79004,"13":4142.97021,"14":4141.6499,"15":4144.50977,"16":4141.60986,"17":4135.72998,"18":4135.0498,"19":4126.35986,"20":4121.08008,"21":4127.1499,"22":4132.62988,"23":4133.16016},"high":{"0":4167.16016,"1":4167.66016,"2":4161.39014,"3":4164.1499,"4":4161.75,"5":4162.06006,"6":4162.97021,"7":4159.68018,"8":4159.0,"9":4158.68994,"10":4157.72021,"11":4158.3999,"12":4157.10986,"13":4152.91992,"14":4145.87988,"15":4145.54004,"16":4145.2998,"17":4143.12988,"18":4138.12988,"19":4137.27002,"20":4127.87988,"21":4128.87012,"22":4134.18994,"23":4133.99023},"low":{"0":4153.72021,"1":4158.72998,"2":4157.31006,"3":4157.75977,"4":4155.75,"5":4155.2002,"6":4158.27002,"7":4154.04004,"8":4153.22021,"9":4152.81982,"10":4150.91016,"11":4154.47998,"12":4151.10986,"13":4142.70996,"14":4138.08008,"15":4139.29004,"16":4137.6001,"17":4134.06982,"18":4130.83008,"19":4125.56982,"20":4120.4502,"21":4113.31982,"22":4118.66016,"23":4131.79004},"close":{"0":4154.87012,"1":4167.31006,"2":4159.2998,"3":4159.60986,"4":4159.35986,"5":4157.6499,"6":4160.33984,"7":4158.68994,"8":4157.2002,"9":4155.79004,"10":4157.10986,"11":4155.79004,"12":4154.31982,"13":4151.79004,"14":4142.9502,"15":4141.72998,"16":4144.56006,"17":4141.58984,"18":4135.79004,"19":4135.16016,"20":4126.41016,"21":4120.97021,"22":4127.18018,"23":4132.56982},"volume":{"0":247824816,"1":99678415,"2":67261456,"3":63790416,"4":52636552,"5":56047564,"6":58163120,"7":52062193,"8":51855491,"9":57689965,"10":56932482,"11":56391796,"12":58294308,"13":57261230,"14":51927699,"15":57209467,"16":60177184,"17":62911349,"18":64091260,"19":72470032,"20":69004232,"21":85651363,"22":97768548,"23":11155877}}