{"datetime":{"0":1614375900000,"1":1614375000000,"2":1614374100000,"3":1614373200000,"4":1614372300000,"5":1614371400000,"6":1614370500000,"7":1614369600000,"8":1614368700000,"9":1614367800000,"10":1614366900000,"11":1614366000000,"12":1614365100000,"13":1614364200000,"14":1614363300000,"15":1614362400000,"16":1614361500000,"17":1614360600000,"18":1614359700000,"19":1614358800000,"20":1614357900000,"21":1614357000000,"22":1614356100000,"23":1614355200000,"24":1614354300000,"25":1614353400000},"open":{"0":3839.1001,"1":3830.6001,"2":3843.0,"3":3836.30005,"4":3827.67993,"5":3822.56006,"6":3826.30005,"7":3827.30005,"8":3841.04004,"9":3852.22998,"10":3841.77002,"11":3841.66992,"12":3849.80005,"13":3852.53003,"14":3857.19995,"15":3841.72998,"16":3843.1001,"17":3823.26001,"18":3832.1001,"19":3833.21997,"20":3823.30005,"21":3790.30005,"22":3816.43994,"23":3825.80005,"24":3845.1001,"25":3848.5},"high":{"0":3853.13989,"1":3840.6001,"2":3848.22998,"3":3849.30005,"4":3838.11011,"5":3832.94995,"6":3830.44995,"7":3833.56006,"8":3845.01001,"9":3852.22998,"10":3852.71997,"11":3842.75,"12":3854.83008,"13":3857.55005,"14":3861.19995,"15":3857.97998,"16":3843.6001,"17":3847.8501,"18":3835.69995,"19":3842.47998,"20":3834.38989,"21":3824.1001,"22":3821.17993,"23":3829.22998,"24":3853.61011,"25":3851.48999},"low":{"0":3812.80005,"1":3827.6001,"2":3830.30005,"3":3835.30005,"4":3827.67993,"5":3820.6001,"6":3815.80005,"7":3821.1001,"8":3824.6001,"9":3835.1001,"10":3840.02002,"11":3832.6001,"12":3839.80005,"13":3847.6001,"14":3851.30005,"15":3835.78003,"16":3834.20996,"17":3823.26001,"18":3820.52002,"19":3825.98999,"20":3821.80005,"21":3790.30005,"22":3788.1001,"23":3810.1001,"24":3825.19995,"25":3838.23999},"close":{"0":3812.80005,"1":3837.80005,"2":3830.30005,"3":3842.80005,"4":3834.80005,"5":3826.67993,"6":3823.6001,"7":3825.6001,"8":3827.80005,"9":3840.79004,"10":3850.47998,"11":3841.51001,"12":3841.41992,"13":3849.30005,"14":3852.78003,"15":3856.80005,"16":3840.47998,"17":3842.6001,"18":3824.51001,"19":3831.30005,"20":3828.96997,"21":3822.34009,"22":3788.6001,"23":3816.6001,"24":3826.29004,"25":3845.0},"volume":{"0":0,"1":0,"2":0,"3":0,"4":0,"5":0,"6":0,"7":0,"8":0,"9":0,"10":0,"11":0,"12":0,"13":0,"14":0,"15":0,"16":0,"17":0,"18":0,"19":0,"20":0,"21":0,"22":0,"23":0,"24":0,"25":0}}