{"datetime":{"0":1658439900000,"1":1658439000000,"2":1658438100000,"3":1658437200000,"4":1658436300000,"5":1658435400000,"6":1658434500000,"7":1658433600000,"8":1658432700000,"9":1658431800000,"10":1658430900000,"11":1658430000000,"12":1658429100000,"13":1658428200000,"14":1658427300000,"15":1658426400000,"16":1658425500000,"17":1658424600000,"18":1658423700000,"19":1658422800000,"20":1658421900000,"21":1658421000000,"22":1658420100000,"23":1658419200000,"24":1658418300000,"25":1658417400000},"open":{"0":3989.37988,"1":3986.81006,"2":3985.6001,"3":3980.8501,"4":3976.70996,"5":3983.67993,"6":3983.1001,"7":3975.79004,"8":3978.88989,"9":3977.3999,"10":3979.52002,"11":3984.29004,"12":3983.20996,"13":3984.53003,"14":3975.69995,"15":3966.36011,"16":3966.54004,"17":3959.28003,"18":3955.33008,"19":3955.21997,"20":3945.16992,"21":3931.93994,"22":3937.31006,"23":3959.77002,"24":3948.17993,"25":3955.46997},"high":{"0":3998.8501,"1":3990.65991,"2":3988.16992,"3":3990.58008,"4":3982.93994,"5":3983.67993,"6":3984.86011,"7":3983.08008,"8":3979.11011,"9":3979.84009,"10":3984.03003,"11":3986.86011,"12":3984.93994,"13":3987.42993,"14":3984.97998,"15":3980.57007,"16":3968.26001,"17":3970.22998,"18":3959.37012,"19":3960.73999,"20":3955.73999,"21":3945.40991,"22":3950.45996,"23":3968.21997,"24":3965.55005,"25":3956.11011},"low":{"0":3987.40991,"1":3984.83008,"2":3982.29004,"3":3980.53003,"4":3975.13989,"5":3976.54004,"6":3981.19995,"7":3974.30005,"8":3969.6499,"9":3968.46997,"10":3974.43994,"11":3979.5,"12":3980.62988,"13":3983.29004,"14":3974.1499,"15":3965.51001,"16":3962.5,"17":3956.77002,"18":3950.92993,"19":3953.04004,"20":3941.77002,"21":3930.04004,"22":3927.63989,"23":3935.48999,"24":3944.55005,"25":3939.12012},"close":{"0":3998.8501,"1":3989.36011,"2":3986.8999,"3":3985.55005,"4":3980.84009,"5":3976.61011,"6":3983.62988,"7":3983.08008,"8":3975.78003,"9":3978.75,"10":3977.43994,"11":3979.59009,"12":3984.27002,"13":3983.29004,"14":3984.47998,"15":3975.76001,"16":3966.58008,"17":3966.57007,"18":3959.27002,"19":3955.25,"20":3955.21997,"21":3945.1499,"22":3931.96997,"23":3937.42993,"24":3961.87988,"25":3949.51001},"volume":{"0":241230069,"1":98764416,"2":66512222,"3":62866356,"4":51957528,"5":52706323,"6":51944236,"7":54410798,"8":45655994,"9":60313241,"10":49563024,"11":52044614,"12":49971838,"13":53893458,"14":55684144,"15":67069044,"16":1098675784,"17":73734050,"18":73545854,"19":73297067,"20":76438006,"21":86531467,"22":99787978,"23":115393056,"24":165422002,"25":185170506}}