{"datetime":{"0":1598651100000,"1":1598650200000,"2":1598649300000,"3":1598648400000,"4":1598647500000,"5":1598646600000,"6":1598645700000,"7":1598644800000,"8":1598643900000,"9":1598643000000,"10":1598642100000,"11":1598641200000,"12":1598640300000,"13":1598639400000,"14":1598638500000,"15":1598637600000,"16":1598636700000,"17":1598635800000,"18":1598634900000,"19":1598634000000,"20":1598633100000,"21":1598632200000,"22":1598631300000,"23":1598630400000,"24":1598629500000,"25":1598628600000},"open":{"0":3508.51001,"1":3506.05005,"2":3506.3501,"3":3499.55005,"4":3497.63989,"5":3497.02002,"6":3495.34009,"7":3494.91992,"8":3493.37012,"9":3490.62988,"10":3493.12988,"11":3499.02002,"12":3495.05005,"13":3494.37012,"14":3496.07007,"15":3495.33008,"16":3495.12012,"17":3494.31006,"18":3491.12988,"19":3486.15991,"20":3490.77002,"21":3491.05005,"22":3489.19995,"23":3495.72998,"24":3494.62988,"25":3494.68994},"high":{"0":3509.22998,"1":3509.05005,"2":3508.07007,"3":3506.63989,"4":3501.23999,"5":3498.17993,"6":3497.6001,"7":3496.34009,"8":3496.29004,"9":3493.68994,"10":3496.33008,"11":3499.02002,"12":3499.06006,"13":3495.97998,"14":3497.45996,"15":3497.1001,"16":3496.65991,"17":3495.1499,"18":3495.15991,"19":3491.76001,"20":3491.05005,"21":3493.25,"22":3492.69995,"23":3495.8999,"24":3495.76001,"25":3498.73999},"low":{"0":3504.3999,"1":3505.67993,"2":3505.29004,"3":3499.19995,"4":3497.61011,"5":3495.62988,"6":3495.28003,"7":3492.8999,"8":3492.05005,"9":3490.0,"10":3490.62988,"11":3493.28003,"12":3495.05005,"13":3493.27002,"14":3494.27002,"15":3494.13989,"16":3493.58008,"17":3492.40991,"18":3490.73999,"19":3485.19995,"20":3484.32007,"21":3484.61011,"22":3488.09009,"23":3488.81006,"24":3490.56006,"25":3489.20996},"close":{"0":3507.81006,"1":3508.59009,"2":3506.05005,"3":3506.38989,"4":3499.57007,"5":3497.67993,"6":3497.03003,"7":3495.30005,"8":3494.90991,"9":3493.33008,"10":3490.62988,"11":3493.31006,"12":3499.02002,"13":3495.06006,"14":3494.33008,"15":3496.03003,"16":3495.29004,"17":3495.1499,"18":3494.3999,"19":3491.15991,"20":3486.11011,"21":3490.82007,"22":3491.16992,"23":3489.19995,"24":3495.13989,"25":3494.73999},"volume":{"0":226369270,"1":84509826,"2":58426632,"3":57056489,"4":50686714,"5":48813917,"6":54194700,"7":46231460,"8":39348074,"9":41250629,"10":44270988,"11":43073044,"12":46293825,"13":48460930,"14":49485746,"15":51468787,"16":52905578,"17":56027545,"18":60811137,"19":57099790,"20":61531372,"21":64818645,"22":70644455,"23":89818829,"24":115308902,"25":114329522}}