{"datetime":{"0":1652391900000,"1":1652391000000,"2":1652390100000,"3":1652389200000,"4":1652388300000,"5":1652387400000,"6":1652386500000,"7":1652385600000,"8":1652384700000,"9":1652383800000,"10":1652382900000,"11":1652382000000,"12":1652381100000,"13":1652380200000,"14":1652379300000,"15":1652378400000,"16":1652377500000,"17":1652376600000,"18":1652375700000,"19":1652374800000,"20":1652373900000,"21":1652373000000,"22":1652372100000,"23":1652371200000,"24":1652370300000,"25":1652369400000},"open":{"0":3901.24,"1":3889.34009,"2":3869.17993,"3":3864.57007,"4":3863.51001,"5":3876.6499,"6":3874.02002,"7":3877.36011,"8":3884.36011,"9":3900.16992,"10":3903.90991,"11":3911.97998,"12":3927.28003,"13":3912.45996,"14":3899.44995,"15":3894.38989,"16":3922.12988,"17":3937.68994,"18":3949.26001,"19":3947.94995,"20":3919.6499,"21":3927.28003,"22":3925.88989,"23":3892.6499,"24":3898.15991,"25":3903.94995},"high":{"0":3932.03003,"1":3913.76001,"2":3909.47998,"3":3876.97998,"4":3871.31006,"5":3877.72998,"6":3884.20996,"7":3885.65991,"8":3885.20996,"9":3903.61011,"10":3909.41992,"11":3917.1001,"12":3930.15991,"13":3926.37988,"14":3914.83008,"15":3903.18994,"16":3922.52002,"17":3940.21997,"18":3950.18994,"19":3964.80005,"20":3949.92993,"21":3933.51001,"22":3943.8501,"23":3934.54004,"24":3918.40991,"25":3912.3501},"low":{"0":3901.24,"1":3889.13989,"2":3869.04004,"3":3861.95996,"4":3859.56006,"5":3858.87012,"6":3870.92993,"7":3868.16992,"8":3871.38989,"9":3883.11011,"10":3894.56006,"11":3900.27002,"12":3911.42993,"13":3906.45996,"14":3890.58008,"15":3888.76001,"16":3894.29004,"17":3921.8501,"18":3934.16992,"19":3938.82007,"20":3916.86011,"21":3916.21997,"22":3916.40991,"23":3881.53003,"24":3888.72998,"25":3877.04004},"close":{"0":3931.6499,"1":3901.58,"2":3889.40991,"3":3869.1499,"4":3864.57007,"5":3863.48999,"6":3876.6001,"7":3874.1499,"8":3877.19995,"9":3884.43994,"10":3899.66992,"11":3903.68994,"12":3911.6001,"13":3926.37988,"14":3912.62012,"15":3899.5,"16":3894.65991,"17":3922.17993,"18":3937.37012,"19":3949.47998,"20":3948.22998,"21":3920.0,"22":3927.0,"23":3925.46997,"24":3892.45996,"25":3898.82007},"volume":{"0":14591564,"1":140421244,"2":135611339,"3":84356237,"4":79050614,"5":78136589,"6":80664619,"7":86476895,"8":71066860,"9":70766471,"10":59745641,"11":64992255,"12":1524812135,"13":71075194,"14":79982562,"15":83865709,"16":80611191,"17":86140809,"18":81678952,"19":100934023,"20":97366619,"21":107530310,"22":123343333,"23":152901740,"24":150684169,"25":184673979}}