{"datetime":{"0":1642196700000,"1":1642195800000,"2":1642194900000,"3":1642194000000,"4":1642193100000,"5":1642192200000,"6":1642191300000,"7":1642190400000,"8":1642189500000,"9":1642188600000,"10":1642187700000,"11":1642186800000,"12":1642185900000,"13":1642185000000,"14":1642184100000,"15":1642183200000,"16":1642182300000,"17":1642181400000,"18":1642180500000,"19":1642179600000,"20":1642178700000,"21":1642177800000,"22":1642176900000,"23":1642176000000,"24":1642175100000,"25":1642174200000},"open":{"0":4660.68018,"1":4652.20996,"2":4644.02002,"3":4638.54004,"4":4637.25977,"5":4631.0,"6":4636.10986,"7":4635.08984,"8":4626.75,"9":4619.66016,"10":4624.14014,"11":4621.95996,"12":4635.41016,"13":4638.77002,"14":4639.6001,"15":4645.22021,"16":4641.87988,"17":4629.66016,"18":4627.8999,"19":4641.10986,"20":4636.68018,"21":4646.35986,"22":4649.79004,"23":4659.33008,"24":4644.29004,"25":4637.99023},"high":{"0":4665.12988,"1":4660.89014,"2":4657.31006,"3":4648.12012,"4":4644.72998,"5":4645.83984,"6":4640.70996,"7":4640.6001,"8":4636.2998,"9":4627.08008,"10":4625.79004,"11":4626.39014,"12":4635.5,"13":4643.83984,"14":4642.16992,"15":4647.4502,"16":4648.83008,"17":4643.56006,"18":4635.50977,"19":4648.62988,"20":4644.81006,"21":4647.87988,"22":4663.29004,"23":4661.16016,"24":4660.47998,"25":4648.04004},"low":{"0":4654.74023,"1":4652.20996,"2":4642.31006,"3":4638.54004,"4":4636.93018,"5":4630.68994,"6":4631.04004,"7":4631.49023,"8":4622.49023,"9":4616.12988,"10":4614.75,"11":4618.00977,"12":4621.33984,"13":4634.85986,"14":4633.75,"15":4639.1001,"16":4641.31982,"17":4626.97021,"18":4622.81006,"19":4626.54004,"20":4634.6499,"21":4635.56006,"22":4642.93018,"23":4645.33008,"24":4642.56982,"25":4623.12012},"close":{"0":4661.91992,"1":4659.81982,"2":4652.02979,"3":4643.79004,"4":4638.83008,"5":4637.25977,"6":4631.04004,"7":4636.12012,"8":4635.16016,"9":4626.75,"10":4619.81982,"11":4624.16016,"12":4622.08984,"13":4635.39014,"14":4638.97998,"15":4639.60986,"16":4645.27002,"17":4641.68018,"18":4629.56982,"19":4627.91992,"20":4641.1499,"21":4636.56006,"22":4646.2002,"23":4649.5,"24":4659.02979,"25":4644.68994},"volume":{"0":253254386,"1":93610393,"2":76081244,"3":64799560,"4":56009689,"5":57168536,"6":54425984,"7":56657575,"8":54029533,"9":53134061,"10":1382004157,"11":57965263,"12":69236422,"13":50883917,"14":47998623,"15":54089590,"16":60023511,"17":73934886,"18":70441113,"19":80958831,"20":77907721,"21":754719066,"22":93285762,"23":108278975,"24":177634739,"25":156931947}}