{"datetime":{"0":1660340700000,"1":1660339800000,"2":1660338900000,"3":1660338000000,"4":1660337100000,"5":1660336200000,"6":1660335300000,"7":1660334400000,"8":1660333500000,"9":1660332600000,"10":1660331700000,"11":1660330800000,"12":1660329900000,"13":1660329000000,"14":1660328100000,"15":1660327200000,"16":1660326300000,"17":1660325400000,"18":1660324500000,"19":1660323600000,"20":1660322700000,"21":1660321800000,"22":1660320900000,"23":1660320000000,"24":1660319100000,"25":1660318200000},"open":{"0":4274.50977,"1":4271.77002,"2":4271.6499,"3":4265.60986,"4":4264.89014,"5":4260.22021,"6":4257.33008,"7":4256.33984,"8":4254.7998,"9":4254.06982,"10":4252.68994,"11":4250.27979,"12":4250.75977,"13":4250.75,"14":4247.50977,"15":4242.58984,"16":4242.70996,"17":4242.81006,"18":4237.93018,"19":4232.8999,"20":4228.77979,"21":4233.20996,"22":4230.39014,"23":4234.47021,"24":4235.3501,"25":4225.02002},"high":{"0":4280.47021,"1":4274.66992,"2":4273.54004,"3":4272.75977,"4":4265.87012,"5":4266.18994,"6":4260.33008,"7":4257.43994,"8":4258.18018,"9":4255.52002,"10":4254.85986,"11":4253.77979,"12":4251.72998,"13":4251.62988,"14":4251.14014,"15":4249.52002,"16":4245.62988,"17":4246.43994,"18":4245.27002,"19":4240.25977,"20":4233.16016,"21":4235.62988,"22":4237.24023,"23":4234.47021,"24":4235.77002,"25":4236.18994},"low":{"0":4271.1499,"1":4269.91992,"2":4268.74023,"3":4264.4502,"4":4263.39014,"5":4260.16992,"6":4257.08984,"7":4255.64014,"8":4254.4502,"9":4253.43994,"10":4252.41016,"11":4249.52979,"12":4249.68994,"13":4249.10986,"14":4247.37012,"15":4242.54004,"16":4242.0,"17":4242.00977,"18":4236.74023,"19":4231.97021,"20":4225.66992,"21":4226.8999,"22":4228.9502,"23":4219.77979,"24":4225.99023,"25":4222.9502},"close":{"0":4279.3501,"1":4274.5,"2":4271.81006,"3":4271.66016,"4":4265.60986,"5":4264.8501,"6":4260.25,"7":4257.43994,"8":4256.33984,"9":4254.79004,"10":4254.06006,"11":4252.6499,"12":4250.22998,"13":4250.79004,"14":4250.77002,"15":4247.52002,"16":4242.62988,"17":4242.8501,"18":4242.79004,"19":4237.95996,"20":4232.93018,"21":4228.75977,"22":4233.1499,"23":4230.33984,"24":4234.43018,"25":4235.27979},"volume":{"0":186576872,"1":80649305,"2":55148876,"3":55434458,"4":48548977,"5":47587449,"6":40728772,"7":35510160,"8":37887874,"9":35601003,"10":35551549,"11":36339198,"12":32774334,"13":37677288,"14":40118419,"15":39494044,"16":695400538,"17":46505886,"18":52757339,"19":54082467,"20":52268112,"21":58420656,"22":60946813,"23":81886135,"24":114626028,"25":93402522}}