{"datetime":{"0":1686001500000,"1":1686000600000,"2":1685999700000,"3":1685998800000,"4":1685997900000,"5":1685997000000,"6":1685996100000,"7":1685995200000,"8":1685994300000,"9":1685993400000,"10":1685992500000,"11":1685991600000,"12":1685990700000,"13":1685989800000,"14":1685988900000,"15":1685988000000,"16":1685987100000,"17":1685986200000,"18":1685985300000,"19":1685984400000,"20":1685983500000,"21":1685982600000,"22":1685981700000,"23":1685980800000,"24":1685979900000,"25":1685979000000},"open":{"0":4277.4502,"1":4274.8501,"2":4275.22021,"3":4279.41992,"4":4273.31982,"5":4282.81006,"6":4282.43994,"7":4288.08984,"8":4285.33008,"9":4288.16016,"10":4295.50977,"11":4298.5498,"12":4296.06006,"13":4295.79004,"14":4296.45996,"15":4292.31006,"16":4292.22021,"17":4292.02002,"18":4288.89014,"19":4288.52979,"20":4287.02979,"21":4282.29004,"22":4281.75,"23":4285.1499,"24":4292.83008,"25":4282.99023},"high":{"0":4279.45996,"1":4278.52002,"2":4277.22998,"3":4280.47021,"4":4279.99023,"5":4283.2998,"6":4285.77002,"7":4288.58984,"8":4288.35986,"9":4288.37988,"10":4295.56982,"11":4299.27979,"12":4298.58984,"13":4296.43994,"14":4297.7002,"15":4296.7002,"16":4294.62988,"17":4294.06982,"18":4292.58984,"19":4291.27979,"20":4291.7998,"21":4287.39014,"22":4284.45996,"23":4296.58008,"24":4294.52002,"25":4294.27979},"low":{"0":4273.64014,"1":4272.9502,"2":4272.7998,"3":4266.81982,"4":4267.16992,"5":4267.7002,"6":4280.31006,"7":4280.62012,"8":4283.85986,"9":4283.72998,"10":4286.33008,"11":4295.62988,"12":4296.02979,"13":4294.22021,"14":4293.39014,"15":4288.5,"16":4291.45996,"17":4289.6499,"18":4287.45996,"19":4287.31982,"20":4286.87988,"21":4281.31982,"22":4279.56006,"23":4280.66992,"24":4282.62988,"25":4282.99023},"close":{"0":4274.04004,"1":4277.47998,"2":4274.83984,"3":4275.18994,"4":4279.29004,"5":4273.37012,"6":4282.83008,"7":4282.4502,"8":4288.08008,"9":4285.3501,"10":4288.1499,"11":4295.6499,"12":4298.4502,"13":4296.02979,"14":4295.81006,"15":4296.41992,"16":4292.41016,"17":4292.18018,"18":4292.20996,"19":4288.89014,"20":4288.52979,"21":4287.04004,"22":4282.37988,"23":4281.52002,"24":4285.06982,"25":4292.74023},"volume":{"0":209575560,"1":88089818,"2":65954479,"3":79571751,"4":69486154,"5":82412274,"6":56846537,"7":52554736,"8":47092985,"9":47346845,"10":57525376,"11":43966444,"12":43616418,"13":45218406,"14":46564167,"15":45058211,"16":44010878,"17":56854589,"18":57963635,"19":63462093,"20":77717342,"21":80448993,"22":84374392,"23":100032171,"24":88771351,"25":110384643}}