{"datetime":{"0":1620942300000,"1":1620941400000,"2":1620940500000,"3":1620939600000,"4":1620938700000,"5":1620937800000,"6":1620936900000,"7":1620936000000,"8":1620935100000,"9":1620934200000,"10":1620933300000,"11":1620932400000,"12":1620931500000,"13":1620930600000,"14":1620929700000,"15":1620928800000,"16":1620927900000,"17":1620927000000,"18":1620926100000,"19":1620925200000,"20":1620924300000,"21":1620923400000,"22":1620922500000,"23":1620921600000,"24":1620920700000,"25":1620919800000},"open":{"0":4131.04004,"1":4125.5,"2":4120.81006,"3":4119.41992,"4":4123.12012,"5":4121.2002,"6":4114.35986,"7":4095.90991,"8":4094.30005,"9":4099.5,"10":4111.04004,"11":4107.58984,"12":4114.06006,"13":4116.0,"14":4115.16992,"15":4106.0,"16":4101.79004,"17":4107.2998,"18":4112.7998,"19":4127.06006,"20":4116.35986,"21":4121.87988,"22":4115.9502,"23":4110.06006,"24":4096.6001,"25":4080.0},"high":{"0":4132.0,"1":4131.79004,"2":4126.0,"3":4127.0,"4":4124.7998,"5":4125.7998,"6":4119.79004,"7":4116.08984,"8":4099.2998,"9":4100.77979,"10":4113.2998,"11":4111.2998,"12":4118.79004,"13":4120.0,"14":4116.7998,"15":4116.2998,"16":4110.7998,"17":4115.5,"18":4116.7998,"19":4127.06006,"20":4128.52979,"21":4124.2002,"22":4123.0,"23":4119.43994,"24":4109.0,"25":4099.16992},"low":{"0":4112.5,"1":4125.0498,"2":4116.83984,"3":4118.31006,"4":4118.41992,"5":4116.06982,"6":4111.10986,"7":4095.90991,"8":4087.26001,"9":4087.30005,"10":4094.86011,"11":4101.7998,"12":4104.12012,"13":4112.06982,"14":4109.20996,"15":4103.24023,"16":4101.2998,"17":4102.04004,"18":4105.41016,"19":4112.2998,"20":4115.5,"21":4115.35986,"22":4113.7998,"23":4110.06006,"24":4093.5,"25":4079.80005},"close":{"0":4112.7998,"1":4131.54004,"2":4125.2998,"3":4120.06006,"4":4118.41992,"5":4123.62012,"6":4119.29004,"7":4114.7998,"8":4096.6499,"9":4093.25,"10":4100.0,"11":4110.54004,"12":4107.47021,"13":4113.56006,"14":4115.16992,"15":4114.41992,"16":4105.0,"17":4102.29004,"18":4106.5,"19":4112.5,"20":4126.81006,"21":4115.35986,"22":4120.87988,"23":4115.43994,"24":4108.7998,"25":4094.8501},"volume":{"0":0,"1":0,"2":0,"3":0,"4":0,"5":0,"6":0,"7":0,"8":0,"9":0,"10":0,"11":0,"12":0,"13":0,"14":0,"15":0,"16":0,"17":0,"18":0,"19":0,"20":0,"21":0,"22":0,"23":0,"24":0,"25":0}}