{"datetime":{"0":1625607900000,"1":1625607000000,"2":1625606100000,"3":1625605200000,"4":1625604300000,"5":1625603400000,"6":1625602500000,"7":1625601600000,"8":1625600700000,"9":1625599800000,"10":1625598900000,"11":1625598000000,"12":1625597100000,"13":1625596200000,"14":1625595300000,"15":1625594400000,"16":1625593500000,"17":1625592600000,"18":1625591700000,"19":1625590800000,"20":1625589900000,"21":1625589000000,"22":1625588100000,"23":1625587200000,"24":1625586300000,"25":1625585400000},"open":{"0":4343.14014,"1":4342.47998,"2":4339.7998,"3":4335.56982,"4":4336.2998,"5":4336.58984,"6":4332.58008,"7":4332.14014,"8":4330.66016,"9":4328.47998,"10":4327.52002,"11":4324.54004,"12":4317.7998,"13":4319.52002,"14":4319.14014,"15":4326.20996,"16":4327.37012,"17":4326.10986,"18":4324.00977,"19":4324.7998,"20":4333.52002,"21":4337.04004,"22":4340.62988,"23":4344.81982,"24":4344.43018,"25":4356.45996},"high":{"0":4346.45996,"1":4343.8999,"2":4342.87012,"3":4340.31006,"4":4336.4502,"5":4338.64014,"6":4336.56006,"7":4333.81006,"8":4332.70996,"9":4330.99023,"10":4329.85986,"11":4327.52979,"12":4324.6001,"13":4319.52002,"14":4320.0,"15":4326.20996,"16":4327.41992,"17":4329.16992,"18":4325.75977,"19":4326.52002,"20":4333.68018,"21":4337.16992,"22":4340.75977,"23":4345.06982,"24":4348.04004,"25":4356.45996},"low":{"0":4341.56982,"1":4339.56006,"2":4339.56982,"3":4335.37012,"4":4333.31982,"5":4335.95996,"6":4332.0498,"7":4331.45996,"8":4330.56006,"9":4327.74023,"10":4327.33984,"11":4323.8999,"12":4316.91016,"13":4315.72998,"14":4314.37012,"15":4316.49023,"16":4324.8999,"17":4325.2002,"18":4319.43018,"19":4321.56982,"20":4324.72021,"21":4327.14014,"22":4333.39014,"23":4340.06982,"24":4343.83984,"25":4344.0498},"close":{"0":4342.97021,"1":4343.0498,"2":4342.47998,"3":4339.79004,"4":4335.56006,"5":4336.39014,"6":4336.5498,"7":4332.52979,"8":4332.16016,"9":4330.6499,"10":4328.45996,"11":4327.52002,"12":4324.58984,"13":4317.85986,"14":4319.5498,"15":4319.1001,"16":4326.2002,"17":4327.4502,"18":4325.75,"19":4324.0,"20":4324.75,"21":4333.5498,"22":4337.00977,"23":4340.52002,"24":4344.83008,"25":4344.41016},"volume":{"0":203825968,"1":73756686,"2":49765924,"3":44617062,"4":38287746,"5":39079642,"6":35523610,"7":35892105,"8":35187668,"9":40656423,"10":39008488,"11":38565581,"12":41032957,"13":49100113,"14":56276648,"15":55979892,"16":53866239,"17":53801436,"18":59912354,"19":68273602,"20":72392816,"21":77854413,"22":74081867,"23":90424975,"24":88937218,"25":119564226}}