{"datetime":{"0":1661377500000,"1":1661376600000,"2":1661375700000,"3":1661374800000,"4":1661373900000,"5":1661373000000,"6":1661372100000,"7":1661371200000,"8":1661370300000,"9":1661369400000,"10":1661368500000,"11":1661367600000,"12":1661366700000,"13":1661365800000,"14":1661364900000,"15":1661364000000,"16":1661363100000,"17":1661362200000,"18":1661361300000,"19":1661360400000,"20":1661359500000,"21":1661358600000,"22":1661357700000,"23":1661356800000,"24":1661355900000,"25":1661355000000},"open":{"0":4149.43018,"1":4143.58008,"2":4146.25,"3":4139.41016,"4":4135.72998,"5":4138.49023,"6":4137.87988,"7":4136.25,"8":4133.47021,"9":4131.81982,"10":4138.33008,"11":4136.3501,"12":4136.20996,"13":4149.97021,"14":4153.6001,"15":4152.93018,"16":4151.45996,"17":4150.25977,"18":4145.87988,"19":4137.47998,"20":4132.68018,"21":4139.02979,"22":4132.49023,"23":4128.50977,"24":4131.20996,"25":4126.5498},"high":{"0":4149.43018,"1":4150.12012,"2":4147.37012,"3":4146.37012,"4":4139.79004,"5":4138.68018,"6":4139.72998,"7":4139.52979,"8":4136.56006,"9":4133.75,"10":4139.7998,"11":4140.64014,"12":4138.70996,"13":4149.97021,"14":4155.39014,"15":4155.66992,"16":4156.56006,"17":4152.54004,"18":4151.49023,"19":4145.79004,"20":4139.41016,"21":4141.02002,"22":4141.87012,"23":4133.81982,"24":4132.5,"25":4131.7998},"low":{"0":4139.20996,"1":4143.58008,"2":4142.75,"3":4138.27002,"4":4132.87988,"5":4133.79004,"6":4136.27002,"7":4135.2998,"8":4133.1499,"9":4131.04004,"10":4131.43018,"11":4134.70996,"12":4133.77979,"13":4134.97998,"14":4149.81982,"15":4152.29004,"16":4151.45996,"17":4148.72021,"18":4145.87988,"19":4136.22021,"20":4131.58984,"21":4130.45996,"22":4130.75977,"23":4124.95996,"24":4126.14014,"25":4119.97021},"close":{"0":4140.83008,"1":4149.39014,"2":4143.56006,"3":4146.29004,"4":4139.52979,"5":4135.75,"6":4138.49023,"7":4137.83984,"8":4136.24023,"9":4133.41016,"10":4131.83008,"11":4138.33008,"12":4136.37988,"13":4136.0498,"14":4149.99023,"15":4153.62012,"16":4152.99023,"17":4151.47021,"18":4150.20996,"19":4145.79004,"20":4138.08984,"21":4132.6001,"22":4139.06006,"23":4132.47998,"24":4128.52002,"25":4131.27002},"volume":{"0":160583272,"1":71445298,"2":48340968,"3":45717544,"4":37964443,"5":37787610,"6":35117982,"7":36270825,"8":32940679,"9":36501387,"10":36026012,"11":36589127,"12":37990044,"13":47273382,"14":41681948,"15":40713434,"16":46492791,"17":45873224,"18":60300792,"19":56011860,"20":53705821,"21":66530915,"22":64535478,"23":86243443,"24":219665179,"25":85409009}}