{"datetime":{"0":1685655900000,"1":1685655000000,"2":1685654100000,"3":1685653200000,"4":1685652300000,"5":1685651400000,"6":1685650500000,"7":1685649600000,"8":1685648700000,"9":1685647800000,"10":1685646900000,"11":1685646000000,"12":1685645100000,"13":1685644200000,"14":1685643300000,"15":1685642400000,"16":1685641500000,"17":1685640600000,"18":1685639700000,"19":1685638800000,"20":1685637900000,"21":1685637000000,"22":1685636100000,"23":1685635200000,"24":1685634300000,"25":1685633400000},"open":{"0":4215.77979,"1":4222.22021,"2":4231.43018,"3":4227.45996,"4":4223.08008,"5":4223.75,"6":4223.43018,"7":4223.87012,"8":4218.62012,"9":4218.12988,"10":4220.41016,"11":4219.81006,"12":4218.60986,"13":4220.33008,"14":4216.60986,"15":4213.91016,"16":4209.18018,"17":4204.62012,"18":4201.37012,"19":4197.1001,"20":4195.18994,"21":4183.58008,"22":4188.24023,"23":4175.14014,"24":4176.7002,"25":4183.02979},"high":{"0":4220.77979,"1":4222.91992,"2":4232.43018,"3":4232.08008,"4":4228.02002,"5":4224.2002,"6":4225.02002,"7":4225.16016,"8":4223.81982,"9":4218.75,"10":4222.0498,"11":4220.56982,"12":4220.62012,"13":4221.27979,"14":4221.14014,"15":4217.83984,"16":4214.1499,"17":4210.41016,"18":4205.7998,"19":4201.77002,"20":4200.00977,"21":4195.64014,"22":4190.6499,"23":4188.31982,"24":4176.9502,"25":4183.81982},"low":{"0":4214.52002,"1":4212.0498,"2":4221.74023,"3":4227.37012,"4":4222.52979,"5":4221.50977,"6":4221.93018,"7":4220.91992,"8":4218.62012,"9":4216.5498,"10":4216.00977,"11":4217.56982,"12":4216.29004,"13":4218.29004,"14":4214.52002,"15":4213.91016,"16":4208.8501,"17":4204.31006,"18":4200.3501,"19":4195.4502,"20":4193.97021,"21":4182.16992,"22":4177.24023,"23":4175.08008,"24":4171.64014,"25":4174.25977},"close":{"0":4220.77979,"1":4215.66016,"2":4222.2002,"3":4231.39014,"4":4227.4502,"5":4223.08008,"6":4223.72998,"7":4223.33008,"8":4223.81982,"9":4218.62012,"10":4218.2002,"11":4220.37988,"12":4219.7998,"13":4218.60986,"14":4220.06982,"15":4216.62012,"16":4213.87988,"17":4209.1499,"18":4204.58984,"19":4201.33008,"20":4197.08984,"21":4194.91992,"22":4183.79004,"23":4188.31982,"24":4175.18018,"25":4176.77979},"volume":{"0":239503287,"1":112494817,"2":88693774,"3":72626938,"4":66105028,"5":58825407,"6":53337559,"7":55252147,"8":52294053,"9":53017614,"10":59322588,"11":49912460,"12":60516327,"13":56265169,"14":64561864,"15":61063059,"16":58970461,"17":67049285,"18":77207175,"19":73001917,"20":728958697,"21":90347033,"22":96004461,"23":101831370,"24":104427244,"25":166705454}}