{"datetime":{"0":1620855900000,"1":1620855000000,"2":1620854100000,"3":1620853200000,"4":1620852300000,"5":1620851400000,"6":1620850500000,"7":1620849600000,"8":1620848700000,"9":1620847800000,"10":1620846900000,"11":1620846000000,"12":1620845100000,"13":1620844200000,"14":1620843300000,"15":1620842400000,"16":1620841500000,"17":1620840600000,"18":1620839700000,"19":1620838800000,"20":1620837900000,"21":1620837000000,"22":1620836100000,"23":1620835200000,"24":1620834300000,"25":1620833400000},"open":{"0":4069.15991,"1":4066.62988,"2":4073.19995,"3":4082.3501,"4":4082.8999,"5":4076.19995,"6":4076.51001,"7":4081.47998,"8":4082.69995,"9":4083.8999,"10":4091.8999,"11":4086.3501,"12":4082.22998,"13":4085.8999,"14":4079.1499,"15":4086.67993,"16":4106.33984,"17":4104.58008,"18":4109.58984,"19":4103.41016,"20":4106.5498,"21":4113.74023,"22":4116.64014,"23":4120.35986,"24":4126.04004,"25":4130.5498},"high":{"0":4074.69995,"1":4071.65991,"2":4074.8999,"3":4084.8999,"4":4091.52002,"5":4084.38989,"6":4079.48999,"7":4085.69995,"8":4084.96997,"9":4087.8999,"10":4092.69995,"11":4095.1001,"12":4088.0,"13":4089.69995,"14":4090.13989,"15":4090.58008,"16":4106.83984,"17":4106.6001,"18":4109.91992,"19":4109.66992,"20":4108.18994,"21":4115.6499,"22":4124.0498,"23":4123.16992,"24":4133.81982,"25":4134.72998},"low":{"0":4057.69995,"1":4062.17993,"2":4063.19995,"3":4072.69995,"4":4080.32007,"5":4072.61011,"6":4073.69995,"7":4074.56006,"8":4077.8999,"9":4079.75,"10":4082.69995,"11":4083.87988,"12":4079.73999,"13":4079.23999,"14":4076.42993,"15":4079.88989,"16":4084.68994,"17":4095.40991,"18":4101.25,"19":4101.39014,"20":4097.02002,"21":4103.22021,"22":4113.91992,"23":4113.22021,"24":4119.5498,"25":4121.00977},"close":{"0":4063.97998,"1":4070.3999,"2":4066.12988,"3":4073.69995,"4":4083.69995,"5":4083.3999,"6":4076.3999,"7":4076.76001,"8":4081.97998,"9":4082.70996,"10":4084.19995,"11":4092.3999,"12":4087.1001,"13":4083.3999,"14":4086.5,"15":4079.8999,"16":4086.92993,"17":4106.3501,"18":4104.64014,"19":4109.58984,"20":4103.37012,"21":4106.6001,"22":4113.91992,"23":4116.6001,"24":4120.22998,"25":4126.08984},"volume":{"0":0,"1":0,"2":0,"3":0,"4":0,"5":0,"6":0,"7":0,"8":0,"9":0,"10":0,"11":0,"12":0,"13":0,"14":0,"15":0,"16":0,"17":44778632,"18":63467855,"19":65793244,"20":79572575,"21":84322912,"22":76594633,"23":91392911,"24":92766167,"25":121848574}}