{"datetime":{"0":1683668700000,"1":1683667800000,"2":1683666900000,"3":1683666000000,"4":1683665100000,"5":1683664200000,"6":1683663300000,"7":1683662400000,"8":1683661500000,"9":1683660600000,"10":1683659700000,"11":1683658800000,"12":1683657900000,"13":1683657000000,"14":1683656100000,"15":1683655200000,"16":1683654300000,"17":1683653400000,"18":1683652500000,"19":1683651600000,"20":1683650700000,"21":1683649800000,"22":1683648900000,"23":1683648000000,"24":1683647100000,"25":1683646200000},"open":{"0":4122.33984,"1":4125.0,"2":4125.64014,"3":4124.5,"4":4128.22998,"5":4127.72998,"6":4127.97021,"7":4128.49023,"8":4123.25977,"9":4123.58008,"10":4123.06982,"11":4123.50977,"12":4119.93994,"13":4118.58984,"14":4119.52002,"15":4120.20996,"16":4122.47998,"17":4122.31982,"18":4122.52979,"19":4123.66992,"20":4125.93994,"21":4122.89014,"22":4119.52979,"23":4125.68018,"24":4121.3501,"25":4124.25},"high":{"0":4123.9502,"1":4126.68994,"2":4125.64014,"3":4127.74023,"4":4128.68994,"5":4128.72998,"6":4130.2998,"7":4130.3501,"8":4128.75,"9":4125.31982,"10":4124.41016,"11":4124.39014,"12":4123.66992,"13":4121.45996,"14":4120.62012,"15":4121.58984,"16":4123.7002,"17":4126.31006,"18":4126.58984,"19":4125.8501,"20":4126.3999,"21":4126.02979,"22":4124.22021,"23":4127.68994,"24":4126.12012,"25":4124.25},"low":{"0":4118.12988,"1":4121.62988,"2":4123.25977,"3":4124.5,"4":4121.47021,"5":4126.75977,"6":4126.87012,"7":4126.93018,"8":4122.43994,"9":4122.60986,"10":4122.81006,"11":4122.33008,"12":4119.41016,"13":4118.52002,"14":4118.41016,"15":4119.00977,"16":4119.75977,"17":4122.27002,"18":4122.0498,"19":4120.12012,"20":4122.31982,"21":4119.25,"22":4119.10986,"23":4118.56982,"24":4120.49023,"25":4116.6499},"close":{"0":4119.25,"1":4122.33008,"2":4124.99023,"3":4125.6001,"4":4124.50977,"5":4128.22021,"6":4127.72021,"7":4127.99023,"8":4128.47021,"9":4123.20996,"10":4123.60986,"11":4123.06982,"12":4123.49023,"13":4119.89014,"14":4118.58984,"15":4119.52002,"16":4120.22021,"17":4122.41016,"18":4122.29004,"19":4122.20996,"20":4123.77979,"21":4126.02979,"22":4122.83984,"23":4119.45996,"24":4125.6001,"25":4121.56982},"volume":{"0":163023565,"1":85492301,"2":60243181,"3":50675448,"4":50649062,"5":41912856,"6":44677901,"7":49155346,"8":46395959,"9":41483874,"10":39841485,"11":41360656,"12":41089153,"13":41857322,"14":47132192,"15":46582549,"16":50697406,"17":53112927,"18":56728632,"19":1248327028,"20":63121335,"21":72395568,"22":77478603,"23":87419907,"24":98238358,"25":114991316}}