{"datetime":{"0":1672868700000,"1":1672867800000,"2":1672866900000,"3":1672866000000,"4":1672865100000,"5":1672864200000,"6":1672863300000,"7":1672862400000,"8":1672861500000,"9":1672860600000,"10":1672859700000,"11":1672858800000,"12":1672857900000,"13":1672857000000,"14":1672856100000,"15":1672855200000,"16":1672854300000,"17":1672853400000,"18":1672852500000,"19":1672851600000,"20":1672850700000,"21":1672849800000,"22":1672848900000,"23":1672848000000,"24":1672847100000,"25":1672846200000},"open":{"0":3829.06006,"1":3842.8501,"2":3849.03003,"3":3847.1499,"4":3835.93994,"5":3829.43994,"6":3849.31006,"7":3857.38989,"8":3865.08008,"9":3863.25,"10":3860.08008,"11":3858.46997,"12":3871.38989,"13":3866.79004,"14":3866.65991,"15":3870.06006,"16":3867.97998,"17":3850.51001,"18":3848.98999,"19":3843.81006,"20":3836.3501,"21":3830.5,"22":3823.76001,"23":3846.77002,"24":3840.77002,"25":3840.36011},"high":{"0":3854.30005,"1":3843.42993,"2":3852.03003,"3":3854.58008,"4":3847.54004,"5":3841.33008,"6":3860.58008,"7":3868.70996,"8":3865.17993,"9":3867.75,"10":3865.38989,"11":3860.08008,"12":3871.47998,"13":3871.75,"14":3870.8501,"15":3871.0,"16":3873.15991,"17":3868.56006,"18":3851.06006,"19":3848.94995,"20":3843.78003,"21":3836.57007,"22":3830.43994,"23":3855.05005,"24":3846.81006,"25":3855.75},"low":{"0":3827.32007,"1":3827.93994,"2":3841.62988,"3":3845.40991,"4":3832.80005,"5":3827.15991,"6":3827.93994,"7":3839.71997,"8":3857.62012,"9":3863.20996,"10":3859.87012,"11":3852.08008,"12":3858.52002,"13":3866.79004,"14":3866.38989,"15":3866.30005,"16":3865.3999,"17":3850.51001,"18":3845.84009,"19":3838.62988,"20":3836.3501,"21":3823.61011,"22":3821.3501,"23":3815.77002,"24":3838.53003,"25":3833.6499},"close":{"0":3852.92993,"1":3829.08008,"2":3842.87012,"3":3849.03003,"4":3847.1499,"5":3835.83008,"6":3829.3999,"7":3849.37988,"8":3857.75,"9":3865.09009,"10":3863.22998,"11":3860.08008,"12":3858.52002,"13":3871.36011,"14":3866.80005,"15":3866.57007,"16":3870.02002,"17":3868.12988,"18":3850.48999,"19":3848.94995,"20":3843.54004,"21":3836.40991,"22":3830.43994,"23":3823.76001,"24":3846.37012,"25":3840.87012},"volume":{"0":233209578,"1":97816043,"2":73573360,"3":65914611,"4":61347719,"5":61676083,"6":62043618,"7":98443270,"8":52354139,"9":55494508,"10":48141845,"11":47773822,"12":53433368,"13":45646253,"14":49357432,"15":57640512,"16":67385228,"17":85777494,"18":68536138,"19":71367194,"20":81382773,"21":78632583,"22":82675360,"23":114947873,"24":118911853,"25":133025974}}