{"datetime":{"0":1612820700000,"1":1612819800000,"2":1612818900000,"3":1612818000000,"4":1612817100000,"5":1612816200000,"6":1612815300000,"7":1612814400000,"8":1612813500000,"9":1612812600000,"10":1612811700000,"11":1612810800000,"12":1612809900000,"13":1612809000000,"14":1612808100000,"15":1612807200000,"16":1612806300000,"17":1612805400000,"18":1612804500000,"19":1612803600000,"20":1612802700000,"21":1612801800000,"22":1612800900000,"23":1612800000000,"24":1612799100000,"25":1612798200000},"open":{"0":3906.8999,"1":3906.0,"2":3904.56006,"3":3903.37012,"4":3901.65991,"5":3900.15991,"6":3900.30005,"7":3898.20996,"8":3902.5,"9":3900.92993,"10":3899.80005,"11":3900.54004,"12":3902.54004,"13":3902.94995,"14":3902.18994,"15":3899.6499,"16":3895.28003,"17":3901.90991,"18":3900.3999,"19":3906.55005,"20":3908.11011,"21":3905.80005,"22":3907.1001,"23":3906.68994,"24":3905.21997,"25":3903.88989},"high":{"0":3915.80005,"1":3907.65991,"2":3905.80005,"3":3905.09009,"4":3903.62012,"5":3901.41992,"6":3901.80005,"7":3900.80005,"8":3903.0,"9":3903.0,"10":3902.0,"11":3900.55005,"12":3903.31006,"13":3903.6001,"14":3904.30005,"15":3903.1001,"16":3900.8999,"17":3902.30005,"18":3902.6001,"19":3907.1001,"20":3909.86011,"21":3908.1001,"22":3908.6001,"23":3909.30005,"24":3908.42993,"25":3905.70996},"low":{"0":3906.63989,"1":3904.18994,"2":3903.53003,"3":3902.80005,"4":3900.30005,"5":3898.54004,"6":3898.79004,"7":3897.95996,"8":3896.28003,"9":3900.67993,"10":3899.75,"11":3898.53003,"12":3899.57007,"13":3900.79004,"14":3902.17993,"15":3899.40991,"16":3895.27002,"17":3894.07007,"18":3899.87988,"19":3900.16992,"20":3903.8501,"21":3904.76001,"22":3902.96997,"23":3905.67993,"24":3904.5,"25":3900.80005},"close":{"0":3915.6001,"1":3907.1499,"2":3905.5,"3":3904.81006,"4":3903.62012,"5":3901.30005,"6":3900.28003,"7":3900.52002,"8":3897.96997,"9":3902.6001,"10":3900.67993,"11":3900.0,"12":3900.5,"13":3902.30005,"14":3903.6001,"15":3902.80005,"16":3899.1499,"17":3895.53003,"18":3901.80005,"19":3900.80005,"20":3905.80005,"21":3908.1001,"22":3905.79004,"23":3907.15991,"24":3906.30005,"25":3904.96997},"volume":{"0":0,"1":0,"2":0,"3":0,"4":0,"5":0,"6":0,"7":0,"8":0,"9":0,"10":0,"11":0,"12":0,"13":0,"14":0,"15":0,"16":0,"17":0,"18":0,"19":0,"20":0,"21":0,"22":0,"23":0,"24":0,"25":0}}