{"datetime":{"0":1637703900000,"1":1637703000000,"2":1637702100000,"3":1637701200000,"4":1637700300000,"5":1637699400000,"6":1637698500000,"7":1637697600000,"8":1637696700000,"9":1637695800000,"10":1637694900000,"11":1637694000000,"12":1637693100000,"13":1637692200000,"14":1637691300000,"15":1637690400000,"16":1637689500000,"17":1637688600000,"18":1637687700000,"19":1637686800000,"20":1637685900000,"21":1637685000000,"22":1637684100000,"23":1637683200000,"24":1637682300000,"25":1637681400000},"open":{"0":4687.45996,"1":4680.08008,"2":4684.74023,"3":4683.5,"4":4671.77002,"5":4668.22998,"6":4671.1001,"7":4670.77979,"8":4658.75977,"9":4662.2002,"10":4664.16992,"11":4662.81006,"12":4666.97021,"13":4671.20996,"14":4660.47998,"15":4669.72021,"16":4667.91992,"17":4673.81006,"18":4668.20996,"19":4658.18018,"20":4665.50977,"21":4668.83984,"22":4676.66016,"23":4693.77002,"24":4685.52979,"25":4678.47998},"high":{"0":4694.18018,"1":4689.22021,"2":4686.52002,"3":4686.54004,"4":4685.6499,"5":4671.75,"6":4671.12988,"7":4674.00977,"8":4676.74023,"9":4662.35986,"10":4665.99023,"11":4667.66992,"12":4670.12988,"13":4674.81006,"14":4673.62012,"15":4671.06982,"16":4677.4502,"17":4678.20996,"18":4677.47021,"19":4668.89014,"20":4670.89014,"21":4674.3999,"22":4681.72998,"23":4695.06006,"24":4699.39014,"25":4687.4502},"low":{"0":4683.33008,"1":4679.85986,"2":4678.75977,"3":4678.04004,"4":4671.06006,"5":4664.12988,"6":4663.83008,"7":4668.37988,"8":4658.66992,"9":4657.47998,"10":4659.24023,"11":4661.12988,"12":4661.37012,"13":4666.43018,"14":4660.47998,"15":4660.58984,"16":4666.56006,"17":4666.4502,"18":4667.52979,"19":4652.66016,"20":4657.77002,"21":4665.41992,"22":4667.62988,"23":4673.81982,"24":4685.52979,"25":4672.41016},"close":{"0":4691.27002,"1":4687.4502,"2":4680.06982,"3":4684.6001,"4":4683.47021,"5":4671.75,"6":4668.3999,"7":4671.12012,"8":4670.77002,"9":4658.85986,"10":4662.24023,"11":4664.12012,"12":4662.85986,"13":4666.97021,"14":4671.3501,"15":4660.58984,"16":4669.74023,"17":4667.8999,"18":4673.91016,"19":4668.1001,"20":4657.97998,"21":4665.54004,"22":4668.87988,"23":4676.56006,"24":4693.62012,"25":4685.50977},"volume":{"0":209994021,"1":88285101,"2":62881075,"3":59156947,"4":62157505,"5":48970980,"6":47526932,"7":44752741,"8":54650760,"9":47745373,"10":46953871,"11":45169795,"12":43772231,"13":46645360,"14":49790985,"15":56096132,"16":54308931,"17":63509726,"18":64376984,"19":86008765,"20":77903642,"21":80524541,"22":76298928,"23":98635047,"24":99073463,"25":134223869}}