{"datetime":{"0":1626903900000,"1":1626903000000,"2":1626902100000,"3":1626901200000,"4":1626900300000,"5":1626899400000,"6":1626898500000,"7":1626897600000,"8":1626896700000,"9":1626895800000,"10":1626894900000,"11":1626894000000,"12":1626893100000,"13":1626892200000,"14":1626891300000,"15":1626890400000,"16":1626889500000,"17":1626888600000,"18":1626887700000,"19":1626886800000,"20":1626885900000,"21":1626885000000,"22":1626884100000,"23":1626883200000,"24":1626882300000,"25":1626881400000},"open":{"0":4353.6001,"1":4354.22021,"2":4354.85986,"3":4354.66016,"4":4353.89014,"5":4351.87988,"6":4350.70996,"7":4352.47021,"8":4352.20996,"9":4351.8501,"10":4349.25,"11":4347.8501,"12":4350.81006,"13":4349.64014,"14":4350.68018,"15":4353.6499,"16":4348.60986,"17":4345.62988,"18":4347.25,"19":4347.77979,"20":4346.8501,"21":4344.24023,"22":4348.52979,"23":4350.06982,"24":4343.89014,"25":4331.12988},"high":{"0":4359.7002,"1":4356.12988,"2":4356.93994,"3":4356.83984,"4":4354.68994,"5":4354.45996,"6":4351.87012,"7":4352.99023,"8":4353.50977,"9":4352.93994,"10":4352.02979,"11":4351.22021,"12":4350.85986,"13":4351.02002,"14":4351.6001,"15":4353.6499,"16":4353.62988,"17":4349.16992,"18":4349.81982,"19":4349.64014,"20":4348.81006,"21":4348.22021,"22":4349.08008,"23":4350.22998,"24":4350.08008,"25":4344.95996},"low":{"0":4348.6001,"1":4352.87012,"2":4353.54004,"3":4354.41992,"4":4353.31982,"5":4351.87988,"6":4349.64014,"7":4350.68994,"8":4351.8501,"9":4350.72998,"10":4348.68018,"11":4347.7998,"12":4347.6499,"13":4348.81982,"14":4349.2002,"15":4350.43018,"16":4348.41016,"17":4344.75,"18":4345.58008,"19":4346.27979,"20":4346.06006,"21":4342.12012,"22":4344.27002,"23":4347.14014,"24":4342.54004,"25":4331.12988},"close":{"0":4358.33008,"1":4353.62012,"2":4354.16992,"3":4354.89014,"4":4354.68994,"5":4353.8501,"6":4351.87012,"7":4350.72021,"8":4352.43994,"9":4352.18018,"10":4351.83984,"11":4349.24023,"12":4347.8501,"13":4350.83984,"14":4349.6499,"15":4350.75977,"16":4353.58984,"17":4348.60986,"18":4345.58008,"19":4347.25977,"20":4347.72021,"21":4346.81006,"22":4344.27002,"23":4348.68994,"24":4349.97021,"25":4343.85986},"volume":{"0":227956802,"1":84683005,"2":57542147,"3":50992587,"4":42593430,"5":42575644,"6":39082477,"7":41961772,"8":39538112,"9":42071881,"10":42484139,"11":48762861,"12":39987222,"13":40658819,"14":43954339,"15":959231269,"16":58738824,"17":57008080,"18":757560627,"19":59667986,"20":70690643,"21":84853189,"22":83944442,"23":99117990,"24":112447895,"25":128182740}}