{"datetime":{"0":1600724700000,"1":1600723800000,"2":1600722900000,"3":1600722000000,"4":1600721100000,"5":1600720200000,"6":1600719300000,"7":1600718400000,"8":1600717500000,"9":1600716600000,"10":1600715700000,"11":1600714800000,"12":1600713900000,"13":1600713000000,"14":1600712100000,"15":1600711200000,"16":1600710300000,"17":1600709400000,"18":1600708500000,"19":1600707600000,"20":1600706700000,"21":1600705800000,"22":1600704900000,"23":1600704000000,"24":1600703100000,"25":1600702200000},"open":{"0":3265.77002,"1":3261.6001,"2":3255.98999,"3":3245.91992,"4":3235.27002,"5":3244.75,"6":3243.11011,"7":3248.28003,"8":3252.27002,"9":3255.15991,"10":3248.86011,"11":3244.11011,"12":3249.96997,"13":3254.31006,"14":3249.3999,"15":3247.83008,"16":3236.71997,"17":3236.54004,"18":3241.38989,"19":3238.6001,"20":3232.52002,"21":3238.3501,"22":3251.1499,"23":3264.04004,"24":3257.28003,"25":3285.57007},"high":{"0":3281.54004,"1":3268.53003,"2":3265.25,"3":3257.69995,"4":3247.09009,"5":3244.75,"6":3247.54004,"7":3250.16992,"8":3252.80005,"9":3259.21997,"10":3255.31006,"11":3248.8999,"12":3251.02002,"13":3255.97998,"14":3256.17993,"15":3257.26001,"16":3249.54004,"17":3241.82007,"18":3241.73999,"19":3249.5,"20":3242.28003,"21":3240.04004,"22":3251.1499,"23":3267.03003,"24":3266.98999,"25":3285.57007},"low":{"0":3263.95996,"1":3257.01001,"2":3255.98999,"3":3244.96997,"4":3233.71997,"5":3234.52002,"6":3239.40991,"7":3240.73999,"8":3243.78003,"9":3252.43994,"10":3248.86011,"11":3238.58008,"12":3241.96997,"13":3248.48999,"14":3247.26001,"15":3247.83008,"16":3236.53003,"17":3230.86011,"18":3230.93994,"19":3237.51001,"20":3231.84009,"21":3229.1001,"22":3236.29004,"23":3245.22998,"24":3254.12012,"25":3248.1499},"close":{"0":3281.54004,"1":3265.67993,"2":3261.62988,"3":3255.77002,"4":3245.94995,"5":3235.27002,"6":3244.76001,"7":3243.07007,"8":3248.31006,"9":3252.43994,"10":3255.19995,"11":3248.8999,"12":3244.12988,"13":3250.01001,"14":3254.20996,"15":3249.3501,"16":3247.80005,"17":3236.84009,"18":3236.78003,"19":3241.43994,"20":3238.6499,"21":3232.56006,"22":3238.6001,"23":3251.31006,"24":3264.01001,"25":3257.18994},"volume":{"0":292073557,"1":120891741,"2":92785275,"3":76240455,"4":60904297,"5":65357388,"6":57210716,"7":62824160,"8":57480031,"9":56681866,"10":56233585,"11":53620245,"12":62152488,"13":66533892,"14":59255764,"15":69832038,"16":70659459,"17":81699509,"18":86219333,"19":86790281,"20":97005567,"21":119156052,"22":127352652,"23":125652032,"24":158824533,"25":198066578}}