{"datetime":{"0":1670622300000,"1":1670621400000,"2":1670620500000,"3":1670619600000,"4":1670618700000,"5":1670617800000,"6":1670616900000,"7":1670616000000,"8":1670615100000,"9":1670614200000,"10":1670613300000,"11":1670612400000,"12":1670611500000,"13":1670610600000,"14":1670609700000,"15":1670608800000,"16":1670607900000,"17":1670607000000,"18":1670606100000,"19":1670605200000,"20":1670604300000,"21":1670603400000,"22":1670602500000,"23":1670601600000,"24":1670600700000,"25":1670599800000},"open":{"0":3942.63989,"1":3955.86011,"2":3961.87012,"3":3959.33008,"4":3958.28003,"5":3960.01001,"6":3958.33008,"7":3960.66992,"8":3961.1001,"9":3959.27002,"10":3960.20996,"11":3966.3999,"12":3969.17993,"13":3967.28003,"14":3974.42993,"15":3974.81006,"16":3971.90991,"17":3970.12012,"18":3963.84009,"19":3972.25,"20":3962.28003,"21":3958.42993,"22":3959.87988,"23":3957.87988,"24":3965.3501,"25":3954.16992},"high":{"0":3946.44995,"1":3956.67993,"2":3962.87988,"3":3963.44995,"4":3961.32007,"5":3961.67993,"6":3961.1499,"7":3961.1001,"8":3963.47998,"9":3963.3999,"10":3961.8501,"11":3966.3999,"12":3971.61011,"13":3973.1001,"14":3974.42993,"15":3975.38989,"16":3977.02002,"17":3973.48999,"18":3970.97998,"19":3975.13989,"20":3972.30005,"21":3966.94995,"22":3961.57007,"23":3966.6001,"24":3969.86011,"25":3965.67993},"low":{"0":3933.04004,"1":3942.05005,"2":3955.6499,"3":3958.16992,"4":3957.33008,"5":3956.88989,"6":3956.88989,"7":3952.02002,"8":3958.91992,"9":3958.38989,"10":3954.96997,"11":3956.6499,"12":3964.88989,"13":3967.03003,"14":3966.6001,"15":3970.08008,"16":3971.90991,"17":3964.63989,"18":3963.84009,"19":3963.65991,"20":3956.80005,"21":3956.52002,"22":3953.22998,"23":3949.59009,"24":3952.56006,"25":3943.75},"close":{"0":3934.36011,"1":3942.6001,"2":3955.87012,"3":3961.92993,"4":3959.41992,"5":3958.30005,"6":3960.06006,"7":3958.09009,"8":3960.67993,"9":3961.1499,"10":3959.3999,"11":3960.22998,"12":3966.38989,"13":3969.15991,"14":3967.26001,"15":3974.48999,"16":3974.83008,"17":3971.87988,"18":3970.1001,"19":3963.80005,"20":3972.30005,"21":3962.32007,"22":3958.42993,"23":3959.48999,"24":3957.58008,"25":3965.67993},"volume":{"0":185230049,"1":88952055,"2":59931578,"3":49955233,"4":45815795,"5":43868800,"6":48278630,"7":47689542,"8":39199389,"9":43539265,"10":45693486,"11":48515463,"12":42128952,"13":46353326,"14":43576181,"15":48392675,"16":49218242,"17":55014892,"18":56376154,"19":1189890583,"20":59757085,"21":69281420,"22":68643478,"23":89224175,"24":82066612,"25":93250550}}