{"datetime":{"0":1654206300000,"1":1654205400000,"2":1654204500000,"3":1654203600000,"4":1654202700000,"5":1654201800000,"6":1654200900000,"7":1654200000000,"8":1654199100000,"9":1654198200000,"10":1654197300000,"11":1654196400000,"12":1654195500000,"13":1654194600000,"14":1654193700000,"15":1654192800000,"16":1654191900000,"17":1654191000000,"18":1654190100000,"19":1654189200000,"20":1654188300000,"21":1654187400000,"22":1654186500000,"23":1654185600000,"24":1654184700000,"25":1654183800000},"open":{"0":4164.6499,"1":4156.47021,"2":4160.06006,"3":4150.58984,"4":4159.1001,"5":4155.6499,"6":4159.60986,"7":4153.91016,"8":4152.77002,"9":4146.83984,"10":4142.35986,"11":4146.43018,"12":4143.02979,"13":4142.81982,"14":4129.16992,"15":4126.25977,"16":4125.52979,"17":4119.43994,"18":4121.04004,"19":4101.08008,"20":4093.51001,"21":4081.70996,"22":4106.56982,"23":4085.58008,"24":4093.18994,"25":4095.40991},"high":{"0":4177.50977,"1":4164.6001,"2":4163.72998,"3":4160.52002,"4":4161.41016,"5":4160.93994,"6":4159.66016,"7":4159.81982,"8":4155.72021,"9":4152.77979,"10":4148.2998,"11":4149.5498,"12":4149.81006,"13":4149.33008,"14":4142.83984,"15":4129.97998,"16":4136.56982,"17":4126.58984,"18":4122.56006,"19":4121.95996,"20":4101.56982,"21":4095.11011,"22":4106.56982,"23":4108.0,"24":4095.11011,"25":4097.85986},"low":{"0":4161.68994,"1":4155.87988,"2":4153.8999,"3":4149.8501,"4":4150.24023,"5":4155.6499,"6":4153.7998,"7":4151.16016,"8":4149.1001,"9":4146.16992,"10":4140.91992,"11":4140.54004,"12":4142.99023,"13":4141.18994,"14":4129.16992,"15":4124.47998,"16":4124.4502,"17":4111.93018,"18":4115.75977,"19":4099.81006,"20":4088.8999,"21":4079.72998,"22":4074.37012,"23":4082.22998,"24":4077.05005,"25":4080.51001},"close":{"0":4176.81982,"1":4164.6001,"2":4156.45996,"3":4160.04004,"4":4150.56982,"5":4159.0498,"6":4155.62988,"7":4159.58008,"8":4153.87988,"9":4152.72021,"10":4146.83984,"11":4142.22998,"12":4146.41016,"13":4143.06006,"14":4142.77002,"15":4129.25977,"16":4126.2002,"17":4125.47998,"18":4119.2998,"19":4121.06982,"20":4101.06006,"21":4093.66992,"22":4081.66992,"23":4106.6499,"24":4085.6499,"25":4093.23999},"volume":{"0":226684796,"1":86359699,"2":68865989,"3":50834386,"4":62286439,"5":47098297,"6":48269733,"7":52640395,"8":49475742,"9":44734938,"10":46874453,"11":51675167,"12":44862715,"13":58755536,"14":46798220,"15":44075617,"16":54960004,"17":54404137,"18":60604316,"19":651182490,"20":1125376987,"21":65728161,"22":84359703,"23":88381400,"24":108889808,"25":110956893}}