{"datetime":{"0":1679690700000,"1":1679689800000,"2":1679688900000,"3":1679688000000,"4":1679687100000,"5":1679686200000,"6":1679685300000,"7":1679684400000,"8":1679683500000,"9":1679682600000,"10":1679681700000,"11":1679680800000,"12":1679679900000,"13":1679679000000,"14":1679678100000,"15":1679677200000,"16":1679676300000,"17":1679675400000,"18":1679674500000,"19":1679673600000,"20":1679672700000,"21":1679671800000,"22":1679670900000,"23":1679670000000,"24":1679669100000,"25":1679668200000},"open":{"0":3967.90991,"1":3969.31006,"2":3957.07007,"3":3961.33008,"4":3963.73999,"5":3956.17993,"6":3956.46997,"7":3950.15991,"8":3953.37988,"9":3950.47998,"10":3946.72998,"11":3947.53003,"12":3945.08008,"13":3937.82007,"14":3938.01001,"15":3945.79004,"16":3928.69995,"17":3922.71997,"18":3916.06006,"19":3929.66992,"20":3926.27002,"21":3938.79004,"22":3932.98999,"23":3930.94995,"24":3920.21997,"25":3939.20996},"high":{"0":3971.43994,"1":3972.73999,"2":3971.66992,"3":3962.16992,"4":3965.63989,"5":3964.38989,"6":3960.19995,"7":3956.93994,"8":3953.69995,"9":3957.91992,"10":3955.11011,"11":3950.69995,"12":3952.21997,"13":3945.54004,"14":3940.01001,"15":3954.12988,"16":3946.66992,"17":3928.52002,"18":3924.87012,"19":3933.66992,"20":3930.66992,"21":3943.33008,"22":3940.12988,"23":3939.09009,"24":3932.05005,"25":3939.20996},"low":{"0":3959.19995,"1":3967.0,"2":3956.69995,"3":3955.63989,"4":3959.30005,"5":3955.70996,"6":3954.01001,"7":3949.07007,"8":3945.33008,"9":3950.42993,"10":3941.95996,"11":3943.55005,"12":3945.08008,"13":3936.68994,"14":3932.03003,"15":3937.6499,"16":3928.69995,"17":3918.98999,"18":3915.86011,"19":3914.23999,"20":3923.03003,"21":3926.0,"22":3917.6499,"23":3925.91992,"24":3909.15991,"25":3915.51001},"close":{"0":3971.3501,"1":3967.90991,"2":3969.32007,"3":3957.01001,"4":3961.36011,"5":3963.67993,"6":3956.18994,"7":3956.46997,"8":3950.19995,"9":3953.3501,"10":3950.43994,"11":3946.69995,"12":3947.5,"13":3945.08008,"14":3937.82007,"15":3937.98999,"16":3945.81006,"17":3928.44995,"18":3922.87012,"19":3916.02002,"20":3929.48999,"21":3926.32007,"22":3938.63989,"23":3933.12012,"24":3931.04004,"25":3919.87988},"volume":{"0":233426873,"1":102601431,"2":82832891,"3":62656838,"4":60541180,"5":59754304,"6":56462442,"7":52906568,"8":57397671,"9":65167803,"10":63473362,"11":52905026,"12":58878617,"13":58947374,"14":1168082550,"15":81356581,"16":91779215,"17":67852400,"18":76851705,"19":85496832,"20":82329614,"21":86171393,"22":97006961,"23":113402730,"24":128744963,"25":123417573}}