{"datetime":{"0":1685483100000,"1":1685482200000,"2":1685481300000,"3":1685480400000,"4":1685479500000,"5":1685478600000,"6":1685477700000,"7":1685476800000,"8":1685475900000,"9":1685475000000,"10":1685474100000,"11":1685473200000,"12":1685472300000,"13":1685471400000,"14":1685470500000,"15":1685469600000,"16":1685468700000,"17":1685467800000,"18":1685466900000,"19":1685466000000,"20":1685465100000,"21":1685464200000,"22":1685463300000,"23":1685462400000,"24":1685461500000,"25":1685460600000},"open":{"0":4207.00977,"1":4207.39014,"2":4204.58984,"3":4206.9502,"4":4213.49023,"5":4205.02002,"6":4195.52979,"7":4194.6001,"8":4199.24023,"9":4199.02002,"10":4205.1499,"11":4209.83008,"12":4201.99023,"13":4205.75977,"14":4207.93994,"15":4211.6001,"16":4210.75977,"17":4209.27979,"18":4212.08984,"19":4211.27979,"20":4211.41992,"21":4211.12988,"22":4214.58008,"23":4218.41992,"24":4222.99023,"25":4224.93994},"high":{"0":4210.2002,"1":4210.24023,"2":4208.95996,"3":4207.62988,"4":4214.14014,"5":4213.56982,"6":4205.93018,"7":4196.25,"8":4202.33984,"9":4202.0498,"10":4207.04004,"11":4209.99023,"12":4210.18018,"13":4208.24023,"14":4210.47021,"15":4212.29004,"16":4212.9502,"17":4214.77002,"18":4212.24023,"19":4215.41992,"20":4215.02979,"21":4217.0,"22":4224.24023,"23":4218.41992,"24":4225.25,"25":4231.1001},"low":{"0":4200.89014,"1":4206.20996,"2":4202.77979,"3":4203.39014,"4":4206.39014,"5":4205.02002,"6":4194.66016,"7":4192.18018,"8":4194.16992,"9":4195.43994,"10":4198.10986,"11":4203.75977,"12":4201.60986,"13":4199.77002,"14":4204.62012,"15":4206.16016,"16":4208.97998,"17":4208.6499,"18":4201.9502,"19":4210.6001,"20":4208.39014,"21":4209.64014,"22":4207.52979,"23":4209.12012,"24":4215.56006,"25":4221.79004},"close":{"0":4205.47021,"1":4206.99023,"2":4207.41992,"3":4204.58984,"4":4206.97998,"5":4213.5498,"6":4205.06006,"7":4195.52002,"8":4194.56982,"9":4199.27002,"10":4199.10986,"11":4205.12012,"12":4209.81982,"13":4201.97021,"14":4205.79004,"15":4208.0,"16":4211.66992,"17":4210.79004,"18":4209.24023,"19":4212.04004,"20":4211.29004,"21":4211.56982,"22":4211.14014,"23":4214.62988,"24":4217.66016,"25":4223.0},"volume":{"0":239026531,"1":97242992,"2":68629624,"3":64887627,"4":67091222,"5":57247839,"6":56946199,"7":51520573,"8":51312205,"9":51541850,"10":51052103,"11":50631611,"12":51373944,"13":59928025,"14":56791735,"15":54248643,"16":61333684,"17":60495877,"18":75199712,"19":1761945271,"20":836485740,"21":83406902,"22":104945558,"23":119573525,"24":140347963,"25":175232657}}