{"datetime":{"0":1688766300000,"1":1688765400000,"2":1688764500000,"3":1688763600000,"4":1688762700000,"5":1688761800000,"6":1688760900000,"7":1688760000000,"8":1688759100000,"9":1688758200000,"10":1688757300000,"11":1688756400000,"12":1688755500000,"13":1688754600000,"14":1688753700000,"15":1688752800000,"16":1688751900000,"17":1688751000000,"18":1688750100000,"19":1688749200000,"20":1688748300000,"21":1688747400000,"22":1688746500000,"23":1688745600000,"24":1688744700000,"25":1688743800000},"open":{"0":4409.2998,"1":4417.0,"2":4424.4502,"3":4426.10986,"4":4426.0,"5":4431.87988,"6":4431.56006,"7":4431.7998,"8":4438.39014,"9":4440.2998,"10":4438.8501,"11":4436.4502,"12":4435.12988,"13":4424.70996,"14":4422.5,"15":4418.12988,"16":4415.1001,"17":4413.56006,"18":4412.41992,"19":4412.68994,"20":4408.87988,"21":4409.02979,"22":4414.5498,"23":4415.47998,"24":4405.7002,"25":4404.54004},"high":{"0":4410.64014,"1":4419.3999,"2":4424.93994,"3":4426.62988,"4":4427.16016,"5":4432.3999,"6":4432.02979,"7":4432.54004,"8":4438.39014,"9":4440.39014,"10":4440.37012,"11":4439.7002,"12":4436.68994,"13":4435.4502,"14":4424.81006,"15":4422.79004,"16":4418.22021,"17":4416.93018,"18":4414.3501,"19":4415.1001,"20":4413.02979,"21":4410.56006,"22":4414.87988,"23":4416.16992,"24":4415.93018,"25":4410.62012},"low":{"0":4397.3999,"1":4409.16016,"2":4416.52002,"3":4423.77979,"4":4425.0498,"5":4425.97998,"6":4429.54004,"7":4430.47998,"8":4429.72998,"9":4434.12988,"10":4438.27002,"11":4436.25977,"12":4432.27002,"13":4424.68018,"14":4421.91992,"15":4418.12988,"16":4413.41992,"17":4413.47998,"18":4411.12012,"19":4412.0498,"20":4408.7002,"21":4402.56982,"22":4406.97021,"23":4411.8501,"24":4405.7002,"25":4398.02979},"close":{"0":4398.75977,"1":4409.29004,"2":4416.97021,"3":4424.47021,"4":4426.10986,"5":4426.00977,"6":4431.87012,"7":4431.54004,"8":4431.8501,"9":4438.35986,"10":4440.27979,"11":4438.85986,"12":4436.37988,"13":4435.16016,"14":4424.68994,"15":4422.49023,"16":4418.08008,"17":4415.08008,"18":4413.54004,"19":4412.41992,"20":4412.70996,"21":4408.87012,"22":4409.77002,"23":4414.56006,"24":4415.41992,"25":4405.54004},"volume":{"0":225793765,"1":88031281,"2":62945367,"3":51056929,"4":43081264,"5":45479129,"6":41853500,"7":43398609,"8":47680719,"9":49560601,"10":44399022,"11":48437312,"12":47451360,"13":59692664,"14":46208481,"15":48117251,"16":53712461,"17":55047076,"18":51955029,"19":54288011,"20":524704321,"21":65590957,"22":66768102,"23":71051270,"24":76527837,"25":127847946}}