{"datetime":{"0":1620423900000,"1":1620423000000,"2":1620422100000,"3":1620421200000,"4":1620420300000,"5":1620419400000,"6":1620418500000,"7":1620417600000,"8":1620416700000,"9":1620415800000,"10":1620414900000,"11":1620414000000,"12":1620413100000,"13":1620412200000,"14":1620411300000,"15":1620410400000,"16":1620409500000,"17":1620408600000,"18":1620407700000,"19":1620406800000,"20":1620405900000,"21":1620405000000,"22":1620404100000,"23":1620403200000,"24":1620402300000,"25":1620401400000},"open":{"0":4232.85986,"1":4237.33008,"2":4235.31006,"3":4231.04004,"4":4228.6001,"5":4233.1001,"6":4229.24023,"7":4226.91992,"8":4228.93018,"9":4225.20996,"10":4227.50977,"11":4231.52002,"12":4229.1001,"13":4230.56006,"14":4231.39014,"15":4235.75977,"16":4237.97021,"17":4233.68018,"18":4235.6001,"19":4232.0,"20":4231.56006,"21":4231.3999,"22":4232.8999,"23":4219.97998,"24":4216.9502,"25":4210.33984},"high":{"0":4236.6001,"1":4237.83008,"2":4238.1001,"3":4235.33008,"4":4232.2998,"5":4233.2998,"6":4233.2998,"7":4230.6001,"8":4230.2998,"9":4230.1001,"10":4228.1001,"11":4231.7998,"12":4232.6001,"13":4230.6001,"14":4233.31006,"15":4235.93994,"16":4238.04004,"17":4238.02979,"18":4235.6001,"19":4235.91992,"20":4232.6499,"21":4234.58008,"22":4236.72021,"23":4234.47021,"24":4225.24023,"25":4217.66016},"low":{"0":4231.64014,"1":4233.1001,"2":4234.31982,"3":4230.06982,"4":4227.68994,"5":4226.66992,"6":4228.74023,"7":4222.7998,"8":4226.68018,"9":4225.20996,"10":4224.97021,"11":4227.75977,"12":4228.06982,"13":4227.1001,"14":4230.1001,"15":4231.25977,"16":4233.5,"17":4233.58984,"18":4231.0,"19":4231.0498,"20":4228.52979,"21":4231.22021,"22":4230.89014,"23":4219.16016,"24":4216.16992,"25":4201.64014},"close":{"0":4231.64014,"1":4233.60986,"2":4235.58008,"3":4235.2998,"4":4231.54004,"5":4227.91992,"6":4232.7998,"7":4228.99023,"8":4227.16992,"9":4228.68018,"10":4224.97021,"11":4228.00977,"12":4231.27002,"13":4228.8501,"14":4230.7002,"15":4231.35986,"16":4235.74023,"17":4237.95996,"18":4233.68018,"19":4235.52002,"20":4231.91992,"21":4231.68018,"22":4231.3501,"23":4232.99023,"24":4219.5,"25":4217.00977},"volume":{"0":0,"1":0,"2":0,"3":0,"4":0,"5":0,"6":0,"7":0,"8":0,"9":0,"10":0,"11":0,"12":0,"13":15516018,"14":48224653,"15":44754637,"16":47859530,"17":51152584,"18":52987996,"19":653351855,"20":65902252,"21":72630721,"22":83142308,"23":89929180,"24":102778363,"25":122106653}}