{"datetime":{"0":1691185500000,"1":1691184600000,"2":1691183700000,"3":1691182800000,"4":1691181900000,"5":1691181000000,"6":1691180100000,"7":1691179200000,"8":1691178300000,"9":1691177400000,"10":1691176500000,"11":1691175600000,"12":1691174700000,"13":1691173800000,"14":1691172900000,"15":1691172000000,"16":1691171100000,"17":1691170200000,"18":1691169300000,"19":1691168400000,"20":1691167500000,"21":1691166600000,"22":1691165700000,"23":1691164800000,"24":1691163900000,"25":1691163000000},"open":{"0":4475.6499,"1":4482.60986,"2":4486.41016,"3":4482.91016,"4":4487.54004,"5":4494.02979,"6":4508.66992,"7":4519.52002,"8":4526.18994,"9":4528.12988,"10":4535.00977,"11":4539.00977,"12":4539.91016,"13":4536.4502,"14":4530.5,"15":4530.02979,"16":4529.24023,"17":4527.2002,"18":4524.02002,"19":4524.81982,"20":4523.16992,"21":4515.41992,"22":4506.39014,"23":4514.64014,"24":4523.31982,"25":4514.1001},"high":{"0":4479.72998,"1":4484.97998,"2":4488.5,"3":4487.00977,"4":4491.83984,"5":4496.16016,"6":4508.66992,"7":4519.52002,"8":4529.1499,"9":4529.77979,"10":4535.00977,"11":4539.56982,"12":4540.33984,"13":4539.75977,"14":4536.41992,"15":4531.06982,"16":4531.08984,"17":4529.33008,"18":4527.43018,"19":4527.35986,"20":4525.72998,"21":4523.8999,"22":4516.1001,"23":4515.4502,"24":4530.22021,"25":4529.47021},"low":{"0":4474.5498,"1":4475.02002,"2":4479.41992,"3":4478.56982,"4":4479.79004,"5":4484.1499,"6":4491.2998,"7":4504.56006,"8":4518.47021,"9":4524.37988,"10":4526.37988,"11":4533.08008,"12":4538.31006,"13":4534.56006,"14":4528.49023,"15":4527.22021,"16":4527.91992,"17":4523.5498,"18":4523.66016,"19":4523.43018,"20":4520.16016,"21":4515.41992,"22":4503.68994,"23":4500.16992,"24":4513.56006,"25":4513.95996},"close":{"0":4478.5498,"1":4475.64014,"2":4482.6001,"3":4486.22021,"4":4482.93994,"5":4487.50977,"6":4494.04004,"7":4508.77002,"8":4519.56006,"9":4526.18018,"10":4528.12988,"11":4535.02979,"12":4539.0498,"13":4539.75977,"14":4536.39014,"15":4530.56982,"16":4530.12988,"17":4529.22998,"18":4527.2002,"19":4523.99023,"20":4524.75977,"21":4523.08984,"22":4515.6499,"23":4506.41992,"24":4514.97998,"25":4523.12012},"volume":{"0":235909103,"1":96477891,"2":73204807,"3":67992129,"4":72554908,"5":67119805,"6":74007887,"7":71929020,"8":53004657,"9":46464466,"10":51705791,"11":48846058,"12":47158497,"13":48425378,"14":55863988,"15":55399820,"16":57368226,"17":61886821,"18":60703346,"19":69666493,"20":1343550776,"21":87502680,"22":88594275,"23":103499443,"24":115542695,"25":182353230}}