{"datetime":{"0":1640727900000,"1":1640727000000,"2":1640726100000,"3":1640725200000,"4":1640724300000,"5":1640723400000,"6":1640722500000,"7":1640721600000,"8":1640720700000,"9":1640719800000,"10":1640718900000,"11":1640718000000,"12":1640717100000,"13":1640716200000,"14":1640715300000,"15":1640714400000,"16":1640713500000,"17":1640712600000,"18":1640711700000,"19":1640710800000,"20":1640709900000,"21":1640709000000,"22":1640708100000,"23":1640707200000,"24":1640706300000,"25":1640705400000},"open":{"0":4792.18018,"1":4788.7002,"2":4790.45996,"3":4788.41016,"4":4786.89014,"5":4785.58984,"6":4782.4502,"7":4790.33008,"8":4784.8999,"9":4787.72021,"10":4787.00977,"11":4786.83984,"12":4782.2002,"13":4787.70996,"14":4795.04004,"15":4799.12012,"16":4792.29004,"17":4794.6001,"18":4796.52979,"19":4797.10986,"20":4797.22998,"21":4798.4502,"22":4795.20996,"23":4804.18994,"24":4798.91992,"25":4795.41992},"high":{"0":4795.52979,"1":4794.24023,"2":4790.77979,"3":4790.47998,"4":4789.27979,"5":4787.47998,"6":4786.7002,"7":4790.39014,"8":4790.31982,"9":4788.12988,"10":4788.39014,"11":4788.85986,"12":4787.20996,"13":4788.93994,"14":4795.22021,"15":4799.49023,"16":4800.41992,"17":4795.37988,"18":4796.95996,"19":4800.06982,"20":4800.52979,"21":4803.02002,"22":4799.6001,"23":4806.22021,"24":4807.02002,"25":4800.3999},"low":{"0":4783.31982,"1":4784.8501,"2":4787.83008,"3":4785.27979,"4":4784.14014,"5":4784.9502,"6":4782.4502,"7":4781.54004,"8":4784.27979,"9":4784.39014,"10":4784.2002,"11":4785.02979,"12":4780.79004,"13":4780.04004,"14":4787.66016,"15":4794.16992,"16":4791.68994,"17":4791.52979,"18":4790.97998,"19":4796.47021,"20":4795.91016,"21":4794.95996,"22":4790.58984,"23":4792.8999,"24":4795.27002,"25":4791.3999},"close":{"0":4787.14014,"1":4792.2002,"2":4788.62012,"3":4790.45996,"4":4788.37012,"5":4786.8999,"6":4785.58984,"7":4782.43018,"8":4790.31982,"9":4784.89014,"10":4787.70996,"11":4786.99023,"12":4786.89014,"13":4782.22998,"14":4787.68018,"15":4795.0,"16":4799.08984,"17":4792.20996,"18":4794.6001,"19":4796.5498,"20":4797.10986,"21":4797.25,"22":4798.43994,"23":4795.16016,"24":4804.12012,"25":4799.18018},"volume":{"0":143574225,"1":58021496,"2":40715054,"3":37090093,"4":30778343,"5":27413075,"6":27819480,"7":31426478,"8":27667051,"9":28078931,"10":26469678,"11":28992410,"12":29289223,"13":36082694,"14":34547883,"15":30596557,"16":36368587,"17":42710747,"18":44513056,"19":42405317,"20":42486931,"21":52830037,"22":51473136,"23":69171168,"24":94965080,"25":114720365}}