{"datetime":{"0":1672436700000,"1":1672435800000,"2":1672434900000,"3":1672434000000,"4":1672433100000,"5":1672432200000,"6":1672431300000,"7":1672430400000,"8":1672429500000,"9":1672428600000,"10":1672427700000,"11":1672426800000,"12":1672425900000,"13":1672425000000,"14":1672424100000,"15":1672423200000,"16":1672422300000,"17":1672421400000,"18":1672420500000,"19":1672419600000,"20":1672418700000,"21":1672417800000,"22":1672416900000,"23":1672416000000,"24":1672415100000,"25":1672414200000},"open":{"0":3825.95996,"1":3817.96997,"2":3819.65991,"3":3805.65991,"4":3805.59009,"5":3806.31006,"6":3803.96997,"7":3808.46997,"8":3810.88989,"9":3807.91992,"10":3820.22998,"11":3824.0,"12":3822.08008,"13":3822.43994,"14":3819.91992,"15":3822.22998,"16":3817.73999,"17":3813.59009,"18":3816.80005,"19":3819.15991,"20":3821.42993,"21":3823.15991,"22":3818.08008,"23":3819.42993,"24":3824.25,"25":3829.06006},"high":{"0":3839.8501,"1":3827.45996,"2":3824.30005,"3":3820.78003,"4":3807.46997,"5":3808.68994,"6":3806.91992,"7":3809.62012,"8":3811.18994,"9":3814.80005,"10":3820.42993,"11":3824.04004,"12":3823.68994,"13":3825.40991,"14":3823.91992,"15":3823.1001,"16":3822.83008,"17":3820.44995,"18":3817.56006,"19":3821.53003,"20":3829.95996,"21":3823.70996,"22":3827.57007,"23":3819.90991,"24":3824.25,"25":3830.02002},"low":{"0":3825.68994,"1":3817.11011,"2":3817.37012,"3":3805.51001,"4":3802.19995,"5":3804.5,"6":3801.43994,"7":3801.87012,"8":3807.91992,"9":3807.53003,"10":3800.34009,"11":3819.71997,"12":3819.1001,"13":3821.05005,"14":3819.91992,"15":3819.11011,"16":3817.26001,"17":3812.15991,"18":3812.28003,"19":3816.1001,"20":3817.68994,"21":3818.86011,"22":3816.98999,"23":3811.87988,"24":3806.87988,"25":3817.19995},"close":{"0":3839.8501,"1":3825.94995,"2":3818.01001,"3":3819.65991,"4":3805.65991,"5":3805.67993,"6":3806.26001,"7":3803.96997,"8":3808.51001,"9":3810.91992,"10":3807.8999,"11":3820.22998,"12":3823.6499,"13":3822.06006,"14":3822.44995,"15":3819.93994,"16":3822.26001,"17":3817.75,"18":3813.53003,"19":3816.83008,"20":3819.21997,"21":3821.44995,"22":3823.12012,"23":3818.07007,"24":3818.57007,"25":3824.38989},"volume":{"0":202334077,"1":68321177,"2":57115280,"3":53949358,"4":37662975,"5":33957674,"6":36484862,"7":36373994,"8":845915445,"9":38051378,"10":47769883,"11":29937531,"12":32162995,"13":34641885,"14":33204470,"15":34441386,"16":35999432,"17":43150727,"18":44196812,"19":45231937,"20":50434638,"21":351427992,"22":56339007,"23":56648365,"24":69032268,"25":72480441}}