{"datetime":{"0":1647981900000,"1":1647981000000,"2":1647980100000,"3":1647979200000,"4":1647978300000,"5":1647977400000,"6":1647976500000,"7":1647975600000,"8":1647974700000,"9":1647973800000,"10":1647972900000,"11":1647972000000,"12":1647971100000,"13":1647970200000,"14":1647969300000,"15":1647968400000,"16":1647967500000,"17":1647966600000,"18":1647965700000,"19":1647964800000,"20":1647963900000,"21":1647963000000,"22":1647962100000,"23":1647961200000,"24":1647960300000,"25":1647959400000},"open":{"0":4515.25,"1":4507.72998,"2":4511.56006,"3":4507.39014,"4":4504.2002,"5":4503.29004,"6":4508.43994,"7":4512.1499,"8":4509.49023,"9":4507.4502,"10":4511.08008,"11":4507.54004,"12":4499.5,"13":4498.75,"14":4505.06982,"15":4504.47998,"16":4503.83008,"17":4511.33984,"18":4508.16016,"19":4505.27979,"20":4506.6001,"21":4502.41016,"22":4497.62012,"23":4489.0498,"24":4489.8999,"25":4469.1001},"high":{"0":4522.0,"1":4516.0,"2":4515.16992,"3":4512.24023,"4":4509.81982,"5":4506.75,"6":4511.91992,"7":4512.87012,"8":4513.0498,"9":4511.37988,"10":4512.39014,"11":4511.77002,"12":4508.08984,"13":4502.2998,"14":4505.7998,"15":4508.49023,"16":4507.97998,"17":4511.33984,"18":4513.7998,"19":4509.27002,"20":4509.33984,"21":4510.62012,"22":4504.16016,"23":4499.99023,"24":4491.0498,"25":4491.5498},"low":{"0":4505.91016,"1":4506.4502,"2":4505.93994,"3":4506.8999,"4":4501.7998,"5":4499.06006,"6":4498.91016,"7":4506.47021,"8":4506.7002,"9":4506.91992,"10":4503.37012,"11":4505.8999,"12":4498.18994,"13":4495.25,"14":4497.0,"15":4502.0498,"16":4502.52002,"17":4503.95996,"18":4508.08008,"19":4500.06982,"20":4504.1499,"21":4502.41016,"22":4494.58984,"23":4489.0498,"24":4483.9502,"25":4469.1001},"close":{"0":4512.56006,"1":4515.1001,"2":4507.72998,"3":4511.6499,"4":4507.64014,"5":4504.24023,"6":4503.29004,"7":4508.4502,"8":4512.18018,"9":4509.43994,"10":4507.4502,"11":4511.00977,"12":4507.58008,"13":4499.54004,"14":4498.68018,"15":4505.1001,"16":4504.5,"17":4503.95996,"18":4511.31982,"19":4508.12988,"20":4505.31006,"21":4506.66992,"22":4502.3501,"23":4497.68018,"24":4488.97021,"25":4490.02002},"volume":{"0":233843053,"1":1775791332,"2":73293533,"3":63481364,"4":50104041,"5":51520335,"6":55485287,"7":48245550,"8":46600985,"9":52174066,"10":51813122,"11":53782728,"12":49472736,"13":55157216,"14":51252894,"15":56903174,"16":52958757,"17":60144190,"18":59729057,"19":70211933,"20":68900015,"21":82963311,"22":80655754,"23":95829582,"24":110500158,"25":129521275}}