{"datetime":{"0":1662673500000,"1":1662672600000,"2":1662671700000,"3":1662670800000,"4":1662669900000,"5":1662669000000,"6":1662668100000,"7":1662667200000,"8":1662666300000,"9":1662665400000,"10":1662664500000,"11":1662663600000,"12":1662662700000,"13":1662661800000,"14":1662660900000,"15":1662660000000,"16":1662659100000,"17":1662658200000,"18":1662657300000,"19":1662656400000,"20":1662655500000,"21":1662654600000,"22":1662653700000,"23":1662652800000,"24":1662651900000,"25":1662651000000},"open":{"0":3986.27002,"1":3993.6001,"2":3991.12012,"3":3988.23999,"4":3993.71997,"5":3995.20996,"6":3992.41992,"7":3991.92993,"8":3998.07007,"9":3993.80005,"10":3992.87012,"11":3981.11011,"12":3981.84009,"13":3963.70996,"14":3961.76001,"15":3997.48999,"16":3998.8501,"17":4005.22998,"18":4008.11011,"19":4000.97998,"20":3995.42993,"21":3980.47998,"22":3968.48999,"23":3976.02002,"24":3969.65991,"25":3959.93994},"high":{"0":4006.8999,"1":3997.16992,"2":3996.59009,"3":3991.27002,"4":3994.66992,"5":4002.40991,"6":3997.22998,"7":3997.8999,"8":3999.04004,"9":4000.12988,"10":3996.73999,"11":3993.37012,"12":3985.63989,"13":3982.38989,"14":3965.25,"15":3998.90991,"16":4000.76001,"17":4007.07007,"18":4010.5,"19":4008.72998,"20":4001.19995,"21":3996.52002,"22":3986.30005,"23":3976.61011,"24":3978.26001,"25":3970.34009},"low":{"0":3985.96997,"1":3985.81006,"2":3990.34009,"3":3981.51001,"4":3986.18994,"5":3988.53003,"6":3989.69995,"7":3991.15991,"8":3984.75,"9":3989.40991,"10":3990.83008,"11":3974.03003,"12":3978.37988,"13":3963.70996,"14":3953.91992,"15":3957.33008,"16":3994.84009,"17":3995.81006,"18":4004.80005,"19":4000.47998,"20":3991.42993,"21":3977.97998,"22":3965.20996,"23":3960.79004,"24":3961.87012,"25":3944.81006},"close":{"0":4005.86011,"1":3986.32007,"2":3993.61011,"3":3991.12012,"4":3988.36011,"5":3993.70996,"6":3995.20996,"7":3992.43994,"8":3991.96997,"9":3998.25,"10":3993.82007,"11":3992.87012,"12":3981.21997,"13":3981.73999,"14":3963.45996,"15":3961.69995,"16":3997.66992,"17":3998.98999,"18":4005.27002,"19":4008.11011,"20":4000.97998,"21":3995.41992,"22":3980.48999,"23":3968.36011,"24":3974.8501,"25":3970.1499},"volume":{"0":206975049,"1":81171149,"2":58777584,"3":58884058,"4":49260720,"5":1522401874,"6":44746354,"7":42403151,"8":55676948,"9":45928000,"10":51091038,"11":52720326,"12":50355740,"13":59782725,"14":59797180,"15":94558945,"16":49064803,"17":871276445,"18":60950149,"19":70371779,"20":67844464,"21":1201082208,"22":85585132,"23":92328738,"24":178910533,"25":108614968}}