{"datetime":{"0":1654551900000,"1":1654551000000,"2":1654550100000,"3":1654549200000,"4":1654548300000,"5":1654547400000,"6":1654546500000,"7":1654545600000,"8":1654544700000,"9":1654543800000,"10":1654542900000,"11":1654542000000,"12":1654541100000,"13":1654540200000,"14":1654539300000,"15":1654538400000,"16":1654537500000,"17":1654536600000,"18":1654535700000,"19":1654534800000,"20":1654533900000,"21":1654533000000,"22":1654532100000,"23":1654531200000,"24":1654530300000,"25":1654529400000},"open":{"0":4121.02002,"1":4114.06982,"2":4117.77979,"3":4121.66992,"4":4122.25,"5":4121.0498,"6":4135.45996,"7":4141.27979,"8":4136.33008,"9":4122.25977,"10":4121.74023,"11":4126.85986,"12":4123.6499,"13":4116.16992,"14":4118.75977,"15":4140.7998,"16":4141.43018,"17":4136.9502,"18":4147.35986,"19":4164.10986,"20":4164.56982,"21":4162.85986,"22":4165.9502,"23":4154.06006,"24":4150.41016,"25":4134.72021},"high":{"0":4126.62012,"1":4121.47998,"2":4120.75,"3":4124.68994,"4":4125.49023,"5":4123.02979,"6":4135.75,"7":4141.5,"8":4141.3501,"9":4137.97998,"10":4123.22998,"11":4126.85986,"12":4127.45996,"13":4124.37988,"14":4122.97021,"15":4140.7998,"16":4144.77002,"17":4141.68018,"18":4147.50977,"19":4167.27002,"20":4167.81006,"21":4166.39014,"22":4166.64014,"23":4168.77979,"24":4153.8501,"25":4157.22021},"low":{"0":4114.06982,"1":4109.18994,"2":4109.18018,"3":4115.16016,"4":4112.56006,"5":4117.06006,"6":4119.0498,"7":4135.12012,"8":4132.87012,"9":4121.37988,"10":4117.08008,"11":4119.31982,"12":4119.75,"13":4111.75977,"14":4115.18018,"15":4117.4502,"16":4137.75,"17":4132.74023,"18":4131.33008,"19":4145.47021,"20":4160.47021,"21":4159.41016,"22":4158.2002,"23":4153.75977,"24":4140.5498,"25":4134.72021},"close":{"0":4120.91992,"1":4120.87012,"2":4114.16992,"3":4117.81006,"4":4121.60986,"5":4122.24023,"6":4121.25977,"7":4135.37988,"8":4141.3501,"9":4136.37012,"10":4122.29004,"11":4121.77979,"12":4126.7998,"13":4123.60986,"14":4116.31006,"15":4118.74023,"16":4140.93018,"17":4141.35986,"18":4136.9502,"19":4147.33984,"20":4164.20996,"21":4164.56982,"22":4162.85986,"23":4165.89014,"24":4153.8501,"25":4150.64014},"volume":{"0":192302712,"1":77983937,"2":56968127,"3":44947390,"4":50867201,"5":42614196,"6":44739990,"7":42441346,"8":50586411,"9":43867843,"10":36151203,"11":36246565,"12":38897736,"13":41340572,"14":42620155,"15":52620013,"16":43098318,"17":47306459,"18":62589424,"19":57954041,"20":53266946,"21":62988271,"22":69162613,"23":103412370,"24":87931355,"25":112510141}}