{"datetime":{"0":1662759900000,"1":1662759000000,"2":1662758100000,"3":1662757200000,"4":1662756300000,"5":1662755400000,"6":1662754500000,"7":1662753600000,"8":1662752700000,"9":1662751800000,"10":1662750900000,"11":1662750000000,"12":1662749100000,"13":1662748200000,"14":1662747300000,"15":1662746400000,"16":1662745500000,"17":1662744600000,"18":1662743700000,"19":1662742800000,"20":1662741900000,"21":1662741000000,"22":1662740100000,"23":1662739200000,"24":1662738300000,"25":1662737400000},"open":{"0":4076.38989,"1":4073.02002,"2":4074.66992,"3":4069.09009,"4":4067.82007,"5":4070.70996,"6":4068.25,"7":4066.52002,"8":4064.91992,"9":4065.03003,"10":4065.81006,"11":4061.58008,"12":4055.06006,"13":4050.20996,"14":4054.3999,"15":4058.3999,"16":4059.88989,"17":4057.18994,"18":4056.65991,"19":4061.37012,"20":4061.37988,"21":4053.34009,"22":4049.8501,"23":4045.3999,"24":4033.18994,"25":4022.93994},"high":{"0":4076.38989,"1":4076.81006,"2":4074.93994,"3":4074.71997,"4":4069.52002,"5":4070.87012,"6":4070.80005,"7":4068.32007,"8":4067.52002,"9":4069.81006,"10":4067.02002,"11":4065.44995,"12":4061.77002,"13":4056.83008,"14":4054.3999,"15":4059.12988,"16":4060.37988,"17":4062.46997,"18":4059.47998,"19":4063.30005,"20":4063.79004,"21":4062.53003,"22":4056.87012,"23":4054.21997,"24":4045.3501,"25":4041.0},"low":{"0":4067.37012,"1":4070.38989,"2":4071.38989,"3":4068.02002,"4":4064.11011,"5":4065.8501,"6":4067.80005,"7":4062.20996,"8":4063.91992,"9":4064.8501,"10":4064.34009,"11":4057.16992,"12":4052.82007,"13":4048.16992,"14":4045.96997,"15":4048.87988,"16":4054.32007,"17":4053.45996,"18":4050.47998,"19":4053.5,"20":4058.01001,"21":4051.80005,"22":4045.8501,"23":4043.84009,"24":4028.07007,"25":4022.93994},"close":{"0":4067.62012,"1":4076.55005,"2":4072.98999,"3":4074.67993,"4":4069.05005,"5":4067.84009,"6":4070.69995,"7":4068.22998,"8":4067.40991,"9":4064.93994,"10":4064.98999,"11":4065.08008,"12":4061.58008,"13":4055.06006,"14":4050.16992,"15":4054.41992,"16":4058.34009,"17":4059.94995,"18":4057.21997,"19":4056.68994,"20":4061.3999,"21":4061.3501,"22":4053.18994,"23":4049.82007,"24":4045.3501,"25":4033.1001},"volume":{"0":219561364,"1":92084196,"2":60519045,"3":60420972,"4":49564406,"5":52573852,"6":46113164,"7":46553163,"8":40437581,"9":41829428,"10":1091789438,"11":42889706,"12":42835385,"13":975937958,"14":45168555,"15":54074293,"16":51768288,"17":64683271,"18":62207301,"19":61910243,"20":583439112,"21":72844751,"22":76745001,"23":85263012,"24":131382152,"25":100861819}}