{"datetime":{"0":1613079900000,"1":1613079000000,"2":1613078100000,"3":1613077200000,"4":1613076300000,"5":1613075400000,"6":1613074500000,"7":1613073600000,"8":1613072700000,"9":1613071800000,"10":1613070900000,"11":1613070000000,"12":1613069100000,"13":1613068200000,"14":1613067300000,"15":1613066400000,"16":1613065500000,"17":1613064600000,"18":1613063700000,"19":1613062800000,"20":1613061900000,"21":1613061000000,"22":1613060100000,"23":1613059200000,"24":1613058300000,"25":1613057400000},"open":{"0":3908.96997,"1":3910.41992,"2":3912.1001,"3":3906.69995,"4":3905.1001,"5":3901.38989,"6":3899.02002,"7":3903.38989,"8":3906.80005,"9":3905.80005,"10":3903.6001,"11":3902.1001,"12":3896.80005,"13":3895.23999,"14":3911.03003,"15":3914.20996,"16":3918.21997,"17":3915.06006,"18":3913.1499,"19":3914.55005,"20":3919.20996,"21":3918.30005,"22":3917.46997,"23":3912.94995,"24":3921.75,"25":3916.3999},"high":{"0":3918.80005,"1":3912.8999,"2":3913.30005,"3":3912.65991,"4":3907.6001,"5":3904.80005,"6":3903.30005,"7":3903.80005,"8":3907.1001,"9":3908.8999,"10":3907.80005,"11":3904.1001,"12":3902.30005,"13":3902.84009,"14":3911.03003,"15":3915.66992,"16":3918.34009,"17":3918.36011,"18":3915.78003,"19":3916.58008,"20":3922.18994,"21":3920.58008,"22":3920.62012,"23":3918.23999,"24":3925.98999,"25":3925.81006},"low":{"0":3908.96997,"1":3907.6001,"2":3908.66992,"3":3905.0,"4":3902.81006,"5":3898.63989,"6":3897.45996,"7":3897.55005,"8":3903.37988,"9":3903.83008,"10":3902.62012,"11":3896.76001,"12":3889.77002,"13":3895.23999,"14":3895.25,"15":3910.8999,"16":3912.33008,"17":3914.97998,"18":3912.6001,"19":3910.72998,"20":3913.67993,"21":3914.42993,"22":3915.65991,"23":3912.5,"24":3913.15991,"25":3916.3999},"close":{"0":3918.30005,"1":3909.80005,"2":3909.91992,"3":3911.16992,"4":3906.80005,"5":3904.80005,"6":3901.63989,"7":3899.27002,"8":3903.63989,"9":3906.12012,"10":3906.1001,"11":3903.80005,"12":3901.6499,"13":3896.6001,"14":3895.25,"15":3911.08008,"16":3914.25,"17":3918.17993,"18":3915.0,"19":3913.16992,"20":3914.55005,"21":3919.28003,"22":3918.0,"23":3917.41992,"24":3913.15991,"25":3921.84009},"volume":{"0":0,"1":0,"2":0,"3":0,"4":0,"5":0,"6":0,"7":0,"8":0,"9":0,"10":0,"11":0,"12":0,"13":62307390,"14":84481973,"15":53415101,"16":50745747,"17":49917134,"18":55553486,"19":65158159,"20":65168227,"21":64158455,"22":71165168,"23":78944466,"24":99665888,"25":111172125}}