{"datetime":{"0":1614203100000,"1":1614202200000,"2":1614201300000,"3":1614200400000,"4":1614199500000,"5":1614198600000,"6":1614197700000,"7":1614196800000,"8":1614195900000,"9":1614195000000,"10":1614194100000,"11":1614193200000,"12":1614192300000,"13":1614191400000,"14":1614190500000,"15":1614189600000,"16":1614188700000,"17":1614187800000,"18":1614186900000,"19":1614186000000,"20":1614185100000,"21":1614184200000,"22":1614183300000,"23":1614182400000,"24":1614181500000,"25":1614180600000},"open":{"0":3922.63989,"1":3924.66992,"2":3922.1001,"3":3918.6499,"4":3921.80005,"5":3922.0,"6":3919.45996,"7":3927.30005,"8":3926.6499,"9":3920.79004,"10":3916.63989,"11":3911.98999,"12":3915.36011,"13":3915.73999,"14":3912.1001,"15":3905.8999,"16":3901.6001,"17":3901.5,"18":3896.41992,"19":3890.80005,"20":3884.94995,"21":3881.77002,"22":3864.93994,"23":3869.8999,"24":3866.88989,"25":3869.67993},"high":{"0":3929.30005,"1":3928.6001,"2":3926.1001,"3":3921.53003,"4":3922.30005,"5":3925.1001,"6":3923.30005,"7":3928.30005,"8":3927.1001,"9":3928.1001,"10":3921.6001,"11":3917.30005,"12":3916.3501,"13":3919.1001,"14":3915.6001,"15":3912.1001,"16":3907.6001,"17":3906.1001,"18":3905.6001,"19":3896.90991,"20":3892.66992,"21":3886.1001,"22":3883.19995,"23":3876.30005,"24":3877.88989,"25":3878.17993},"low":{"0":3922.62988,"1":3920.8999,"2":3918.52002,"3":3917.37012,"4":3916.70996,"5":3919.22998,"6":3918.73999,"7":3918.45996,"8":3924.1001,"9":3920.04004,"10":3914.6499,"11":3908.67993,"12":3911.80005,"13":3914.73999,"14":3910.6001,"15":3905.8999,"16":3900.17993,"17":3900.18994,"18":3896.41992,"19":3889.40991,"20":3880.09009,"21":3877.03003,"22":3864.93994,"23":3859.80005,"24":3865.69995,"25":3860.93994},"close":{"0":3924.80005,"1":3923.12988,"2":3925.80005,"3":3921.53003,"4":3918.1499,"5":3921.98999,"6":3922.25,"7":3918.95996,"8":3926.80005,"9":3926.52002,"10":3920.29004,"11":3917.30005,"12":3912.1001,"13":3915.80005,"14":3915.48999,"15":3911.3501,"16":3906.6001,"17":3900.67993,"18":3900.62012,"19":3896.66992,"20":3890.6001,"21":3884.44995,"22":3881.27002,"23":3866.1001,"24":3870.0,"25":3867.88989},"volume":{"0":0,"1":0,"2":0,"3":0,"4":0,"5":0,"6":0,"7":0,"8":0,"9":0,"10":0,"11":0,"12":0,"13":0,"14":0,"15":0,"16":0,"17":0,"18":0,"19":0,"20":0,"21":0,"22":0,"23":0,"24":0,"25":0}}