{"datetime":{"0":1663710300000,"1":1663709400000,"2":1663708500000,"3":1663707600000,"4":1663706700000,"5":1663705800000,"6":1663704900000,"7":1663704000000,"8":1663703100000,"9":1663702200000,"10":1663701300000,"11":1663700400000,"12":1663699500000,"13":1663698600000,"14":1663697700000,"15":1663696800000,"16":1663695900000,"17":1663695000000,"18":1663694100000,"19":1663693200000,"20":1663692300000,"21":1663691400000,"22":1663690500000,"23":1663689600000,"24":1663688700000,"25":1663687800000},"open":{"0":3866.90991,"1":3857.11011,"2":3850.16992,"3":3848.41992,"4":3836.53003,"5":3841.46997,"6":3836.3999,"7":3829.44995,"8":3841.58008,"9":3841.94995,"10":3849.68994,"11":3857.54004,"12":3855.58008,"13":3861.72998,"14":3872.75,"15":3872.44995,"16":3859.97998,"17":3861.31006,"18":3864.04004,"19":3861.72998,"20":3853.31006,"21":3854.72998,"22":3850.38989,"23":3853.79004,"24":3854.47998,"25":3875.22998},"high":{"0":3869.26001,"1":3867.61011,"2":3859.88989,"3":3854.94995,"4":3850.87988,"5":3841.96997,"6":3845.54004,"7":3837.46997,"8":3842.46997,"9":3842.32007,"10":3850.1499,"11":3858.17993,"12":3858.95996,"13":3861.95996,"14":3873.53003,"15":3876.01001,"16":3873.43994,"17":3864.02002,"18":3865.21997,"19":3866.78003,"20":3862.28003,"21":3856.3501,"22":3856.66992,"23":3859.16992,"24":3860.36011,"25":3875.22998},"low":{"0":3853.03003,"1":3850.6499,"2":3848.46997,"3":3844.23999,"4":3835.83008,"5":3830.97998,"6":3832.75,"7":3829.1001,"8":3827.54004,"9":3836.09009,"10":3841.6001,"11":3848.73999,"12":3854.20996,"13":3854.76001,"14":3861.68994,"15":3870.37988,"16":3859.87988,"17":3858.0,"18":3859.3501,"19":3857.12012,"20":3851.84009,"21":3843.6001,"22":3846.78003,"23":3847.0,"24":3849.51001,"25":3851.16992},"close":{"0":3856.76001,"1":3866.73999,"2":3857.12012,"3":3850.18994,"4":3848.28003,"5":3836.57007,"6":3844.53003,"7":3836.31006,"8":3829.37988,"9":3841.56006,"10":3841.95996,"11":3849.69995,"12":3857.53003,"13":3855.57007,"14":3861.76001,"15":3872.87012,"16":3872.46997,"17":3859.98999,"18":3861.31006,"19":3863.96997,"20":3861.19995,"21":3854.33008,"22":3854.45996,"23":3850.26001,"24":3853.66992,"25":3854.46997},"volume":{"0":217743438,"1":102332459,"2":77153810,"3":1673046355,"4":3153091706,"5":3012116762,"6":1456434143,"7":1414017596,"8":63641115,"9":60528553,"10":60683562,"11":54366891,"12":53793546,"13":54812804,"14":48673280,"15":56127509,"16":56037872,"17":54653618,"18":62950814,"19":69379849,"20":621823480,"21":77506909,"22":83897972,"23":101573139,"24":109404977,"25":130915572}}