{"datetime":{"0":1627335900000,"1":1627335000000,"2":1627334100000,"3":1627333200000,"4":1627332300000,"5":1627331400000,"6":1627330500000,"7":1627329600000,"8":1627328700000,"9":1627327800000,"10":1627326900000,"11":1627326000000,"12":1627325100000,"13":1627324200000,"14":1627323300000,"15":1627322400000,"16":1627321500000,"17":1627320600000,"18":1627319700000,"19":1627318800000,"20":1627317900000,"21":1627317000000,"22":1627316100000,"23":1627315200000,"24":1627314300000,"25":1627313400000},"open":{"0":4418.8501,"1":4421.12012,"2":4419.99023,"3":4418.79004,"4":4417.33008,"5":4417.31006,"6":4416.3999,"7":4416.25977,"8":4416.1499,"9":4417.14014,"10":4417.72998,"11":4414.6001,"12":4413.3999,"13":4416.37988,"14":4417.25977,"15":4419.83008,"16":4417.72021,"17":4416.68994,"18":4412.2998,"19":4409.3999,"20":4405.97998,"21":4407.62012,"22":4408.1499,"23":4412.7998,"24":4409.77002,"25":4409.58008},"high":{"0":4422.72998,"1":4421.47021,"2":4421.27979,"3":4420.06006,"4":4419.31006,"5":4418.56006,"6":4417.37012,"7":4417.95996,"8":4416.62012,"9":4417.54004,"10":4419.77002,"11":4417.7002,"12":4414.62988,"13":4416.47021,"14":4417.6001,"15":4420.68994,"16":4420.12988,"17":4419.85986,"18":4417.24023,"19":4412.62988,"20":4411.95996,"21":4410.22021,"22":4409.7998,"23":4413.56006,"24":4413.52979,"25":4415.35986},"low":{"0":4417.27979,"1":4418.56982,"2":4418.83984,"3":4418.5498,"4":4417.33008,"5":4417.1499,"6":4414.81006,"7":4415.91992,"8":4415.02002,"9":4414.56982,"10":4417.0498,"11":4414.6001,"12":4412.97021,"13":4412.43994,"14":4416.06982,"15":4416.5498,"16":4417.58008,"17":4416.45996,"18":4412.2998,"19":4406.93018,"20":4405.4502,"21":4405.95996,"22":4407.02979,"23":4407.62988,"24":4409.77002,"25":4406.12988},"close":{"0":4422.56006,"1":4418.8501,"2":4421.14014,"3":4419.9502,"4":4418.74023,"5":4417.33008,"6":4417.33984,"7":4416.37988,"8":4416.25,"9":4416.18994,"10":4417.12988,"11":4417.7002,"12":4414.62988,"13":4413.43018,"14":4416.37988,"15":4417.27979,"16":4419.87988,"17":4417.62988,"18":4416.58984,"19":4412.25977,"20":4409.41016,"21":4405.95996,"22":4407.77002,"23":4408.12988,"24":4412.8999,"25":4409.62012},"volume":{"0":1553539567,"1":73159779,"2":50075211,"3":44540105,"4":1190914166,"5":37338960,"6":42622825,"7":39133309,"8":1033693861,"9":33711631,"10":32699537,"11":34234568,"12":898699307,"13":40075678,"14":38062259,"15":41423628,"16":742019144,"17":45675207,"18":48804307,"19":49239601,"20":59069587,"21":68257072,"22":64065400,"23":92898300,"24":105712192,"25":121997420}}