{"datetime":{"0":1678139100000,"1":1678138200000,"2":1678137300000,"3":1678136400000,"4":1678135500000,"5":1678134600000,"6":1678133700000,"7":1678132800000,"8":1678131900000,"9":1678131000000,"10":1678130100000,"11":1678129200000,"12":1678128300000,"13":1678127400000,"14":1678126500000,"15":1678125600000,"16":1678124700000,"17":1678123800000,"18":1678122900000,"19":1678122000000,"20":1678121100000,"21":1678120200000,"22":1678119300000,"23":1678118400000,"24":1678117500000,"25":1678116600000},"open":{"0":4050.30005,"1":4045.15991,"2":4049.26001,"3":4051.28003,"4":4055.86011,"5":4053.55005,"6":4056.58008,"7":4052.57007,"8":4056.86011,"9":4060.18994,"10":4059.87012,"11":4062.73999,"12":4066.91992,"13":4072.30005,"14":4075.54004,"15":4072.02002,"16":4069.44995,"17":4069.02002,"18":4075.47998,"19":4070.47998,"20":4076.92993,"21":4070.91992,"22":4068.62012,"23":4062.53003,"24":4060.54004,"25":4055.1499},"high":{"0":4052.01001,"1":4050.52002,"2":4049.66992,"3":4054.02002,"4":4055.86011,"5":4055.86011,"6":4056.58008,"7":4057.11011,"8":4056.86011,"9":4060.56006,"10":4062.43994,"11":4062.97998,"12":4067.07007,"13":4072.30005,"14":4077.84009,"15":4075.48999,"16":4072.95996,"17":4071.3999,"18":4078.48999,"19":4075.8501,"20":4077.37012,"21":4077.13989,"22":4074.12012,"23":4069.6001,"24":4062.44995,"25":4061.67993},"low":{"0":4047.48999,"1":4044.61011,"2":4045.18994,"3":4048.36011,"4":4049.92993,"5":4051.93994,"6":4050.75,"7":4051.6001,"8":4050.58008,"9":4054.34009,"10":4058.23999,"11":4057.55005,"12":4060.36011,"13":4066.87988,"14":4071.15991,"15":4071.06006,"16":4066.84009,"17":4068.37988,"18":4068.25,"19":4070.36011,"20":4070.52002,"21":4069.96997,"22":4068.07007,"23":4057.17993,"24":4055.01001,"25":4051.82007},"close":{"0":4048.45996,"1":4050.30005,"2":4045.19995,"3":4049.03003,"4":4051.23999,"5":4055.86011,"6":4053.55005,"7":4056.58008,"8":4052.57007,"9":4056.97998,"10":4060.19995,"11":4059.87988,"12":4062.79004,"13":4066.97998,"14":4072.27002,"15":4075.42993,"16":4072.05005,"17":4069.44995,"18":4068.98999,"19":4075.75,"20":4070.56006,"21":4076.91992,"22":4070.8501,"23":4068.45996,"24":4062.44995,"25":4060.66992},"volume":{"0":163748217,"1":89735952,"2":71564085,"3":65548044,"4":56103051,"5":50832185,"6":50362119,"7":49379232,"8":47616624,"9":48707303,"10":49374438,"11":45632882,"12":54735839,"13":46851528,"14":47042679,"15":48983144,"16":49513132,"17":54503900,"18":62845025,"19":59214111,"20":74222786,"21":77981223,"22":76973895,"23":87636295,"24":85396725,"25":109175079}}