{"datetime":{"0":1667857500000,"1":1667856600000,"2":1667855700000,"3":1667854800000,"4":1667853900000,"5":1667853000000,"6":1667852100000,"7":1667851200000,"8":1667850300000,"9":1667849400000,"10":1667848500000,"11":1667847600000,"12":1667846700000,"13":1667845800000,"14":1667844900000,"15":1667844000000,"16":1667843100000,"17":1667842200000,"18":1667841300000,"19":1667840400000,"20":1667839500000,"21":1667838600000,"22":1667837700000,"23":1667836800000,"24":1667835900000,"25":1667835000000},"open":{"0":3809.52002,"1":3810.23999,"2":3808.70996,"3":3801.83008,"4":3806.3999,"5":3803.62988,"6":3796.84009,"7":3787.46997,"8":3782.82007,"9":3784.23999,"10":3785.34009,"11":3778.12988,"12":3779.01001,"13":3779.75,"14":3776.45996,"15":3770.73999,"16":3772.79004,"17":3786.54004,"18":3778.47998,"19":3784.21997,"20":3777.05005,"21":3776.33008,"22":3783.90991,"23":3768.72998,"24":3778.8999,"25":3780.70996},"high":{"0":3811.33008,"1":3813.94995,"2":3811.58008,"3":3808.71997,"4":3807.72998,"5":3808.33008,"6":3804.06006,"7":3796.8501,"8":3787.56006,"9":3785.43994,"10":3786.88989,"11":3787.78003,"12":3780.97998,"13":3781.53003,"14":3780.33008,"15":3778.92993,"16":3776.08008,"17":3789.53003,"18":3788.75,"19":3786.68994,"20":3784.87012,"21":3779.12012,"22":3791.52002,"23":3784.29004,"24":3780.88989,"25":3789.88989},"low":{"0":3802.18994,"1":3807.08008,"2":3807.0,"3":3801.83008,"4":3801.34009,"5":3803.13989,"6":3796.84009,"7":3787.46997,"8":3782.65991,"9":3780.05005,"10":3781.59009,"11":3778.0,"12":3774.28003,"13":3776.56006,"14":3773.55005,"15":3767.12012,"16":3770.72998,"17":3771.45996,"18":3778.47998,"19":3777.73999,"20":3774.80005,"21":3771.67993,"22":3772.93994,"23":3768.72998,"24":3764.69995,"25":3771.21997},"close":{"0":3807.37012,"1":3809.47998,"2":3810.23999,"3":3808.71997,"4":3801.72998,"5":3806.37988,"6":3803.25,"7":3796.8501,"8":3787.43994,"9":3782.84009,"10":3784.20996,"11":3785.36011,"12":3778.1001,"13":3779.08008,"14":3779.73999,"15":3776.3999,"16":3770.75,"17":3772.80005,"18":3786.63989,"19":3778.57007,"20":3784.21997,"21":3776.84009,"22":3776.03003,"23":3783.79004,"24":3768.57007,"25":3779.01001},"volume":{"0":197924631,"1":105514873,"2":1790208141,"3":69960063,"4":64333712,"5":66215289,"6":63249499,"7":59862522,"8":50605187,"9":2672153764,"10":49635335,"11":54179121,"12":49166891,"13":1160337166,"14":54122805,"15":1043287523,"16":62128451,"17":70311751,"18":73420228,"19":773628582,"20":83079576,"21":90685566,"22":94611214,"23":515425355,"24":338607307,"25":132464404}}