{"datetime":{"0":1679604300000,"1":1679603400000,"2":1679602500000,"3":1679601600000,"4":1679600700000,"5":1679599800000,"6":1679598900000,"7":1679598000000,"8":1679597100000,"9":1679596200000,"10":1679595300000,"11":1679594400000,"12":1679593500000,"13":1679592600000,"14":1679591700000,"15":1679590800000,"16":1679589900000,"17":1679589000000,"18":1679588100000,"19":1679587200000,"20":1679586300000,"21":1679585400000,"22":1679584500000,"23":1679583600000,"24":1679582700000,"25":1679581800000},"open":{"0":3943.91992,"1":3933.1001,"2":3941.22998,"3":3937.05005,"4":3925.88989,"5":3943.21997,"6":3964.29004,"7":3962.79004,"8":3975.37988,"9":3967.87012,"10":3974.70996,"11":3982.22998,"12":3987.76001,"13":3991.28003,"14":3990.70996,"15":3995.47998,"16":3994.12012,"17":3994.3501,"18":4003.51001,"19":3999.0,"20":3986.33008,"21":3982.06006,"22":3982.12012,"23":3974.56006,"24":3973.3999,"25":3959.20996},"high":{"0":3963.54004,"1":3945.23999,"2":3944.1499,"3":3960.82007,"4":3937.12988,"5":3947.58008,"6":3964.86011,"7":3967.77002,"8":3975.48999,"9":3976.1499,"10":3977.52002,"11":3985.3999,"12":3987.76001,"13":3994.68994,"14":3993.91992,"15":3997.98999,"16":4000.59009,"17":4001.11011,"18":4004.30005,"19":4007.65991,"20":4000.25,"21":3986.73999,"22":3987.33008,"23":3984.91992,"24":3976.1499,"25":3975.32007},"low":{"0":3943.59009,"1":3927.62012,"2":3919.05005,"3":3936.31006,"4":3920.61011,"5":3925.46997,"6":3943.29004,"7":3959.43994,"8":3961.95996,"9":3967.04004,"10":3963.15991,"11":3971.87988,"12":3980.56006,"13":3983.88989,"14":3986.58008,"15":3990.17993,"16":3992.95996,"17":3993.86011,"18":3994.01001,"19":3999.0,"20":3986.06006,"21":3979.02002,"22":3978.47998,"23":3974.46997,"24":3969.69995,"25":3959.20996},"close":{"0":3947.79004,"1":3944.09009,"2":3933.03003,"3":3941.20996,"4":3937.03003,"5":3925.58008,"6":3943.29004,"7":3964.27002,"8":3962.71997,"9":3975.38989,"10":3967.8999,"11":3974.78003,"12":3982.22998,"13":3987.87012,"14":3991.28003,"15":3990.73999,"16":3995.67993,"17":3994.07007,"18":3994.34009,"19":4003.53003,"20":3998.94995,"21":3986.34009,"22":3982.05005,"23":3982.03003,"24":3974.31006,"25":3973.3999},"volume":{"0":265559894,"1":119469762,"2":111055626,"3":130387657,"4":99039804,"5":91476817,"6":74443327,"7":67674523,"8":63546275,"9":60989227,"10":81301368,"11":63199937,"12":61752660,"13":66005062,"14":68926681,"15":72036414,"16":69316340,"17":65970412,"18":77064394,"19":76658337,"20":80119269,"21":77505406,"22":86170796,"23":98174586,"24":96194712,"25":119059747}}