{"datetime":{"0":1626471900000,"1":1626471000000,"2":1626470100000,"3":1626469200000,"4":1626468300000,"5":1626467400000,"6":1626466500000,"7":1626465600000,"8":1626464700000,"9":1626463800000,"10":1626462900000,"11":1626462000000,"12":1626461100000,"13":1626460200000,"14":1626459300000,"15":1626458400000,"16":1626457500000,"17":1626456600000,"18":1626455700000,"19":1626454800000,"20":1626453900000,"21":1626453000000,"22":1626452100000,"23":1626451200000,"24":1626450300000,"25":1626449400000},"open":{"0":4326.68994,"1":4330.87012,"2":4332.49023,"3":4335.1001,"4":4335.31982,"5":4339.04004,"6":4341.04004,"7":4344.8501,"8":4344.72998,"9":4349.0498,"10":4353.06006,"11":4350.62988,"12":4350.56982,"13":4351.7998,"14":4353.87988,"15":4349.33984,"16":4346.75,"17":4344.33984,"18":4345.87988,"19":4351.3501,"20":4347.9502,"21":4345.97021,"22":4354.91992,"23":4365.06982,"24":4366.37012,"25":4367.43018},"high":{"0":4328.9502,"1":4332.18994,"2":4336.18994,"3":4335.1001,"4":4336.41992,"5":4340.93994,"6":4344.54004,"7":4344.89014,"8":4346.7002,"9":4349.10986,"10":4354.08984,"11":4353.18994,"12":4352.2998,"13":4353.22021,"14":4355.41016,"15":4354.18994,"16":4350.9502,"17":4350.31006,"18":4348.99023,"19":4352.66016,"20":4354.18994,"21":4351.95996,"22":4356.29004,"23":4365.70996,"24":4368.62988,"25":4375.08984},"low":{"0":4322.52979,"1":4326.5498,"2":4330.52979,"3":4328.97021,"4":4333.62012,"5":4334.5,"6":4339.12012,"7":4340.02002,"8":4344.6001,"9":4344.02002,"10":4349.14014,"11":4349.81006,"12":4348.89014,"13":4349.62012,"14":4351.75977,"15":4349.31006,"16":4343.72998,"17":4343.99023,"18":4342.97998,"19":4344.1499,"20":4346.49023,"21":4345.5498,"22":4344.93994,"23":4353.72998,"24":4362.87988,"25":4366.25977},"close":{"0":4326.81006,"1":4326.72021,"2":4330.85986,"3":4332.54004,"4":4335.04004,"5":4335.35986,"6":4339.12012,"7":4341.04004,"8":4344.83008,"9":4344.75,"10":4349.1499,"11":4353.06982,"12":4350.6499,"13":4350.52979,"14":4351.7998,"15":4353.8999,"16":4349.31006,"17":4346.68018,"18":4344.43018,"19":4345.87988,"20":4351.33984,"21":4347.95996,"22":4346.1001,"23":4354.97021,"24":4365.00977,"25":4366.50977},"volume":{"0":171282915,"1":100240695,"2":64262725,"3":68998000,"4":56121145,"5":53542747,"6":44437445,"7":54397012,"8":49182916,"9":47200978,"10":39972073,"11":36572756,"12":36560018,"13":37009985,"14":44935578,"15":41335240,"16":43889065,"17":49272768,"18":48505981,"19":59075785,"20":62477728,"21":68988618,"22":74143499,"23":79880486,"24":77024755,"25":88623081}}