{"datetime":{"0":1608068700000,"1":1608067800000,"2":1608066900000,"3":1608066000000,"4":1608065100000,"5":1608064200000,"6":1608063300000,"7":1608062400000,"8":1608061500000,"9":1608060600000,"10":1608059700000,"11":1608058800000,"12":1608057900000,"13":1608057000000,"14":1608056100000,"15":1608055200000,"16":1608054300000,"17":1608053400000,"18":1608052500000,"19":1608051600000,"20":1608050700000,"21":1608049800000,"22":1608048900000,"23":1608048000000,"24":1608047100000,"25":1608046200000},"open":{"0":3690.36011,"1":3689.0,"2":3693.31006,"3":3691.93994,"4":3694.37012,"5":3691.6499,"6":3693.73999,"7":3691.56006,"8":3687.79004,"9":3687.29004,"10":3689.09009,"11":3684.42993,"12":3679.73999,"13":3675.33008,"14":3673.43994,"15":3670.90991,"16":3671.59009,"17":3666.8999,"18":3666.6499,"19":3667.3501,"20":3664.20996,"21":3665.75,"22":3669.3501,"23":3667.80005,"24":3672.77002,"25":3666.40991},"high":{"0":3694.62012,"1":3690.77002,"2":3694.19995,"3":3695.29004,"4":3695.09009,"5":3695.08008,"6":3694.32007,"7":3694.15991,"8":3692.08008,"9":3689.22998,"10":3690.44995,"11":3690.83008,"12":3684.91992,"13":3680.53003,"14":3676.08008,"15":3674.13989,"16":3671.59009,"17":3671.81006,"18":3667.48999,"19":3667.3501,"20":3667.95996,"21":3668.97998,"22":3670.16992,"23":3670.92993,"24":3673.80005,"25":3678.01001},"low":{"0":3688.59009,"1":3686.37988,"2":3688.92993,"3":3690.97998,"4":3691.8501,"5":3691.62988,"6":3691.51001,"7":3689.68994,"8":3687.72998,"9":3687.29004,"10":3687.13989,"11":3683.8999,"12":3679.73999,"13":3675.33008,"14":3672.82007,"15":3670.58008,"16":3667.40991,"17":3665.54004,"18":3664.03003,"19":3659.62012,"20":3663.90991,"21":3660.83008,"22":3664.3501,"23":3665.53003,"24":3666.87012,"25":3666.40991},"close":{"0":3694.47998,"1":3690.37012,"2":3689.12012,"3":3693.26001,"4":3691.90991,"5":3694.3999,"6":3691.66992,"7":3693.69995,"8":3691.54004,"9":3687.79004,"10":3687.32007,"11":3689.13989,"12":3684.44995,"13":3679.72998,"14":3675.33008,"15":3673.40991,"16":3670.87988,"17":3671.63989,"18":3666.91992,"19":3666.72998,"20":3667.31006,"21":3664.22998,"22":3665.69995,"23":3669.38989,"24":3667.8501,"25":3672.81006},"volume":{"0":203888618,"1":104159431,"2":73915727,"3":61451850,"4":54817869,"5":57199757,"6":56237620,"7":62645759,"8":59336481,"9":57863681,"10":62019099,"11":61203262,"12":66275616,"13":58422193,"14":57659116,"15":59811336,"16":58889225,"17":66059143,"18":74169419,"19":81020093,"20":75725886,"21":85880585,"22":88949429,"23":101119931,"24":124923457,"25":138720096}}