{"datetime":{"0":1636407900000,"1":1636407000000,"2":1636406100000,"3":1636405200000,"4":1636404300000,"5":1636403400000,"6":1636402500000,"7":1636401600000,"8":1636400700000,"9":1636399800000,"10":1636398900000,"11":1636398000000,"12":1636397100000,"13":1636396200000,"14":1636395300000,"15":1636394400000,"16":1636393500000,"17":1636392600000,"18":1636391700000,"19":1636390800000,"20":1636389900000,"21":1636389000000,"22":1636388100000,"23":1636387200000,"24":1636386300000,"25":1636385400000},"open":{"0":4700.52002,"1":4702.95996,"2":4705.08008,"3":4706.93994,"4":4704.87988,"5":4701.6001,"6":4704.18994,"7":4702.6499,"8":4701.00977,"9":4700.91016,"10":4699.93018,"11":4698.16016,"12":4698.43018,"13":4698.0,"14":4695.60986,"15":4698.52979,"16":4701.3501,"17":4704.47998,"18":4699.6499,"19":4703.12012,"20":4702.02002,"21":4706.77979,"22":4705.93018,"23":4707.08008,"24":4708.25977,"25":4701.47998},"high":{"0":4704.27002,"1":4705.10986,"2":4706.27002,"3":4706.9502,"4":4706.93994,"5":4705.16992,"6":4706.60986,"7":4705.6499,"8":4703.43994,"9":4701.56006,"10":4701.89014,"11":4701.27002,"12":4699.2998,"13":4699.87988,"14":4698.91016,"15":4699.29004,"16":4701.91992,"17":4705.31006,"18":4705.45996,"19":4704.87012,"20":4707.47021,"21":4709.47021,"22":4710.35986,"23":4707.74023,"24":4710.2002,"25":4714.91992},"low":{"0":4697.50977,"1":4700.43994,"2":4701.66016,"3":4703.75977,"4":4704.14014,"5":4701.52979,"6":4701.22998,"7":4702.43018,"8":4700.24023,"9":4699.16016,"10":4698.74023,"11":4697.18018,"12":4694.9502,"13":4696.52002,"14":4694.70996,"15":4694.39014,"16":4697.3501,"17":4700.87012,"18":4698.75,"19":4699.33984,"20":4701.93018,"21":4699.06006,"22":4705.58984,"23":4701.12012,"24":4702.77979,"25":4701.47998},"close":{"0":4701.62012,"1":4700.47021,"2":4702.93994,"3":4705.08984,"4":4706.91016,"5":4704.93018,"6":4701.64014,"7":4704.10986,"8":4702.58008,"9":4701.0,"10":4700.93018,"11":4699.93018,"12":4698.10986,"13":4698.52002,"14":4698.00977,"15":4695.58008,"16":4698.49023,"17":4701.29004,"18":4704.43994,"19":4699.56006,"20":4703.1001,"21":4702.06982,"22":4706.77979,"23":4705.91992,"24":4707.33984,"25":4708.20996},"volume":{"0":183380956,"1":74665419,"2":53553540,"3":48712371,"4":40799888,"5":42449463,"6":47328868,"7":46294897,"8":44594346,"9":45672217,"10":47507242,"11":47174540,"12":51866272,"13":51070534,"14":55515089,"15":61268830,"16":59574239,"17":71501244,"18":69098077,"19":76261115,"20":750272364,"21":83507360,"22":80655659,"23":126209981,"24":115612935,"25":142310768}}