{"datetime":{"0":1669758300000,"1":1669757400000,"2":1669756500000,"3":1669755600000,"4":1669754700000,"5":1669753800000,"6":1669752900000,"7":1669752000000,"8":1669751100000,"9":1669750200000,"10":1669749300000,"11":1669748400000,"12":1669747500000,"13":1669746600000,"14":1669745700000,"15":1669744800000,"16":1669743900000,"17":1669743000000,"18":1669742100000,"19":1669741200000,"20":1669740300000,"21":1669739400000,"22":1669738500000,"23":1669737600000,"24":1669736700000,"25":1669735800000},"open":{"0":3955.09009,"1":3953.77002,"2":3954.84009,"3":3951.54004,"4":3947.6001,"5":3951.96997,"6":3960.5,"7":3954.19995,"8":3950.11011,"9":3944.31006,"10":3954.21997,"11":3953.71997,"12":3955.26001,"13":3947.17993,"14":3948.6001,"15":3950.54004,"16":3944.98999,"17":3941.22998,"18":3948.6499,"19":3967.72998,"20":3971.27002,"21":3974.09009,"22":3960.94995,"23":3961.08008,"24":3961.26001,"25":3964.18994},"high":{"0":3959.30005,"1":3958.82007,"2":3957.12988,"3":3955.5,"4":3951.57007,"5":3952.22998,"6":3961.17993,"7":3964.09009,"8":3954.48999,"9":3950.48999,"10":3954.54004,"11":3954.37988,"12":3955.8501,"13":3956.3501,"14":3950.56006,"15":3951.06006,"16":3950.65991,"17":3946.5,"18":3948.6499,"19":3968.72998,"20":3974.42993,"21":3976.77002,"22":3974.03003,"23":3967.37988,"24":3962.17993,"25":3969.3501},"low":{"0":3952.29004,"1":3952.59009,"2":3951.38989,"3":3949.36011,"4":3946.55005,"5":3946.78003,"6":3951.5,"7":3954.18994,"8":3948.45996,"9":3943.96997,"10":3944.33008,"11":3949.6499,"12":3952.38989,"13":3947.02002,"14":3945.55005,"15":3946.27002,"16":3943.96997,"17":3939.63989,"18":3937.6499,"19":3945.47998,"20":3966.80005,"21":3970.53003,"22":3960.88989,"23":3958.52002,"24":3957.12988,"25":3959.84009},"close":{"0":3957.3501,"1":3955.12012,"2":3953.78003,"3":3954.86011,"4":3951.57007,"5":3947.61011,"6":3951.97998,"7":3960.51001,"8":3954.1499,"9":3950.1499,"10":3944.33008,"11":3954.37988,"12":3953.72998,"13":3955.28003,"14":3947.18994,"15":3948.62012,"16":3950.57007,"17":3944.90991,"18":3941.18994,"19":3948.69995,"20":3967.77002,"21":3971.28003,"22":3974.03003,"23":3960.91992,"24":3961.11011,"25":3961.19995},"volume":{"0":196540945,"1":82608384,"2":61684969,"3":50836304,"4":41099768,"5":43035524,"6":39459543,"7":49807128,"8":44861306,"9":41277961,"10":43841793,"11":38451636,"12":39811841,"13":42039342,"14":40880424,"15":42276390,"16":48403410,"17":52760980,"18":65930582,"19":548587359,"20":59898237,"21":63289537,"22":64653449,"23":73219224,"24":77181235,"25":87093932}}