{"datetime":{"0":1602884700000,"1":1602883800000,"2":1602882900000,"3":1602882000000,"4":1602881100000,"5":1602880200000,"6":1602879300000,"7":1602878400000,"8":1602877500000,"9":1602876600000,"10":1602875700000,"11":1602874800000,"12":1602873900000,"13":1602873000000,"14":1602872100000,"15":1602871200000,"16":1602870300000,"17":1602869400000,"18":1602868500000,"19":1602867600000,"20":1602866700000,"21":1602865800000,"22":1602864900000,"23":1602864000000,"24":1602863100000,"25":1602862200000},"open":{"0":3492.12988,"1":3497.1499,"2":3497.07007,"3":3507.45996,"4":3504.42993,"5":3504.86011,"6":3504.29004,"7":3501.43994,"8":3501.46997,"9":3501.69995,"10":3499.6499,"11":3498.91992,"12":3494.21997,"13":3500.72998,"14":3499.6001,"15":3503.3501,"16":3500.56006,"17":3499.87012,"18":3504.30005,"19":3507.82007,"20":3511.67993,"21":3514.6499,"22":3503.20996,"23":3500.04004,"24":3497.34009,"25":3493.5},"high":{"0":3493.76001,"1":3497.61011,"2":3498.96997,"3":3507.63989,"4":3507.73999,"5":3506.45996,"6":3505.12012,"7":3505.71997,"8":3504.26001,"9":3503.22998,"10":3502.75,"11":3500.22998,"12":3499.41992,"13":3500.93994,"14":3501.6001,"15":3503.63989,"16":3504.25,"17":3502.18994,"18":3504.51001,"19":3507.82007,"20":3512.29004,"21":3515.76001,"22":3515.11011,"23":3506.43994,"24":3500.62012,"25":3501.05005},"low":{"0":3480.44995,"1":3490.12012,"2":3494.92993,"3":3497.08008,"4":3502.3999,"5":3503.6001,"6":3503.08008,"7":3498.66992,"8":3500.3501,"9":3499.75,"10":3499.6499,"11":3497.62988,"12":3493.07007,"13":3493.28003,"14":3497.36011,"15":3495.17993,"16":3499.80005,"17":3497.86011,"18":3494.92993,"19":3501.34009,"20":3506.91992,"21":3511.51001,"22":3502.68994,"23":3499.86011,"24":3492.1001,"25":3493.5},"close":{"0":3480.44995,"1":3492.15991,"2":3497.16992,"3":3497.08008,"4":3507.5,"5":3504.38989,"6":3504.8501,"7":3504.32007,"8":3501.3999,"9":3501.51001,"10":3501.65991,"11":3499.65991,"12":3498.8999,"13":3494.20996,"14":3500.76001,"15":3499.17993,"16":3503.38989,"17":3500.51001,"18":3499.90991,"19":3504.31006,"20":3507.84009,"21":3511.70996,"22":3514.71997,"23":3503.19995,"24":3499.73999,"25":3497.36011},"volume":{"0":243840586,"1":95204519,"2":65196344,"3":54938260,"4":54438123,"5":46947981,"6":42974237,"7":48184645,"8":42374880,"9":41623987,"10":40868109,"11":41170391,"12":49760501,"13":50578318,"14":48331622,"15":55524165,"16":52655345,"17":61497645,"18":65885293,"19":81586774,"20":76016610,"21":72677553,"22":76689103,"23":87249394,"24":98781782,"25":122177655}}