{"datetime":{"0":1660254300000,"1":1660253400000,"2":1660252500000,"3":1660251600000,"4":1660250700000,"5":1660249800000,"6":1660248900000,"7":1660248000000,"8":1660247100000,"9":1660246200000,"10":1660245300000,"11":1660244400000,"12":1660243500000,"13":1660242600000,"14":1660241700000,"15":1660240800000,"16":1660239900000,"17":1660239000000,"18":1660238100000,"19":1660237200000,"20":1660236300000,"21":1660235400000,"22":1660234500000,"23":1660233600000,"24":1660232700000,"25":1660231800000},"open":{"0":4204.68018,"1":4208.33008,"2":4204.62012,"3":4210.3999,"4":4214.00977,"5":4220.87988,"6":4218.0,"7":4227.93994,"8":4232.79004,"9":4233.2998,"10":4232.7998,"11":4232.58984,"12":4230.45996,"13":4228.7998,"14":4222.85986,"15":4225.2002,"16":4230.33984,"17":4230.89014,"18":4230.45996,"19":4244.62988,"20":4246.04004,"21":4248.3501,"22":4251.25977,"23":4241.97998,"24":4236.66992,"25":4227.3999},"high":{"0":4210.16992,"1":4212.1001,"2":4209.49023,"3":4210.83008,"4":4214.52979,"5":4221.08008,"6":4222.58008,"7":4227.93994,"8":4232.79004,"9":4234.75,"10":4238.33984,"11":4233.45996,"12":4233.6001,"13":4233.25977,"14":4228.72998,"15":4228.18018,"16":4230.33984,"17":4233.14014,"18":4233.77979,"19":4245.45996,"20":4247.22998,"21":4255.75977,"22":4257.91016,"23":4252.29004,"24":4243.85986,"25":4239.83008},"low":{"0":4201.81982,"1":4204.1499,"2":4203.66016,"3":4201.41016,"4":4204.41016,"5":4212.3501,"6":4217.04004,"7":4217.3501,"8":4226.70996,"9":4229.97021,"10":4232.06982,"11":4228.87988,"12":4228.12012,"13":4228.62988,"14":4221.1499,"15":4220.83984,"16":4220.18994,"17":4226.81982,"18":4222.62012,"19":4227.3501,"20":4241.49023,"21":4244.06006,"22":4248.37012,"23":4241.97998,"24":4234.58984,"25":4227.3999},"close":{"0":4206.83984,"1":4204.68018,"2":4208.29004,"3":4204.54004,"4":4210.45996,"5":4214.12988,"6":4220.87012,"7":4217.8999,"8":4227.93018,"9":4232.89014,"10":4233.37988,"11":4232.74023,"12":4232.54004,"13":4230.47021,"14":4228.72998,"15":4222.87988,"16":4225.1499,"17":4230.25977,"18":4230.91016,"19":4230.56006,"20":4244.66016,"21":4246.10986,"22":4248.43018,"23":4251.33008,"24":4242.0,"25":4236.81006},"volume":{"0":179949147,"1":77991778,"2":56153264,"3":55738958,"4":57668206,"5":48543242,"6":44883565,"7":46005326,"8":41966030,"9":42561484,"10":43279678,"11":42020099,"12":40848034,"13":45745598,"14":52667811,"15":50759900,"16":57854947,"17":54545397,"18":64792664,"19":75392659,"20":69681134,"21":76990136,"22":81103564,"23":92134712,"24":98860829,"25":129687594}}