{"datetime":{"0":1610747100000,"1":1610746200000,"2":1610745300000,"3":1610744400000,"4":1610743500000,"5":1610742600000,"6":1610741700000,"7":1610740800000,"8":1610739900000,"9":1610739000000,"10":1610738100000,"11":1610737200000,"12":1610736300000,"13":1610735400000,"14":1610734500000,"15":1610733600000,"16":1610732700000,"17":1610731800000,"18":1610730900000,"19":1610730000000,"20":1610729100000,"21":1610728200000,"22":1610727300000,"23":1610726400000,"24":1610725500000,"25":1610724600000},"open":{"0":3769.23999,"1":3776.86011,"2":3780.45996,"3":3776.80005,"4":3781.04004,"5":3777.38989,"6":3777.46997,"7":3779.80005,"8":3781.88989,"9":3781.33008,"10":3777.72998,"11":3778.54004,"12":3777.86011,"13":3774.20996,"14":3771.79004,"15":3774.02002,"16":3778.25,"17":3776.34009,"18":3762.8999,"19":3765.19995,"20":3766.01001,"21":3757.16992,"22":3765.84009,"23":3783.62988,"24":3784.68994,"25":3780.6499},"high":{"0":3772.27002,"1":3778.18994,"2":3783.26001,"3":3781.3999,"4":3783.17993,"5":3781.38989,"6":3779.12012,"7":3782.48999,"8":3783.13989,"9":3782.55005,"10":3784.62988,"11":3778.87012,"12":3779.70996,"13":3779.57007,"14":3776.63989,"15":3775.51001,"16":3778.45996,"17":3780.67993,"18":3776.78003,"19":3765.33008,"20":3768.93994,"21":3767.87012,"22":3766.6499,"23":3785.1001,"24":3787.47998,"25":3786.91992},"low":{"0":3766.45996,"1":3769.31006,"2":3776.76001,"3":3772.27002,"4":3776.58008,"5":3777.36011,"6":3775.28003,"7":3776.67993,"8":3777.83008,"9":3779.30005,"10":3777.62012,"11":3774.29004,"12":3775.09009,"13":3773.40991,"14":3771.76001,"15":3769.58008,"16":3771.63989,"17":3775.22998,"18":3759.88989,"19":3755.04004,"20":3763.19995,"21":3754.65991,"22":3749.62012,"23":3760.79004,"24":3779.95996,"25":3780.23999},"close":{"0":3768.5,"1":3769.34009,"2":3776.88989,"3":3780.25,"4":3776.82007,"5":3781.03003,"6":3777.37012,"7":3777.43994,"8":3779.83008,"9":3781.82007,"10":3781.3501,"11":3777.67993,"12":3778.54004,"13":3777.8501,"14":3774.17993,"15":3771.77002,"16":3773.98999,"17":3778.34009,"18":3776.51001,"19":3762.88989,"20":3764.76001,"21":3765.78003,"22":3756.92993,"23":3765.98999,"24":3783.61011,"25":3784.66992},"volume":{"0":2307024234,"1":110419577,"2":68159419,"3":67717151,"4":1770973315,"5":53181581,"6":51821672,"7":53591094,"8":51048799,"9":49444423,"10":51220270,"11":46524261,"12":1357525375,"13":55035075,"14":49889916,"15":57770340,"16":1146859542,"17":69523317,"18":79863342,"19":73449495,"20":858696057,"21":94103830,"22":120180930,"23":140503877,"24":114017398,"25":133303674}}