{"datetime":{"0":1666993500000,"1":1666992600000,"2":1666991700000,"3":1666990800000,"4":1666989900000,"5":1666989000000,"6":1666988100000,"7":1666987200000,"8":1666986300000,"9":1666985400000,"10":1666984500000,"11":1666983600000,"12":1666982700000,"13":1666981800000,"14":1666980900000,"15":1666980000000,"16":1666979100000,"17":1666978200000,"18":1666977300000,"19":1666976400000,"20":1666975500000,"21":1666974600000,"22":1666973700000,"23":1666972800000,"24":1666971900000,"25":1666971000000},"open":{"0":3900.19995,"1":3900.44995,"2":3899.21997,"3":3898.58008,"4":3897.19995,"5":3888.12012,"6":3885.58008,"7":3885.32007,"8":3887.55005,"9":3884.38989,"10":3887.26001,"11":3881.8501,"12":3879.30005,"13":3880.25,"14":3871.48999,"15":3867.72998,"16":3869.54004,"17":3862.71997,"18":3868.51001,"19":3866.97998,"20":3857.79004,"21":3850.02002,"22":3829.90991,"23":3835.72998,"24":3835.05005,"25":3808.26001},"high":{"0":3905.41992,"1":3901.57007,"2":3901.48999,"3":3902.34009,"4":3900.36011,"5":3898.12988,"6":3890.45996,"7":3888.0,"8":3890.58008,"9":3890.17993,"10":3887.77002,"11":3887.93994,"12":3883.93994,"13":3884.51001,"14":3880.58008,"15":3871.31006,"16":3872.19995,"17":3870.16992,"18":3869.07007,"19":3872.25,"20":3868.44995,"21":3859.21997,"22":3853.42993,"23":3843.68994,"24":3843.05005,"25":3839.05005},"low":{"0":3897.84009,"1":3896.69995,"2":3895.81006,"3":3893.52002,"4":3896.21997,"5":3887.52002,"6":3885.22998,"7":3882.56006,"8":3885.19995,"9":3884.38989,"10":3883.18994,"11":3881.18994,"12":3875.45996,"13":3876.56006,"14":3871.48999,"15":3860.86011,"16":3867.31006,"17":3858.96997,"18":3861.95996,"19":3862.0,"20":3857.79004,"21":3849.02002,"22":3828.03003,"23":3819.73999,"24":3832.1001,"25":3808.26001},"close":{"0":3900.55005,"1":3900.13989,"2":3900.62988,"3":3899.23999,"4":3898.57007,"5":3897.23999,"6":3888.12988,"7":3885.31006,"8":3885.30005,"9":3887.47998,"10":3884.37012,"11":3887.32007,"12":3881.8501,"13":3879.43994,"14":3880.18994,"15":3871.31006,"16":3867.62988,"17":3869.56006,"18":3862.80005,"19":3868.51001,"20":3866.6001,"21":3857.76001,"22":3850.03003,"23":3829.80005,"24":3835.58008,"25":3834.8501},"volume":{"0":244552246,"1":113298474,"2":84625866,"3":77374420,"4":69135858,"5":66170457,"6":62746919,"7":63547518,"8":60837902,"9":57454144,"10":57092890,"11":59555811,"12":59094989,"13":64838312,"14":65193758,"15":70191319,"16":70022596,"17":76798232,"18":85147588,"19":94111180,"20":102884097,"21":101205302,"22":117032392,"23":143879987,"24":171693263,"25":183637550}}