{"datetime":{"0":1621374300000,"1":1621373400000,"2":1621372500000,"3":1621371600000,"4":1621370700000,"5":1621369800000,"6":1621368900000,"7":1621368000000,"8":1621367100000,"9":1621366200000,"10":1621365300000,"11":1621364400000,"12":1621363500000,"13":1621362600000,"14":1621361700000,"15":1621360800000,"16":1621359900000,"17":1621359000000,"18":1621358100000,"19":1621357200000,"20":1621356300000,"21":1621355400000,"22":1621354500000,"23":1621353600000,"24":1621352700000,"25":1621351800000},"open":{"0":4152.2998,"1":4150.95996,"2":4146.93018,"3":4147.6001,"4":4141.93018,"5":4151.99023,"6":4157.7998,"7":4157.91992,"8":4160.45996,"9":4163.50977,"10":4159.7998,"11":4160.43994,"12":4162.6499,"13":4162.12012,"14":4159.25,"15":4156.97998,"16":4158.87988,"17":4163.58008,"18":4165.20996,"19":4165.12012,"20":4161.43994,"21":4165.75,"22":4158.43018,"23":4159.0,"24":4164.64014,"25":4165.93994},"high":{"0":4152.7998,"1":4153.97021,"2":4151.7002,"3":4150.62012,"4":4148.1001,"5":4152.7998,"6":4159.1001,"7":4158.79004,"8":4161.91016,"9":4163.75,"10":4163.50977,"11":4161.47021,"12":4162.8501,"13":4163.2002,"14":4162.52979,"15":4159.4502,"16":4161.37988,"17":4163.58008,"18":4165.43994,"19":4165.91016,"20":4167.54004,"21":4166.62012,"22":4165.75,"23":4159.60986,"24":4166.56006,"25":4169.1499},"low":{"0":4126.2998,"1":4149.7998,"2":4145.7998,"3":4145.68018,"4":4139.43994,"5":4140.6001,"6":4151.5,"7":4155.7002,"8":4157.8999,"9":4159.9502,"10":4158.62012,"11":4158.25977,"12":4159.6001,"13":4161.27979,"14":4157.52979,"15":4155.75977,"16":4156.77002,"17":4157.02979,"18":4163.10986,"19":4163.29004,"20":4161.43994,"21":4161.16992,"22":4157.9502,"23":4152.91016,"24":4157.14014,"25":4158.7002},"close":{"0":4128.6001,"1":4152.1001,"2":4150.7998,"3":4146.43018,"4":4148.1001,"5":4142.7998,"6":4152.1001,"7":4158.2998,"8":4157.97998,"9":4160.4502,"10":4163.49023,"11":4159.89014,"12":4160.33984,"13":4162.62988,"14":4162.18018,"15":4159.25,"16":4156.91992,"17":4158.7998,"18":4163.4502,"19":4164.62988,"20":4165.16992,"21":4161.25,"22":4165.75,"23":4158.35986,"24":4158.97021,"25":4164.6001},"volume":{"0":0,"1":0,"2":0,"3":0,"4":0,"5":0,"6":0,"7":33920821,"8":46168428,"9":1358207708,"10":43871566,"11":45008280,"12":45945981,"13":49463623,"14":56846420,"15":64138255,"16":988612363,"17":933187325,"18":864814704,"19":61727906,"20":80706769,"21":86406274,"22":92494748,"23":108199662,"24":131728604,"25":168592513}}