{"datetime":{"0":1643233500000,"1":1643232600000,"2":1643231700000,"3":1643230800000,"4":1643229900000,"5":1643229000000,"6":1643228100000,"7":1643227200000,"8":1643226300000,"9":1643225400000,"10":1643224500000,"11":1643223600000,"12":1643222700000,"13":1643221800000,"14":1643220900000,"15":1643220000000,"16":1643219100000,"17":1643218200000,"18":1643217300000,"19":1643216400000,"20":1643215500000,"21":1643214600000,"22":1643213700000,"23":1643212800000,"24":1643211900000,"25":1643211000000},"open":{"0":4340.81982,"1":4344.00977,"2":4328.18018,"3":4377.25977,"4":4391.77002,"5":4429.56982,"6":4405.68994,"7":4422.04004,"8":4421.08008,"9":4422.2998,"10":4427.6001,"11":4421.87012,"12":4435.04004,"13":4428.56006,"14":4429.62012,"15":4421.04004,"16":4425.39014,"17":4420.39014,"18":4418.2998,"19":4405.20996,"20":4393.70996,"21":4405.25,"22":4425.58008,"23":4433.22021,"24":4406.83008,"25":4408.43018},"high":{"0":4358.00977,"1":4350.6001,"2":4344.1001,"3":4377.25977,"4":4391.77002,"5":4433.52979,"6":4432.8999,"7":4453.22998,"8":4427.49023,"9":4425.2998,"10":4427.7998,"11":4426.5498,"12":4435.16992,"13":4435.37012,"14":4429.75,"15":4429.91992,"16":4427.64014,"17":4427.43994,"18":4424.00977,"19":4419.35986,"20":4407.02979,"21":4407.9502,"22":4429.93994,"23":4444.83008,"24":4436.93018,"25":4424.77002},"low":{"0":4329.37012,"1":4321.41992,"2":4304.7998,"3":4316.93994,"4":4359.3501,"5":4393.33984,"6":4404.37012,"7":4421.99023,"8":4419.29004,"9":4418.70996,"10":4415.75,"11":4419.29004,"12":4430.68994,"13":4424.6499,"14":4423.95996,"15":4420.3999,"16":4412.25977,"17":4416.37012,"18":4414.25977,"19":4397.87012,"20":4390.10986,"21":4392.25,"22":4400.97021,"23":4424.52002,"24":4406.83008,"25":4403.02002},"close":{"0":4347.25977,"1":4340.8501,"2":4344.0,"3":4328.06006,"4":4377.3999,"5":4393.33984,"6":4429.81982,"7":4428.06006,"8":4422.0,"9":4422.41992,"10":4422.33008,"11":4426.5498,"12":4434.72998,"13":4435.02002,"14":4428.47021,"15":4428.64014,"16":4421.04004,"17":4425.47998,"18":4420.47021,"19":4418.25,"20":4405.2998,"21":4393.6001,"22":4405.22021,"23":4425.7998,"24":4432.41016,"25":4406.6499},"volume":{"0":321049142,"1":165201868,"2":128665510,"3":157240508,"4":157812699,"5":137651115,"6":119717127,"7":127455406,"8":43647910,"9":38203812,"10":61433102,"11":1388366774,"12":57465941,"13":65341098,"14":53686838,"15":71999684,"16":62605255,"17":70636331,"18":73341409,"19":87022382,"20":86411219,"21":90547745,"22":107195121,"23":107927480,"24":123104708,"25":182655548}}