{"datetime":{"0":1687988700000,"1":1687987800000,"2":1687986900000,"3":1687986000000,"4":1687985100000,"5":1687984200000,"6":1687983300000,"7":1687982400000,"8":1687981500000,"9":1687980600000,"10":1687979700000,"11":1687978800000,"12":1687977900000,"13":1687977000000,"14":1687976100000,"15":1687975200000,"16":1687974300000,"17":1687973400000,"18":1687972500000,"19":1687971600000,"20":1687970700000,"21":1687969800000,"22":1687968900000,"23":1687968000000,"24":1687967100000,"25":1687966200000},"open":{"0":4369.81006,"1":4369.7998,"2":4370.93018,"3":4371.31982,"4":4373.77002,"5":4374.66016,"6":4373.72021,"7":4369.87988,"8":4369.89014,"9":4373.81006,"10":4368.08984,"11":4367.97021,"12":4370.39014,"13":4381.33008,"14":4388.1499,"15":4382.18018,"16":4382.91016,"17":4376.31006,"18":4373.77002,"19":4376.43994,"20":4377.41992,"21":4371.72998,"22":4363.97021,"23":4367.9502,"24":4365.2002,"25":4367.47998},"high":{"0":4377.27002,"1":4372.08984,"2":4374.00977,"3":4372.60986,"4":4373.77002,"5":4375.70996,"6":4376.3501,"7":4374.70996,"8":4371.72998,"9":4375.56982,"10":4373.66992,"11":4369.7998,"12":4373.33984,"13":4381.3999,"14":4390.3501,"15":4388.47998,"16":4383.06006,"17":4383.02979,"18":4378.85986,"19":4378.8999,"20":4381.22021,"21":4380.10986,"22":4372.9502,"23":4367.9502,"24":4369.10986,"25":4368.91992},"low":{"0":4368.75977,"1":4368.16016,"2":4369.06982,"3":4362.70996,"4":4369.97998,"5":4370.4502,"6":4372.91992,"7":4369.27002,"8":4366.77002,"9":4368.68994,"10":4367.0,"11":4363.72021,"12":4362.37012,"13":4369.62012,"14":4379.31982,"15":4380.37012,"16":4379.50977,"17":4375.97998,"18":4370.6499,"19":4371.97998,"20":4374.70996,"21":4371.5498,"22":4363.18018,"23":4360.87988,"24":4360.22021,"25":4362.22998},"close":{"0":4377.27002,"1":4369.83984,"2":4369.72998,"3":4370.83008,"4":4371.2998,"5":4373.77002,"6":4374.72021,"7":4373.74023,"8":4369.72021,"9":4369.8999,"10":4373.58984,"11":4367.99023,"12":4367.97998,"13":4370.37012,"14":4381.33008,"15":4388.10986,"16":4382.22021,"17":4382.89014,"18":4376.33008,"19":4373.72998,"20":4375.18994,"21":4377.43018,"22":4371.68018,"23":4363.95996,"24":4367.7002,"25":4365.2998},"volume":{"0":214484879,"1":87155276,"2":66832116,"3":62844301,"4":46660008,"5":48214316,"6":45879198,"7":45946013,"8":44306606,"9":49632102,"10":41898507,"11":47664461,"12":57859197,"13":60931339,"14":57242726,"15":55993567,"16":52351752,"17":62346843,"18":66750786,"19":70512288,"20":78506979,"21":87134990,"22":82943246,"23":91316367,"24":100099319,"25":120381179}}