{"datetime":{"0":1679085900000,"1":1679085000000,"2":1679084100000,"3":1679083200000,"4":1679082300000,"5":1679081400000,"6":1679080500000,"7":1679079600000,"8":1679078700000,"9":1679077800000,"10":1679076900000,"11":1679076000000,"12":1679075100000,"13":1679074200000,"14":1679073300000,"15":1679072400000,"16":1679071500000,"17":1679070600000,"18":1679069700000,"19":1679068800000,"20":1679067900000,"21":1679067000000,"22":1679066100000,"23":1679065200000,"24":1679064300000,"25":1679063400000},"open":{"0":3919.6001,"1":3922.78003,"2":3915.94995,"3":3911.84009,"4":3908.20996,"5":3906.26001,"6":3914.65991,"7":3925.12012,"8":3922.71997,"9":3924.38989,"10":3926.48999,"11":3918.79004,"12":3922.76001,"13":3922.3999,"14":3918.84009,"15":3910.82007,"16":3903.8501,"17":3910.93994,"18":3918.36011,"19":3918.05005,"20":3912.6499,"21":3927.12012,"22":3940.83008,"23":3942.53003,"24":3948.53003,"25":3958.68994},"high":{"0":3920.91992,"1":3922.86011,"2":3923.73999,"3":3916.87988,"4":3915.20996,"5":3911.21997,"6":3916.94995,"7":3929.40991,"8":3926.22998,"9":3929.44995,"10":3930.80005,"11":3926.77002,"12":3923.15991,"13":3932.46997,"14":3923.22998,"15":3921.58008,"16":3912.87988,"17":3917.45996,"18":3924.68994,"19":3920.21997,"20":3920.62988,"21":3929.51001,"22":3945.84009,"23":3958.90991,"24":3948.65991,"25":3958.68994},"low":{"0":3910.36011,"1":3911.93994,"2":3912.37012,"3":3908.23999,"4":3901.27002,"5":3905.48999,"6":3905.09009,"7":3914.42993,"8":3919.92993,"9":3918.1499,"10":3921.57007,"11":3917.63989,"12":3914.70996,"13":3921.13989,"14":3913.75,"15":3910.70996,"16":3903.8501,"17":3901.67993,"18":3905.6499,"19":3909.86011,"20":3910.15991,"21":3912.40991,"22":3921.57007,"23":3939.61011,"24":3938.55005,"25":3943.06006},"close":{"0":3916.46997,"1":3919.67993,"2":3922.63989,"3":3916.11011,"4":3911.75,"5":3908.23999,"6":3906.47998,"7":3914.61011,"8":3924.88989,"9":3922.69995,"10":3924.37988,"11":3926.51001,"12":3918.71997,"13":3922.80005,"14":3922.38989,"15":3918.97998,"16":3910.78003,"17":3903.88989,"18":3910.98999,"19":3918.36011,"20":3918.22998,"21":3912.46997,"22":3927.01001,"23":3940.40991,"24":3942.3501,"25":3948.6499},"volume":{"0":355255323,"1":158216077,"2":115586260,"3":101491313,"4":101592987,"5":79716146,"6":81570753,"7":83977642,"8":69883271,"9":82530424,"10":69280839,"11":64316032,"12":72411002,"13":77905587,"14":72992507,"15":78371683,"16":84858804,"17":82947437,"18":92098451,"19":90347729,"20":113202136,"21":123707348,"22":124647885,"23":133263085,"24":134579894,"25":199852052}}