{"datetime":{"0":1628631900000,"1":1628631000000,"2":1628630100000,"3":1628629200000,"4":1628628300000,"5":1628627400000,"6":1628626500000,"7":1628625600000,"8":1628624700000,"9":1628623800000,"10":1628622900000,"11":1628622000000,"12":1628621100000,"13":1628620200000,"14":1628619300000,"15":1628618400000,"16":1628617500000,"17":1628616600000,"18":1628615700000,"19":1628614800000,"20":1628613900000,"21":1628613000000,"22":1628612100000,"23":1628611200000,"24":1628610300000,"25":1628609400000},"open":{"0":4435.04004,"1":4437.64014,"2":4436.83008,"3":4439.18994,"4":4439.06006,"5":4438.56982,"6":4435.68994,"7":4440.49023,"8":4439.8501,"9":4439.31982,"10":4439.04004,"11":4439.43994,"12":4439.45996,"13":4441.49023,"14":4440.87988,"15":4441.06982,"16":4439.56982,"17":4436.93994,"18":4430.93994,"19":4433.87012,"20":4431.16992,"21":4441.58008,"22":4443.89014,"23":4440.02002,"24":4438.0498,"25":4435.79004},"high":{"0":4437.1001,"1":4437.8999,"2":4437.8501,"3":4439.43018,"4":4439.91992,"5":4439.99023,"6":4438.74023,"7":4441.49023,"8":4440.50977,"9":4440.62012,"10":4440.62988,"11":4440.33008,"12":4439.87012,"13":4441.5498,"14":4443.75977,"15":4443.08984,"16":4441.22021,"17":4439.54004,"18":4437.54004,"19":4434.75,"20":4435.56006,"21":4441.72021,"22":4445.20996,"23":4443.91016,"24":4441.22021,"25":4438.0498},"low":{"0":4432.77979,"1":4434.68994,"2":4435.7998,"3":4436.04004,"4":4438.35986,"5":4438.47021,"6":4434.81982,"7":4435.60986,"8":4436.02002,"9":4438.77979,"10":4438.31982,"11":4439.0,"12":4438.16016,"13":4439.16016,"14":4440.81982,"15":4440.16016,"16":4439.39014,"17":4435.22998,"18":4430.2998,"19":4430.72998,"20":4430.02979,"21":4430.99023,"22":4441.43994,"23":4439.6499,"24":4436.9502,"25":4433.8999},"close":{"0":4436.83008,"1":4435.04004,"2":4437.62012,"3":4436.85986,"4":4439.22998,"5":4439.06006,"6":4438.58984,"7":4435.7002,"8":4440.50977,"9":4439.85986,"10":4439.39014,"11":4439.0498,"12":4439.41992,"13":4439.45996,"14":4441.5,"15":4440.85986,"16":4441.06006,"17":4439.54004,"18":4437.00977,"19":4430.9502,"20":4433.83008,"21":4431.16992,"22":4441.43994,"23":4443.8999,"24":4440.04004,"25":4438.0498},"volume":{"0":177881579,"1":75295912,"2":55861846,"3":48430008,"4":39539337,"5":41803176,"6":39042440,"7":47316971,"8":47114105,"9":46373532,"10":45390446,"11":41919624,"12":42394960,"13":42845142,"14":48451250,"15":53707767,"16":51827745,"17":64957334,"18":61090772,"19":70660735,"20":75411638,"21":90347527,"22":413668783,"23":83583865,"24":116555081,"25":97266810}}