{"datetime":{"0":1622238300000,"1":1622237400000,"2":1622236500000,"3":1622235600000,"4":1622234700000,"5":1622233800000,"6":1622232900000,"7":1622232000000,"8":1622231100000,"9":1622230200000,"10":1622229300000,"11":1622228400000,"12":1622227500000,"13":1622226600000,"14":1622225700000,"15":1622224800000,"16":1622223900000,"17":1622223000000,"18":1622222100000,"19":1622221200000,"20":1622220300000,"21":1622219400000,"22":1622218500000,"23":1622217600000,"24":1622216700000,"25":1622215800000},"open":{"0":4211.7002,"1":4212.0,"2":4211.2002,"3":4213.20996,"4":4214.2998,"5":4214.0,"6":4210.70996,"7":4212.93994,"8":4212.83008,"9":4212.08984,"10":4212.8501,"11":4214.72998,"12":4217.18018,"13":4217.0,"14":4217.5,"15":4215.12988,"16":4215.5,"17":4213.31006,"18":4211.7998,"19":4210.50977,"20":4211.35986,"21":4206.68018,"22":4210.7998,"23":4215.37012,"24":4211.62012,"25":4210.77002},"high":{"0":4214.39014,"1":4215.2998,"2":4213.0,"3":4214.0,"4":4214.7998,"5":4214.5,"6":4213.43018,"7":4213.5,"8":4213.7998,"9":4214.1001,"10":4213.35986,"11":4216.0,"12":4217.93018,"13":4218.0,"14":4218.41016,"15":4218.2002,"16":4216.0,"17":4216.10986,"18":4214.0,"19":4212.2998,"20":4211.58984,"21":4212.27979,"22":4211.70996,"23":4216.06006,"24":4215.52002,"25":4216.29004},"low":{"0":4204.5,"1":4210.75,"2":4210.68994,"3":4209.95996,"4":4213.20996,"5":4212.4502,"6":4210.45996,"7":4210.47021,"8":4211.5,"9":4211.60986,"10":4211.2998,"11":4212.6001,"12":4214.12012,"13":4216.75,"14":4216.74023,"15":4214.87988,"16":4214.10986,"17":4212.7998,"18":4211.5,"19":4209.5,"20":4209.31982,"21":4206.68018,"22":4206.02002,"23":4209.87988,"24":4209.31006,"25":4210.77002},"close":{"0":4205.2998,"1":4211.5,"2":4212.24023,"3":4210.9502,"4":4213.20996,"5":4214.16992,"6":4213.43018,"7":4211.2998,"8":4212.43994,"9":4212.83008,"10":4212.33984,"11":4212.7998,"12":4214.60986,"13":4217.18018,"14":4217.25,"15":4217.7998,"16":4215.37988,"17":4215.7998,"18":4213.06006,"19":4211.83984,"20":4210.5,"21":4211.33984,"22":4206.68018,"23":4210.77979,"24":4215.31982,"25":4211.64014},"volume":{"0":0,"1":0,"2":0,"3":0,"4":0,"5":0,"6":0,"7":0,"8":0,"9":0,"10":0,"11":0,"12":0,"13":0,"14":0,"15":0,"16":0,"17":0,"18":0,"19":0,"20":38832623,"21":63877160,"22":83758649,"23":92611469,"24":103526707,"25":131754262}}