{"datetime":{"0":1634075100000,"1":1634074200000,"2":1634073300000,"3":1634072400000,"4":1634071500000,"5":1634070600000,"6":1634069700000,"7":1634068800000,"8":1634067900000,"9":1634067000000,"10":1634066100000,"11":1634065200000,"12":1634064300000,"13":1634063400000,"14":1634062500000,"15":1634061600000,"16":1634060700000,"17":1634059800000,"18":1634058900000,"19":1634058000000,"20":1634057100000,"21":1634056200000,"22":1634055300000,"23":1634054400000,"24":1634053500000,"25":1634052600000},"open":{"0":4345.04004,"1":4356.06982,"2":4356.14014,"3":4356.83984,"4":4360.12988,"5":4363.31006,"6":4362.81006,"7":4356.2002,"8":4361.6001,"9":4356.43018,"10":4355.64014,"11":4355.41992,"12":4358.47998,"13":4365.31006,"14":4370.6001,"15":4366.7998,"16":4358.31982,"17":4361.52002,"18":4362.39014,"19":4354.45996,"20":4358.08008,"21":4359.81982,"22":4359.52979,"23":4355.68018,"24":4358.22998,"25":4368.31006},"high":{"0":4354.35986,"1":4357.33008,"2":4357.1001,"3":4357.29004,"4":4362.52002,"5":4364.47021,"6":4369.00977,"7":4362.79004,"8":4362.25,"9":4361.8999,"10":4357.58984,"11":4355.8501,"12":4358.5,"13":4365.81006,"14":4371.47021,"15":4373.81006,"16":4366.8999,"17":4362.75977,"18":4364.27002,"19":4367.75,"20":4361.62012,"21":4363.16016,"22":4365.25,"23":4362.77979,"24":4367.93994,"25":4374.89014},"low":{"0":4342.08984,"1":4344.72998,"2":4351.2998,"3":4352.97998,"4":4356.56006,"5":4358.77979,"6":4362.77002,"7":4354.91992,"8":4355.56006,"9":4355.0,"10":4351.75977,"11":4351.7002,"12":4354.1499,"13":4355.27979,"14":4364.62988,"15":4366.7998,"16":4356.99023,"17":4357.06982,"18":4359.12012,"19":4354.45996,"20":4354.22021,"21":4355.56006,"22":4350.7002,"23":4352.5,"24":4350.08008,"25":4358.12988},"close":{"0":4350.3999,"1":4345.0498,"2":4356.18994,"3":4356.18994,"4":4356.8999,"5":4360.12988,"6":4363.31006,"7":4362.62988,"8":4356.22998,"9":4361.64014,"10":4356.4502,"11":4355.64014,"12":4355.43994,"13":4358.49023,"14":4365.31006,"15":4370.75,"16":4366.77002,"17":4358.3501,"18":4361.33008,"19":4362.33984,"20":4354.2998,"21":4358.14014,"22":4359.77002,"23":4359.6499,"24":4356.22998,"25":4358.33984},"volume":{"0":1685344073,"1":82872690,"2":57778314,"3":51760615,"4":1285477077,"5":41954262,"6":49185650,"7":43511205,"8":44852293,"9":37035142,"10":41448976,"11":40892086,"12":39950590,"13":49542510,"14":43342796,"15":52623353,"16":42684432,"17":52872929,"18":52469178,"19":57543857,"20":63361571,"21":72466290,"22":79036440,"23":80640722,"24":96852497,"25":109523452}}