{"datetime":{"0":1654292700000,"1":1654291800000,"2":1654290900000,"3":1654290000000,"4":1654289100000,"5":1654288200000,"6":1654287300000,"7":1654286400000,"8":1654285500000,"9":1654284600000,"10":1654283700000,"11":1654282800000,"12":1654281900000,"13":1654281000000,"14":1654280100000,"15":1654279200000,"16":1654278300000,"17":1654277400000,"18":1654276500000,"19":1654275600000,"20":1654274700000,"21":1654273800000,"22":1654272900000,"23":1654272000000,"24":1654271100000,"25":1654270200000},"open":{"0":4105.27979,"1":4112.02002,"2":4104.91992,"3":4118.33008,"4":4114.64014,"5":4123.50977,"6":4115.72021,"7":4110.47998,"8":4109.06982,"9":4118.41992,"10":4125.20996,"11":4124.25,"12":4115.72998,"13":4113.97021,"14":4108.1499,"15":4107.1499,"16":4111.02002,"17":4102.85986,"18":4101.5498,"19":4115.25,"20":4115.75977,"21":4127.83008,"22":4133.75,"23":4134.10986,"24":4120.93018,"25":4137.56982},"high":{"0":4114.5,"1":4114.52002,"2":4111.91016,"3":4120.18018,"4":4119.77002,"5":4123.54004,"6":4123.35986,"7":4115.77979,"8":4114.50977,"9":4119.29004,"10":4125.25977,"11":4134.75,"12":4124.58984,"13":4119.43018,"14":4115.06982,"15":4115.06982,"16":4111.49023,"17":4114.06982,"18":4105.8501,"19":4115.25,"20":4121.12012,"21":4129.93994,"22":4139.41016,"23":4142.66992,"24":4134.70996,"25":4140.81982},"low":{"0":4101.50977,"1":4104.8999,"2":4102.29004,"3":4104.85986,"4":4112.97998,"5":4110.14014,"6":4112.85986,"7":4106.77979,"8":4107.8501,"9":4107.54004,"10":4113.06982,"11":4123.56982,"12":4114.0,"13":4111.2002,"14":4101.41016,"15":4105.89014,"16":4101.31982,"17":4101.22021,"18":4098.66992,"19":4099.83008,"20":4113.97998,"21":4110.72021,"22":4124.72021,"23":4125.06006,"24":4117.56006,"25":4121.0498},"close":{"0":4108.22998,"1":4105.29004,"2":4111.87988,"3":4104.9502,"4":4118.31006,"5":4114.56006,"6":4123.35986,"7":4115.68994,"8":4110.5,"9":4109.0,"10":4118.41016,"11":4125.16992,"12":4124.25977,"13":4115.7002,"14":4113.93994,"15":4108.12012,"16":4107.1001,"17":4111.02002,"18":4102.77979,"19":4101.58008,"20":4116.56982,"21":4115.72021,"22":4127.89014,"23":4133.87012,"24":4134.22021,"25":4121.0498},"volume":{"0":206241350,"1":82807559,"2":56101349,"3":52891674,"4":41195065,"5":39725403,"6":37664600,"7":41498487,"8":35669272,"9":40076731,"10":41148609,"11":47149037,"12":39577049,"13":38141555,"14":42708402,"15":41670922,"16":44261240,"17":54025867,"18":55385067,"19":66640842,"20":56547863,"21":71789593,"22":63936654,"23":85107210,"24":73082645,"25":96442749}}