{"datetime":{"0":1607550300000,"1":1607549400000,"2":1607548500000,"3":1607547600000,"4":1607546700000,"5":1607545800000,"6":1607544900000,"7":1607544000000,"8":1607543100000,"9":1607542200000,"10":1607541300000,"11":1607540400000,"12":1607539500000,"13":1607538600000,"14":1607537700000,"15":1607536800000,"16":1607535900000,"17":1607535000000,"18":1607534100000,"19":1607533200000,"20":1607532300000,"21":1607531400000,"22":1607530500000,"23":1607529600000,"24":1607528700000,"25":1607527800000},"open":{"0":3673.1001,"1":3662.69995,"2":3670.19995,"3":3668.81006,"4":3663.8999,"5":3675.3999,"6":3667.19995,"7":3662.0,"8":3673.48999,"9":3675.3999,"10":3683.6001,"11":3685.42993,"12":3685.36011,"13":3693.69995,"14":3695.19995,"15":3697.80005,"16":3695.8999,"17":3696.3999,"18":3696.26001,"19":3700.3999,"20":3700.3999,"21":3703.69995,"22":3697.65991,"23":3710.32007,"24":3711.67993,"25":3705.97998},"high":{"0":3680.58008,"1":3674.1001,"2":3670.72998,"3":3673.96997,"4":3670.55005,"5":3675.48999,"6":3676.19995,"7":3670.51001,"8":3673.72998,"9":3675.3999,"10":3685.12012,"11":3686.69995,"12":3687.28003,"13":3693.69995,"14":3695.83008,"15":3697.8999,"16":3698.55005,"17":3697.13989,"18":3697.1499,"19":3700.51001,"20":3702.26001,"21":3705.87012,"22":3706.28003,"23":3710.32007,"24":3712.01001,"25":3712.38989},"low":{"0":3669.12012,"1":3662.42993,"2":3660.47998,"3":3665.80005,"4":3663.69995,"5":3663.69995,"6":3663.68994,"7":3662.0,"8":3660.69995,"9":3666.69995,"10":3674.22998,"11":3678.19995,"12":3678.3999,"13":3685.36011,"14":3691.3501,"15":3694.59009,"16":3691.3999,"17":3692.12988,"18":3692.3999,"19":3691.19995,"20":3698.75,"21":3698.78003,"22":3696.61011,"23":3695.46997,"24":3708.18994,"25":3705.97998},"close":{"0":3671.1001,"1":3673.6001,"2":3661.69995,"3":3670.3999,"4":3668.8999,"5":3664.19995,"6":3676.1001,"7":3667.13989,"8":3661.25,"9":3672.69995,"10":3676.19995,"11":3683.22998,"12":3686.05005,"13":3685.86011,"14":3693.8999,"15":3695.58008,"16":3698.1001,"17":3695.80005,"18":3696.69995,"19":3696.01001,"20":3700.69995,"21":3700.0,"22":3704.37012,"23":3697.70996,"24":3710.34009,"25":3711.78003},"volume":{"0":0,"1":0,"2":0,"3":0,"4":0,"5":0,"6":0,"7":0,"8":0,"9":0,"10":0,"11":0,"12":0,"13":0,"14":0,"15":0,"16":0,"17":0,"18":0,"19":0,"20":0,"21":36715600,"22":89467813,"23":118520979,"24":343051045,"25":149416869}}