{"datetime":{"0":1604439900000,"1":1604439000000,"2":1604438100000,"3":1604437200000,"4":1604436300000,"5":1604435400000,"6":1604434500000,"7":1604433600000,"8":1604432700000,"9":1604431800000,"10":1604430900000,"11":1604430000000,"12":1604429100000,"13":1604428200000,"14":1604427300000,"15":1604426400000,"16":1604425500000,"17":1604424600000,"18":1604423700000,"19":1604422800000,"20":1604421900000,"21":1604421000000,"22":1604420100000,"23":1604419200000,"24":1604418300000,"25":1604417400000},"open":{"0":3379.01001,"1":3370.97998,"2":3364.86011,"3":3370.44995,"4":3371.86011,"5":3363.18994,"6":3367.66992,"7":3357.58008,"8":3369.77002,"9":3369.25,"10":3370.3501,"11":3369.93994,"12":3375.28003,"13":3378.31006,"14":3375.62012,"15":3376.1001,"16":3386.34009,"17":3383.08008,"18":3382.58008,"19":3385.70996,"20":3376.83008,"21":3381.16992,"22":3371.13989,"23":3361.08008,"24":3346.61011,"25":3336.25},"high":{"0":3387.87988,"1":3385.77002,"2":3371.57007,"3":3370.98999,"4":3374.28003,"5":3372.82007,"6":3368.09009,"7":3368.48999,"8":3369.79004,"9":3372.43994,"10":3371.75,"11":3373.69995,"12":3376.13989,"13":3379.55005,"14":3378.38989,"15":3379.05005,"16":3386.54004,"17":3389.48999,"18":3387.37988,"19":3389.1001,"20":3385.80005,"21":3383.20996,"22":3387.58008,"23":3372.73999,"24":3362.06006,"25":3347.46997},"low":{"0":3367.8999,"1":3370.28003,"2":3362.03003,"3":3361.79004,"4":3369.59009,"5":3362.38989,"6":3361.72998,"7":3356.61011,"8":3356.18994,"9":3365.44995,"10":3368.1499,"11":3369.93994,"12":3369.09009,"13":3375.29004,"14":3374.53003,"15":3372.05005,"16":3375.21997,"17":3382.15991,"18":3382.0,"19":3381.08008,"20":3376.37988,"21":3374.81006,"22":3371.13989,"23":3359.92993,"24":3345.37012,"25":3336.25},"close":{"0":3368.42993,"1":3379.1499,"2":3370.93994,"3":3364.80005,"4":3370.47998,"5":3371.8501,"6":3363.0,"7":3367.68994,"8":3357.57007,"9":3369.71997,"10":3369.0,"11":3370.36011,"12":3369.92993,"13":3375.30005,"14":3378.37012,"15":3375.6499,"16":3376.04004,"17":3386.3501,"18":3382.98999,"19":3382.54004,"20":3385.69995,"21":3376.82007,"22":3381.18994,"23":3371.18994,"24":3361.16992,"25":3346.46997},"volume":{"0":265968257,"1":125499146,"2":82243370,"3":1652642417,"4":53734454,"5":56657642,"6":50345668,"7":1416386029,"8":51377436,"9":53736092,"10":42264237,"11":1208177636,"12":52586280,"13":49922268,"14":50133821,"15":1008634535,"16":59014186,"17":64727432,"18":70396084,"19":765330144,"20":73688864,"21":85715957,"22":104888258,"23":450266260,"24":116085008,"25":127306467}}