{"datetime":{"0":1657057500000,"1":1657056600000,"2":1657055700000,"3":1657054800000,"4":1657053900000,"5":1657053000000,"6":1657052100000,"7":1657051200000,"8":1657050300000,"9":1657049400000,"10":1657048500000,"11":1657047600000,"12":1657046700000,"13":1657045800000,"14":1657044900000,"15":1657044000000,"16":1657043100000,"17":1657042200000,"18":1657041300000,"19":1657040400000,"20":1657039500000,"21":1657038600000,"22":1657037700000,"23":1657036800000,"24":1657035900000,"25":1657035000000},"open":{"0":3824.1499,"1":3824.44995,"2":3819.87012,"3":3812.01001,"4":3812.77002,"5":3802.36011,"6":3792.15991,"7":3787.47998,"8":3787.79004,"9":3782.77002,"10":3776.06006,"11":3767.05005,"12":3773.08008,"13":3779.41992,"14":3768.37012,"15":3765.37988,"16":3762.76001,"17":3750.23999,"18":3748.25,"19":3753.6001,"20":3759.37988,"21":3756.18994,"22":3761.73999,"23":3751.42993,"24":3752.01001,"25":3792.61011},"high":{"0":3831.80005,"1":3827.22998,"2":3826.63989,"3":3820.02002,"4":3814.70996,"5":3817.19995,"6":3803.43994,"7":3794.38989,"8":3788.01001,"9":3792.88989,"10":3786.36011,"11":3776.84009,"12":3773.08008,"13":3781.6499,"14":3783.5,"15":3774.04004,"16":3769.86011,"17":3762.73999,"18":3753.82007,"19":3753.6001,"20":3759.77002,"21":3774.55005,"22":3761.73999,"23":3763.1001,"24":3764.03003,"25":3792.61011},"low":{"0":3821.42993,"1":3819.5,"2":3809.76001,"3":3806.29004,"4":3808.65991,"5":3802.36011,"6":3787.36011,"7":3785.78003,"8":3780.38989,"9":3780.63989,"10":3775.54004,"11":3766.62988,"12":3765.40991,"13":3771.81006,"14":3763.88989,"15":3762.0,"16":3761.81006,"17":3747.27002,"18":3746.58008,"19":3743.63989,"20":3750.8501,"21":3753.92993,"22":3750.70996,"23":3742.06006,"24":3746.09009,"25":3749.93994},"close":{"0":3831.69995,"1":3823.97998,"2":3824.57007,"3":3819.87988,"4":3812.04004,"5":3812.80005,"6":3802.33008,"7":3792.31006,"8":3787.45996,"9":3787.81006,"10":3782.71997,"11":3776.03003,"12":3767.06006,"13":3773.08008,"14":3779.32007,"15":3768.29004,"16":3765.33008,"17":3762.54004,"18":3750.15991,"19":3748.23999,"20":3753.5,"21":3759.72998,"22":3756.05005,"23":3761.70996,"24":3751.75,"25":3752.36011},"volume":{"0":228235544,"1":106254350,"2":86217046,"3":74481969,"4":54489572,"5":69177549,"6":54089613,"7":50616995,"8":52707241,"9":63353785,"10":58498825,"11":51665654,"12":51604865,"13":52721322,"14":62641754,"15":66288713,"16":1024641853,"17":67290387,"18":61079248,"19":72049069,"20":75839014,"21":95161904,"22":90147544,"23":119908994,"24":132502855,"25":137707159}}