{"datetime":{"0":1617831900000,"1":1617831000000,"2":1617830100000,"3":1617829200000,"4":1617828300000,"5":1617827400000,"6":1617826500000,"7":1617825600000,"8":1617824700000,"9":1617823800000,"10":1617822900000,"11":1617822000000,"12":1617821100000,"13":1617820200000,"14":1617819300000,"15":1617818400000,"16":1617817500000,"17":1617816600000,"18":1617815700000,"19":1617814800000,"20":1617813900000,"21":1617813000000,"22":1617812100000,"23":1617811200000,"24":1617810300000,"25":1617809400000},"open":{"0":4077.86011,"1":4074.1001,"2":4076.30005,"3":4077.57007,"4":4079.43994,"5":4079.66992,"6":4082.04004,"7":4077.5,"8":4076.05005,"9":4073.90991,"10":4075.45996,"11":4074.13989,"12":4072.87012,"13":4069.0,"14":4074.26001,"15":4073.94995,"16":4070.76001,"17":4075.96997,"18":4081.17993,"19":4080.1001,"20":4082.09009,"21":4081.70996,"22":4078.1499,"23":4076.3501,"24":4078.76001,"25":4074.29004},"high":{"0":4080.80005,"1":4078.30005,"2":4078.30005,"3":4081.1001,"4":4081.40991,"5":4080.62012,"6":4082.47998,"7":4082.31006,"8":4078.15991,"9":4076.12012,"10":4075.56006,"11":4076.41992,"12":4075.61011,"13":4073.91992,"14":4074.3501,"15":4076.20996,"16":4073.93994,"17":4076.03003,"18":4081.3501,"19":4082.87012,"20":4083.12988,"21":4082.70996,"22":4081.66992,"23":4079.15991,"24":4079.79004,"25":4080.06006},"low":{"0":4075.63989,"1":4071.16992,"2":4072.15991,"3":4075.68994,"4":4077.34009,"5":4078.68994,"6":4078.32007,"7":4077.16992,"8":4075.46997,"9":4073.25,"10":4072.41992,"11":4073.20996,"12":4072.6001,"13":4068.31006,"14":4069.05005,"15":4073.62012,"16":4069.92993,"17":4069.68994,"18":4075.1499,"19":4079.72998,"20":4079.80005,"21":4080.58008,"22":4076.59009,"23":4074.3501,"24":4075.61011,"25":4072.90991},"close":{"0":4079.80005,"1":4078.30005,"2":4074.30005,"3":4076.18994,"4":4077.57007,"5":4079.37012,"6":4079.68994,"7":4082.07007,"8":4077.55005,"9":4076.02002,"10":4073.91992,"11":4075.45996,"12":4074.12012,"13":4072.82007,"14":4069.05005,"15":4074.27002,"16":4073.93994,"17":4070.77002,"18":4076.01001,"19":4081.1499,"20":4080.02002,"21":4082.09009,"22":4081.65991,"23":4078.17993,"24":4076.3999,"25":4078.75},"volume":{"0":0,"1":0,"2":0,"3":20638978,"4":38587676,"5":3159473803,"6":1024686147,"7":1103646850,"8":21946261,"9":2159656069,"10":38312991,"11":44069441,"12":2100044885,"13":2138259157,"14":2200069734,"15":4327288435,"16":1103145751,"17":63099363,"18":764600387,"19":1246508177,"20":3051934694,"21":1134231111,"22":3749807735,"23":1087713382,"24":121570857,"25":0}}