{"datetime":{"0":1607031900000,"1":1607031000000,"2":1607030100000,"3":1607029200000,"4":1607028300000,"5":1607027400000,"6":1607026500000,"7":1607025600000,"8":1607024700000,"9":1607023800000,"10":1607022900000,"11":1607022000000,"12":1607021100000,"13":1607020200000,"14":1607019300000,"15":1607018400000,"16":1607017500000,"17":1607016600000,"18":1607015700000,"19":1607014800000,"20":1607013900000,"21":1607013000000,"22":1607012100000,"23":1607011200000,"24":1607010300000,"25":1607009400000},"open":{"0":3665.65991,"1":3681.46997,"2":3679.88989,"3":3676.81006,"4":3673.57007,"5":3671.27002,"6":3670.81006,"7":3666.25,"8":3669.73999,"9":3673.04004,"10":3672.79004,"11":3675.42993,"12":3674.53003,"13":3674.83008,"14":3674.29004,"15":3677.37012,"16":3678.3999,"17":3678.18994,"18":3673.08008,"19":3676.28003,"20":3679.84009,"21":3677.12988,"22":3675.78003,"23":3672.1001,"24":3671.63989,"25":3668.28003},"high":{"0":3672.71997,"1":3682.13989,"2":3682.72998,"3":3679.93994,"4":3677.03003,"5":3674.80005,"6":3671.84009,"7":3671.82007,"8":3670.46997,"9":3673.04004,"10":3673.57007,"11":3675.93994,"12":3675.67993,"13":3677.25,"14":3675.59009,"15":3678.8999,"16":3678.48999,"17":3679.54004,"18":3678.62988,"19":3677.78003,"20":3680.69995,"21":3680.86011,"22":3681.44995,"23":3677.62988,"24":3672.79004,"25":3674.84009},"low":{"0":3657.16992,"1":3658.55005,"2":3678.88989,"3":3674.44995,"4":3673.37988,"5":3670.83008,"6":3669.0,"7":3666.04004,"8":3665.12988,"9":3669.42993,"10":3670.69995,"11":3670.77002,"12":3672.3501,"13":3673.81006,"14":3671.91992,"15":3673.97998,"16":3675.84009,"17":3677.61011,"18":3672.91992,"19":3671.07007,"20":3676.01001,"21":3677.12988,"22":3675.78003,"23":3671.36011,"24":3669.26001,"25":3667.90991},"close":{"0":3666.51001,"1":3665.61011,"2":3681.43994,"3":3679.93994,"4":3676.79004,"5":3673.57007,"6":3671.26001,"7":3670.8501,"8":3666.23999,"9":3669.73999,"10":3673.05005,"11":3672.79004,"12":3675.45996,"13":3674.57007,"14":3674.87988,"15":3674.27002,"16":3677.27002,"17":3678.38989,"18":3678.09009,"19":3673.12988,"20":3676.29004,"21":3679.76001,"22":3677.12012,"23":3675.76001,"24":3671.44995,"25":3671.59009},"volume":{"0":278837030,"1":145202502,"2":75439046,"3":64823453,"4":58211260,"5":48435198,"6":52681622,"7":55451563,"8":57619868,"9":55651365,"10":53467805,"11":61514421,"12":52636696,"13":67719980,"14":62489265,"15":73436645,"16":73963220,"17":68867485,"18":70009405,"19":95793645,"20":87482655,"21":100011254,"22":99528212,"23":103200664,"24":104347447,"25":143999456}}