{"datetime":{"0":1606945500000,"1":1606944600000,"2":1606943700000,"3":1606942800000,"4":1606941900000,"5":1606941000000,"6":1606940100000,"7":1606939200000,"8":1606938300000,"9":1606937400000,"10":1606936500000,"11":1606935600000,"12":1606934700000,"13":1606933800000,"14":1606932900000,"15":1606932000000,"16":1606931100000,"17":1606930200000,"18":1606929300000,"19":1606928400000,"20":1606927500000,"21":1606926600000,"22":1606925700000,"23":1606924800000,"24":1606923900000,"25":1606923000000},"open":{"0":3669.0,"1":3665.80005,"2":3669.01001,"3":3669.90991,"4":3666.94995,"5":3665.6001,"6":3657.6001,"7":3659.6001,"8":3660.68994,"9":3663.1001,"10":3664.33008,"11":3663.15991,"12":3662.41992,"13":3664.21997,"14":3662.30005,"15":3665.1001,"16":3663.69995,"17":3662.6001,"18":3662.26001,"19":3659.88989,"20":3661.12988,"21":3659.30005,"22":3654.04004,"23":3656.71997,"24":3646.76001,"25":3653.78003},"high":{"0":3671.6001,"1":3670.1001,"2":3670.0,"3":3670.68994,"4":3669.80005,"5":3670.0,"6":3667.1001,"7":3660.30005,"8":3661.80005,"9":3663.80005,"10":3665.6001,"11":3664.6001,"12":3665.62988,"13":3664.21997,"14":3664.37012,"15":3665.6001,"16":3666.28003,"17":3664.68994,"18":3663.6001,"19":3664.0,"20":3661.19995,"21":3661.18994,"22":3659.63989,"23":3657.72998,"24":3657.06006,"25":3653.91992},"low":{"0":3665.72998,"1":3664.8501,"2":3664.6001,"3":3668.29004,"4":3666.6001,"5":3665.6001,"6":3657.30005,"7":3657.41992,"8":3658.41992,"9":3659.98999,"10":3662.80005,"11":3661.62988,"12":3661.6001,"13":3661.80005,"14":3661.77002,"15":3662.80005,"16":3663.1001,"17":3661.15991,"18":3660.6001,"19":3659.80005,"20":3656.32007,"21":3657.33008,"22":3653.71997,"23":3652.01001,"24":3644.84009,"25":3645.69995},"close":{"0":3669.72998,"1":3669.19995,"2":3665.6001,"3":3668.76001,"4":3669.40991,"5":3667.30005,"6":3666.80005,"7":3657.68994,"8":3659.30005,"9":3660.43994,"10":3662.80005,"11":3664.08008,"12":3662.90991,"13":3662.1001,"14":3663.97998,"15":3663.1001,"16":3664.8501,"17":3663.6001,"18":3662.40991,"19":3662.30005,"20":3659.1001,"21":3661.08008,"22":3659.37012,"23":3654.15991,"24":3655.95996,"25":3646.78003},"volume":{"0":0,"1":0,"2":0,"3":0,"4":0,"5":0,"6":0,"7":0,"8":0,"9":0,"10":0,"11":0,"12":0,"13":0,"14":0,"15":0,"16":0,"17":0,"18":0,"19":20934655,"20":79880048,"21":79520599,"22":85226692,"23":100223347,"24":116275593,"25":157510302}}