{"datetime":{"0":1653515100000,"1":1653514200000,"2":1653513300000,"3":1653512400000,"4":1653511500000,"5":1653510600000,"6":1653509700000,"7":1653508800000,"8":1653507900000,"9":1653507000000,"10":1653506100000,"11":1653505200000,"12":1653504300000,"13":1653503400000,"14":1653502500000,"15":1653501600000,"16":1653500700000,"17":1653499800000,"18":1653498900000,"19":1653498000000,"20":1653497100000,"21":1653496200000,"22":1653495300000,"23":1653494400000,"24":1653493500000,"25":1653492600000},"open":{"0":3985.31006,"1":3990.32007,"2":3997.80005,"3":3981.55005,"4":3972.47998,"5":3973.32007,"6":3953.07007,"7":3950.62988,"8":3953.42993,"9":3949.6001,"10":3944.12988,"11":3949.56006,"12":3944.12988,"13":3941.76001,"14":3955.09009,"15":3956.79004,"16":3956.83008,"17":3964.11011,"18":3966.21997,"19":3969.0,"20":3970.8501,"21":3968.6499,"22":3954.0,"23":3948.65991,"24":3949.72998,"25":3929.59009},"high":{"0":3985.31006,"1":3994.66992,"2":3998.19995,"3":3999.33008,"4":3983.31006,"5":3979.52002,"6":3974.94995,"7":3968.98999,"8":3955.08008,"9":3956.37988,"10":3950.68994,"11":3949.56006,"12":3949.93994,"13":3946.22998,"14":3955.73999,"15":3961.34009,"16":3960.82007,"17":3964.19995,"18":3969.16992,"19":3969.1499,"20":3971.40991,"21":3979.06006,"22":3968.8501,"23":3954.65991,"24":3957.28003,"25":3953.95996},"low":{"0":3970.01001,"1":3979.03003,"2":3989.32007,"3":3980.3501,"4":3970.97998,"5":3968.8501,"6":3952.09009,"7":3932.32007,"8":3947.28003,"9":3948.18994,"10":3942.17993,"11":3938.51001,"12":3942.3999,"13":3937.02002,"14":3937.41992,"15":3951.3999,"16":3955.09009,"17":3947.28003,"18":3961.94995,"19":3959.11011,"20":3961.6499,"21":3966.3999,"22":3951.29004,"23":3940.31006,"24":3938.6001,"25":3925.03003},"close":{"0":3978.5,"1":3985.34009,"2":3990.26001,"3":3997.67993,"4":3981.48999,"5":3972.46997,"6":3973.3501,"7":3952.63989,"8":3950.77002,"9":3953.44995,"10":3949.63989,"11":3944.12012,"12":3949.6001,"13":3943.93994,"14":3941.69995,"15":3955.04004,"16":3956.80005,"17":3956.8501,"18":3964.11011,"19":3966.15991,"20":3969.02002,"21":3970.76001,"22":3968.66992,"23":3954.09009,"24":3948.82007,"25":3949.47998},"volume":{"0":195390692,"1":108695878,"2":81146398,"3":80668004,"4":66289832,"5":70630722,"6":68115999,"7":100715109,"8":43697765,"9":49284851,"10":44692844,"11":42224952,"12":43764467,"13":43880565,"14":50084095,"15":48053255,"16":47325577,"17":67196457,"18":55525046,"19":64737168,"20":67472917,"21":537369741,"22":84779082,"23":89645191,"24":110748771,"25":114158597}}