{"datetime":{"0":1625694300000,"1":1625693400000,"2":1625692500000,"3":1625691600000,"4":1625690700000,"5":1625689800000,"6":1625688900000,"7":1625688000000,"8":1625687100000,"9":1625686200000,"10":1625685300000,"11":1625684400000,"12":1625683500000,"13":1625682600000,"14":1625681700000,"15":1625680800000,"16":1625679900000,"17":1625679000000,"18":1625678100000,"19":1625677200000,"20":1625676300000,"21":1625675400000,"22":1625674500000,"23":1625673600000,"24":1625672700000,"25":1625671800000},"open":{"0":4360.58008,"1":4359.41992,"2":4360.68018,"3":4359.4502,"4":4354.9502,"5":4357.50977,"6":4359.0498,"7":4353.81006,"8":4352.97021,"9":4352.58984,"10":4353.41992,"11":4355.16992,"12":4353.7002,"13":4354.02002,"14":4357.95996,"15":4352.62988,"16":4354.27979,"17":4349.29004,"18":4344.5,"19":4341.37988,"20":4331.08008,"21":4340.70996,"22":4350.75977,"23":4352.22021,"24":4354.97021,"25":4351.00977},"high":{"0":4361.87988,"1":4361.8501,"2":4361.37988,"3":4361.62012,"4":4360.08984,"5":4357.50977,"6":4361.58008,"7":4361.70996,"8":4357.22021,"9":4353.5498,"10":4353.41992,"11":4355.25977,"12":4356.02002,"13":4357.56982,"14":4358.89014,"15":4358.35986,"16":4356.58984,"17":4354.54004,"18":4349.47021,"19":4344.56982,"20":4341.91992,"21":4342.41992,"22":4352.64014,"23":4352.35986,"24":4357.10986,"25":4357.25},"low":{"0":4355.91992,"1":4358.4502,"2":4358.43994,"3":4359.2002,"4":4354.5498,"5":4352.06006,"6":4356.2998,"7":4353.81006,"8":4352.97021,"9":4351.52979,"10":4351.5,"11":4351.16992,"12":4352.87012,"13":4353.37988,"14":4353.9502,"15":4352.62988,"16":4352.06982,"17":4347.52002,"18":4342.87988,"19":4338.04004,"20":4329.79004,"21":4330.91016,"22":4340.24023,"23":4345.45996,"24":4350.45996,"25":4349.4502},"close":{"0":4358.8999,"1":4360.58008,"2":4359.4502,"3":4360.68018,"4":4359.4502,"5":4354.97021,"6":4357.5,"7":4359.1001,"8":4353.74023,"9":4352.8999,"10":4352.54004,"11":4353.47998,"12":4355.16016,"13":4353.81006,"14":4354.06006,"15":4357.91016,"16":4352.52979,"17":4354.29004,"18":4349.18994,"19":4344.56982,"20":4341.4502,"21":4331.22021,"22":4340.58984,"23":4350.7998,"24":4352.31982,"25":4355.0498},"volume":{"0":195326966,"1":75418237,"2":51015920,"3":46052786,"4":40029864,"5":43786546,"6":39270822,"7":45623079,"8":43464410,"9":33596829,"10":36951237,"11":35586747,"12":39533831,"13":38592304,"14":40670245,"15":39891936,"16":50172377,"17":57776380,"18":56967622,"19":60764713,"20":72322495,"21":89690794,"22":82518634,"23":91972586,"24":94002528,"25":105127358}}