{"datetime":{"0":1633038300000,"1":1633037400000,"2":1633036500000,"3":1633035600000,"4":1633034700000,"5":1633033800000,"6":1633032900000,"7":1633032000000,"8":1633031100000,"9":1633030200000,"10":1633029300000,"11":1633028400000,"12":1633027500000,"13":1633026600000,"14":1633025700000,"15":1633024800000,"16":1633023900000,"17":1633023000000,"18":1633022100000,"19":1633021200000,"20":1633020300000,"21":1633019400000,"22":1633018500000,"23":1633017600000,"24":1633016700000,"25":1633015800000},"open":{"0":4328.77002,"1":4338.66992,"2":4345.52979,"3":4339.70996,"4":4348.6499,"5":4341.99023,"6":4344.70996,"7":4333.70996,"8":4326.54004,"9":4324.8999,"10":4332.70996,"11":4324.06006,"12":4322.95996,"13":4320.08008,"14":4321.93018,"15":4338.1001,"16":4341.3501,"17":4362.58008,"18":4358.97021,"19":4353.16016,"20":4361.50977,"21":4367.1001,"22":4364.39014,"23":4373.70996,"24":4372.8501,"25":4370.66992},"high":{"0":4328.77002,"1":4346.72021,"2":4350.62988,"3":4346.66992,"4":4353.31982,"5":4349.41992,"6":4344.70996,"7":4346.95996,"8":4333.6499,"9":4328.7002,"10":4337.1499,"11":4335.45996,"12":4329.72998,"13":4326.56982,"14":4325.75,"15":4339.56982,"16":4341.4502,"17":4362.58008,"18":4366.64014,"19":4359.75977,"20":4362.39014,"21":4368.00977,"22":4375.99023,"23":4375.10986,"24":4382.06982,"25":4382.5498},"low":{"0":4306.52979,"1":4328.37988,"2":4338.70996,"3":4335.70996,"4":4339.72998,"5":4340.70996,"6":4336.2998,"7":4333.49023,"8":4324.72021,"9":4320.24023,"10":4324.52979,"11":4322.1499,"12":4320.8501,"13":4315.4502,"14":4318.81982,"15":4316.8501,"16":4331.4502,"17":4338.47998,"18":4358.85986,"19":4350.50977,"20":4350.3999,"21":4358.25,"22":4364.37988,"23":4362.7002,"24":4371.12012,"25":4368.74023},"close":{"0":4306.52979,"1":4328.75,"2":4338.70996,"3":4345.54004,"4":4339.72998,"5":4348.6499,"6":4341.93994,"7":4344.70996,"8":4333.6499,"9":4326.49023,"10":4324.93018,"11":4332.58008,"12":4324.16016,"13":4322.91016,"14":4320.31006,"15":4321.93018,"16":4338.10986,"17":4341.33984,"18":4362.56982,"19":4358.97021,"20":4353.18994,"21":4361.45996,"22":4367.1001,"23":4364.41992,"24":4373.7002,"25":4372.75},"volume":{"0":261978939,"1":91631171,"2":63480694,"3":55405885,"4":52593174,"5":50061364,"6":47165330,"7":57353502,"8":42665169,"9":46639219,"10":54795553,"11":45792902,"12":51213892,"13":55699004,"14":54980242,"15":68363777,"16":59142777,"17":69392973,"18":59757272,"19":613264830,"20":526862160,"21":84754103,"22":71345945,"23":81251000,"24":91523897,"25":104154464}}