{"datetime":{"0":1666215900000,"1":1666215000000,"2":1666214100000,"3":1666213200000,"4":1666212300000,"5":1666211400000,"6":1666210500000,"7":1666209600000,"8":1666208700000,"9":1666207800000,"10":1666206900000,"11":1666206000000,"12":1666205100000,"13":1666204200000,"14":1666203300000,"15":1666202400000,"16":1666201500000,"17":1666200600000,"18":1666199700000,"19":1666198800000,"20":1666197900000,"21":1666197000000,"22":1666196100000,"23":1666195200000,"24":1666194300000,"25":1666193400000},"open":{"0":3689.66992,"1":3687.6001,"2":3688.78003,"3":3682.44995,"4":3685.46997,"5":3690.67993,"6":3690.73999,"7":3680.02002,"8":3677.70996,"9":3676.82007,"10":3672.42993,"11":3682.83008,"12":3687.41992,"13":3693.0,"14":3697.92993,"15":3708.15991,"16":3703.95996,"17":3706.06006,"18":3712.88989,"19":3707.28003,"20":3716.07007,"21":3726.37012,"22":3711.40991,"23":3696.42993,"24":3701.95996,"25":3703.11011},"high":{"0":3696.94995,"1":3691.73999,"2":3696.92993,"3":3690.18994,"4":3686.66992,"5":3692.6499,"6":3694.87012,"7":3691.02002,"8":3680.13989,"9":3679.25,"10":3681.33008,"11":3684.71997,"12":3687.41992,"13":3699.47998,"14":3700.11011,"15":3708.63989,"16":3713.55005,"17":3708.5,"18":3717.3501,"19":3715.80005,"20":3718.01001,"21":3728.58008,"22":3728.58008,"23":3712.27002,"24":3704.71997,"25":3718.93994},"low":{"0":3684.61011,"1":3685.25,"2":3685.72998,"3":3680.21997,"4":3681.61011,"5":3685.22998,"6":3687.55005,"7":3677.04004,"8":3671.96997,"9":3672.30005,"10":3670.86011,"11":3666.51001,"12":3680.0,"13":3686.69995,"14":3691.26001,"15":3695.44995,"16":3703.95996,"17":3698.07007,"18":3704.34009,"19":3703.26001,"20":3704.38989,"21":3713.3999,"22":3711.40991,"23":3693.63989,"24":3690.25,"25":3697.08008},"close":{"0":3695.95996,"1":3689.59009,"2":3687.61011,"3":3688.77002,"4":3682.40991,"5":3685.69995,"6":3691.12012,"7":3690.72998,"8":3680.05005,"9":3677.08008,"10":3676.8501,"11":3672.40991,"12":3682.86011,"13":3687.41992,"14":3693.0,"15":3697.90991,"16":3708.1001,"17":3703.32007,"18":3705.95996,"19":3712.87012,"20":3707.27002,"21":3716.1001,"22":3726.36011,"23":3711.40991,"24":3696.56006,"25":3702.26001},"volume":{"0":2100936131,"1":100796240,"2":78176410,"3":75361521,"4":54318360,"5":53206448,"6":1544421036,"7":58824686,"8":1372211977,"9":54622365,"10":58435470,"11":74814743,"12":55053292,"13":53748132,"14":51781886,"15":57689261,"16":58409551,"17":61384370,"18":829906626,"19":73799358,"20":697829351,"21":85867014,"22":92925510,"23":93197254,"24":120760630,"25":159343504}}