{"datetime":{"0":1647895500000,"1":1647894600000,"2":1647893700000,"3":1647892800000,"4":1647891900000,"5":1647891000000,"6":1647890100000,"7":1647889200000,"8":1647888300000,"9":1647887400000,"10":1647886500000,"11":1647885600000,"12":1647884700000,"13":1647883800000,"14":1647882900000,"15":1647882000000,"16":1647881100000,"17":1647880200000,"18":1647879300000,"19":1647878400000,"20":1647877500000,"21":1647876600000,"22":1647875700000,"23":1647874800000,"24":1647873900000,"25":1647873000000},"open":{"0":4445.02002,"1":4451.31006,"2":4445.16016,"3":4435.93018,"4":4451.3999,"5":4451.77002,"6":4436.81006,"7":4441.75977,"8":4434.27979,"9":4430.25977,"10":4435.14014,"11":4440.58984,"12":4458.0,"13":4471.72021,"14":4470.99023,"15":4471.4502,"16":4465.0498,"17":4472.12012,"18":4464.74023,"19":4465.60986,"20":4453.22021,"21":4446.7998,"22":4450.77002,"23":4456.41016,"24":4475.31006,"25":4462.3999},"high":{"0":4461.56006,"1":4454.50977,"2":4451.83984,"3":4445.14014,"4":4456.12988,"5":4453.24023,"6":4452.56006,"7":4444.5,"8":4441.81006,"9":4442.49023,"10":4435.14014,"11":4440.97021,"12":4459.2002,"13":4471.93994,"14":4475.22021,"15":4472.41016,"16":4474.27002,"17":4472.85986,"18":4474.14014,"19":4469.58984,"20":4467.3501,"21":4455.68018,"22":4454.0498,"23":4459.16016,"24":4476.16016,"25":4481.75},"low":{"0":4437.75,"1":4443.91992,"2":4441.52002,"3":4433.97021,"4":4435.66992,"5":4446.2002,"6":4434.47998,"7":4435.3999,"8":4434.06006,"9":4429.25977,"10":4424.2998,"11":4433.33008,"12":4439.06982,"13":4444.7002,"14":4466.60986,"15":4464.41992,"16":4464.37988,"17":4464.7998,"18":4463.5,"19":4461.02002,"20":4452.27979,"21":4444.75977,"22":4444.43018,"23":4448.16016,"24":4455.7002,"25":4460.0498},"close":{"0":4461.45996,"1":4444.83008,"2":4451.2998,"3":4445.14014,"4":4435.74023,"5":4451.35986,"6":4451.97998,"7":4436.66992,"8":4441.81006,"9":4433.81006,"10":4430.31982,"11":4435.06006,"12":4440.58008,"13":4458.10986,"14":4471.68994,"15":4470.9502,"16":4471.43018,"17":4465.02979,"18":4472.12012,"19":4464.64014,"20":4465.62988,"21":4453.1001,"22":4446.72998,"23":4450.66992,"24":4456.33984,"25":4475.16992},"volume":{"0":2032924382,"1":92106530,"2":65679836,"3":60568930,"4":54705151,"5":51928244,"6":54087566,"7":51688287,"8":46125955,"9":53085442,"10":60946793,"11":54684320,"12":56604709,"13":73625043,"14":55272454,"15":49670760,"16":56253688,"17":62739318,"18":66106682,"19":67239914,"20":75383523,"21":77588241,"22":90577341,"23":95662465,"24":125771452,"25":145047434}}