{"datetime":{"0":1678225500000,"1":1678224600000,"2":1678223700000,"3":1678222800000,"4":1678221900000,"5":1678221000000,"6":1678220100000,"7":1678219200000,"8":1678218300000,"9":1678217400000,"10":1678216500000,"11":1678215600000,"12":1678214700000,"13":1678213800000,"14":1678212900000,"15":1678212000000,"16":1678211100000,"17":1678210200000,"18":1678209300000,"19":1678208400000,"20":1678207500000,"21":1678206600000,"22":1678205700000,"23":1678204800000,"24":1678203900000,"25":1678203000000},"open":{"0":3990.26001,"1":3986.28003,"2":3987.97998,"3":3981.30005,"4":3983.37988,"5":3986.78003,"6":3991.54004,"7":3987.83008,"8":3990.18994,"9":3999.17993,"10":3999.92993,"11":4007.66992,"12":4011.48999,"13":4014.8999,"14":4003.83008,"15":4003.02002,"16":4011.94995,"17":4005.09009,"18":4008.52002,"19":4007.8501,"20":4017.06006,"21":4020.8501,"22":4015.83008,"23":4047.0,"24":4045.27002,"25":4048.26001},"high":{"0":3990.45996,"1":3995.65991,"2":3991.3501,"3":3989.5,"4":3985.8999,"5":3988.43994,"6":3993.17993,"7":3992.51001,"8":3991.02002,"9":4001.95996,"10":4000.8999,"11":4007.8999,"12":4015.93994,"13":4016.8999,"14":4023.08008,"15":4006.80005,"16":4014.01001,"17":4011.84009,"18":4011.07007,"19":4016.41992,"20":4025.88989,"21":4036.09009,"22":4027.47998,"23":4047.0,"24":4050.0,"25":4049.37988},"low":{"0":3985.16992,"1":3985.95996,"2":3985.32007,"3":3980.91992,"4":3980.31006,"5":3982.93994,"6":3986.17993,"7":3987.46997,"8":3985.75,"9":3989.93994,"10":3997.07007,"11":3998.77002,"12":4007.12988,"13":4009.58008,"14":4003.32007,"15":4002.06006,"16":4001.90991,"17":4003.54004,"18":4004.59009,"19":4006.57007,"20":4007.79004,"21":4016.41992,"22":4011.80005,"23":4009.53003,"24":4044.71997,"25":4044.12012},"close":{"0":3986.70996,"1":3990.21997,"2":3986.29004,"3":3988.01001,"4":3981.29004,"5":3983.3999,"6":3986.77002,"7":3991.51001,"8":3987.87012,"9":3990.19995,"10":3999.13989,"11":3999.98999,"12":4007.61011,"13":4011.5,"14":4014.86011,"15":4003.76001,"16":4003.0,"17":4011.84009,"18":4005.28003,"19":4008.81006,"20":4007.81006,"21":4017.09009,"22":4020.98999,"23":4015.94995,"24":4046.92993,"25":4045.3501},"volume":{"0":171876132,"1":93103832,"2":69130582,"3":61097701,"4":55121949,"5":49624719,"6":52738527,"7":49665390,"8":56231359,"9":53132379,"10":44508189,"11":53182780,"12":50560487,"13":48411954,"14":71006021,"15":48825066,"16":56991235,"17":60472225,"18":58844171,"19":63090437,"20":642310022,"21":87746317,"22":87541849,"23":380582790,"24":75607685,"25":104921895}}