{"datetime":{"0":1686692700000,"1":1686691800000,"2":1686690900000,"3":1686690000000,"4":1686689100000,"5":1686688200000,"6":1686687300000,"7":1686686400000,"8":1686685500000,"9":1686684600000,"10":1686683700000,"11":1686682800000,"12":1686681900000,"13":1686681000000,"14":1686680100000,"15":1686679200000,"16":1686678300000,"17":1686677400000,"18":1686676500000,"19":1686675600000,"20":1686674700000,"21":1686673800000,"22":1686672900000,"23":1686672000000,"24":1686671100000,"25":1686670200000},"open":{"0":4364.47998,"1":4365.7002,"2":4366.9502,"3":4363.08984,"4":4358.75977,"5":4361.0,"6":4366.62988,"7":4370.68018,"8":4373.7002,"9":4372.56006,"10":4369.0,"11":4372.24023,"12":4370.87988,"13":4368.58008,"14":4367.18994,"15":4362.8501,"16":4365.74023,"17":4369.37988,"18":4370.06006,"19":4362.62012,"20":4360.83008,"21":4359.02002,"22":4355.24023,"23":4359.14014,"24":4368.0,"25":4352.60986},"high":{"0":4369.83008,"1":4368.25977,"2":4369.5498,"3":4367.43994,"4":4364.41992,"5":4361.3999,"6":4368.29004,"7":4371.72998,"8":4374.33984,"9":4373.83984,"10":4373.60986,"11":4375.37012,"12":4372.29004,"13":4371.5498,"14":4369.10986,"15":4368.00977,"16":4369.97998,"17":4370.4502,"18":4374.66016,"19":4371.2998,"20":4365.93994,"21":4364.04004,"22":4359.18994,"23":4363.8501,"24":4368.66992,"25":4373.41016},"low":{"0":4363.56006,"1":4363.77979,"2":4364.99023,"3":4363.06982,"4":4356.25,"5":4356.12012,"6":4358.89014,"7":4363.22998,"8":4368.4502,"9":4370.2002,"10":4368.16992,"11":4366.81006,"12":4368.47021,"13":4367.22998,"14":4365.1499,"15":4360.02979,"16":4362.58984,"17":4363.1499,"18":4368.75977,"19":4359.79004,"20":4360.6499,"21":4354.37988,"22":4349.31006,"23":4350.83008,"24":4357.27979,"25":4352.60986},"close":{"0":4369.22998,"1":4364.52979,"2":4365.75977,"3":4366.91992,"4":4363.06982,"5":4358.77979,"6":4361.06982,"7":4366.62012,"8":4370.66016,"9":4373.72998,"10":4372.5,"11":4369.04004,"12":4372.25,"13":4370.87988,"14":4368.6001,"15":4367.16992,"16":4362.85986,"17":4365.95996,"18":4369.33984,"19":4369.91992,"20":4362.62012,"21":4360.68994,"22":4359.02002,"23":4355.18018,"24":4358.81006,"25":4367.91016},"volume":{"0":226212945,"1":96296860,"2":69280535,"3":60377884,"4":62524858,"5":64365848,"6":65000401,"7":56146828,"8":54032033,"9":1346849107,"10":51761274,"11":57513538,"12":46057504,"13":51923419,"14":56100029,"15":58386099,"16":64804030,"17":65423654,"18":72464553,"19":75829666,"20":734514779,"21":79618553,"22":96271971,"23":106943603,"24":116843222,"25":214591182}}