{"datetime":{"0":1681422300000,"1":1681421400000,"2":1681420500000,"3":1681419600000,"4":1681418700000,"5":1681417800000,"6":1681416900000,"7":1681416000000,"8":1681415100000,"9":1681414200000,"10":1681413300000,"11":1681412400000,"12":1681411500000,"13":1681410600000,"14":1681409700000,"15":1681408800000,"16":1681407900000,"17":1681407000000,"18":1681406100000,"19":1681405200000,"20":1681404300000,"21":1681403400000,"22":1681402500000,"23":1681401600000,"24":1681400700000,"25":1681399800000},"open":{"0":4148.6499,"1":4148.02979,"2":4145.62988,"3":4147.72021,"4":4146.04004,"5":4143.37988,"6":4143.08008,"7":4138.66016,"8":4136.4502,"9":4131.24023,"10":4131.20996,"11":4127.02002,"12":4125.2002,"13":4126.16992,"14":4122.20996,"15":4121.54004,"16":4120.95996,"17":4119.97021,"18":4117.33984,"19":4115.02002,"20":4115.45996,"21":4119.49023,"22":4115.02979,"23":4102.81982,"24":4103.89014,"25":4100.04004},"high":{"0":4150.25977,"1":4148.97998,"2":4149.68018,"3":4148.64014,"4":4148.4502,"5":4146.16992,"6":4146.00977,"7":4143.35986,"8":4139.56006,"9":4136.97998,"10":4132.81982,"11":4132.27979,"12":4127.5498,"13":4126.68018,"14":4126.74023,"15":4125.2998,"16":4121.8999,"17":4122.66016,"18":4119.97021,"19":4119.66016,"20":4119.22021,"21":4120.43018,"22":4120.29004,"23":4115.2998,"24":4106.66016,"25":4106.1499},"low":{"0":4143.37012,"1":4144.35986,"2":4144.7002,"3":4145.43994,"4":4144.52002,"5":4141.74023,"6":4143.08008,"7":4137.68018,"8":4136.4502,"9":4130.02979,"10":4130.72021,"11":4123.45996,"12":4124.72998,"13":4123.93994,"14":4122.06982,"15":4121.54004,"16":4115.91016,"17":4118.2002,"18":4115.74023,"19":4115.02002,"20":4113.64014,"21":4113.60986,"22":4115.02979,"23":4101.7002,"24":4099.66992,"25":4099.3999},"close":{"0":4145.91016,"1":4148.6001,"2":4148.02979,"3":4145.64014,"4":4147.75977,"5":4146.04004,"6":4143.33984,"7":4143.08008,"8":4138.6499,"9":4136.45996,"10":4131.22998,"11":4131.22021,"12":4127.00977,"13":4125.20996,"14":4126.16016,"15":4122.14014,"16":4121.5498,"17":4120.97998,"18":4119.95996,"19":4117.3501,"20":4115.02979,"21":4115.43994,"22":4119.43994,"23":4115.06006,"24":4102.81006,"25":4103.3501},"volume":{"0":228930709,"1":86030604,"2":65215612,"3":59275796,"4":54521443,"5":51199903,"6":52115542,"7":53490330,"8":44105570,"9":50145964,"10":45290581,"11":45783900,"12":38736612,"13":49369619,"14":43376584,"15":50320505,"16":51681143,"17":54325248,"18":55197061,"19":63737676,"20":66870133,"21":79092110,"22":80253677,"23":92791344,"24":94021227,"25":120215216}}