{"datetime":{"0":1660599900000,"1":1660599000000,"2":1660598100000,"3":1660597200000,"4":1660596300000,"5":1660595400000,"6":1660594500000,"7":1660593600000,"8":1660592700000,"9":1660591800000,"10":1660590900000,"11":1660590000000,"12":1660589100000,"13":1660588200000,"14":1660587300000,"15":1660586400000,"16":1660585500000,"17":1660584600000,"18":1660583700000,"19":1660582800000,"20":1660581900000,"21":1660581000000,"22":1660580100000,"23":1660579200000,"24":1660578300000,"25":1660577400000},"open":{"0":4297.87012,"1":4300.43018,"2":4297.1001,"3":4298.0,"4":4296.25977,"5":4294.22998,"6":4290.91992,"7":4293.75977,"8":4290.10986,"9":4294.3999,"10":4294.62988,"11":4296.31006,"12":4294.2002,"13":4291.95996,"14":4289.49023,"15":4288.4502,"16":4281.22021,"17":4271.31006,"18":4265.00977,"19":4266.56982,"20":4271.43994,"21":4269.02979,"22":4268.70996,"23":4277.97021,"24":4261.85986,"25":4269.37012},"high":{"0":4301.79004,"1":4300.52002,"2":4301.08008,"3":4299.14014,"4":4298.5,"5":4297.68018,"6":4294.72998,"7":4293.77002,"8":4293.93018,"9":4295.06006,"10":4295.3999,"11":4298.33984,"12":4297.25,"13":4294.83008,"14":4292.16016,"15":4290.7002,"16":4290.25,"17":4281.62988,"18":4271.75,"19":4270.91992,"20":4272.64014,"21":4274.4502,"22":4269.74023,"23":4278.18018,"24":4280.74023,"25":4269.37012},"low":{"0":4294.45996,"1":4297.62988,"2":4296.93994,"3":4295.06982,"4":4295.33008,"5":4293.14014,"6":4290.91992,"7":4289.79004,"8":4289.81006,"9":4289.47021,"10":4291.4502,"11":4293.56006,"12":4292.77002,"13":4291.56982,"14":4288.3501,"15":4285.87988,"16":4281.22021,"17":4271.12012,"18":4264.97021,"19":4263.5,"20":4265.62012,"21":4268.20996,"22":4264.7002,"23":4268.70996,"24":4261.83984,"25":4256.8999},"close":{"0":4296.75,"1":4297.89014,"2":4300.43018,"3":4297.16016,"4":4297.89014,"5":4296.29004,"6":4294.25,"7":4290.97021,"8":4293.79004,"9":4290.12988,"10":4294.43994,"11":4294.52979,"12":4296.29004,"13":4294.25977,"14":4292.00977,"15":4289.50977,"16":4288.49023,"17":4281.16016,"18":4271.27002,"19":4265.02979,"20":4267.12988,"21":4271.47998,"22":4269.06006,"23":4268.70996,"24":4278.60986,"25":4261.77002},"volume":{"0":177003632,"1":71784746,"2":56196949,"3":55857894,"4":43887552,"5":38354998,"6":37089928,"7":37195361,"8":35909367,"9":36895748,"10":35978581,"11":38462234,"12":40033324,"13":41073204,"14":39638465,"15":41229242,"16":53400768,"17":50509326,"18":46296553,"19":48344320,"20":53242733,"21":59660925,"22":62769135,"23":80282975,"24":92150819,"25":106531709}}