{"datetime":{"0":1680126300000,"1":1680125400000,"2":1680124500000,"3":1680123600000,"4":1680122700000,"5":1680121800000,"6":1680120900000,"7":1680120000000,"8":1680119100000,"9":1680118200000,"10":1680117300000,"11":1680116400000,"12":1680115500000,"13":1680114600000,"14":1680113700000,"15":1680112800000,"16":1680111900000,"17":1680111000000,"18":1680110100000,"19":1680109200000,"20":1680108300000,"21":1680107400000,"22":1680106500000,"23":1680105600000,"24":1680104700000,"25":1680103800000},"open":{"0":4026.62988,"1":4027.1499,"2":4021.27002,"3":4021.03003,"4":4016.56006,"5":4013.20996,"6":4013.17993,"7":4010.21997,"8":4012.40991,"9":4018.56006,"10":4017.04004,"11":4011.3501,"12":4012.90991,"13":4013.87012,"14":4014.88989,"15":4014.13989,"16":4009.43994,"17":4007.93994,"18":4006.75,"19":4002.71997,"20":4005.98999,"21":4009.34009,"22":4009.47998,"23":4013.69995,"24":4013.62988,"25":3999.53003},"high":{"0":4030.59009,"1":4027.1499,"2":4027.68994,"3":4021.81006,"4":4021.41992,"5":4016.90991,"6":4013.28003,"7":4013.93994,"8":4012.47998,"9":4018.61011,"10":4018.83008,"11":4017.47998,"12":4014.09009,"13":4015.92993,"14":4015.93994,"15":4015.12988,"16":4014.30005,"17":4012.07007,"18":4009.12988,"19":4008.37012,"20":4006.1001,"21":4010.71997,"22":4013.08008,"23":4017.16992,"24":4016.12988,"25":4014.04004},"low":{"0":4024.43994,"1":4022.63989,"2":4021.21997,"3":4016.29004,"4":4015.08008,"5":4012.78003,"6":4009.34009,"7":4007.32007,"8":4008.8999,"9":4010.76001,"10":4015.76001,"11":4009.88989,"12":4009.91992,"13":4012.6499,"14":4012.95996,"15":4010.27002,"16":4009.43994,"17":4007.70996,"18":4004.52002,"19":4002.51001,"20":4001.98999,"21":4004.31006,"22":4007.82007,"23":4009.08008,"24":4011.25,"25":3999.53003},"close":{"0":4027.3999,"1":4026.61011,"2":4027.17993,"3":4021.17993,"4":4021.05005,"5":4016.53003,"6":4013.18994,"7":4013.26001,"8":4010.25,"9":4012.42993,"10":4018.59009,"11":4017.03003,"12":4011.41992,"13":4012.8999,"14":4013.86011,"15":4014.72998,"16":4014.16992,"17":4009.43994,"18":4007.90991,"19":4006.75,"20":4002.73999,"21":4005.96997,"22":4009.30005,"23":4009.6499,"24":4013.06006,"25":4013.71997},"volume":{"0":237653327,"1":97385052,"2":83841937,"3":84900106,"4":59675472,"5":50231985,"6":45236029,"7":48253477,"8":42220906,"9":50018090,"10":40459469,"11":45984829,"12":47346989,"13":47110582,"14":51923586,"15":53680421,"16":58545626,"17":58415690,"18":60551111,"19":56520384,"20":61781825,"21":73740205,"22":77087544,"23":93980459,"24":105136494,"25":123883416}}