{"datetime":{"0":1623275100000,"1":1623274200000,"2":1623273300000,"3":1623272400000,"4":1623271500000,"5":1623270600000,"6":1623269700000,"7":1623268800000,"8":1623267900000,"9":1623267000000,"10":1623266100000,"11":1623265200000,"12":1623264300000,"13":1623263400000,"14":1623262500000,"15":1623261600000,"16":1623260700000,"17":1623259800000,"18":1623258900000,"19":1623258000000,"20":1623257100000,"21":1623256200000,"22":1623255300000,"23":1623254400000,"24":1623253500000,"25":1623252600000},"open":{"0":4220.1499,"1":4222.2998,"2":4226.91016,"3":4228.2002,"4":4229.7002,"5":4231.97021,"6":4229.8999,"7":4230.24023,"8":4230.49023,"9":4232.2002,"10":4231.10986,"11":4231.83008,"12":4231.37012,"13":4230.52002,"14":4229.35986,"15":4228.81006,"16":4230.8999,"17":4233.70996,"18":4232.68018,"19":4232.2002,"20":4233.7002,"21":4233.2002,"22":4228.8999,"23":4232.8999,"24":4233.00977,"25":4236.02979},"high":{"0":4223.2002,"1":4224.7002,"2":4227.7002,"3":4228.2002,"4":4230.20996,"5":4232.70996,"6":4232.47998,"7":4232.25,"8":4231.72998,"9":4233.0,"10":4233.83008,"11":4232.7002,"12":4231.8999,"13":4231.7002,"14":4230.89014,"15":4229.83008,"16":4231.8999,"17":4233.70996,"18":4234.9502,"19":4234.3999,"20":4234.72021,"21":4234.3999,"22":4232.97998,"23":4233.68994,"24":4236.25977,"25":4236.27979},"low":{"0":4218.54004,"1":4220.2002,"2":4222.68994,"3":4226.3999,"4":4227.6499,"5":4229.47021,"6":4229.3999,"7":4229.29004,"8":4229.8999,"9":4229.3999,"10":4230.7998,"11":4230.8999,"12":4230.7002,"13":4230.39014,"14":4228.12012,"15":4228.06982,"16":4226.35986,"17":4230.7002,"18":4232.20996,"19":4232.2002,"20":4231.20996,"21":4231.7002,"22":4227.3999,"23":4228.7002,"24":4228.52002,"25":4229.56006},"close":{"0":4218.79004,"1":4220.3999,"2":4222.68994,"3":4226.7002,"4":4228.35986,"5":4229.47021,"6":4232.22021,"7":4230.2002,"8":4230.3999,"9":4230.3999,"10":4232.3999,"11":4230.8999,"12":4231.33008,"13":4231.12012,"14":4230.89014,"15":4229.60986,"16":4228.8999,"17":4231.27979,"18":4233.45996,"19":4232.8999,"20":4232.39014,"21":4233.3999,"22":4232.97998,"23":4229.2002,"24":4232.3999,"25":4232.7002},"volume":{"0":0,"1":0,"2":0,"3":0,"4":0,"5":0,"6":0,"7":0,"8":0,"9":0,"10":0,"11":0,"12":0,"13":0,"14":0,"15":0,"16":0,"17":0,"18":0,"19":0,"20":0,"21":0,"22":0,"23":0,"24":0,"25":0}}