{"datetime":{"0":1651095900000,"1":1651095000000,"2":1651094100000,"3":1651093200000,"4":1651092300000,"5":1651091400000,"6":1651090500000,"7":1651089600000,"8":1651088700000,"9":1651087800000,"10":1651086900000,"11":1651086000000,"12":1651085100000,"13":1651084200000,"14":1651083300000,"15":1651082400000,"16":1651081500000,"17":1651080600000,"18":1651079700000,"19":1651078800000,"20":1651077900000,"21":1651077000000,"22":1651076100000,"23":1651075200000,"24":1651074300000,"25":1651073400000},"open":{"0":4195.29004,"1":4194.27002,"2":4196.66016,"3":4199.06006,"4":4224.2002,"5":4215.99023,"6":4226.91992,"7":4231.52002,"8":4221.06006,"9":4227.29004,"10":4219.3999,"11":4232.7002,"12":4236.95996,"13":4233.06006,"14":4214.0,"15":4208.97998,"16":4216.52002,"17":4210.16992,"18":4195.85986,"19":4192.95996,"20":4192.22998,"21":4172.43994,"22":4182.4502,"23":4219.83984,"24":4217.3999,"25":4186.52002},"high":{"0":4199.22021,"1":4197.97021,"2":4200.1001,"3":4201.25,"4":4227.25,"5":4225.95996,"6":4226.97998,"7":4231.52002,"8":4233.3501,"9":4230.83984,"10":4226.8501,"11":4234.8999,"12":4238.24023,"13":4240.70996,"14":4234.27002,"15":4217.08984,"16":4216.62988,"17":4221.37988,"18":4211.47998,"19":4210.5,"20":4204.77002,"21":4194.7002,"22":4189.2998,"23":4229.16016,"24":4231.89014,"25":4217.41016},"low":{"0":4178.10986,"1":4183.54004,"2":4185.56982,"3":4189.66016,"4":4195.9502,"5":4206.97021,"6":4215.12012,"7":4221.62988,"8":4219.29004,"9":4217.74023,"10":4210.0,"11":4214.6001,"12":4229.0498,"13":4226.62988,"14":4210.18018,"15":4200.7998,"16":4202.9502,"17":4210.16992,"18":4195.85986,"19":4190.18018,"20":4190.56006,"21":4162.8999,"22":4171.18994,"23":4181.75977,"24":4217.3999,"25":4184.41992},"close":{"0":4183.20996,"1":4195.18018,"2":4194.10986,"3":4196.62988,"4":4199.06006,"5":4224.14014,"6":4216.00977,"7":4227.00977,"8":4231.35986,"9":4221.08008,"10":4226.83008,"11":4219.47021,"12":4232.49023,"13":4236.87012,"14":4232.93994,"15":4213.91016,"16":4208.8999,"17":4216.56006,"18":4210.1499,"19":4195.85986,"20":4193.06982,"21":4191.95996,"22":4173.56982,"23":4182.33008,"24":4220.3999,"25":4217.41016},"volume":{"0":213021924,"1":115754834,"2":83532079,"3":78836334,"4":68037947,"5":64231653,"6":54468923,"7":55562569,"8":54056885,"9":54156390,"10":57476328,"11":75443390,"12":53880054,"13":62400677,"14":69729243,"15":61226932,"16":63716271,"17":76348052,"18":78107242,"19":87159935,"20":84527956,"21":100754043,"22":104161570,"23":119424930,"24":115845469,"25":150927031}}