{"datetime":{"0":1611265500000,"1":1611264600000,"2":1611263700000,"3":1611262800000,"4":1611261900000,"5":1611261000000,"6":1611260100000,"7":1611259200000,"8":1611258300000,"9":1611257400000,"10":1611256500000,"11":1611255600000,"12":1611254700000,"13":1611253800000,"14":1611252900000,"15":1611252000000,"16":1611251100000,"17":1611250200000,"18":1611249300000,"19":1611248400000,"20":1611247500000,"21":1611246600000,"22":1611245700000,"23":1611244800000,"24":1611243900000,"25":1611243000000},"open":{"0":3859.80005,"1":3858.5,"2":3857.91992,"3":3860.51001,"4":3859.28003,"5":3858.70996,"6":3857.80005,"7":3853.52002,"8":3854.48999,"9":3852.94995,"10":3852.53003,"11":3851.07007,"12":3849.38989,"13":3848.40991,"14":3849.40991,"15":3853.30005,"16":3850.79004,"17":3856.34009,"18":3856.36011,"19":3859.63989,"20":3858.8501,"21":3859.57007,"22":3856.1499,"23":3851.42993,"24":3848.6499,"25":3857.45996},"high":{"0":3861.32007,"1":3860.5,"2":3859.80005,"3":3861.23999,"4":3860.52002,"5":3860.30005,"6":3858.94995,"7":3858.01001,"8":3854.6499,"9":3855.32007,"10":3853.71997,"11":3852.66992,"12":3851.01001,"13":3850.37012,"14":3849.44995,"15":3853.65991,"16":3854.59009,"17":3856.5,"18":3857.41992,"19":3861.44995,"20":3860.32007,"21":3860.84009,"22":3859.92993,"23":3856.66992,"24":3853.12012,"25":3858.57007},"low":{"0":3852.80005,"1":3857.36011,"2":3857.13989,"3":3856.80005,"4":3858.30005,"5":3858.0,"6":3857.68994,"7":3853.16992,"8":3852.29004,"9":3852.81006,"10":3851.84009,"11":3850.12988,"12":3846.80005,"13":3846.87012,"14":3845.05005,"15":3849.20996,"16":3850.79004,"17":3848.75,"18":3854.87988,"19":3854.75,"20":3858.8501,"21":3858.46997,"22":3856.04004,"23":3848.55005,"24":3846.33008,"25":3845.6499},"close":{"0":3852.80005,"1":3860.08008,"2":3858.30005,"3":3857.30005,"4":3860.0,"5":3859.0,"6":3858.30005,"7":3857.76001,"8":3853.5,"9":3854.54004,"10":3852.97998,"11":3852.51001,"12":3851.01001,"13":3849.34009,"14":3848.43994,"15":3849.38989,"16":3853.32007,"17":3850.77002,"18":3856.33008,"19":3856.38989,"20":3859.56006,"21":3858.86011,"22":3859.54004,"23":3856.12988,"24":3851.44995,"25":3848.66992},"volume":{"0":0,"1":0,"2":0,"3":0,"4":0,"5":3502136,"6":55839322,"7":57645861,"8":1500611589,"9":61218088,"10":61052603,"11":53376714,"12":65946726,"13":55691078,"14":62028267,"15":57829545,"16":1023960143,"17":72688795,"18":73540012,"19":89422186,"20":731480178,"21":92993931,"22":102432875,"23":103895094,"24":118039546,"25":142904952}}