{"datetime":{"0":1612215900000,"1":1612215000000,"2":1612214100000,"3":1612213200000,"4":1612212300000,"5":1612211400000,"6":1612210500000,"7":1612209600000,"8":1612208700000,"9":1612207800000,"10":1612206900000,"11":1612206000000,"12":1612205100000,"13":1612204200000,"14":1612203300000,"15":1612202400000,"16":1612201500000,"17":1612200600000,"18":1612199700000,"19":1612198800000,"20":1612197900000,"21":1612197000000,"22":1612196100000,"23":1612195200000,"24":1612194300000,"25":1612193400000},"open":{"0":3778.30005,"1":3777.1001,"2":3779.41992,"3":3779.59009,"4":3782.70996,"5":3780.5,"6":3775.97998,"7":3775.48999,"8":3770.98999,"9":3775.11011,"10":3774.68994,"11":3775.36011,"12":3768.67993,"13":3772.48999,"14":3770.62012,"15":3762.43994,"16":3765.3501,"17":3757.15991,"18":3745.52002,"19":3739.11011,"20":3747.61011,"21":3740.78003,"22":3736.71997,"23":3737.75,"24":3747.3501,"25":3731.16992},"high":{"0":3781.67993,"1":3780.22998,"2":3780.6001,"3":3783.46997,"4":3784.32007,"5":3784.0,"6":3780.72998,"7":3776.15991,"8":3775.6499,"9":3778.01001,"10":3776.53003,"11":3776.09009,"12":3775.54004,"13":3774.53003,"14":3773.0,"15":3770.79004,"16":3768.65991,"17":3767.62012,"18":3758.18994,"19":3747.03003,"20":3750.16992,"21":3749.83008,"22":3745.72998,"23":3739.92993,"24":3748.27002,"25":3755.08008},"low":{"0":3771.70996,"1":3773.46997,"2":3774.40991,"3":3777.63989,"4":3778.21997,"5":3779.42993,"6":3775.8999,"7":3771.95996,"8":3769.3999,"9":3770.40991,"10":3773.58008,"11":3772.38989,"12":3768.02002,"13":3768.65991,"14":3770.62012,"15":3762.43994,"16":3762.30005,"17":3756.22998,"18":3745.28003,"19":3733.82007,"20":3735.86011,"21":3740.78003,"22":3734.79004,"23":3729.61011,"24":3725.62012,"25":3731.16992},"close":{"0":3772.5,"1":3779.0,"2":3777.13989,"3":3779.41992,"4":3779.62988,"5":3782.62988,"6":3780.47998,"7":3775.95996,"8":3775.40991,"9":3770.76001,"10":3775.11011,"11":3774.67993,"12":3775.41992,"13":3768.65991,"14":3772.45996,"15":3770.6001,"16":3762.45996,"17":3765.32007,"18":3757.18994,"19":3745.37012,"20":3739.02002,"21":3747.62012,"22":3741.46997,"23":3736.56006,"24":3737.26001,"25":3747.37012},"volume":{"0":0,"1":100356559,"2":66995733,"3":65949079,"4":51945832,"5":56772867,"6":53033046,"7":53742206,"8":48949653,"9":53363592,"10":47256138,"11":52573988,"12":49366244,"13":59334282,"14":64757432,"15":67111136,"16":82252677,"17":112333936,"18":62578967,"19":68485183,"20":80942109,"21":83701383,"22":78945183,"23":105379759,"24":129189415,"25":129358976}}