{"datetime":{"0":1658526300000,"1":1658525400000,"2":1658524500000,"3":1658523600000,"4":1658522700000,"5":1658521800000,"6":1658520900000,"7":1658520000000,"8":1658519100000,"9":1658518200000,"10":1658517300000,"11":1658516400000,"12":1658515500000,"13":1658514600000,"14":1658513700000,"15":1658512800000,"16":1658511900000,"17":1658511000000,"18":1658510100000,"19":1658509200000,"20":1658508300000,"21":1658507400000,"22":1658506500000,"23":1658505600000,"24":1658504700000,"25":1658503800000},"open":{"0":3952.17993,"1":3959.70996,"2":3957.13989,"3":3948.42993,"4":3941.8999,"5":3944.5,"6":3940.18994,"7":3951.02002,"8":3949.51001,"9":3953.40991,"10":3956.62012,"11":3963.78003,"12":3964.96997,"13":3966.52002,"14":3963.73999,"15":3973.73999,"16":3969.25,"17":3978.52002,"18":3993.43994,"19":3998.44995,"20":3994.69995,"21":3995.87012,"22":3996.87012,"23":3991.11011,"24":4004.44995,"25":3998.42993},"high":{"0":3962.67993,"1":3960.55005,"2":3959.8999,"3":3956.37012,"4":3951.08008,"5":3948.04004,"6":3946.12988,"7":3951.71997,"8":3951.80005,"9":3953.40991,"10":3958.42993,"11":3963.82007,"12":3969.15991,"13":3973.66992,"14":3968.5,"15":3976.71997,"16":3975.30005,"17":3979.91992,"18":3993.46997,"19":3999.23999,"20":4002.86011,"21":3999.27002,"22":4000.72998,"23":3997.32007,"24":4012.43994,"25":4008.51001},"low":{"0":3948.33008,"1":3952.25,"2":3952.98999,"3":3945.52002,"4":3941.3999,"5":3939.51001,"6":3940.1001,"7":3938.86011,"8":3946.05005,"9":3944.31006,"10":3950.86011,"11":3956.62012,"12":3962.81006,"13":3964.72998,"14":3961.20996,"15":3962.34009,"16":3968.1001,"17":3964.8999,"18":3978.53003,"19":3986.95996,"20":3993.37988,"21":3991.40991,"22":3988.92993,"23":3984.01001,"24":3991.16992,"25":3991.38989},"close":{"0":3962.23999,"1":3952.27002,"2":3959.66992,"3":3956.37012,"4":3948.45996,"5":3941.87012,"6":3944.48999,"7":3939.51001,"8":3951.02002,"9":3949.56006,"10":3953.43994,"11":3956.63989,"12":3963.77002,"13":3964.97998,"14":3966.52002,"15":3963.66992,"16":3973.81006,"17":3969.06006,"18":3978.53003,"19":3993.47998,"20":3998.55005,"21":3994.71997,"22":3995.80005,"23":3997.03003,"24":3991.16992,"25":4004.47998},"volume":{"0":230050894,"1":88742610,"2":61782538,"3":55128252,"4":48293015,"5":46634592,"6":45558348,"7":50286644,"8":43967285,"9":49473310,"10":46417120,"11":49455835,"12":39762277,"13":47798688,"14":54168038,"15":58324797,"16":52864369,"17":76281656,"18":809306406,"19":66141416,"20":66107383,"21":66729989,"22":89385310,"23":109230181,"24":127786795,"25":145894703}}