{"datetime":{"0":1679345100000,"1":1679344200000,"2":1679343300000,"3":1679342400000,"4":1679341500000,"5":1679340600000,"6":1679339700000,"7":1679338800000,"8":1679337900000,"9":1679337000000,"10":1679336100000,"11":1679335200000,"12":1679334300000,"13":1679333400000,"14":1679332500000,"15":1679331600000,"16":1679330700000,"17":1679329800000,"18":1679328900000,"19":1679328000000,"20":1679327100000,"21":1679326200000,"22":1679325300000,"23":1679324400000,"24":1679323500000,"25":1679322600000},"open":{"0":3948.25,"1":3945.20996,"2":3941.28003,"3":3942.57007,"4":3939.63989,"5":3945.20996,"6":3942.03003,"7":3945.78003,"8":3950.07007,"9":3948.65991,"10":3950.86011,"11":3944.73999,"12":3935.31006,"13":3932.95996,"14":3928.20996,"15":3940.05005,"16":3948.38989,"17":3955.87012,"18":3947.68994,"19":3946.36011,"20":3935.92993,"21":3939.07007,"22":3933.0,"23":3932.09009,"24":3923.42993,"25":3917.46997},"high":{"0":3956.27002,"1":3950.34009,"2":3946.44995,"3":3945.5,"4":3947.71997,"5":3946.1001,"6":3948.22998,"7":3946.95996,"8":3950.08008,"9":3952.19995,"10":3953.58008,"11":3952.87012,"12":3947.17993,"13":3936.83008,"14":3932.98999,"15":3941.59009,"16":3948.70996,"17":3956.62012,"18":3956.53003,"19":3952.58008,"20":3947.11011,"21":3942.31006,"22":3940.03003,"23":3942.19995,"24":3935.81006,"25":3933.91992},"low":{"0":3946.37012,"1":3943.8501,"2":3938.57007,"3":3939.25,"4":3939.15991,"5":3935.63989,"6":3940.06006,"7":3939.3501,"8":3943.70996,"9":3945.21997,"10":3948.17993,"11":3944.3501,"12":3934.31006,"13":3932.75,"14":3926.61011,"15":3923.37988,"16":3939.76001,"17":3948.20996,"18":3943.28003,"19":3944.26001,"20":3933.86011,"21":3933.96997,"22":3925.15991,"23":3928.93994,"24":3916.88989,"25":3917.46997},"close":{"0":3950.83008,"1":3949.01001,"2":3945.27002,"3":3941.29004,"4":3942.62012,"5":3939.51001,"6":3945.12988,"7":3941.90991,"8":3945.79004,"9":3950.04004,"10":3948.68994,"11":3950.84009,"12":3944.79004,"13":3935.22998,"14":3932.88989,"15":3928.27002,"16":3940.02002,"17":3948.37988,"18":3955.77002,"19":3947.68994,"20":3946.45996,"21":3936.0,"22":3939.01001,"23":3933.0,"24":3931.83008,"25":3923.42993},"volume":{"0":263731394,"1":115723799,"2":87687992,"3":76003809,"4":70712121,"5":69469628,"6":70198086,"7":62360029,"8":58191222,"9":66372369,"10":61283656,"11":65430510,"12":67478766,"13":68749551,"14":72644574,"15":88234090,"16":78477764,"17":66404678,"18":72859391,"19":88948730,"20":93727616,"21":103019812,"22":99589779,"23":120425975,"24":141517509,"25":141817270}}