{"datetime":{"0":1657748700000,"1":1657747800000,"2":1657746900000,"3":1657746000000,"4":1657745100000,"5":1657744200000,"6":1657743300000,"7":1657742400000,"8":1657741500000,"9":1657740600000,"10":1657739700000,"11":1657738800000,"12":1657737900000,"13":1657737000000,"14":1657736100000,"15":1657735200000,"16":1657734300000,"17":1657733400000,"18":1657732500000,"19":1657731600000,"20":1657730700000,"21":1657729800000,"22":1657728900000,"23":1657728000000,"24":1657727100000,"25":1657726200000},"open":{"0":3805.62988,"1":3814.07007,"2":3820.20996,"3":3825.12988,"4":3820.45996,"5":3815.32007,"6":3807.86011,"7":3820.37988,"8":3817.69995,"9":3819.0,"10":3827.62012,"11":3819.82007,"12":3812.01001,"13":3809.48999,"14":3801.55005,"15":3799.78003,"16":3794.8501,"17":3799.97998,"18":3815.58008,"19":3807.53003,"20":3805.77002,"21":3776.96997,"22":3778.58008,"23":3787.78003,"24":3777.95996,"25":3779.66992},"high":{"0":3810.25,"1":3815.43994,"2":3822.57007,"3":3825.6001,"4":3824.8501,"5":3824.43994,"6":3815.42993,"7":3820.40991,"8":3822.36011,"9":3819.01001,"10":3827.81006,"11":3829.43994,"12":3819.8501,"13":3814.69995,"14":3810.02002,"15":3809.77002,"16":3805.69995,"17":3803.30005,"18":3816.0,"19":3820.03003,"20":3813.16992,"21":3805.55005,"22":3779.36011,"23":3789.09009,"24":3792.18994,"25":3788.87988},"low":{"0":3801.03003,"1":3804.43994,"2":3813.97998,"3":3812.91992,"4":3812.57007,"5":3815.19995,"6":3802.23999,"7":3797.90991,"8":3816.84009,"9":3811.54004,"10":3814.17993,"11":3816.8501,"12":3810.28003,"13":3807.73999,"14":3799.3501,"15":3798.16992,"16":3792.22998,"17":3795.09009,"18":3799.83008,"19":3803.91992,"20":3803.65991,"21":3773.87988,"22":3763.17993,"23":3772.96997,"24":3769.97998,"25":3759.07007},"close":{"0":3801.1001,"1":3805.62012,"2":3814.07007,"3":3820.30005,"4":3824.70996,"5":3820.45996,"6":3815.18994,"7":3807.82007,"8":3820.36011,"9":3817.75,"10":3819.02002,"11":3827.59009,"12":3819.83008,"13":3811.76001,"14":3809.47998,"15":3801.55005,"16":3799.87988,"17":3795.45996,"18":3800.01001,"19":3815.62012,"20":3807.3501,"21":3805.55005,"22":3776.91992,"23":3778.54004,"24":3787.5,"25":3777.82007},"volume":{"0":169449301,"1":81200001,"2":55544812,"3":47462080,"4":45025997,"5":46903187,"6":44303923,"7":56149656,"8":39211900,"9":39524772,"10":41436537,"11":52383827,"12":36890754,"13":41549209,"14":42613556,"15":43671040,"16":47525593,"17":52583309,"18":57920934,"19":70032744,"20":85879502,"21":92875255,"22":83967202,"23":102630341,"24":108539246,"25":136993340}}