{"datetime":{"0":1619559900000,"1":1619559000000,"2":1619558100000,"3":1619557200000,"4":1619556300000,"5":1619555400000,"6":1619554500000,"7":1619553600000,"8":1619552700000,"9":1619551800000,"10":1619550900000,"11":1619550000000,"12":1619549100000,"13":1619548200000,"14":1619547300000,"15":1619546400000,"16":1619545500000,"17":1619544600000,"18":1619543700000,"19":1619542800000,"20":1619541900000,"21":1619541000000,"22":1619540100000,"23":1619539200000,"24":1619538300000,"25":1619537400000},"open":{"0":4192.7002,"1":4190.8999,"2":4189.43018,"3":4187.75977,"4":4189.56982,"5":4187.8999,"6":4184.8999,"7":4186.56006,"8":4186.8999,"9":4185.52002,"10":4185.20996,"11":4183.0,"12":4187.10986,"13":4188.93018,"14":4187.52002,"15":4187.64014,"16":4186.04004,"17":4184.25977,"18":4184.7998,"19":4183.54004,"20":4181.2002,"21":4183.93994,"22":4182.02979,"23":4180.54004,"24":4182.95996,"25":4188.25},"high":{"0":4192.7002,"1":4193.7002,"2":4191.39014,"3":4189.7002,"4":4189.83008,"5":4190.2002,"6":4187.8999,"7":4186.56006,"8":4187.2002,"9":4187.7002,"10":4187.2002,"11":4186.7002,"12":4187.3999,"13":4188.93018,"14":4189.12012,"15":4189.33008,"16":4188.83984,"17":4186.25977,"18":4185.49023,"19":4184.97021,"20":4185.0,"21":4184.47021,"22":4183.85986,"23":4184.54004,"24":4183.72998,"25":4192.6499},"low":{"0":4185.2002,"1":4189.37012,"2":4188.16016,"3":4185.2002,"4":4187.52002,"5":4187.43994,"6":4184.7002,"7":4183.04004,"8":4184.7002,"9":4184.52002,"10":4185.20996,"11":4182.75,"12":4182.3999,"13":4186.3501,"14":4187.04004,"15":4186.75977,"16":4184.43994,"17":4183.5498,"18":4182.72021,"19":4182.75977,"20":4180.77002,"21":4177.91016,"22":4176.22021,"23":4177.56006,"24":4180.1001,"25":4180.62988},"close":{"0":4185.2002,"1":4192.7002,"2":4190.7002,"3":4189.68018,"4":4188.25977,"5":4189.3999,"6":4187.7002,"7":4185.2002,"8":4186.31006,"9":4187.2002,"10":4185.77002,"11":4185.45996,"12":4183.25,"13":4186.74023,"14":4188.8999,"15":4187.47998,"16":4187.62012,"17":4186.02979,"18":4184.27002,"19":4184.79004,"20":4183.6001,"21":4181.18018,"22":4183.85986,"23":4182.0498,"24":4180.41992,"25":4182.9502},"volume":{"0":0,"1":0,"2":0,"3":0,"4":0,"5":0,"6":0,"7":0,"8":0,"9":0,"10":0,"11":0,"12":0,"13":44684798,"14":48595882,"15":46078501,"16":51378518,"17":48063346,"18":52119837,"19":673146468,"20":650772098,"21":65738432,"22":76241224,"23":90754311,"24":120830984,"25":129769235}}