{"datetime":{"0":1639518300000,"1":1639517400000,"2":1639516500000,"3":1639515600000,"4":1639514700000,"5":1639513800000,"6":1639512900000,"7":1639512000000,"8":1639511100000,"9":1639510200000,"10":1639509300000,"11":1639508400000,"12":1639507500000,"13":1639506600000,"14":1639505700000,"15":1639504800000,"16":1639503900000,"17":1639503000000,"18":1639502100000,"19":1639501200000,"20":1639500300000,"21":1639499400000,"22":1639498500000,"23":1639497600000,"24":1639496700000,"25":1639495800000},"open":{"0":4635.25977,"1":4642.83008,"2":4636.12012,"3":4627.91016,"4":4628.20996,"5":4623.02002,"6":4622.0498,"7":4610.12012,"8":4611.31006,"9":4617.43994,"10":4615.22021,"11":4609.97021,"12":4607.97998,"13":4615.1001,"14":4611.10986,"15":4613.56006,"16":4617.12012,"17":4623.8501,"18":4615.83008,"19":4619.75,"20":4632.8999,"21":4646.06006,"22":4637.97021,"23":4648.5498,"24":4657.3999,"25":4642.99023},"high":{"0":4638.12988,"1":4647.77979,"2":4643.22998,"3":4639.3999,"4":4629.68018,"5":4628.43018,"6":4626.66016,"7":4625.0,"8":4612.77979,"9":4617.43994,"10":4618.08008,"11":4617.25,"12":4610.18994,"13":4615.97998,"14":4615.45996,"15":4615.31006,"16":4620.12988,"17":4624.5498,"18":4624.49023,"19":4623.0498,"20":4634.3501,"21":4646.79004,"22":4650.3999,"23":4650.16992,"24":4660.47021,"25":4657.14014},"low":{"0":4628.08008,"1":4635.18994,"2":4634.25977,"3":4627.45996,"4":4624.18994,"5":4621.97998,"6":4620.66992,"7":4609.06006,"8":4608.39014,"9":4611.1499,"10":4613.10986,"11":4608.81982,"12":4606.52002,"13":4608.04004,"14":4607.6499,"15":4608.06006,"16":4610.93018,"17":4616.06006,"18":4615.58984,"19":4614.1001,"20":4614.62988,"21":4631.00977,"22":4635.37012,"23":4635.72998,"24":4647.22021,"25":4631.66016},"close":{"0":4634.75977,"1":4635.18994,"2":4642.77979,"3":4635.93994,"4":4627.8999,"5":4628.22998,"6":4623.43018,"7":4622.06982,"8":4610.1499,"9":4611.33984,"10":4617.45996,"11":4615.2998,"12":4609.9502,"13":4608.22021,"14":4615.08008,"15":4611.08008,"16":4613.54004,"17":4617.08008,"18":4623.93018,"19":4615.99023,"20":4619.7002,"21":4633.0,"22":4646.18994,"23":4637.95996,"24":4649.31006,"25":4657.14014},"volume":{"0":240844606,"1":96132851,"2":66337371,"3":61456722,"4":53062733,"5":51084070,"6":49043901,"7":54352268,"8":43797955,"9":41775601,"10":42323638,"11":49976589,"12":46333960,"13":49841283,"14":53976964,"15":48802574,"16":929165032,"17":62122623,"18":71850670,"19":80788079,"20":659834204,"21":75725042,"22":82278835,"23":96177141,"24":122865009,"25":129051655}}