{"datetime":{"0":1610401500000,"1":1610400600000,"2":1610399700000,"3":1610398800000,"4":1610397900000,"5":1610397000000,"6":1610396100000,"7":1610395200000,"8":1610394300000,"9":1610393400000,"10":1610392500000,"11":1610391600000,"12":1610390700000,"13":1610389800000,"14":1610388900000,"15":1610388000000,"16":1610387100000,"17":1610386200000,"18":1610385300000,"19":1610384400000,"20":1610383500000,"21":1610382600000,"22":1610381700000,"23":1610380800000,"24":1610379900000,"25":1610379000000},"open":{"0":3796.5,"1":3795.28003,"2":3800.84009,"3":3807.67993,"4":3802.29004,"5":3799.0,"6":3802.37988,"7":3804.13989,"8":3806.5,"9":3809.78003,"10":3817.13989,"11":3815.75,"12":3816.19995,"13":3811.8501,"14":3810.81006,"15":3810.91992,"16":3810.67993,"17":3811.25,"18":3801.62988,"19":3807.87012,"20":3808.18994,"21":3809.0,"22":3803.12012,"23":3804.16992,"24":3796.15991,"25":3803.13989},"high":{"0":3805.53003,"1":3800.69995,"2":3803.5,"3":3809.0,"4":3808.69995,"5":3803.19995,"6":3803.69995,"7":3805.0,"8":3807.69995,"9":3810.78003,"10":3817.69995,"11":3817.5,"12":3818.5,"13":3816.93994,"14":3812.31006,"15":3813.32007,"16":3811.55005,"17":3812.0,"18":3811.97998,"19":3807.96997,"20":3808.51001,"21":3810.90991,"22":3810.17993,"23":3806.42993,"24":3805.26001,"25":3803.13989},"low":{"0":3795.81006,"1":3794.19995,"2":3795.02002,"3":3800.45996,"4":3801.0,"5":3797.12988,"6":3796.13989,"7":3801.3999,"8":3800.92993,"9":3804.82007,"10":3809.31006,"11":3815.19995,"12":3814.69995,"13":3811.78003,"14":3810.07007,"15":3809.96997,"16":3808.55005,"17":3809.0,"18":3801.57007,"19":3799.05005,"20":3802.55005,"21":3807.71997,"22":3801.36011,"23":3802.44995,"24":3791.23999,"25":3789.02002},"close":{"0":3800.69995,"1":3795.56006,"2":3795.02002,"3":3800.71997,"4":3807.17993,"5":3802.5,"6":3799.12012,"7":3802.62988,"8":3805.19995,"9":3805.86011,"10":3810.03003,"11":3817.19995,"12":3815.25,"13":3815.81006,"14":3811.80005,"15":3810.80005,"16":3810.94995,"17":3810.70996,"18":3811.3501,"19":3801.66992,"20":3807.88989,"21":3808.16992,"22":3808.93994,"23":3803.22998,"24":3804.28003,"25":3796.20996},"volume":{"0":0,"1":0,"2":0,"3":0,"4":0,"5":0,"6":0,"7":0,"8":0,"9":0,"10":0,"11":0,"12":6318518,"13":54660953,"14":48262377,"15":50493261,"16":49883440,"17":54716027,"18":60185119,"19":62186705,"20":65534026,"21":74110764,"22":81368501,"23":98855490,"24":118593614,"25":133903476}}