{"datetime":{"0":1661982300000,"1":1661981400000,"2":1661980500000,"3":1661979600000,"4":1661978700000,"5":1661977800000,"6":1661976900000,"7":1661976000000,"8":1661975100000,"9":1661974200000,"10":1661973300000,"11":1661972400000,"12":1661971500000,"13":1661970600000,"14":1661969700000,"15":1661968800000,"16":1661967900000,"17":1661967000000,"18":1661966100000,"19":1661965200000,"20":1661964300000,"21":1661963400000,"22":1661962500000,"23":1661961600000,"24":1661960700000,"25":1661959800000},"open":{"0":3978.59009,"1":3970.88989,"2":3975.83008,"3":3962.6001,"4":3958.52002,"5":3970.19995,"6":3973.44995,"7":3971.3999,"8":3968.87988,"9":3974.61011,"10":3984.22998,"11":3980.32007,"12":3980.06006,"13":3984.37988,"14":3988.46997,"15":3993.8501,"16":3990.17993,"17":3979.6001,"18":3976.56006,"19":3986.53003,"20":3992.51001,"21":3984.90991,"22":3993.72998,"23":4000.58008,"24":4009.92993,"25":4000.66992},"high":{"0":3982.31006,"1":3979.07007,"2":3982.57007,"3":3975.79004,"4":3963.0,"5":3970.3501,"6":3976.0,"7":3975.70996,"8":3972.34009,"9":3976.6001,"10":3984.23999,"11":3987.1001,"12":3983.08008,"13":3987.78003,"14":3993.53003,"15":3995.45996,"16":3995.97998,"17":3991.34009,"18":3985.06006,"19":3986.53003,"20":3999.71997,"21":3992.62012,"22":3994.97998,"23":4000.58008,"24":4015.37012,"25":4010.73999},"low":{"0":3954.53003,"1":3965.12012,"2":3968.47998,"3":3959.84009,"4":3956.37012,"5":3957.37012,"6":3969.03003,"7":3966.43994,"8":3966.6499,"9":3965.80005,"10":3970.66992,"11":3979.44995,"12":3977.16992,"13":3977.62012,"14":3982.48999,"15":3986.18994,"16":3987.34009,"17":3975.56006,"18":3972.81006,"19":3971.95996,"20":3985.44995,"21":3980.53003,"22":3983.26001,"23":3991.21997,"24":4000.02002,"25":3986.16992},"close":{"0":3955.12012,"1":3978.71997,"2":3970.88989,"3":3975.79004,"4":3962.6001,"5":3958.56006,"6":3970.18994,"7":3973.43994,"8":3971.41992,"9":3968.94995,"10":3974.53003,"11":3984.27002,"12":3980.30005,"13":3980.05005,"14":3984.36011,"15":3988.43994,"16":3993.77002,"17":3990.63989,"18":3979.55005,"19":3976.76001,"20":3986.27002,"21":3992.47998,"22":3984.72998,"23":3993.87988,"24":4000.71997,"25":4010.69995},"volume":{"0":1756514282,"1":1608569200,"2":70655358,"3":59708525,"4":53279364,"5":55972636,"6":45059578,"7":50304947,"8":37624837,"9":44104711,"10":45880060,"11":1028386296,"12":983440225,"13":40874913,"14":40420416,"15":851582979,"16":45999164,"17":49263695,"18":56056876,"19":679088195,"20":65734246,"21":70651609,"22":73785772,"23":371506006,"24":265334915,"25":100837870}}