{"datetime":{"0":1609969500000,"1":1609968600000,"2":1609967700000,"3":1609966800000,"4":1609965900000,"5":1609965000000,"6":1609964100000,"7":1609963200000,"8":1609962300000,"9":1609961400000,"10":1609960500000,"11":1609959600000,"12":1609958700000,"13":1609957800000,"14":1609956900000,"15":1609956000000,"16":1609955100000,"17":1609954200000,"18":1609953300000,"19":1609952400000,"20":1609951500000,"21":1609950600000,"22":1609949700000,"23":1609948800000,"24":1609947900000,"25":1609947000000},"open":{"0":3754.61011,"1":3756.79004,"2":3760.34009,"3":3756.86011,"4":3763.69995,"5":3759.98999,"6":3780.3999,"7":3779.6001,"8":3782.69995,"9":3776.19995,"10":3781.3999,"11":3778.02002,"12":3774.8999,"13":3770.82007,"14":3770.38989,"15":3767.87012,"16":3765.44995,"17":3772.1001,"18":3770.31006,"19":3764.41992,"20":3762.33008,"21":3751.06006,"22":3746.15991,"23":3736.45996,"24":3724.76001,"25":3712.19995},"high":{"0":3756.1001,"1":3760.3999,"2":3762.8999,"3":3765.69995,"4":3764.29004,"5":3770.90991,"6":3781.19995,"7":3783.3999,"8":3783.3999,"9":3783.19995,"10":3783.19995,"11":3781.19995,"12":3779.19995,"13":3775.3999,"14":3774.19995,"15":3773.69995,"16":3770.8999,"17":3773.45996,"18":3775.0,"19":3770.92993,"20":3770.42993,"21":3762.38989,"22":3752.75,"23":3747.02002,"24":3737.80005,"25":3725.15991},"low":{"0":3742.73999,"1":3746.57007,"2":3743.8999,"3":3748.19995,"4":3744.40991,"5":3754.62988,"6":3757.8999,"7":3778.37988,"8":3778.27002,"9":3774.8999,"10":3774.43994,"11":3776.5,"12":3772.66992,"13":3770.82007,"14":3767.6001,"15":3767.37012,"16":3765.21997,"17":3764.11011,"18":3770.29004,"19":3763.88989,"20":3761.81006,"21":3751.06006,"22":3745.98999,"23":3733.86011,"24":3723.56006,"25":3705.34009},"close":{"0":3749.08008,"1":3754.73999,"2":3756.29004,"3":3759.96997,"4":3758.8501,"5":3763.8999,"6":3760.97998,"7":3780.69995,"8":3779.3999,"9":3781.40991,"10":3775.69995,"11":3781.19995,"12":3777.77002,"13":3774.42993,"14":3771.69995,"15":3770.13989,"16":3768.19995,"17":3765.40991,"18":3771.98999,"19":3770.37012,"20":3764.43994,"21":3762.3501,"22":3751.12988,"23":3746.18994,"24":3736.1499,"25":3724.76001},"volume":{"0":0,"1":0,"2":0,"3":0,"4":0,"5":0,"6":0,"7":0,"8":0,"9":0,"10":0,"11":0,"12":0,"13":0,"14":0,"15":0,"16":29112083,"17":83671297,"18":89750748,"19":91323091,"20":100089535,"21":113809990,"22":109453653,"23":130561607,"24":172874721,"25":167017045}}