{"datetime":{"0":1657143900000,"1":1657143000000,"2":1657142100000,"3":1657141200000,"4":1657140300000,"5":1657139400000,"6":1657138500000,"7":1657137600000,"8":1657136700000,"9":1657135800000,"10":1657134900000,"11":1657134000000,"12":1657133100000,"13":1657132200000,"14":1657131300000,"15":1657130400000,"16":1657129500000,"17":1657128600000,"18":1657127700000,"19":1657126800000,"20":1657125900000,"21":1657125000000,"22":1657124100000,"23":1657123200000,"24":1657122300000,"25":1657121400000},"open":{"0":3858.84009,"1":3865.41992,"2":3860.46997,"3":3857.66992,"4":3859.09009,"5":3843.42993,"6":3831.87988,"7":3831.76001,"8":3828.03003,"9":3826.20996,"10":3829.55005,"11":3821.97998,"12":3822.09009,"13":3818.72998,"14":3820.45996,"15":3819.51001,"16":3812.01001,"17":3818.37012,"18":3821.52002,"19":3828.41992,"20":3833.19995,"21":3834.0,"22":3823.67993,"23":3833.28003,"24":3833.95996,"25":3831.97998},"high":{"0":3858.84009,"1":3870.90991,"2":3866.3501,"3":3860.59009,"4":3862.65991,"5":3861.25,"6":3843.57007,"7":3844.25,"8":3833.25,"9":3829.84009,"10":3830.79004,"11":3832.19995,"12":3822.65991,"13":3822.68994,"14":3821.11011,"15":3820.30005,"16":3820.51001,"17":3818.52002,"18":3825.87988,"19":3829.11011,"20":3834.51001,"21":3837.28003,"22":3836.15991,"23":3846.29004,"24":3836.18994,"25":3848.8999},"low":{"0":3837.96997,"1":3857.8999,"2":3857.29004,"3":3848.3501,"4":3851.33008,"5":3840.91992,"6":3822.20996,"7":3820.3999,"8":3827.78003,"9":3825.13989,"10":3824.87988,"11":3821.95996,"12":3816.66992,"13":3816.83008,"14":3814.96997,"15":3812.86011,"16":3809.37012,"17":3809.65991,"18":3817.06006,"19":3814.78003,"20":3822.03003,"21":3825.22998,"22":3821.02002,"23":3820.29004,"24":3822.0,"25":3826.05005},"close":{"0":3844.88989,"1":3858.96997,"2":3865.55005,"3":3860.59009,"4":3857.6499,"5":3858.54004,"6":3843.38989,"7":3832.0,"8":3831.72998,"9":3828.04004,"10":3826.20996,"11":3829.56006,"12":3821.86011,"13":3822.11011,"14":3818.78003,"15":3820.21997,"16":3819.45996,"17":3812.09009,"18":3818.34009,"19":3821.5,"20":3828.30005,"21":3833.13989,"22":3833.83008,"23":3823.63989,"24":3833.48999,"25":3833.57007},"volume":{"0":212649448,"1":95026671,"2":68300074,"3":63739442,"4":59466083,"5":81038661,"6":66652102,"7":96933649,"8":40029056,"9":41481463,"10":41316117,"11":44785154,"12":38556687,"13":40173215,"14":40742781,"15":49169624,"16":48135762,"17":61702112,"18":62364131,"19":64119510,"20":68523997,"21":73216555,"22":75575191,"23":95743308,"24":109411772,"25":114425564}}