{"datetime":{"0":1653601500000,"1":1653600600000,"2":1653599700000,"3":1653598800000,"4":1653597900000,"5":1653597000000,"6":1653596100000,"7":1653595200000,"8":1653594300000,"9":1653593400000,"10":1653592500000,"11":1653591600000,"12":1653590700000,"13":1653589800000,"14":1653588900000,"15":1653588000000,"16":1653587100000,"17":1653586200000,"18":1653585300000,"19":1653584400000,"20":1653583500000,"21":1653582600000,"22":1653581700000,"23":1653580800000,"24":1653579900000,"25":1653579000000},"open":{"0":4068.0,"1":4056.58008,"2":4060.52002,"3":4065.12988,"4":4063.76001,"5":4066.17993,"6":4066.3999,"7":4067.55005,"8":4064.6001,"9":4061.30005,"10":4069.1001,"11":4068.23999,"12":4060.26001,"13":4061.52002,"14":4056.12988,"15":4049.08008,"16":4048.44995,"17":4046.88989,"18":4051.36011,"19":4044.76001,"20":4038.63989,"21":4037.57007,"22":4037.70996,"23":4030.1499,"24":4018.17993,"25":3990.87988},"high":{"0":4075.13989,"1":4067.57007,"2":4061.47998,"3":4065.31006,"4":4067.11011,"5":4067.31006,"6":4070.77002,"7":4068.32007,"8":4068.23999,"9":4065.30005,"10":4069.21997,"11":4074.80005,"12":4068.37988,"13":4063.30005,"14":4061.55005,"15":4056.62012,"16":4050.13989,"17":4051.16992,"18":4053.52002,"19":4051.36011,"20":4044.92993,"21":4041.33008,"22":4044.71997,"23":4038.73999,"24":4032.15991,"25":4023.16992},"low":{"0":4055.08008,"1":4055.1499,"2":4050.8999,"3":4056.90991,"4":4062.04004,"5":4059.29004,"6":4065.38989,"7":4062.72998,"8":4061.62988,"9":4061.30005,"10":4060.25,"11":4066.86011,"12":4058.6499,"13":4059.84009,"14":4053.8501,"15":4047.30005,"16":4042.21997,"17":4043.02002,"18":4046.12988,"19":4043.96997,"20":4035.81006,"21":4033.27002,"22":4037.46997,"23":4029.62012,"24":4014.09009,"25":3984.6001},"close":{"0":4057.1499,"1":4067.57007,"2":4056.83008,"3":4060.6001,"4":4065.1499,"5":4063.73999,"6":4066.19995,"7":4066.40991,"8":4067.56006,"9":4064.62988,"10":4061.36011,"11":4068.97998,"12":4068.23999,"13":4060.28003,"14":4061.5,"15":4056.12988,"16":4049.1001,"17":4048.31006,"18":4046.87988,"19":4051.36011,"20":4044.67993,"21":4038.72998,"22":4037.53003,"23":4037.76001,"24":4030.18994,"25":4018.06006},"volume":{"0":205319490,"1":103349711,"2":80031809,"3":60643169,"4":49240085,"5":52966347,"6":54486253,"7":56572557,"8":54298584,"9":51268347,"10":55560667,"11":58706491,"12":49836409,"13":60968519,"14":59251990,"15":58320649,"16":57856868,"17":68254977,"18":73047407,"19":73927977,"20":74257585,"21":94938020,"22":91537449,"23":95482309,"24":103873089,"25":132607758}}