{"datetime":{"0":1627076700000,"1":1627075800000,"2":1627074900000,"3":1627074000000,"4":1627073100000,"5":1627072200000,"6":1627071300000,"7":1627070400000,"8":1627069500000,"9":1627068600000,"10":1627067700000,"11":1627066800000,"12":1627065900000,"13":1627065000000,"14":1627064100000,"15":1627063200000,"16":1627062300000,"17":1627061400000,"18":1627060500000,"19":1627059600000,"20":1627058700000,"21":1627057800000,"22":1627056900000,"23":1627056000000,"24":1627055100000,"25":1627054200000},"open":{"0":4413.25,"1":4408.72998,"2":4405.14014,"3":4410.08008,"4":4410.2998,"5":4410.00977,"6":4411.41992,"7":4410.91016,"8":4410.93018,"9":4411.31006,"10":4410.87988,"11":4406.75977,"12":4405.25,"13":4403.27979,"14":4403.31982,"15":4400.75977,"16":4402.45996,"17":4405.33008,"18":4398.49023,"19":4396.16016,"20":4392.64014,"21":4388.7002,"22":4386.72021,"23":4382.97998,"24":4385.8501,"25":4381.2002},"high":{"0":4415.18018,"1":4415.04004,"2":4408.72998,"3":4410.41992,"4":4410.62988,"5":4411.33008,"6":4411.49023,"7":4412.66992,"8":4412.72998,"9":4411.52002,"10":4412.81006,"11":4411.0498,"12":4406.70996,"13":4405.3501,"14":4405.02002,"15":4403.60986,"16":4404.83008,"17":4407.54004,"18":4405.43018,"19":4399.58984,"20":4396.83008,"21":4393.58984,"22":4388.91016,"23":4387.24023,"24":4389.06006,"25":4389.9502},"low":{"0":4410.64014,"1":4408.68994,"2":4404.72998,"3":4404.87988,"4":4408.89014,"5":4408.93994,"6":4409.5,"7":4408.6499,"8":4410.52979,"9":4408.47998,"10":4410.12988,"11":4406.39014,"12":4404.31982,"13":4402.47021,"14":4402.54004,"15":4400.27979,"16":4400.72998,"17":4402.41992,"18":4398.37012,"19":4395.83984,"20":4391.52979,"21":4387.22021,"22":4386.18994,"23":4382.8999,"24":4381.39014,"25":4381.2002},"close":{"0":4411.1001,"1":4413.27979,"2":4408.72998,"3":4405.12988,"4":4410.06006,"5":4410.25,"6":4410.00977,"7":4411.41016,"8":4410.93994,"9":4410.93018,"10":4411.3501,"11":4410.85986,"12":4406.66016,"13":4405.31006,"14":4403.27002,"15":4403.2998,"16":4400.72998,"17":4402.47998,"18":4405.29004,"19":4398.50977,"20":4396.16992,"21":4392.58984,"22":4388.66992,"23":4386.75977,"24":4382.7002,"25":4385.7998},"volume":{"0":1614038956,"1":77313430,"2":48873561,"3":45068824,"4":1253576612,"5":40490570,"6":36082638,"7":39036473,"8":37456181,"9":38521807,"10":40251476,"11":41667088,"12":942467668,"13":41151069,"14":40436455,"15":47000250,"16":775385698,"17":57731636,"18":51067331,"19":52609161,"20":53652340,"21":65705275,"22":70097675,"23":85573367,"24":125730756,"25":112897239}}