{"datetime":{"0":1620683100000,"1":1620682200000,"2":1620681300000,"3":1620680400000,"4":1620679500000,"5":1620678600000,"6":1620677700000,"7":1620676800000,"8":1620675900000,"9":1620675000000,"10":1620674100000,"11":1620673200000,"12":1620672300000,"13":1620671400000,"14":1620670500000,"15":1620669600000,"16":1620668700000,"17":1620667800000,"18":1620666900000,"19":1620666000000,"20":1620665100000,"21":1620664200000,"22":1620663300000,"23":1620662400000,"24":1620661500000,"25":1620660600000},"open":{"0":4205.45996,"1":4203.5,"2":4204.25,"3":4202.7998,"4":4202.5,"5":4206.2998,"6":4219.2998,"7":4224.16992,"8":4224.7998,"9":4227.25,"10":4228.5,"11":4228.0,"12":4229.5,"13":4231.1499,"14":4234.31982,"15":4233.7998,"16":4232.2998,"17":4232.2998,"18":4227.06982,"19":4226.2998,"20":4224.7998,"21":4225.68018,"22":4232.62988,"23":4230.5,"24":4227.87988,"25":4235.68994},"high":{"0":4208.2002,"1":4206.24023,"2":4205.25,"3":4207.25,"4":4204.06982,"5":4208.5,"6":4219.5,"7":4224.91992,"8":4227.16016,"9":4228.0,"10":4230.02002,"11":4229.22998,"12":4230.75,"13":4232.18994,"14":4236.08984,"15":4234.56982,"16":4234.5498,"17":4233.0,"18":4233.6001,"19":4228.7998,"20":4225.5498,"21":4227.2998,"22":4234.14014,"23":4233.8999,"24":4233.1001,"25":4235.68994},"low":{"0":4188.0,"1":4201.7998,"2":4199.0,"3":4199.0,"4":4197.7998,"5":4202.5,"6":4205.2998,"7":4219.2998,"8":4223.7998,"9":4223.7998,"10":4226.7998,"11":4226.22998,"12":4227.75,"13":4228.7998,"14":4231.14014,"15":4232.33008,"16":4229.5,"17":4229.5,"18":4225.2998,"19":4224.0,"20":4220.5,"21":4222.5,"22":4226.93018,"23":4226.8501,"24":4226.85986,"25":4227.16992},"close":{"0":4189.0,"1":4205.22021,"2":4204.25,"3":4204.7002,"4":4203.5,"5":4203.08008,"6":4207.7998,"7":4219.5,"8":4224.2998,"9":4225.0,"10":4227.5,"11":4229.00977,"12":4228.0,"13":4229.5,"14":4231.3999,"15":4234.06982,"16":4233.56982,"17":4231.7998,"18":4231.7998,"19":4227.31982,"20":4225.5,"21":4225.0,"22":4226.93018,"23":4233.12988,"24":4230.81982,"25":4228.62988},"volume":{"0":0,"1":0,"2":0,"3":0,"4":0,"5":0,"6":0,"7":0,"8":0,"9":0,"10":0,"11":0,"12":0,"13":0,"14":0,"15":0,"16":0,"17":0,"18":0,"19":0,"20":0,"21":0,"22":0,"23":0,"24":0,"25":0}}