{"datetime":{"0":1661463900000,"1":1661463000000,"2":1661462100000,"3":1661461200000,"4":1661460300000,"5":1661459400000,"6":1661458500000,"7":1661457600000,"8":1661456700000,"9":1661455800000,"10":1661454900000,"11":1661454000000,"12":1661453100000,"13":1661452200000,"14":1661451300000,"15":1661450400000,"16":1661449500000,"17":1661448600000,"18":1661447700000,"19":1661446800000,"20":1661445900000,"21":1661445000000,"22":1661444100000,"23":1661443200000,"24":1661442300000,"25":1661441400000},"open":{"0":4189.62012,"1":4180.08008,"2":4173.52979,"3":4171.97998,"4":4169.00977,"5":4174.89014,"6":4173.3501,"7":4173.41992,"8":4172.75,"9":4166.91016,"10":4161.6499,"11":4160.39014,"12":4159.97998,"13":4162.4502,"14":4158.58984,"15":4166.75977,"16":4166.77002,"17":4162.60986,"18":4167.14014,"19":4176.47021,"20":4182.5498,"21":4179.22021,"22":4171.62012,"23":4169.75,"24":4151.62012,"25":4153.25977},"high":{"0":4200.54004,"1":4189.75977,"2":4180.47998,"3":4174.41992,"4":4171.97021,"5":4175.39014,"6":4175.33008,"7":4173.8501,"8":4175.27002,"9":4173.02979,"10":4167.75,"11":4163.52002,"12":4160.31982,"13":4163.02002,"14":4162.95996,"15":4167.08008,"16":4167.5498,"17":4167.35986,"18":4167.6499,"19":4176.6001,"20":4183.72998,"21":4183.6499,"22":4180.91016,"23":4175.02002,"24":4170.25,"25":4157.41016},"low":{"0":4188.62988,"1":4176.35986,"2":4172.20996,"3":4171.1499,"4":4166.75,"5":4167.91992,"6":4171.95996,"7":4168.41016,"8":4172.3501,"9":4166.43018,"10":4161.06006,"11":4158.58984,"12":4153.39014,"13":4157.93018,"14":4157.14014,"15":4157.56982,"16":4161.25977,"17":4161.60986,"18":4156.41016,"19":4167.0,"20":4176.16992,"21":4179.22021,"22":4170.47021,"23":4167.18018,"24":4150.6499,"25":4147.58984},"close":{"0":4199.72998,"1":4189.7002,"2":4180.06982,"3":4173.52002,"4":4171.97021,"5":4169.0,"6":4174.87012,"7":4173.33984,"8":4173.43018,"9":4172.72998,"10":4166.87988,"11":4161.62988,"12":4160.31982,"13":4159.93994,"14":4162.47021,"15":4158.60986,"16":4166.74023,"17":4166.79004,"18":4162.62012,"19":4167.18994,"20":4176.43018,"21":4182.33008,"22":4179.22998,"23":4171.64014,"24":4169.72998,"25":4151.81006},"volume":{"0":161591949,"1":1421210361,"2":1326850329,"3":48416332,"4":37928940,"5":38017663,"6":36117241,"7":37895446,"8":36229792,"9":42475599,"10":1018444333,"11":983730608,"12":35638064,"13":38924772,"14":39665072,"15":47300981,"16":44884036,"17":47978259,"18":59488477,"19":63903305,"20":64497075,"21":71071144,"22":79314809,"23":86341870,"24":92687989,"25":195642211}}