{"datetime":{"0":1648241100000,"1":1648240200000,"2":1648239300000,"3":1648238400000,"4":1648237500000,"5":1648236600000,"6":1648235700000,"7":1648234800000,"8":1648233900000,"9":1648233000000,"10":1648232100000,"11":1648231200000,"12":1648230300000,"13":1648229400000,"14":1648228500000,"15":1648227600000,"16":1648226700000,"17":1648225800000,"18":1648224900000,"19":1648224000000,"20":1648223100000,"21":1648222200000,"22":1648221300000,"23":1648220400000,"24":1648219500000,"25":1648218600000},"open":{"0":4523.77002,"1":4517.20996,"2":4530.08984,"3":4535.43994,"4":4534.93994,"5":4533.52002,"6":4532.56982,"7":4529.75,"8":4521.75977,"9":4515.9502,"10":4514.27002,"11":4516.60986,"12":4513.27979,"13":4518.52979,"14":4518.58008,"15":4509.02979,"16":4516.2002,"17":4506.58008,"18":4516.18994,"19":4539.91016,"20":4544.85986,"21":4534.75,"22":4527.08008,"23":4525.18018,"24":4525.31982,"25":4522.91016},"high":{"0":4543.93994,"1":4527.41016,"2":4531.0,"3":4535.72021,"4":4537.91016,"5":4536.81982,"6":4534.6001,"7":4534.45996,"8":4530.47021,"9":4521.97021,"10":4523.66016,"11":4518.37988,"12":4520.62012,"13":4518.75977,"14":4520.43018,"15":4518.56982,"16":4516.27002,"17":4516.5498,"18":4519.97998,"19":4541.12988,"20":4546.02979,"21":4545.66016,"22":4540.5,"23":4530.06982,"24":4532.43018,"25":4532.02979},"low":{"0":4523.77002,"1":4514.2998,"2":4517.02979,"3":4524.45996,"4":4533.33984,"5":4532.18018,"6":4530.27979,"7":4528.39014,"8":4520.22021,"9":4515.9502,"10":4513.5,"11":4512.47998,"12":4511.64014,"13":4509.83008,"14":4514.43018,"15":4506.68018,"16":4504.93994,"17":4503.7998,"18":4501.06982,"19":4514.68994,"20":4537.93018,"21":4534.75,"22":4525.83008,"23":4521.31006,"24":4523.27002,"25":4520.37012},"close":{"0":4543.0498,"1":4523.72998,"2":4517.2002,"3":4530.16992,"4":4535.47021,"5":4534.83984,"6":4533.54004,"7":4532.54004,"8":4529.75,"9":4521.75977,"10":4515.9502,"11":4514.24023,"12":4516.45996,"13":4513.2998,"14":4518.52979,"15":4518.56982,"16":4509.18018,"17":4516.16016,"18":4506.70996,"19":4516.25977,"20":4539.81006,"21":4544.77979,"22":4534.87012,"23":4527.39014,"24":4525.12988,"25":4525.18018},"volume":{"0":3267417816,"1":83540727,"2":61094879,"3":53184648,"4":1321092994,"5":42665609,"6":44786466,"7":45649325,"8":1144515053,"9":37931654,"10":43354436,"11":38629253,"12":985009052,"13":44194233,"14":46580688,"15":48928803,"16":49015718,"17":62203434,"18":78030918,"19":78038691,"20":68060034,"21":71851391,"22":78408174,"23":77422552,"24":94548930,"25":98270232}}