{"datetime":{"0":1676065500000,"1":1676064600000,"2":1676063700000,"3":1676062800000,"4":1676061900000,"5":1676061000000,"6":1676060100000,"7":1676059200000,"8":1676058300000,"9":1676057400000,"10":1676056500000,"11":1676055600000,"12":1676054700000,"13":1676053800000,"14":1676052900000,"15":1676052000000,"16":1676051100000,"17":1676050200000,"18":1676049300000,"19":1676048400000,"20":1676047500000,"21":1676046600000,"22":1676045700000,"23":1676044800000,"24":1676043900000,"25":1676043000000},"open":{"0":4087.65991,"1":4081.38989,"2":4083.26001,"3":4083.93994,"4":4078.29004,"5":4074.77002,"6":4078.3999,"7":4077.84009,"8":4080.09009,"9":4085.88989,"10":4081.20996,"11":4078.79004,"12":4071.77002,"13":4068.56006,"14":4065.57007,"15":4072.8501,"16":4077.70996,"17":4079.13989,"18":4079.63989,"19":4076.28003,"20":4079.84009,"21":4085.6001,"22":4083.37012,"23":4074.43994,"24":4069.12012,"25":4068.91992},"high":{"0":4094.36011,"1":4089.02002,"2":4083.8999,"3":4088.03003,"4":4084.62988,"5":4080.97998,"6":4080.41992,"7":4078.92993,"8":4083.37988,"9":4086.58008,"10":4091.12012,"11":4081.23999,"12":4078.80005,"13":4075.69995,"14":4070.32007,"15":4073.8501,"16":4079.08008,"17":4080.31006,"18":4085.31006,"19":4084.26001,"20":4079.84009,"21":4089.48999,"22":4090.58008,"23":4085.98999,"24":4079.72998,"25":4079.56006},"low":{"0":4086.97998,"1":4081.38989,"2":4077.79004,"3":4082.16992,"4":4075.59009,"5":4072.54004,"6":4074.21997,"7":4074.76001,"8":4077.61011,"9":4079.38989,"10":4081.20996,"11":4077.42993,"12":4071.52002,"13":4067.8999,"14":4063.17993,"15":4064.79004,"16":4071.41992,"17":4073.92993,"18":4078.15991,"19":4075.40991,"20":4069.04004,"21":4077.16992,"22":4080.15991,"23":4060.79004,"24":4066.90991,"25":4064.80005},"close":{"0":4090.48999,"1":4087.65991,"2":4081.38989,"3":4083.26001,"4":4083.88989,"5":4078.26001,"6":4074.79004,"7":4078.37012,"8":4077.81006,"9":4080.07007,"10":4085.88989,"11":4081.18994,"12":4078.78003,"13":4071.76001,"14":4068.48999,"15":4065.6001,"16":4072.87988,"17":4077.79004,"18":4079.15991,"19":4079.37012,"20":4076.28003,"21":4079.97998,"22":4085.37988,"23":4083.40991,"24":4073.56006,"25":4069.17993},"volume":{"0":228005927,"1":94268340,"2":66761032,"3":61993582,"4":57024577,"5":56079190,"6":47864235,"7":50613130,"8":47115441,"9":50840376,"10":55642639,"11":47545544,"12":42489969,"13":52786358,"14":58074857,"15":64576659,"16":58850010,"17":58348344,"18":62310236,"19":75416837,"20":77064839,"21":82977832,"22":90932107,"23":122917306,"24":107719574,"25":132773169}}