{"datetime":{"0":1632865500000,"1":1632864600000,"2":1632863700000,"3":1632862800000,"4":1632861900000,"5":1632861000000,"6":1632860100000,"7":1632859200000,"8":1632858300000,"9":1632857400000,"10":1632856500000,"11":1632855600000,"12":1632854700000,"13":1632853800000,"14":1632852900000,"15":1632852000000,"16":1632851100000,"17":1632850200000,"18":1632849300000,"19":1632848400000,"20":1632847500000,"21":1632846600000,"22":1632845700000,"23":1632844800000,"24":1632843900000,"25":1632843000000},"open":{"0":4364.29004,"1":4365.0,"2":4377.79004,"3":4375.37012,"4":4369.87988,"5":4368.1001,"6":4348.22998,"7":4353.62012,"8":4359.4502,"9":4363.24023,"10":4352.8999,"11":4349.68994,"12":4351.54004,"13":4363.00977,"14":4365.43994,"15":4362.02979,"16":4359.00977,"17":4362.5498,"18":4360.16992,"19":4372.68018,"20":4379.43994,"21":4374.35986,"22":4377.91992,"23":4397.08984,"24":4402.77979,"25":4419.54004},"high":{"0":4366.45996,"1":4371.52002,"2":4380.47998,"3":4382.52002,"4":4377.91992,"5":4369.77002,"6":4368.12012,"7":4356.37012,"8":4361.52002,"9":4365.29004,"10":4365.93018,"11":4353.93018,"12":4354.04004,"13":4363.00977,"14":4366.95996,"15":4366.60986,"16":4362.54004,"17":4366.08984,"18":4367.06006,"19":4375.7002,"20":4381.5498,"21":4381.58984,"22":4379.39014,"23":4397.08984,"24":4402.9502,"25":4419.54004},"low":{"0":4348.56982,"1":4363.39014,"2":4365.12988,"3":4372.8999,"4":4369.52002,"5":4359.49023,"6":4348.22998,"7":4347.18994,"8":4353.64014,"9":4358.4502,"10":4352.12988,"11":4346.33008,"12":4347.91016,"13":4351.37988,"14":4361.68994,"15":4353.39014,"16":4354.47021,"17":4358.29004,"18":4354.81982,"19":4359.66992,"20":4369.31006,"21":4365.75977,"22":4365.93994,"23":4376.93994,"24":4389.1499,"25":4403.06006},"close":{"0":4353.20996,"1":4364.27979,"2":4365.12988,"3":4377.77979,"4":4375.37988,"5":4369.70996,"6":4368.10986,"7":4348.12012,"8":4353.64014,"9":4359.47021,"10":4363.33008,"11":4352.77979,"12":4349.72998,"13":4351.50977,"14":4363.08008,"15":4365.31982,"16":4362.1001,"17":4358.91992,"18":4362.56982,"19":4360.25,"20":4372.7002,"21":4379.75,"22":4374.29004,"23":4377.9502,"24":4397.4502,"25":4403.06006},"volume":{"0":239604588,"1":95180060,"2":71971269,"3":65815992,"4":63365231,"5":57175920,"6":54531663,"7":54592373,"8":42816988,"9":47169932,"10":51126943,"11":50850766,"12":56304227,"13":50454809,"14":51619893,"15":53550905,"16":52283730,"17":63496259,"18":69372887,"19":72681602,"20":81670953,"21":92733907,"22":103854650,"23":120653549,"24":120853650,"25":270807251}}