{"datetime":{"0":1640123100000,"1":1640122200000,"2":1640121300000,"3":1640120400000,"4":1640119500000,"5":1640118600000,"6":1640117700000,"7":1640116800000,"8":1640115900000,"9":1640115000000,"10":1640114100000,"11":1640113200000,"12":1640112300000,"13":1640111400000,"14":1640110500000,"15":1640109600000,"16":1640108700000,"17":1640107800000,"18":1640106900000,"19":1640106000000,"20":1640105100000,"21":1640104200000,"22":1640103300000,"23":1640102400000,"24":1640101500000,"25":1640100600000},"open":{"0":4635.75,"1":4643.22998,"2":4645.27979,"3":4647.02002,"4":4637.29004,"5":4641.62012,"6":4642.27979,"7":4641.14014,"8":4643.10986,"9":4636.81006,"10":4633.02002,"11":4638.06006,"12":4630.77979,"13":4629.72998,"14":4626.52002,"15":4617.22021,"16":4621.31982,"17":4602.6499,"18":4606.16016,"19":4594.25,"20":4590.9502,"21":4588.20996,"22":4598.91016,"23":4593.7002,"24":4602.2002,"25":4594.95996},"high":{"0":4651.14014,"1":4644.9502,"2":4646.64014,"3":4648.18994,"4":4647.0,"5":4643.95996,"6":4642.47998,"7":4644.74023,"8":4644.58984,"9":4643.83008,"10":4637.49023,"11":4638.20996,"12":4638.37988,"13":4633.47998,"14":4629.87988,"15":4627.52979,"16":4622.06006,"17":4621.37988,"18":4606.33008,"19":4606.2998,"20":4595.64014,"21":4591.56982,"22":4606.8501,"23":4599.37012,"24":4602.22998,"25":4614.2002},"low":{"0":4631.97021,"1":4635.06982,"2":4642.5498,"3":4643.47021,"4":4637.29004,"5":4637.14014,"6":4638.33008,"7":4640.1001,"8":4641.10986,"9":4636.81006,"10":4632.1499,"11":4632.12012,"12":4630.77979,"13":4629.33984,"14":4624.22998,"15":4616.75977,"16":4615.60986,"17":4602.49023,"18":4600.58984,"19":4592.16016,"20":4585.77979,"21":4583.16016,"22":4585.7002,"23":4592.25,"24":4590.8999,"25":4594.95996},"close":{"0":4648.97998,"1":4635.81006,"2":4643.29004,"3":4645.29004,"4":4647.0,"5":4637.2998,"6":4641.58984,"7":4642.31006,"8":4641.12012,"9":4643.08984,"10":4636.87988,"11":4633.0,"12":4638.06982,"13":4630.77979,"14":4629.77979,"15":4626.47998,"16":4617.31982,"17":4621.22021,"18":4602.66016,"19":4606.2998,"20":4594.24023,"21":4590.87012,"22":4588.37012,"23":4598.87012,"24":4594.16016,"25":4602.16992},"volume":{"0":149821513,"1":85173768,"2":63924932,"3":55384462,"4":1493957293,"5":51096747,"6":50177225,"7":51953507,"8":1282122364,"9":50103180,"10":44418934,"11":43966186,"12":1096606437,"13":48005994,"14":55017915,"15":52333602,"16":891704060,"17":64347821,"18":64864212,"19":71978950,"20":634536877,"21":86426284,"22":92067966,"23":101838960,"24":109219471,"25":130512579}}