{"datetime":{"0":1628286300000,"1":1628285400000,"2":1628284500000,"3":1628283600000,"4":1628282700000,"5":1628281800000,"6":1628280900000,"7":1628280000000,"8":1628279100000,"9":1628278200000,"10":1628277300000,"11":1628276400000,"12":1628275500000,"13":1628274600000,"14":1628273700000,"15":1628272800000,"16":1628271900000,"17":1628271000000,"18":1628270100000,"19":1628269200000,"20":1628268300000,"21":1628267400000,"22":1628266500000,"23":1628265600000,"24":1628264700000,"25":1628263800000},"open":{"0":4432.81982,"1":4435.74023,"2":4434.08984,"3":4432.0498,"4":4434.89014,"5":4436.31006,"6":4436.91992,"7":4437.93018,"8":4436.7002,"9":4437.12988,"10":4439.02002,"11":4438.54004,"12":4434.8999,"13":4436.41016,"14":4435.27979,"15":4436.79004,"16":4432.37012,"17":4435.22998,"18":4432.02002,"19":4431.97998,"20":4434.66016,"21":4435.37988,"22":4432.81982,"23":4431.12012,"24":4437.74023,"25":4429.06982},"high":{"0":4436.85986,"1":4437.49023,"2":4435.75,"3":4434.24023,"4":4434.95996,"5":4436.6001,"6":4437.66016,"7":4438.49023,"8":4438.02002,"9":4438.18994,"10":4439.33984,"11":4439.33008,"12":4438.75977,"13":4437.12988,"14":4436.75977,"15":4437.04004,"16":4436.7998,"17":4435.3501,"18":4435.43994,"19":4433.62988,"20":4434.93994,"21":4437.49023,"22":4436.18994,"23":4436.50977,"24":4438.62012,"25":4440.81982},"low":{"0":4431.31006,"1":4432.79004,"2":4433.7998,"3":4430.52979,"4":4431.93018,"5":4434.72021,"6":4435.8999,"7":4436.83984,"8":4436.5,"9":4436.37988,"10":4436.7002,"11":4438.25,"12":4434.72021,"13":4434.68018,"14":4434.5498,"15":4434.85986,"16":4431.58984,"17":4431.66016,"18":4430.37012,"19":4429.91016,"20":4429.27002,"21":4434.25,"22":4432.58008,"23":4429.24023,"24":4430.41016,"25":4429.06982},"close":{"0":4436.2002,"1":4432.79004,"2":4435.72998,"3":4434.06982,"4":4432.04004,"5":4434.91016,"6":4436.25,"7":4436.95996,"8":4437.8999,"9":4436.72021,"10":4437.08008,"11":4439.0,"12":4438.54004,"13":4434.91016,"14":4436.3999,"15":4435.27002,"16":4436.79004,"17":4432.45996,"18":4435.22998,"19":4431.93018,"20":4431.85986,"21":4434.68018,"22":4435.45996,"23":4432.91992,"24":4431.12988,"25":4437.77979},"volume":{"0":144159315,"1":69635815,"2":48132987,"3":45260507,"4":40565662,"5":37701039,"6":38100621,"7":38473212,"8":38845876,"9":39139519,"10":39180226,"11":36632150,"12":38911093,"13":37270480,"14":40720547,"15":41023610,"16":43843463,"17":51809464,"18":68637511,"19":677138104,"20":68173219,"21":70541955,"22":69121205,"23":86653242,"24":95455705,"25":159225931}}