{"datetime":{"0":1638308700000,"1":1638307800000,"2":1638306900000,"3":1638306000000,"4":1638305100000,"5":1638304200000,"6":1638303300000,"7":1638302400000,"8":1638301500000,"9":1638300600000,"10":1638299700000,"11":1638298800000,"12":1638297900000,"13":1638297000000,"14":1638296100000,"15":1638295200000,"16":1638294300000,"17":1638293400000,"18":1638292500000,"19":1638291600000,"20":1638290700000,"21":1638289800000,"22":1638288900000,"23":1638288000000,"24":1638287100000,"25":1638286200000},"open":{"0":4578.43994,"1":4571.68994,"2":4575.08984,"3":4579.93994,"4":4586.27002,"5":4591.87988,"6":4596.77002,"7":4595.93018,"8":4585.81982,"9":4577.91016,"10":4572.1001,"11":4577.25,"12":4584.75977,"13":4583.06006,"14":4570.6001,"15":4578.64014,"16":4580.66992,"17":4593.56006,"18":4599.58984,"19":4586.47998,"20":4631.83984,"21":4634.3999,"22":4637.37012,"23":4631.49023,"24":4627.10986,"25":4640.25},"high":{"0":4581.74023,"1":4579.02002,"2":4579.31006,"3":4582.58984,"4":4587.6001,"5":4595.18018,"6":4599.20996,"7":4598.7002,"8":4596.06006,"9":4587.64014,"10":4579.43018,"11":4579.77002,"12":4586.3999,"13":4585.72998,"14":4584.68994,"15":4578.64014,"16":4581.81982,"17":4596.8501,"18":4604.52002,"19":4599.29004,"20":4632.00977,"21":4646.02002,"22":4640.8501,"23":4645.16992,"24":4636.22998,"25":4640.25},"low":{"0":4560.0,"1":4570.47998,"2":4570.1001,"3":4574.75,"4":4576.6001,"5":4585.72998,"6":4591.77002,"7":4590.47998,"8":4585.52002,"9":4576.77002,"10":4570.83008,"11":4571.60986,"12":4574.77979,"13":4578.3999,"14":4570.5,"15":4565.18994,"16":4568.85986,"17":4578.25,"18":4589.4502,"19":4578.06006,"20":4586.60986,"21":4627.33984,"22":4628.77002,"23":4630.5,"24":4619.37988,"25":4618.6001},"close":{"0":4568.2998,"1":4578.52979,"2":4571.56006,"3":4575.02002,"4":4579.81006,"5":4586.25977,"6":4591.83984,"7":4596.75977,"8":4595.91992,"9":4585.87012,"10":4577.89014,"11":4572.08984,"12":4577.31006,"13":4585.6499,"14":4583.02002,"15":4570.6499,"16":4578.62012,"17":4580.89014,"18":4593.89014,"19":4599.29004,"20":4586.60986,"21":4631.93994,"22":4634.04004,"23":4637.47998,"24":4631.27979,"25":4626.8999},"volume":{"0":366122153,"1":129169058,"2":89281019,"3":76947367,"4":72500452,"5":67708100,"6":68924775,"7":72600849,"8":59062886,"9":65047098,"10":64896098,"11":66662423,"12":62347191,"13":72174331,"14":78157504,"15":93881726,"16":94908723,"17":90875678,"18":91292798,"19":109045989,"20":898780926,"21":110681246,"22":101645862,"23":105808343,"24":122696729,"25":137742812}}