{"datetime":{"0":1691617500000,"1":1691616600000,"2":1691615700000,"3":1691614800000,"4":1691613900000,"5":1691613000000,"6":1691612100000,"7":1691611200000,"8":1691610300000,"9":1691609400000,"10":1691608500000,"11":1691607600000,"12":1691606700000,"13":1691605800000,"14":1691604900000,"15":1691604000000,"16":1691603100000,"17":1691602200000,"18":1691601300000,"19":1691600400000,"20":1691599500000,"21":1691598600000,"22":1691597700000,"23":1691596800000,"24":1691595900000,"25":1691595000000},"open":{"0":4481.58008,"1":4488.77979,"2":4488.12012,"3":4492.99023,"4":4495.66016,"5":4495.79004,"6":4493.33008,"7":4486.18994,"8":4488.1499,"9":4484.81006,"10":4484.60986,"11":4473.56006,"12":4473.25,"13":4470.91992,"14":4470.70996,"15":4464.87012,"16":4470.60986,"17":4471.16992,"18":4479.93994,"19":4484.4502,"20":4495.08984,"21":4495.45996,"22":4494.89014,"23":4494.22021,"24":4494.0498,"25":4501.56982},"high":{"0":4481.58008,"1":4489.16992,"2":4492.06006,"3":4493.3999,"4":4497.5,"5":4499.5,"6":4496.33984,"7":4493.52002,"8":4489.10986,"9":4488.52979,"10":4486.2002,"11":4484.85986,"12":4476.93018,"13":4475.95996,"14":4472.33008,"15":4471.68994,"16":4472.12012,"17":4474.58984,"18":4481.41992,"19":4487.41016,"20":4495.62988,"21":4497.06982,"22":4496.31982,"23":4498.74023,"24":4496.93994,"25":4502.43994},"low":{"0":4465.52002,"1":4481.5498,"2":4486.16016,"3":4485.56982,"4":4492.47021,"5":4495.31006,"6":4493.27002,"7":4484.81982,"8":4484.9502,"9":4484.81006,"10":4483.56006,"11":4471.77979,"12":4472.00977,"13":4470.7002,"14":4466.47021,"15":4463.93994,"16":4461.33008,"17":4468.33008,"18":4469.49023,"19":4479.91016,"20":4483.77979,"21":4491.8501,"22":4491.37012,"23":4492.58008,"24":4491.31982,"25":4492.22998},"close":{"0":4467.91016,"1":4481.5498,"2":4488.77002,"3":4488.08984,"4":4493.02002,"5":4495.62988,"6":4495.81006,"7":4493.37012,"8":4486.18994,"9":4488.22998,"10":4484.79004,"11":4484.7002,"12":4473.60986,"13":4473.22998,"14":4470.93018,"15":4470.7002,"16":4465.0,"17":4470.62988,"18":4470.99023,"19":4480.10986,"20":4484.37012,"21":4495.12012,"22":4495.43018,"23":4494.77979,"24":4494.33008,"25":4493.8999},"volume":{"0":226235623,"1":86959206,"2":58668608,"3":58809111,"4":48307749,"5":46367075,"6":46821437,"7":44637049,"8":39596188,"9":38430168,"10":40266239,"11":40980658,"12":42313502,"13":39997085,"14":46295582,"15":53974265,"16":58528322,"17":61708586,"18":74218356,"19":69252558,"20":69862353,"21":67906780,"22":69344621,"23":72034861,"24":80095040,"25":108920368}}