{"datetime":{"0":1654897500000,"1":1654896600000,"2":1654895700000,"3":1654894800000,"4":1654893900000,"5":1654893000000,"6":1654892100000,"7":1654891200000,"8":1654890300000,"9":1654889400000,"10":1654888500000,"11":1654887600000,"12":1654886700000,"13":1654885800000,"14":1654884900000,"15":1654884000000,"16":1654883100000,"17":1654882200000,"18":1654881300000,"19":1654880400000,"20":1654879500000,"21":1654878600000,"22":1654877700000,"23":1654876800000,"24":1654875900000,"25":1654875000000},"open":{"0":3922.28003,"1":3935.81006,"2":3928.22998,"3":3933.26001,"4":3917.8501,"5":3919.52002,"6":3914.17993,"7":3917.8999,"8":3917.57007,"9":3916.81006,"10":3903.57007,"11":3907.23999,"12":3912.8999,"13":3910.28003,"14":3909.88989,"15":3912.0,"16":3908.5,"17":3906.13989,"18":3909.78003,"19":3910.43994,"20":3922.6001,"21":3905.5,"22":3913.62988,"23":3935.36011,"24":3949.77002,"25":3974.38989},"high":{"0":3922.98999,"1":3937.6499,"2":3943.17993,"3":3936.27002,"4":3935.79004,"5":3926.58008,"6":3927.67993,"7":3918.32007,"8":3929.36011,"9":3919.67993,"10":3916.82007,"11":3908.42993,"12":3913.58008,"13":3915.76001,"14":3912.0,"15":3919.72998,"16":3913.54004,"17":3908.66992,"18":3917.19995,"19":3913.12988,"20":3925.84009,"21":3923.56006,"22":3914.68994,"23":3935.36011,"24":3952.8999,"25":3974.38989},"low":{"0":3900.15991,"1":3920.05005,"2":3923.3501,"3":3918.81006,"4":3917.75,"5":3915.41992,"6":3912.8501,"7":3910.87012,"8":3914.66992,"9":3907.77002,"10":3902.30005,"11":3901.48999,"12":3902.42993,"13":3907.37988,"14":3905.42993,"15":3909.8501,"16":3901.44995,"17":3900.6001,"18":3903.79004,"19":3906.3501,"20":3910.65991,"21":3904.62012,"22":3903.95996,"23":3908.44995,"24":3931.56006,"25":3932.38989},"close":{"0":3900.15991,"1":3922.20996,"2":3935.87012,"3":3928.22998,"4":3933.62012,"5":3917.8999,"6":3919.51001,"7":3914.1499,"8":3917.90991,"9":3917.48999,"10":3916.82007,"11":3903.77002,"12":3907.19995,"13":3912.8999,"14":3910.20996,"15":3909.91992,"16":3912.20996,"17":3908.63989,"18":3906.42993,"19":3909.6499,"20":3910.65991,"21":3922.61011,"22":3905.61011,"23":3913.75,"24":3935.06006,"25":3949.61011},"volume":{"0":275689594,"1":116227131,"2":82255919,"3":68186385,"4":56305297,"5":48086134,"6":52508362,"7":50204385,"8":54990379,"9":52340595,"10":46158417,"11":47432223,"12":1188273429,"13":48762855,"14":50910857,"15":58377129,"16":57412074,"17":67430487,"18":74594955,"19":76272322,"20":76776765,"21":109004198,"22":88307195,"23":114258536,"24":107943771,"25":135551771}}