{"datetime":{"0":1646775900000,"1":1646775000000,"2":1646774100000,"3":1646773200000,"4":1646772300000,"5":1646771400000,"6":1646770500000,"7":1646769600000,"8":1646768700000,"9":1646767800000,"10":1646766900000,"11":1646766000000,"12":1646765100000,"13":1646764200000,"14":1646763300000,"15":1646762400000,"16":1646761500000,"17":1646760600000,"18":1646759700000,"19":1646758800000,"20":1646757900000,"21":1646757000000,"22":1646756100000,"23":1646755200000,"24":1646754300000,"25":1646753400000},"open":{"0":4181.49023,"1":4196.31982,"2":4226.3501,"3":4220.31982,"4":4218.72998,"5":4213.62012,"6":4196.97998,"7":4201.1001,"8":4224.87012,"9":4242.81006,"10":4268.39014,"11":4257.22998,"12":4255.43018,"13":4243.41992,"14":4234.47021,"15":4184.68018,"16":4164.77979,"17":4172.52002,"18":4187.79004,"19":4197.91992,"20":4174.7998,"21":4169.74023,"22":4171.91992,"23":4192.47998,"24":4210.31982,"25":4202.66016},"high":{"0":4196.10986,"1":4198.02979,"2":4228.6499,"3":4239.2002,"4":4232.08008,"5":4218.83008,"6":4214.62012,"7":4205.22021,"8":4226.37012,"9":4242.83984,"10":4272.77979,"11":4276.93994,"12":4260.66992,"13":4257.31982,"14":4249.89014,"15":4234.3501,"16":4191.1499,"17":4172.7998,"18":4189.72998,"19":4201.8501,"20":4199.1499,"21":4177.47998,"22":4196.2002,"23":4192.47998,"24":4215.93018,"25":4215.4502},"low":{"0":4168.3999,"1":4180.91992,"2":4195.77002,"3":4218.77002,"4":4214.87988,"5":4203.45996,"6":4187.02979,"7":4184.5,"8":4200.5498,"9":4216.97021,"10":4241.7998,"11":4257.22998,"12":4244.47998,"13":4236.08984,"14":4225.41992,"15":4183.02002,"16":4164.68018,"17":4157.87012,"18":4169.66016,"19":4182.16016,"20":4171.91992,"21":4160.22998,"22":4169.77979,"23":4163.72998,"24":4188.27002,"25":4185.0},"close":{"0":4170.74023,"1":4182.47021,"2":4196.24023,"3":4226.35986,"4":4220.50977,"5":4218.83008,"6":4213.83984,"7":4196.8999,"8":4201.02979,"9":4224.75,"10":4242.50977,"11":4268.7998,"12":4257.27979,"13":4255.58984,"14":4243.56006,"15":4234.3501,"16":4183.77002,"17":4164.6001,"18":4172.60986,"19":4187.66992,"20":4197.6499,"21":4174.62012,"22":4169.77979,"23":4172.0498,"24":4192.97021,"25":4210.3501},"volume":{"0":223443684,"1":139845868,"2":96437667,"3":90354720,"4":84458135,"5":76228083,"6":81674858,"7":95755950,"8":91774775,"9":100403179,"10":97340440,"11":107378194,"12":108559522,"13":136635370,"14":159310365,"15":114632246,"16":86837382,"17":100673537,"18":100224351,"19":112960365,"20":125007369,"21":126922178,"22":135899004,"23":152904171,"24":158639054,"25":208789592}}