{"datetime":{"0":1637358300000,"1":1637357400000,"2":1637356500000,"3":1637355600000,"4":1637354700000,"5":1637353800000,"6":1637352900000,"7":1637352000000,"8":1637351100000,"9":1637350200000,"10":1637349300000,"11":1637348400000,"12":1637347500000,"13":1637346600000,"14":1637345700000,"15":1637344800000,"16":1637343900000,"17":1637343000000,"18":1637342100000,"19":1637341200000,"20":1637340300000,"21":1637339400000,"22":1637338500000,"23":1637337600000,"24":1637336700000,"25":1637335800000},"open":{"0":4697.60986,"1":4701.08984,"2":4699.68994,"3":4702.68018,"4":4702.77979,"5":4703.27979,"6":4705.58984,"7":4703.93994,"8":4698.4502,"9":4700.83984,"10":4709.81982,"11":4711.95996,"12":4712.93018,"13":4712.8999,"14":4713.37012,"15":4708.62012,"16":4709.93994,"17":4709.95996,"18":4707.45996,"19":4702.83984,"20":4705.75977,"21":4697.83008,"22":4703.99023,"23":4710.66992,"24":4705.04004,"25":4708.43994},"high":{"0":4699.8999,"1":4702.00977,"2":4701.43994,"3":4704.16016,"4":4704.2998,"5":4704.45996,"6":4707.0498,"7":4706.2002,"8":4704.29004,"9":4702.72021,"10":4710.58984,"11":4713.25,"12":4714.18994,"13":4717.75,"14":4713.45996,"15":4713.33984,"16":4710.81006,"17":4710.83984,"18":4710.25977,"19":4708.31006,"20":4706.35986,"21":4706.72021,"22":4704.79004,"23":4710.8501,"24":4710.70996,"25":4710.87988},"low":{"0":4695.45996,"1":4697.58984,"2":4697.7998,"3":4699.49023,"4":4701.83984,"5":4699.8501,"6":4703.22021,"7":4702.99023,"8":4696.31982,"9":4694.22021,"10":4700.72021,"11":4708.37012,"12":4710.64014,"13":4711.33984,"14":4710.52002,"15":4708.58008,"16":4707.12012,"17":4707.93994,"18":4707.4502,"19":4702.56006,"20":4700.02002,"21":4697.12012,"22":4697.37988,"23":4699.31982,"24":4701.45996,"25":4697.02979},"close":{"0":4697.9502,"1":4697.66992,"2":4701.12012,"3":4699.66992,"4":4702.68994,"5":4702.81006,"6":4703.29004,"7":4705.60986,"8":4703.9502,"9":4698.4502,"10":4700.93018,"11":4709.8501,"12":4712.0,"13":4712.91992,"14":4712.97021,"15":4713.33008,"16":4708.5498,"17":4709.9502,"18":4709.9502,"19":4707.37012,"20":4703.06982,"21":4705.81006,"22":4697.93018,"23":4703.8501,"24":4710.6499,"25":4704.68018},"volume":{"0":177889364,"1":97725174,"2":67764676,"3":60815637,"4":50376476,"5":51344609,"6":48415896,"7":52919193,"8":51085340,"9":55433897,"10":51164587,"11":50377425,"12":47178132,"13":51771679,"14":50978367,"15":56171451,"16":60027365,"17":66038082,"18":60758936,"19":65058928,"20":80166980,"21":81673537,"22":624500930,"23":107641291,"24":118466619,"25":231082414}}