{"datetime":{"0":1689025500000,"1":1689024600000,"2":1689023700000,"3":1689022800000,"4":1689021900000,"5":1689021000000,"6":1689020100000,"7":1689019200000,"8":1689018300000,"9":1689017400000,"10":1689016500000,"11":1689015600000,"12":1689014700000,"13":1689013800000,"14":1689012900000,"15":1689012000000,"16":1689011100000,"17":1689010200000,"18":1689009300000,"19":1689008400000,"20":1689007500000,"21":1689006600000,"22":1689005700000,"23":1689004800000,"24":1689003900000,"25":1689003000000},"open":{"0":4402.3999,"1":4403.95996,"2":4403.56006,"3":4406.58984,"4":4403.22998,"5":4407.8501,"6":4403.56006,"7":4403.6001,"8":4405.22021,"9":4405.18018,"10":4403.2998,"11":4402.68018,"12":4399.99023,"13":4397.70996,"14":4390.97998,"15":4398.29004,"16":4398.93994,"17":4401.24023,"18":4398.20996,"19":4399.97998,"20":4400.5498,"21":4406.6001,"22":4410.72021,"23":4405.27979,"24":4403.97021,"25":4394.22998},"high":{"0":4409.91992,"1":4404.8999,"2":4404.83984,"3":4407.00977,"4":4406.8999,"5":4408.18994,"6":4408.06982,"7":4404.10986,"8":4406.0498,"9":4407.6499,"10":4405.16016,"11":4404.77979,"12":4403.52002,"13":4400.12988,"14":4398.25977,"15":4398.52002,"16":4401.68018,"17":4404.74023,"18":4401.31006,"19":4400.83008,"20":4404.24023,"21":4407.41016,"22":4412.6001,"23":4412.47998,"24":4407.02002,"25":4407.47021},"low":{"0":4400.25,"1":4401.72998,"2":4402.2002,"3":4402.00977,"4":4401.93018,"5":4402.87988,"6":4403.33008,"7":4399.60986,"8":4402.20996,"9":4402.22998,"10":4401.87988,"11":4402.04004,"12":4399.91016,"13":4396.75977,"14":4390.18994,"15":4389.91992,"16":4395.20996,"17":4398.89014,"18":4395.54004,"19":4394.56006,"20":4398.8999,"21":4398.0,"22":4406.37012,"23":4404.68018,"24":4399.87012,"25":4394.16992},"close":{"0":4409.91992,"1":4402.3501,"2":4403.97998,"3":4403.52002,"4":4406.56006,"5":4403.27002,"6":4407.7998,"7":4403.60986,"8":4403.64014,"9":4405.25977,"10":4405.16016,"11":4403.31982,"12":4402.72998,"13":4400.0,"14":4397.7002,"15":4391.02002,"16":4398.29004,"17":4398.89014,"18":4401.22021,"19":4398.04004,"20":4400.04004,"21":4400.81982,"22":4406.6001,"23":4410.60986,"24":4405.2002,"25":4404.0498},"volume":{"0":218273810,"1":89496471,"2":62602621,"3":52334507,"4":46573392,"5":51968071,"6":47325084,"7":44963113,"8":41667293,"9":47055210,"10":48594854,"11":45541147,"12":44554584,"13":45028858,"14":49420977,"15":59075828,"16":53985903,"17":57986688,"18":58955745,"19":61173886,"20":66960574,"21":76609786,"22":76283454,"23":377391997,"24":113213548,"25":117541123}}