{"datetime":{"0":1686347100000,"1":1686346200000,"2":1686345300000,"3":1686344400000,"4":1686343500000,"5":1686342600000,"6":1686341700000,"7":1686340800000,"8":1686339900000,"9":1686339000000,"10":1686338100000,"11":1686337200000,"12":1686336300000,"13":1686335400000,"14":1686334500000,"15":1686333600000,"16":1686332700000,"17":1686331800000,"18":1686330900000,"19":1686330000000,"20":1686329100000,"21":1686328200000,"22":1686327300000,"23":1686326400000,"24":1686325500000,"25":1686324600000},"open":{"0":4301.7998,"1":4303.5,"2":4302.60986,"3":4304.99023,"4":4303.64014,"5":4306.41016,"6":4307.12012,"7":4308.08008,"8":4306.77002,"9":4304.00977,"10":4302.3501,"11":4300.87012,"12":4296.12988,"13":4295.16016,"14":4300.31982,"15":4297.16992,"16":4304.41016,"17":4301.18994,"18":4318.52002,"19":4313.68994,"20":4314.45996,"21":4320.74023,"22":4318.97021,"23":4311.95996,"24":4309.89014,"25":4304.87988},"high":{"0":4303.37012,"1":4304.72021,"2":4305.18018,"3":4307.1001,"4":4305.31982,"5":4306.75977,"6":4309.91992,"7":4308.5498,"8":4308.75977,"9":4307.3501,"10":4303.97021,"11":4303.29004,"12":4300.72998,"13":4297.95996,"14":4301.43994,"15":4300.58984,"16":4304.66992,"17":4304.5,"18":4318.52002,"19":4318.6499,"20":4318.64014,"21":4322.62012,"22":4321.99023,"23":4319.41992,"24":4315.74023,"25":4312.4502},"low":{"0":4297.54004,"1":4299.81982,"2":4300.12012,"3":4300.7002,"4":4301.75977,"5":4301.54004,"6":4304.81982,"7":4306.39014,"8":4304.5,"9":4303.83984,"10":4299.54004,"11":4299.8501,"12":4295.16992,"13":4291.7002,"14":4292.1001,"15":4292.0498,"16":4296.87988,"17":4295.91016,"18":4300.31006,"19":4313.24023,"20":4308.08008,"21":4311.9502,"22":4318.12988,"23":4311.95996,"24":4309.4502,"25":4302.22998},"close":{"0":4299.43994,"1":4301.83984,"2":4303.50977,"3":4302.58984,"4":4304.97998,"5":4303.6499,"6":4306.41992,"7":4307.08008,"8":4307.99023,"9":4306.75977,"10":4303.95996,"11":4302.33984,"12":4300.72998,"13":4296.14014,"14":4295.22021,"15":4300.2998,"16":4297.18994,"17":4304.47021,"18":4301.2002,"19":4318.47998,"20":4313.83008,"21":4314.43018,"22":4320.62988,"23":4318.91992,"24":4312.0,"25":4309.91016},"volume":{"0":197210923,"1":79479447,"2":55151985,"3":52875576,"4":45524171,"5":45884086,"6":45155481,"7":41934227,"8":46007262,"9":40940468,"10":43059683,"11":42620413,"12":44889420,"13":48407203,"14":51936210,"15":53766499,"16":55397468,"17":68898766,"18":68494940,"19":62611377,"20":700339366,"21":84490398,"22":491055147,"23":95316611,"24":108028182,"25":125598464}}