{"datetime":{"0":1672782300000,"1":1672781400000,"2":1672780500000,"3":1672779600000,"4":1672778700000,"5":1672777800000,"6":1672776900000,"7":1672776000000,"8":1672775100000,"9":1672774200000,"10":1672773300000,"11":1672772400000,"12":1672771500000,"13":1672770600000,"14":1672769700000,"15":1672768800000,"16":1672767900000,"17":1672767000000,"18":1672766100000,"19":1672765200000,"20":1672764300000,"21":1672763400000,"22":1672762500000,"23":1672761600000,"24":1672760700000,"25":1672759800000},"open":{"0":3820.76001,"1":3818.54004,"2":3820.71997,"3":3815.1001,"4":3808.93994,"5":3805.01001,"6":3807.81006,"7":3813.33008,"8":3808.6001,"9":3810.1001,"10":3799.75,"11":3801.15991,"12":3803.38989,"13":3804.23999,"14":3810.54004,"15":3805.6499,"16":3805.95996,"17":3815.46997,"18":3811.51001,"19":3835.12988,"20":3825.81006,"21":3823.6499,"22":3826.46997,"23":3831.91992,"24":3868.37988,"25":3853.29004},"high":{"0":3826.8501,"1":3825.21997,"2":3825.41992,"3":3821.0,"4":3821.3501,"5":3808.87988,"6":3810.84009,"7":3815.96997,"8":3814.03003,"9":3811.63989,"10":3810.86011,"11":3804.04004,"12":3803.38989,"13":3813.94995,"14":3810.54004,"15":3811.40991,"16":3807.43994,"17":3815.46997,"18":3818.53003,"19":3837.61011,"20":3835.27002,"21":3828.44995,"22":3828.12988,"23":3840.27002,"24":3869.29004,"25":3878.45996},"low":{"0":3818.92993,"1":3818.42993,"2":3813.84009,"3":3814.08008,"4":3808.71997,"5":3796.54004,"6":3803.34009,"7":3805.20996,"8":3805.30005,"9":3806.62988,"10":3798.56006,"11":3798.69995,"12":3794.33008,"13":3802.76001,"14":3800.20996,"15":3803.66992,"16":3802.0,"17":3806.0,"18":3810.21997,"19":3810.68994,"20":3824.52002,"21":3816.69995,"22":3817.22998,"23":3824.91992,"24":3831.67993,"25":3851.77002},"close":{"0":3824.07007,"1":3820.88989,"2":3818.55005,"3":3820.73999,"4":3814.98999,"5":3808.84009,"6":3804.97998,"7":3807.81006,"8":3813.28003,"9":3808.59009,"10":3810.05005,"11":3799.72998,"12":3801.12012,"13":3803.47998,"14":3804.16992,"15":3810.61011,"16":3805.61011,"17":3806.1499,"18":3815.54004,"19":3811.09009,"20":3835.06006,"21":3825.82007,"22":3823.17993,"23":3826.27002,"24":3831.87012,"25":3868.22998},"volume":{"0":217602106,"1":93648649,"2":74868857,"3":60555696,"4":72621051,"5":57414546,"6":47782608,"7":51739717,"8":46072139,"9":44502847,"10":49545582,"11":38889311,"12":52124893,"13":48921378,"14":49960559,"15":53186311,"16":59383444,"17":64260409,"18":62639483,"19":76623294,"20":69570749,"21":73332984,"22":77936842,"23":89390582,"24":118381023,"25":130658895}}