{"datetime":{"0":1682372700000,"1":1682371800000,"2":1682370900000,"3":1682370000000,"4":1682369100000,"5":1682368200000,"6":1682367300000,"7":1682366400000,"8":1682365500000,"9":1682364600000,"10":1682363700000,"11":1682362800000,"12":1682361900000,"13":1682361000000,"14":1682360100000,"15":1682359200000,"16":1682358300000,"17":1682357400000,"18":1682356500000,"19":1682355600000,"20":1682354700000,"21":1682353800000,"22":1682352900000,"23":1682352000000,"24":1682351100000,"25":1682350200000},"open":{"0":4134.41992,"1":4134.47021,"2":4136.39014,"3":4132.35986,"4":4129.62988,"5":4131.74023,"6":4133.81982,"7":4133.54004,"8":4131.2002,"9":4129.10986,"10":4128.22998,"11":4128.54004,"12":4126.87012,"13":4125.9502,"14":4119.54004,"15":4120.45996,"16":4120.7002,"17":4123.62012,"18":4124.5,"19":4127.70996,"20":4126.56982,"21":4141.39014,"22":4139.33008,"23":4139.04004,"24":4139.50977,"25":4132.06982},"high":{"0":4137.50977,"1":4136.81982,"2":4136.43994,"3":4136.89014,"4":4132.62988,"5":4132.7002,"6":4135.02979,"7":4135.6499,"8":4134.7002,"9":4131.5,"10":4129.62988,"11":4128.64014,"12":4128.8999,"13":4128.02979,"14":4126.0,"15":4124.02979,"16":4122.41016,"17":4126.3501,"18":4127.08984,"19":4128.62012,"20":4130.16016,"21":4142.41016,"22":4141.25,"23":4141.91016,"24":4141.58984,"25":4140.95996},"low":{"0":4133.47998,"1":4133.25977,"2":4133.54004,"3":4132.35986,"4":4128.68994,"5":4129.24023,"6":4130.62012,"7":4132.12988,"8":4130.45996,"9":4128.89014,"10":4126.2002,"11":4125.58984,"12":4125.8501,"13":4125.18994,"14":4117.77002,"15":4119.50977,"16":4119.70996,"17":4119.70996,"18":4123.0498,"19":4124.56982,"20":4125.75977,"21":4125.97998,"22":4137.66016,"23":4135.83984,"24":4138.56982,"25":4131.72998},"close":{"0":4137.31006,"1":4134.41992,"2":4134.49023,"3":4136.37988,"4":4132.3501,"5":4129.62988,"6":4131.72998,"7":4133.81006,"8":4133.56982,"9":4131.08984,"10":4129.08008,"11":4128.14014,"12":4128.5498,"13":4126.87012,"14":4125.93018,"15":4119.56982,"16":4120.45996,"17":4120.68994,"18":4123.56006,"19":4124.56982,"20":4127.8501,"21":4126.6499,"22":4141.25,"23":4139.31006,"24":4139.0498,"25":4139.5498},"volume":{"0":223349366,"1":84313883,"2":66238066,"3":57440955,"4":46504291,"5":46526722,"6":48777420,"7":48696503,"8":43192323,"9":40382475,"10":40551112,"11":40129271,"12":39798056,"13":45888731,"14":50206632,"15":52451176,"16":59302880,"17":64446828,"18":63663248,"19":60984557,"20":69779052,"21":89199736,"22":74728375,"23":89524160,"24":87218550,"25":104158426}}