{"datetime":{"0":1665783900000,"1":1665783000000,"2":1665782100000,"3":1665781200000,"4":1665780300000,"5":1665779400000,"6":1665778500000,"7":1665777600000,"8":1665776700000,"9":1665775800000,"10":1665774900000,"11":1665774000000,"12":1665773100000,"13":1665772200000,"14":1665771300000,"15":1665770400000,"16":1665769500000,"17":1665768600000,"18":1665767700000,"19":1665766800000,"20":1665765900000,"21":1665765000000,"22":1665764100000,"23":1665763200000,"24":1665762300000,"25":1665761400000},"open":{"0":3595.44995,"1":3597.27002,"2":3589.13989,"3":3594.45996,"4":3591.21997,"5":3593.98999,"6":3598.21997,"7":3611.25,"8":3604.63989,"9":3604.40991,"10":3598.43994,"11":3603.48999,"12":3615.95996,"13":3608.02002,"14":3598.26001,"15":3608.01001,"16":3618.37012,"17":3632.16992,"18":3625.01001,"19":3630.8999,"20":3614.62012,"21":3630.12012,"22":3631.65991,"23":3676.87988,"24":3683.37988,"25":3690.40991},"high":{"0":3596.66992,"1":3603.98999,"2":3597.82007,"3":3602.29004,"4":3594.44995,"5":3594.94995,"6":3598.79004,"7":3611.25,"8":3611.29004,"9":3610.15991,"10":3604.66992,"11":3611.71997,"12":3615.95996,"13":3617.43994,"14":3606.08008,"15":3619.8501,"16":3618.37012,"17":3632.20996,"18":3632.8501,"19":3644.47998,"20":3633.25,"21":3637.31006,"22":3635.96997,"23":3676.87988,"24":3685.12012,"25":3712.0},"low":{"0":3579.67993,"1":3591.86011,"2":3584.86011,"3":3588.17993,"4":3587.67993,"5":3586.29004,"6":3588.87988,"7":3597.72998,"8":3603.08008,"9":3602.68994,"10":3595.96997,"11":3598.45996,"12":3602.12012,"13":3603.20996,"14":3595.3501,"15":3597.43994,"16":3604.6499,"17":3614.48999,"18":3617.83008,"19":3624.06006,"20":3614.27002,"21":3614.47998,"22":3617.36011,"23":3629.1499,"24":3671.3501,"25":3683.08008},"close":{"0":3585.72998,"1":3595.48999,"2":3597.28003,"3":3589.19995,"4":3594.44995,"5":3591.1499,"6":3594.01001,"7":3598.46997,"8":3611.17993,"9":3604.61011,"10":3604.57007,"11":3598.45996,"12":3603.51001,"13":3615.98999,"14":3602.44995,"15":3598.32007,"16":3608.11011,"17":3618.41992,"18":3632.11011,"19":3624.91992,"20":3630.8501,"21":3614.51001,"22":3630.12988,"23":3631.82007,"24":3677.15991,"25":3683.42993},"volume":{"0":210567417,"1":2050262053,"2":84080779,"3":1844131501,"4":55718950,"5":57624673,"6":59324089,"7":54320435,"8":3021555314,"9":53144303,"10":47302385,"11":54572807,"12":46743459,"13":1252830736,"14":1203383777,"15":73245099,"16":1071576563,"17":72792989,"18":69059350,"19":86758282,"20":77010131,"21":93044607,"22":100992588,"23":140532354,"24":145606273,"25":148017795}}