{"datetime":{"0":1647636300000,"1":1647635400000,"2":1647634500000,"3":1647633600000,"4":1647632700000,"5":1647631800000,"6":1647630900000,"7":1647630000000,"8":1647629100000,"9":1647628200000,"10":1647627300000,"11":1647626400000,"12":1647625500000,"13":1647624600000,"14":1647623700000,"15":1647622800000,"16":1647621900000,"17":1647621000000,"18":1647620100000,"19":1647619200000,"20":1647618300000,"21":1647617400000,"22":1647616500000,"23":1647615600000,"24":1647614700000,"25":1647613800000},"open":{"0":4462.5498,"1":4457.3501,"2":4450.58984,"3":4442.83984,"4":4437.89014,"5":4438.66992,"6":4437.41992,"7":4437.3999,"8":4437.12012,"9":4439.72998,"10":4435.43994,"11":4431.93018,"12":4433.47998,"13":4426.83008,"14":4419.77979,"15":4416.70996,"16":4417.60986,"17":4414.6499,"18":4418.50977,"19":4412.08984,"20":4408.12988,"21":4414.58008,"22":4418.4502,"23":4407.5,"24":4398.9502,"25":4407.33984},"high":{"0":4465.31982,"1":4465.3999,"2":4459.08008,"3":4451.37012,"4":4442.87012,"5":4443.58008,"6":4441.25977,"7":4439.12012,"8":4440.60986,"9":4440.33008,"10":4439.74023,"11":4436.93994,"12":4433.97021,"13":4433.56982,"14":4426.85986,"15":4420.39014,"16":4419.52979,"17":4425.24023,"18":4419.93994,"19":4422.77002,"20":4413.10986,"21":4418.58008,"22":4419.16016,"23":4424.3501,"24":4408.18994,"25":4407.33984},"low":{"0":4455.8999,"1":4454.1001,"2":4450.18994,"3":4441.41992,"4":4437.74023,"5":4434.99023,"6":4436.68018,"7":4432.35986,"8":4435.79004,"9":4436.27002,"10":4433.18018,"11":4429.7002,"12":4428.3999,"13":4426.10986,"14":4419.75,"15":4413.22998,"16":4409.58984,"17":4414.50977,"18":4411.00977,"19":4411.33984,"20":4402.52979,"21":4403.18994,"22":4409.97021,"23":4405.37012,"24":4398.12988,"25":4390.56982},"close":{"0":4462.8501,"1":4462.58008,"2":4457.37012,"3":4450.56006,"4":4442.87012,"5":4437.93018,"6":4438.58984,"7":4437.43994,"8":4437.3999,"9":4437.12012,"10":4439.72998,"11":4435.47021,"12":4431.93018,"13":4433.45996,"14":4426.77979,"15":4419.75,"16":4416.75,"17":4417.60986,"18":4414.75977,"19":4418.4502,"20":4411.64014,"21":4407.93018,"22":4414.62988,"23":4418.3999,"24":4407.41016,"25":4399.0},"volume":{"0":212234692,"1":138342295,"2":86927242,"3":69129367,"4":57323483,"5":64061776,"6":58457656,"7":58598491,"8":1513093543,"9":52113455,"10":49691758,"11":52310779,"12":1298711733,"13":57048338,"14":52489167,"15":49451392,"16":54789156,"17":64025045,"18":59466668,"19":68038341,"20":71486099,"21":76847460,"22":81550058,"23":97316067,"24":101867577,"25":155626782}}