{"datetime":{"0":1598996700000,"1":1598995800000,"2":1598994900000,"3":1598994000000,"4":1598993100000,"5":1598992200000,"6":1598991300000,"7":1598990400000,"8":1598989500000,"9":1598988600000,"10":1598987700000,"11":1598986800000,"12":1598985900000,"13":1598985000000,"14":1598984100000,"15":1598983200000,"16":1598982300000,"17":1598981400000,"18":1598980500000,"19":1598979600000,"20":1598978700000,"21":1598977800000,"22":1598976900000,"23":1598976000000,"24":1598975100000,"25":1598974200000},"open":{"0":3522.37012,"1":3517.1001,"2":3516.46997,"3":3520.28003,"4":3519.17993,"5":3519.6001,"6":3517.52002,"7":3515.36011,"8":3516.77002,"9":3512.37988,"10":3511.33008,"11":3514.05005,"12":3511.40991,"13":3511.87012,"14":3513.82007,"15":3509.6001,"16":3510.65991,"17":3510.13989,"18":3511.81006,"19":3508.87012,"20":3512.43994,"21":3515.42993,"22":3505.40991,"23":3507.38989,"24":3503.42993,"25":3507.43994},"high":{"0":3528.03003,"1":3522.3501,"2":3520.28003,"3":3521.26001,"4":3521.12988,"5":3520.79004,"6":3519.91992,"7":3517.66992,"8":3516.92993,"9":3517.01001,"10":3513.12988,"11":3514.05005,"12":3514.32007,"13":3513.29004,"14":3513.95996,"15":3513.8999,"16":3512.55005,"17":3512.04004,"18":3514.32007,"19":3511.95996,"20":3515.5,"21":3515.90991,"22":3515.13989,"23":3513.07007,"24":3508.08008,"25":3507.43994},"low":{"0":3517.08008,"1":3516.09009,"2":3516.46997,"3":3516.43994,"4":3517.79004,"5":3518.62988,"6":3516.95996,"7":3514.42993,"8":3514.22998,"9":3511.47998,"10":3511.12012,"11":3510.68994,"12":3511.21997,"13":3510.25,"14":3511.28003,"15":3509.27002,"16":3508.95996,"17":3508.56006,"18":3506.26001,"19":3507.70996,"20":3508.31006,"21":3511.97998,"22":3503.75,"23":3504.62012,"24":3502.40991,"25":3494.6001},"close":{"0":3527.37012,"1":3522.34009,"2":3517.12988,"3":3516.59009,"4":3520.19995,"5":3519.36011,"6":3519.56006,"7":3517.5,"8":3515.37988,"9":3516.76001,"10":3512.33008,"11":3511.51001,"12":3514.05005,"13":3511.37988,"14":3511.8999,"15":3513.73999,"16":3509.55005,"17":3510.71997,"18":3510.1499,"19":3511.70996,"20":3508.75,"21":3512.36011,"22":3515.13989,"23":3505.27002,"24":3507.12012,"25":3503.38989},"volume":{"0":217319957,"1":82356772,"2":65459008,"3":61381890,"4":49149240,"5":46398475,"6":49345448,"7":48385427,"8":56819823,"9":52516253,"10":48072982,"11":47365151,"12":49042820,"13":50786177,"14":49791030,"15":57599318,"16":61033508,"17":92992363,"18":75213322,"19":69615226,"20":67462526,"21":78017487,"22":96740188,"23":106543708,"24":109109080,"25":142922547}}