{"datetime":{"0":1614289500000,"1":1614288600000,"2":1614287700000,"3":1614286800000,"4":1614285900000,"5":1614285000000,"6":1614284100000,"7":1614283200000,"8":1614282300000,"9":1614281400000,"10":1614280500000,"11":1614279600000,"12":1614278700000,"13":1614277800000,"14":1614276900000,"15":1614276000000,"16":1614275100000,"17":1614274200000,"18":1614273300000,"19":1614272400000,"20":1614271500000,"21":1614270600000,"22":1614269700000,"23":1614268800000,"24":1614267900000,"25":1614267000000},"open":{"0":3830.75,"1":3827.36011,"2":3835.3999,"3":3846.16992,"4":3855.1001,"5":3869.6001,"6":3860.3999,"7":3846.6001,"8":3852.8999,"9":3851.1001,"10":3845.1001,"11":3834.8999,"12":3857.44995,"13":3859.8999,"14":3871.8999,"15":3869.3999,"16":3878.54004,"17":3890.15991,"18":3897.1001,"19":3895.1001,"20":3893.33008,"21":3901.84009,"22":3899.8999,"23":3915.66992,"24":3919.80005,"25":3910.83008},"high":{"0":3844.55005,"1":3834.6001,"2":3837.6499,"3":3852.3999,"4":3858.75,"5":3869.6001,"6":3872.5,"7":3864.93994,"8":3854.81006,"9":3855.65991,"10":3855.6001,"11":3846.1001,"12":3861.1001,"13":3860.42993,"14":3874.6001,"15":3874.01001,"16":3878.54004,"17":3891.1001,"18":3902.07007,"19":3901.0,"20":3896.3999,"21":3901.8501,"22":3912.76001,"23":3915.66992,"24":3921.28003,"25":3924.13989},"low":{"0":3829.3999,"1":3813.3999,"2":3826.29004,"3":3832.6001,"4":3846.3999,"5":3854.3999,"6":3860.3999,"7":3843.19995,"8":3839.8999,"9":3841.08008,"10":3838.8999,"11":3823.8999,"12":3833.32007,"13":3850.84009,"14":3858.8999,"15":3861.3999,"16":3866.76001,"17":3877.55005,"18":3888.40991,"19":3892.1001,"20":3882.1001,"21":3888.1001,"22":3899.6001,"23":3898.34009,"24":3914.1001,"25":3910.30005},"close":{"0":3830.22998,"1":3831.0,"2":3828.86011,"3":3836.0,"4":3847.66992,"5":3855.51001,"6":3870.6001,"7":3859.6001,"8":3847.52002,"9":3853.6001,"10":3851.3999,"11":3846.1001,"12":3836.3999,"13":3856.44995,"14":3860.13989,"15":3872.8999,"16":3870.3999,"17":3879.29004,"18":3890.65991,"19":3897.3999,"20":3895.79004,"21":3893.58008,"22":3901.8501,"23":3901.1001,"24":3915.30005,"25":3920.27002},"volume":{"0":0,"1":0,"2":0,"3":0,"4":0,"5":0,"6":0,"7":0,"8":0,"9":0,"10":0,"11":0,"12":0,"13":0,"14":0,"15":0,"16":0,"17":0,"18":0,"19":0,"20":0,"21":0,"22":0,"23":0,"24":0,"25":0}}