{"datetime":{"0":1599255900000,"1":1599255000000,"2":1599254100000,"3":1599253200000,"4":1599252300000,"5":1599251400000,"6":1599250500000,"7":1599249600000,"8":1599248700000,"9":1599247800000,"10":1599246900000,"11":1599246000000,"12":1599245100000,"13":1599244200000,"14":1599243300000,"15":1599242400000,"16":1599241500000,"17":1599240600000,"18":1599239700000,"19":1599238800000,"20":1599237900000,"21":1599237000000,"22":1599236100000,"23":1599235200000,"24":1599234300000,"25":1599233400000},"open":{"0":3430.3999,"1":3451.01001,"2":3434.67993,"3":3446.12012,"4":3431.1499,"5":3415.53003,"6":3398.69995,"7":3404.75,"8":3396.15991,"9":3394.12988,"10":3400.78003,"11":3410.03003,"12":3410.16992,"13":3405.97998,"14":3390.68994,"15":3393.18994,"16":3368.3999,"17":3363.90991,"18":3380.0,"19":3385.52002,"20":3351.46997,"21":3392.70996,"22":3422.16992,"23":3435.43994,"24":3461.76001,"25":3453.6001},"high":{"0":3440.23999,"1":3451.01001,"2":3455.12988,"3":3447.06006,"4":3446.70996,"5":3434.48999,"6":3416.33008,"7":3407.40991,"8":3405.6001,"9":3399.41992,"10":3400.78003,"11":3410.03003,"12":3416.05005,"13":3414.8501,"14":3406.46997,"15":3398.52002,"16":3395.87988,"17":3383.08008,"18":3382.37988,"19":3387.44995,"20":3389.29004,"21":3400.54004,"22":3426.80005,"23":3446.75,"24":3463.04004,"25":3479.1499},"low":{"0":3424.30005,"1":3428.5,"2":3434.67993,"3":3434.72998,"4":3431.1499,"5":3411.44995,"6":3398.26001,"7":3398.6001,"8":3393.62988,"9":3385.56006,"10":3386.88989,"11":3396.17993,"12":3401.88989,"13":3402.16992,"14":3381.78003,"15":3384.37012,"16":3368.3999,"17":3363.3999,"18":3354.80005,"19":3369.59009,"20":3351.46997,"21":3349.62988,"22":3391.98999,"23":3421.63989,"24":3430.36011,"25":3453.6001},"close":{"0":3426.72998,"1":3430.53003,"2":3451.13989,"3":3434.78003,"4":3446.05005,"5":3431.22998,"6":3415.53003,"7":3398.68994,"8":3404.80005,"9":3396.16992,"10":3394.29004,"11":3400.78003,"12":3410.07007,"13":3409.94995,"14":3405.8501,"15":3390.63989,"16":3392.97998,"17":3368.37988,"18":3363.69995,"19":3379.90991,"20":3385.58008,"21":3351.57007,"22":3391.98999,"23":3422.73999,"24":3434.86011,"25":3461.48999},"volume":{"0":238162765,"1":115379973,"2":96058153,"3":80517941,"4":83749072,"5":74550883,"6":56461240,"7":52305732,"8":54588355,"9":54625623,"10":58210980,"11":57909859,"12":69646830,"13":85497448,"14":84654939,"15":87107725,"16":91028240,"17":88890680,"18":104946122,"19":97534011,"20":131526071,"21":153093034,"22":149364642,"23":134821405,"24":191036342,"25":173431459}}