{"datetime":{"0":1677102300000,"1":1677101400000,"2":1677100500000,"3":1677099600000,"4":1677098700000,"5":1677097800000,"6":1677096900000,"7":1677096000000,"8":1677095100000,"9":1677094200000,"10":1677093300000,"11":1677092400000,"12":1677091500000,"13":1677090600000,"14":1677089700000,"15":1677088800000,"16":1677087900000,"17":1677087000000,"18":1677086100000,"19":1677085200000,"20":1677084300000,"21":1677083400000,"22":1677082500000,"23":1677081600000,"24":1677080700000,"25":1677079800000},"open":{"0":3980.53003,"1":3982.56006,"2":3982.44995,"3":3982.46997,"4":3990.84009,"5":3999.13989,"6":4002.03003,"7":4009.84009,"8":4014.29004,"9":4014.70996,"10":4009.0,"11":4007.87988,"12":4010.78003,"13":4005.48999,"14":3999.33008,"15":4000.97998,"16":3999.77002,"17":3996.83008,"18":3994.8501,"19":3997.75,"20":3989.51001,"21":3991.70996,"22":3990.11011,"23":4004.25,"24":4007.42993,"25":4001.83008},"high":{"0":3991.61011,"1":3986.51001,"2":3990.07007,"3":3986.87012,"4":3997.52002,"5":3999.15991,"6":4009.79004,"7":4017.37012,"8":4014.6001,"9":4015.13989,"10":4015.17993,"11":4010.72998,"12":4011.95996,"13":4011.30005,"14":4008.15991,"15":4003.27002,"16":4001.0,"17":4001.95996,"18":3999.12012,"19":4000.61011,"20":4000.15991,"21":3991.77002,"22":3998.18994,"23":4004.71997,"24":4010.72998,"25":4008.51001},"low":{"0":3976.8999,"1":3978.59009,"2":3981.26001,"3":3980.04004,"4":3982.28003,"5":3986.36011,"6":3993.48999,"7":3999.40991,"8":4007.16992,"9":4010.09009,"10":4008.91992,"11":4005.23999,"12":4007.18994,"13":4005.48999,"14":3999.33008,"15":3997.87988,"16":3995.90991,"17":3995.51001,"18":3992.82007,"19":3994.36011,"20":3989.40991,"21":3983.31006,"22":3985.96997,"23":3988.65991,"24":4003.8999,"25":4000.07007},"close":{"0":3991.52002,"1":3980.55005,"2":3982.66992,"3":3982.48999,"4":3982.47998,"5":3991.03003,"6":3999.57007,"7":4002.11011,"8":4009.83008,"9":4014.28003,"10":4014.73999,"11":4009.06006,"12":4007.83008,"13":4010.79004,"14":4005.48999,"15":3999.29004,"16":4001.0,"17":3999.79004,"18":3996.80005,"19":3994.83008,"20":3997.78003,"21":3989.47998,"22":3992.04004,"23":3990.08008,"24":4003.8999,"25":4007.71997},"volume":{"0":225388038,"1":96774906,"2":74858834,"3":65988932,"4":68985924,"5":65812595,"6":64060668,"7":89117336,"8":43427239,"9":45078691,"10":39510847,"11":45476851,"12":46946295,"13":51361644,"14":46030361,"15":46944431,"16":47860134,"17":51607046,"18":56130134,"19":56050731,"20":613027489,"21":81448729,"22":83418497,"23":93230811,"24":97430036,"25":101650207}}