{"datetime":{"0":1644011100000,"1":1644010200000,"2":1644009300000,"3":1644008400000,"4":1644007500000,"5":1644005700000,"6":1644004800000,"7":1644003900000,"8":1644003000000,"9":1644002100000,"10":1644001200000,"11":1644000300000,"12":1643999400000,"13":1643998500000,"14":1643997600000,"15":1643996700000,"16":1643995800000,"17":1643994900000,"18":1643994000000,"19":1643993100000,"20":1643992200000,"21":1643991300000,"22":1643990400000,"23":1643989500000,"24":1643988600000},"open":{"0":4521.52979,"1":4531.47021,"2":4537.83008,"3":4522.8999,"4":4522.66992,"5":4512.8999,"6":4518.81982,"7":4519.87988,"8":4510.75,"9":4510.81982,"10":4498.31006,"11":4493.5,"12":4487.29004,"13":4486.2002,"14":4481.91992,"15":4482.87988,"16":4470.56982,"17":4454.20996,"18":4460.35986,"19":4465.39014,"20":4474.70996,"21":4490.75977,"22":4484.31006,"23":4491.24023,"24":4482.79004},"high":{"0":4522.47998,"1":4538.06982,"2":4538.56982,"3":4539.66016,"4":4523.08008,"5":4514.00977,"6":4520.18994,"7":4520.06982,"8":4520.5,"9":4516.33008,"10":4514.18994,"11":4498.74023,"12":4494.75977,"13":4489.56006,"14":4488.62012,"15":4490.24023,"16":4483.62012,"17":4474.43994,"18":4465.56006,"19":4466.43018,"20":4482.56006,"21":4500.06982,"22":4492.4502,"23":4496.08008,"24":4494.49023},"low":{"0":4499.81006,"1":4520.87012,"2":4529.8501,"3":4522.8999,"4":4520.39014,"5":4507.62988,"6":4509.75977,"7":4513.06006,"8":4509.37012,"9":4507.12988,"10":4498.31006,"11":4491.24023,"12":4481.93018,"13":4483.43994,"14":4477.7998,"15":4480.97021,"16":4469.5498,"17":4451.5,"18":4452.85986,"19":4456.0498,"20":4462.68018,"21":4474.81006,"22":4477.31006,"23":4476.12012,"24":4464.62988},"close":{"0":4499.81006,"1":4521.43994,"2":4531.47998,"3":4537.81006,"4":4523.08008,"5":4508.25,"6":4512.77979,"7":4518.85986,"8":4519.83008,"9":4510.72998,"10":4510.79004,"11":4498.24023,"12":4493.43994,"13":4487.24023,"14":4486.18018,"15":4481.93994,"16":4482.75977,"17":4470.16992,"18":4454.22998,"19":4460.33984,"20":4465.60986,"21":4474.81006,"22":4490.83008,"23":4484.16016,"24":4491.60986},"volume":{"0":258659955,"1":112336192,"2":78749078,"3":77808693,"4":14716334,"5":18334541,"6":60862594,"7":64028870,"8":56387351,"9":57496689,"10":66123511,"11":51302502,"12":55745975,"13":51413325,"14":59221187,"15":61191058,"16":68864643,"17":79782296,"18":83078938,"19":93127499,"20":100034898,"21":109626052,"22":120185898,"23":124257759,"24":159521752}}