{"datetime":{"0":1688679900000,"1":1688679000000,"2":1688678100000,"3":1688677200000,"4":1688676300000,"5":1688675400000,"6":1688674500000,"7":1688673600000,"8":1688672700000,"9":1688671800000,"10":1688670900000,"11":1688670000000,"12":1688669100000,"13":1688668200000,"14":1688667300000,"15":1688666400000,"16":1688665500000,"17":1688664600000,"18":1688663700000,"19":1688662800000,"20":1688661900000,"21":1688661000000,"22":1688660100000,"23":1688659200000,"24":1688658300000,"25":1688657400000},"open":{"0":4411.18994,"1":4412.22021,"2":4410.93994,"3":4415.3999,"4":4413.18018,"5":4407.6001,"6":4408.5498,"7":4411.77002,"8":4410.37988,"9":4407.41992,"10":4408.62988,"11":4406.54004,"12":4402.89014,"13":4402.6499,"14":4397.75977,"15":4396.0498,"16":4392.85986,"17":4387.97021,"18":4385.85986,"19":4386.7002,"20":4390.37988,"21":4392.20996,"22":4394.3501,"23":4399.25,"24":4400.60986,"25":4422.62012},"high":{"0":4414.49023,"1":4412.72998,"2":4414.06006,"3":4415.56982,"4":4415.5498,"5":4413.1499,"6":4409.7998,"7":4411.99023,"8":4411.72998,"9":4410.7002,"10":4410.31006,"11":4409.3501,"12":4406.91016,"13":4404.97998,"14":4402.77002,"15":4400.56982,"16":4396.20996,"17":4393.3999,"18":4389.33008,"19":4390.91992,"20":4391.18018,"21":4392.89014,"22":4396.12012,"23":4399.25,"24":4404.83008,"25":4422.62012},"low":{"0":4409.62012,"1":4409.74023,"2":4410.58008,"3":4410.9502,"4":4412.49023,"5":4407.43994,"6":4407.31982,"7":4408.52002,"8":4408.06982,"9":4404.85986,"10":4406.62988,"11":4405.87012,"12":4402.20996,"13":4401.7002,"14":4397.72998,"15":4396.0498,"16":4391.6001,"17":4387.83008,"18":4385.0498,"19":4385.56982,"20":4386.1001,"21":4387.5,"22":4389.50977,"23":4389.27979,"24":4395.20996,"25":4399.6001},"close":{"0":4411.41016,"1":4411.18994,"2":4412.14014,"3":4410.9502,"4":4415.39014,"5":4413.1499,"6":4407.60986,"7":4408.52002,"8":4411.7002,"9":4410.35986,"10":4407.43018,"11":4408.60986,"12":4406.56982,"13":4402.91992,"14":4402.60986,"15":4397.75,"16":4396.08008,"17":4393.0,"18":4388.06006,"19":4385.64014,"20":4386.62988,"21":4390.39014,"22":4392.18994,"23":4392.77979,"24":4398.22021,"25":4400.50977},"volume":{"0":219441080,"1":83262824,"2":70614094,"3":54325863,"4":47145645,"5":44482078,"6":39639346,"7":45131837,"8":42056902,"9":49307377,"10":40940111,"11":44292327,"12":1064471304,"13":43998968,"14":45642120,"15":50525174,"16":57126233,"17":57834319,"18":62777729,"19":61553821,"20":1248548904,"21":77993457,"22":76158232,"23":91701036,"24":103348927,"25":170970688}}