{"datetime":{"0":1649108700000,"1":1649107800000,"2":1649106900000,"3":1649106000000,"4":1649105100000,"5":1649104200000,"6":1649103300000,"7":1649102400000,"8":1649101500000,"9":1649100600000,"10":1649099700000,"11":1649098800000,"12":1649097900000,"13":1649097000000,"14":1649096100000,"15":1649095200000,"16":1649094300000,"17":1649093400000,"18":1649092500000,"19":1649091600000,"20":1649090700000,"21":1649089800000,"22":1649088900000,"23":1649088000000,"24":1649087100000,"25":1649086200000},"open":{"0":4575.14014,"1":4577.2002,"2":4577.81006,"3":4576.83008,"4":4575.77002,"5":4574.77979,"6":4568.22998,"7":4573.20996,"8":4569.6499,"9":4568.5,"10":4565.43994,"11":4565.64014,"12":4566.68994,"13":4572.25,"14":4572.91992,"15":4571.58984,"16":4567.6001,"17":4568.06982,"18":4566.02002,"19":4560.8999,"20":4558.8501,"21":4564.25977,"22":4557.91992,"23":4561.70996,"24":4547.72998,"25":4547.97021},"high":{"0":4583.5,"1":4580.12012,"2":4579.77002,"3":4579.22998,"4":4578.41016,"5":4576.41016,"6":4574.99023,"7":4573.79004,"8":4573.62988,"9":4570.20996,"10":4568.97021,"11":4565.81982,"12":4567.85986,"13":4573.08984,"14":4573.06006,"15":4572.87012,"16":4573.22998,"17":4570.06006,"18":4568.33008,"19":4568.68018,"20":4563.8501,"21":4565.3999,"22":4564.24023,"23":4562.81982,"24":4562.62988,"25":4549.83008},"low":{"0":4573.87988,"1":4575.06006,"2":4576.04004,"3":4574.77979,"4":4575.24023,"5":4573.08008,"6":4567.56006,"7":4566.56006,"8":4568.7998,"9":4567.27002,"10":4564.62012,"11":4563.27002,"12":4565.33008,"13":4565.47998,"14":4570.50977,"15":4569.3999,"16":4566.66016,"17":4565.14014,"18":4564.20996,"19":4560.02002,"20":4557.56006,"21":4558.89014,"22":4551.72998,"23":4556.9502,"24":4542.83984,"25":4539.20996},"close":{"0":4582.83984,"1":4575.20996,"2":4577.22998,"3":4577.74023,"4":4576.72998,"5":4575.7002,"6":4574.75977,"7":4568.25977,"8":4573.25977,"9":4569.50977,"10":4568.52002,"11":4565.47021,"12":4565.66992,"13":4566.72021,"14":4572.25,"15":4572.83984,"16":4571.5498,"17":4567.56006,"18":4568.02979,"19":4565.89014,"20":4560.66992,"21":4558.91016,"22":4564.12988,"23":4558.16992,"24":4561.49023,"25":4547.56006},"volume":{"0":217303596,"1":86857334,"2":65105573,"3":57044931,"4":48011696,"5":47895367,"6":48075291,"7":53097983,"8":42662963,"9":45551813,"10":45924336,"11":47378162,"12":46840726,"13":51708102,"14":50576581,"15":56663179,"16":58626321,"17":64735417,"18":61447743,"19":70329282,"20":67601574,"21":86387311,"22":87216035,"23":107682966,"24":109339475,"25":183868793}}