{"datetime":{"0":1661204700000,"1":1661203800000,"2":1661202900000,"3":1661202000000,"4":1661201100000,"5":1661200200000,"6":1661199300000,"7":1661198400000,"8":1661197500000,"9":1661196600000,"10":1661195700000,"11":1661194800000,"12":1661193900000,"13":1661193000000,"14":1661192100000,"15":1661191200000,"16":1661190300000,"17":1661189400000,"18":1661188500000,"19":1661187600000,"20":1661186700000,"21":1661185800000,"22":1661184900000,"23":1661184000000,"24":1661183100000,"25":1661182200000},"open":{"0":4129.87988,"1":4137.5498,"2":4141.43994,"3":4134.66016,"4":4133.72998,"5":4139.2002,"6":4139.62988,"7":4139.8501,"8":4143.18018,"9":4147.5,"10":4151.49023,"11":4157.52002,"12":4155.2002,"13":4157.39014,"14":4156.0,"15":4160.1001,"16":4159.64014,"17":4156.06006,"18":4155.77002,"19":4149.43994,"20":4156.7998,"21":4154.95996,"22":4161.64014,"23":4168.35986,"24":4173.49023,"25":4176.14014},"high":{"0":4141.33984,"1":4140.25977,"2":4143.27979,"3":4141.87988,"4":4135.27002,"5":4139.83984,"6":4141.60986,"7":4140.72021,"8":4143.97021,"9":4147.5,"10":4151.87988,"11":4157.83984,"12":4157.77979,"13":4161.08984,"14":4163.00977,"15":4163.1001,"16":4162.83984,"17":4162.52002,"18":4159.5,"19":4155.97021,"20":4160.35986,"21":4160.33008,"22":4162.6499,"23":4168.35986,"24":4173.49023,"25":4195.08008},"low":{"0":4129.87988,"1":4129.85986,"2":4137.16016,"3":4134.62988,"4":4131.58984,"5":4133.75977,"6":4138.72998,"7":4137.31982,"8":4139.08984,"9":4141.37012,"10":4146.99023,"11":4149.56982,"12":4153.2002,"13":4155.20996,"14":4155.8999,"15":4155.66992,"16":4157.16992,"17":4154.16016,"18":4155.3999,"19":4149.41016,"20":4149.39014,"21":4151.37988,"22":4153.89014,"23":4160.89014,"24":4162.50977,"25":4165.16992},"close":{"0":4139.2002,"1":4129.87988,"2":4137.56982,"3":4141.31006,"4":4134.50977,"5":4133.75977,"6":4139.18994,"7":4139.66016,"8":4139.8501,"9":4143.18018,"10":4147.62012,"11":4150.93994,"12":4157.5498,"13":4155.20996,"14":4157.3999,"15":4156.00977,"16":4160.87012,"17":4159.72021,"18":4156.14014,"19":4155.77002,"20":4149.41992,"21":4156.89014,"22":4154.95996,"23":4161.64014,"24":4168.5498,"25":4173.3999},"volume":{"0":161269379,"1":85502974,"2":61472528,"3":56627514,"4":46292845,"5":1234203985,"6":2306394126,"7":44791310,"8":1086378446,"9":43097048,"10":42156676,"11":980518077,"12":40946497,"13":890985485,"14":847506600,"15":45008384,"16":46839800,"17":50841114,"18":684906054,"19":53249195,"20":56641276,"21":64730516,"22":70372956,"23":72791978,"24":91013134,"25":113618688}}