{"datetime":{"0":1675287900000,"1":1675287000000,"2":1675286100000,"3":1675285200000,"4":1675284300000,"5":1675283400000,"6":1675282500000,"7":1675281600000,"8":1675280700000,"9":1675279800000,"10":1675278900000,"11":1675278000000,"12":1675277100000,"13":1675276200000,"14":1675275300000,"15":1675274400000,"16":1675273500000,"17":1675272600000,"18":1675271700000,"19":1675270800000,"20":1675269900000,"21":1675269000000,"22":1675268100000,"23":1675267200000,"24":1675266300000,"25":1675265400000},"open":{"0":4138.43018,"1":4125.29004,"2":4120.08984,"3":4103.66992,"4":4098.52979,"5":4059.41992,"6":4066.95996,"7":4059.75,"8":4058.3501,"9":4057.87012,"10":4056.83008,"11":4053.73999,"12":4055.66992,"13":4054.8501,"14":4054.44995,"15":4058.3999,"16":4065.53003,"17":4064.71997,"18":4058.41992,"19":4053.3501,"20":4062.27002,"21":4068.51001,"22":4068.92993,"23":4074.46997,"24":4065.15991,"25":4070.07007},"high":{"0":4140.0498,"1":4148.9502,"2":4125.47021,"3":4130.3501,"4":4114.75,"5":4099.52002,"6":4068.38989,"7":4072.47998,"8":4065.37012,"9":4062.1001,"10":4057.86011,"11":4058.07007,"12":4055.75,"13":4056.47998,"14":4056.37012,"15":4058.75,"16":4065.88989,"17":4067.19995,"18":4065.51001,"19":4058.78003,"20":4063.70996,"21":4070.96997,"22":4069.42993,"23":4075.58008,"24":4076.70996,"25":4070.07007},"low":{"0":4112.95996,"1":4124.56006,"2":4109.25,"3":4103.66992,"4":4094.06006,"5":4037.19995,"6":4057.36011,"7":4044.46997,"8":4054.43994,"9":4057.87012,"10":4054.51001,"11":4052.46997,"12":4052.97998,"13":4052.8501,"14":4050.25,"15":4053.15991,"16":4058.28003,"17":4063.76001,"18":4058.33008,"19":4052.29004,"20":4052.37012,"21":4062.37012,"22":4063.29004,"23":4061.07007,"24":4065.15991,"25":4060.40991},"close":{"0":4119.18994,"1":4138.45996,"2":4125.27979,"3":4120.12012,"4":4103.74023,"5":4098.66016,"6":4059.46997,"7":4066.96997,"8":4059.5,"9":4058.45996,"10":4057.83008,"11":4056.84009,"12":4053.72998,"13":4055.62012,"14":4054.87012,"15":4054.44995,"16":4058.29004,"17":4065.46997,"18":4064.73999,"19":4058.41992,"20":4053.32007,"21":4062.37012,"22":4068.47998,"23":4068.8999,"24":4074.29004,"25":4065.12012},"volume":{"0":298004930,"1":168828948,"2":115791956,"3":133076872,"4":133065847,"5":165126413,"6":65845324,"7":104938070,"8":56625847,"9":53565148,"10":52486469,"11":51437891,"12":50468858,"13":50701469,"14":54615170,"15":57755485,"16":62303636,"17":56656750,"18":65251711,"19":789264436,"20":83863878,"21":85998823,"22":92786752,"23":104688266,"24":111367184,"25":130585923}}