{"datetime":{"0":1674855900000,"1":1674855000000,"2":1674854100000,"3":1674853200000,"4":1674852300000,"5":1674851400000,"6":1674850500000,"7":1674849600000,"8":1674848700000,"9":1674847800000,"10":1674846900000,"11":1674846000000,"12":1674845100000,"13":1674844200000,"14":1674843300000,"15":1674842400000,"16":1674841500000,"17":1674840600000,"18":1674839700000,"19":1674838800000,"20":1674837900000,"21":1674837000000,"22":1674836100000,"23":1674835200000,"24":1674834300000,"25":1674833400000},"open":{"0":4085.87988,"1":4088.87012,"2":4087.37012,"3":4087.23999,"4":4084.3999,"5":4083.15991,"6":4079.84009,"7":4077.08008,"8":4075.79004,"9":4073.34009,"10":4073.80005,"11":4077.37012,"12":4076.3501,"13":4072.6001,"14":4073.09009,"15":4071.56006,"16":4071.3501,"17":4062.37012,"18":4053.3501,"19":4054.16992,"20":4064.88989,"21":4069.38989,"22":4073.94995,"23":4062.84009,"24":4056.18994,"25":4053.71997},"high":{"0":4085.87988,"1":4091.40991,"2":4088.78003,"3":4094.20996,"4":4088.26001,"5":4085.55005,"6":4084.42993,"7":4081.03003,"8":4077.57007,"9":4078.17993,"10":4074.12988,"11":4078.54004,"12":4080.02002,"13":4080.01001,"14":4077.91992,"15":4073.28003,"16":4073.79004,"17":4072.68994,"18":4063.78003,"19":4057.11011,"20":4064.88989,"21":4070.73999,"22":4074.70996,"23":4078.77002,"24":4067.81006,"25":4057.43994},"low":{"0":4068.83008,"1":4085.31006,"2":4083.62988,"3":4087.19995,"4":4083.68994,"5":4082.23999,"6":4079.84009,"7":4075.84009,"8":4074.48999,"9":4073.23999,"10":4069.73999,"11":4072.28003,"12":4075.48999,"13":4071.62988,"14":4071.05005,"15":4068.53003,"16":4069.34009,"17":4062.13989,"18":4052.79004,"19":4050.8501,"20":4048.69995,"21":4063.34009,"22":4064.04004,"23":4058.77002,"24":4056.12988,"25":4049.75},"close":{"0":4070.02002,"1":4085.6001,"2":4088.78003,"3":4087.3501,"4":4087.22998,"5":4084.41992,"6":4083.21997,"7":4079.81006,"8":4077.07007,"9":4075.83008,"10":4073.34009,"11":4073.76001,"12":4077.37012,"13":4076.3501,"14":4072.66992,"15":4072.98999,"16":4071.61011,"17":4071.37012,"18":4062.40991,"19":4053.29004,"20":4054.21997,"21":4064.95996,"22":4069.43994,"23":4073.78003,"24":4061.8501,"25":4056.03003},"volume":{"0":255484548,"1":106475538,"2":78621150,"3":73117306,"4":65188894,"5":60261711,"6":62576084,"7":60137372,"8":55623356,"9":60374657,"10":54197821,"11":60649580,"12":60032719,"13":59434089,"14":75801656,"15":62798999,"16":68622052,"17":77735886,"18":71297381,"19":73274932,"20":85780398,"21":92219566,"22":95808241,"23":114639146,"24":122288127,"25":134339232}}