{"datetime":{"0":1626299100000,"1":1626298200000,"2":1626297300000,"3":1626296400000,"4":1626295500000,"5":1626294600000,"6":1626293700000,"7":1626292800000,"8":1626291900000,"9":1626291000000,"10":1626290100000,"11":1626289200000,"12":1626288300000,"13":1626287400000,"14":1626286500000,"15":1626285600000,"16":1626284700000,"17":1626283800000,"18":1626282900000,"19":1626282000000,"20":1626281100000,"21":1626280200000,"22":1626279300000,"23":1626278400000,"24":1626277500000,"25":1626276600000},"open":{"0":4374.74023,"1":4375.97998,"2":4379.7002,"3":4379.37012,"4":4379.47998,"5":4380.4502,"6":4380.25977,"7":4377.83008,"8":4378.97021,"9":4372.77979,"10":4375.06982,"11":4378.31982,"12":4380.22021,"13":4376.79004,"14":4373.72998,"15":4363.08984,"16":4367.47021,"17":4372.02979,"18":4378.49023,"19":4383.58008,"20":4382.58984,"21":4380.75,"22":4384.79004,"23":4382.91016,"24":4390.68994,"25":4380.10986},"high":{"0":4379.00977,"1":4379.3501,"2":4379.7002,"3":4383.7998,"4":4380.62988,"5":4381.47021,"6":4382.58984,"7":4380.25,"8":4379.22998,"9":4379.08984,"10":4375.33008,"11":4379.1001,"12":4380.39014,"13":4380.37988,"14":4377.0498,"15":4374.3999,"16":4367.89014,"17":4373.1001,"18":4380.68018,"19":4383.60986,"20":4386.6499,"21":4383.27979,"22":4387.60986,"23":4387.2998,"24":4391.12988,"25":4393.68018},"low":{"0":4372.79004,"1":4374.25,"2":4375.49023,"3":4379.16992,"4":4378.41016,"5":4377.85986,"6":4380.25977,"7":4377.43018,"8":4376.0498,"9":4372.52979,"10":4371.58008,"11":4373.08984,"12":4377.83984,"13":4375.99023,"14":4372.58008,"15":4362.81982,"16":4362.35986,"17":4364.81006,"18":4370.9502,"19":4377.49023,"20":4382.52979,"21":4378.56006,"22":4380.22021,"23":4382.91016,"24":4382.64014,"25":4380.10986},"close":{"0":4375.24023,"1":4374.72998,"2":4375.99023,"3":4379.68018,"4":4379.37988,"5":4379.54004,"6":4380.43994,"7":4380.25,"8":4377.81006,"9":4378.97021,"10":4372.75,"11":4375.06982,"12":4378.33008,"13":4380.25,"14":4376.77979,"15":4373.68018,"16":4363.12988,"17":4367.45996,"18":4372.0498,"19":4378.49023,"20":4383.54004,"21":4382.6001,"22":4380.64014,"23":4384.74023,"24":4382.64014,"25":4390.81006},"volume":{"0":166705468,"1":87872557,"2":61174095,"3":45875165,"4":39567408,"5":44796818,"6":49392750,"7":40520334,"8":35440295,"9":37647328,"10":41285673,"11":38340596,"12":38200633,"13":40148872,"14":41960756,"15":55082377,"16":64019220,"17":68305757,"18":58459745,"19":66358041,"20":62038969,"21":79163598,"22":77238946,"23":81601522,"24":102311976,"25":125601453}}