{"datetime":{"0":1601502300000,"1":1601501400000,"2":1601500500000,"3":1601499600000,"4":1601498700000,"5":1601497800000,"6":1601496900000,"7":1601496000000,"8":1601495100000,"9":1601494200000,"10":1601493300000,"11":1601492400000,"12":1601491500000,"13":1601490600000,"14":1601489700000,"15":1601488800000,"16":1601487900000,"17":1601487000000,"18":1601486100000,"19":1601485200000,"20":1601484300000,"21":1601483400000,"22":1601482500000,"23":1601481600000,"24":1601480700000,"25":1601479800000},"open":{"0":3355.27002,"1":3352.72998,"2":3354.8999,"3":3369.80005,"4":3363.76001,"5":3377.30005,"6":3390.91992,"7":3386.22998,"8":3384.5,"9":3376.8999,"10":3374.03003,"11":3381.62988,"12":3381.70996,"13":3385.42993,"14":3381.80005,"15":3379.5,"16":3376.5,"17":3378.71997,"18":3375.0,"19":3370.0,"20":3372.0,"21":3369.56006,"22":3367.80005,"23":3361.94995,"24":3350.98999,"25":3342.92993},"high":{"0":3374.0,"1":3358.25,"2":3355.02002,"3":3372.5,"4":3370.80005,"5":3377.30005,"6":3393.82007,"7":3392.43994,"8":3386.0,"9":3384.83008,"10":3378.5,"11":3382.37012,"12":3382.30005,"13":3386.59009,"14":3386.07007,"15":3382.0,"16":3380.30005,"17":3380.80005,"18":3382.0,"19":3375.30005,"20":3375.0,"21":3375.15991,"22":3373.91992,"23":3371.12988,"24":3362.8999,"25":3354.07007},"low":{"0":3355.27002,"1":3346.30005,"2":3340.5,"3":3353.65991,"4":3353.5,"5":3361.02002,"6":3367.46997,"7":3385.45996,"8":3382.87012,"9":3376.8999,"10":3373.93994,"11":3373.19995,"12":3378.94995,"13":3380.20996,"14":3381.80005,"15":3379.21997,"16":3376.0,"17":3373.0,"18":3374.36011,"19":3367.61011,"20":3369.83008,"21":3369.15991,"22":3367.0,"23":3361.19995,"24":3349.70996,"25":3341.31006},"close":{"0":3361.5,"1":3356.80005,"2":3353.22998,"3":3354.78003,"4":3370.19995,"5":3364.76001,"6":3377.30005,"7":3391.30005,"8":3386.0,"9":3384.33008,"10":3377.1499,"11":3373.82007,"12":3381.87988,"13":3381.20996,"14":3385.17993,"15":3381.87988,"16":3379.30005,"17":3376.30005,"18":3379.34009,"19":3375.30005,"20":3369.83008,"21":3371.02002,"22":3369.36011,"23":3367.0,"24":3361.44995,"25":3351.48999},"volume":{"0":157974749,"1":32763032,"2":91030577,"3":0,"4":34652264,"5":31103296,"6":102892711,"7":43769002,"8":32271346,"9":0,"10":33622631,"11":10871814,"12":23109060,"13":52271134,"14":49582925,"15":39316854,"16":9480323,"17":22775830,"18":27867679,"19":0,"20":53958545,"21":64135934,"22":64244206,"23":37549744,"24":115122249,"25":109035903}}