{"datetime":{"0":1603831500000,"1":1603830600000,"2":1603829700000,"3":1603828800000,"4":1603827900000,"5":1603827000000,"6":1603826100000,"7":1603825200000,"8":1603824300000,"9":1603823400000,"10":1603822500000,"11":1603821600000,"12":1603820700000,"13":1603819800000,"14":1603818900000,"15":1603818000000,"16":1603817100000,"17":1603816200000,"18":1603815300000,"19":1603814400000,"20":1603813500000,"21":1603812600000,"22":1603811700000,"23":1603810800000,"24":1603809900000,"25":1603809000000},"open":{"0":3400.5,"1":3396.95996,"2":3391.69995,"3":3394.54004,"4":3395.54004,"5":3399.5,"6":3403.25,"7":3404.8501,"8":3406.3501,"9":3403.19995,"10":3396.21997,"11":3398.0,"12":3395.15991,"13":3400.03003,"14":3402.5,"15":3406.5,"16":3397.69995,"17":3394.69995,"18":3403.54004,"19":3396.58008,"20":3396.5,"21":3392.5,"22":3402.69995,"23":3405.44995,"24":3402.8999,"25":3405.1001},"high":{"0":3400.69995,"1":3401.67993,"2":3398.69995,"3":3396.03003,"4":3398.30005,"5":3400.5,"6":3403.5,"7":3406.06006,"8":3409.06006,"9":3409.3999,"10":3404.33008,"11":3399.40991,"12":3398.12988,"13":3400.69995,"14":3406.5,"15":3408.58008,"16":3406.69995,"17":3399.5,"18":3403.54004,"19":3404.05005,"20":3404.52002,"21":3399.52002,"22":3403.72998,"23":3408.3501,"24":3405.8999,"25":3408.62012},"low":{"0":3390.52002,"1":3396.69995,"2":3390.5,"3":3388.51001,"4":3391.19995,"5":3394.69995,"6":3396.0,"7":3401.0,"8":3404.30005,"9":3403.19995,"10":3395.19995,"11":3394.21997,"12":3393.77002,"13":3394.65991,"14":3400.5,"15":3402.69995,"16":3396.93994,"17":3390.45996,"18":3394.67993,"19":3394.1001,"20":3395.58008,"21":3392.0,"22":3390.31006,"23":3399.69995,"24":3396.3999,"25":3397.8999},"close":{"0":3390.66992,"1":3400.20996,"2":3397.44995,"3":3392.19995,"4":3394.29004,"5":3395.5,"6":3399.19995,"7":3403.5,"8":3405.06006,"9":3406.5,"10":3403.69995,"11":3395.96997,"12":3398.12988,"13":3395.40991,"14":3400.5,"15":3402.69995,"16":3406.19995,"17":3396.68994,"18":3394.93994,"19":3403.04004,"20":3396.08008,"21":3396.1499,"22":3393.04004,"23":3402.47998,"24":3405.3999,"25":3402.25},"volume":{"0":138761915,"1":0,"2":0,"3":0,"4":0,"5":0,"6":0,"7":0,"8":0,"9":0,"10":0,"11":0,"12":0,"13":0,"14":0,"15":0,"16":0,"17":0,"18":0,"19":0,"20":0,"21":0,"22":0,"23":0,"24":0,"25":0}}