{"datetime":{"0":1669153500000,"1":1669152600000,"2":1669151700000,"3":1669150800000,"4":1669149900000,"5":1669149000000,"6":1669148100000,"7":1669147200000,"8":1669146300000,"9":1669145400000,"10":1669144500000,"11":1669143600000,"12":1669142700000,"13":1669141800000,"14":1669140900000,"15":1669140000000,"16":1669139100000,"17":1669138200000,"18":1669137300000,"19":1669136400000,"20":1669135500000,"21":1669134600000,"22":1669133700000,"23":1669132800000,"24":1669131900000,"25":1669131000000},"open":{"0":4000.62988,"1":3999.48999,"2":3998.77002,"3":3994.03003,"4":3988.8999,"5":3990.04004,"6":3986.86011,"7":3989.91992,"8":3988.29004,"9":3989.31006,"10":3987.58008,"11":3979.36011,"12":3981.81006,"13":3979.33008,"14":3980.42993,"15":3979.37988,"16":3975.62988,"17":3978.43994,"18":3977.54004,"19":3981.56006,"20":3974.1001,"21":3975.70996,"22":3977.20996,"23":3964.0,"24":3960.19995,"25":3965.51001},"high":{"0":4005.87988,"1":4001.78003,"2":4000.12012,"3":3998.94995,"4":3994.82007,"5":3993.18994,"6":3990.6001,"7":3991.8999,"8":3991.38989,"9":3990.13989,"10":3989.84009,"11":3987.68994,"12":3982.33008,"13":3981.78003,"14":3983.28003,"15":3982.75,"16":3979.81006,"17":3978.57007,"18":3980.27002,"19":3982.02002,"20":3982.40991,"21":3979.1001,"22":3978.5,"23":3977.12988,"24":3964.77002,"25":3971.37012},"low":{"0":4000.1499,"1":3998.65991,"2":3996.59009,"3":3993.3999,"4":3988.84009,"5":3988.06006,"6":3986.69995,"7":3986.58008,"8":3988.1499,"9":3986.77002,"10":3986.1001,"11":3978.47998,"12":3978.58008,"13":3978.68994,"14":3977.97998,"15":3978.47998,"16":3974.44995,"17":3973.79004,"18":3972.86011,"19":3976.93994,"20":3973.37988,"21":3970.84009,"22":3973.04004,"23":3962.1499,"24":3959.21997,"25":3956.87988},"close":{"0":4003.6499,"1":4000.66992,"2":3999.5,"3":3998.79004,"4":3994.03003,"5":3988.8999,"6":3990.21997,"7":3986.86011,"8":3989.94995,"9":3988.26001,"10":3989.34009,"11":3987.61011,"12":3979.3501,"13":3981.77002,"14":3979.37988,"15":3980.43994,"16":3979.38989,"17":3975.63989,"18":3978.3999,"19":3977.65991,"20":3981.55005,"21":3973.90991,"22":3975.55005,"23":3977.05005,"24":3964.08008,"25":3960.19995},"volume":{"0":214693428,"1":79480684,"2":60386912,"3":52989397,"4":43305797,"5":44982558,"6":42208229,"7":43437454,"8":41308188,"9":43285816,"10":36801381,"11":47122490,"12":36428134,"13":39955729,"14":44100416,"15":47643156,"16":46176605,"17":47762243,"18":54758755,"19":54872938,"20":71442402,"21":71804990,"22":72802321,"23":93614984,"24":96147876,"25":101321202}}