{"datetime":{"0":1681163100000,"1":1681162200000,"2":1681161300000,"3":1681160400000,"4":1681159500000,"5":1681158600000,"6":1681157700000,"7":1681156800000,"8":1681155900000,"9":1681155000000,"10":1681154100000,"11":1681153200000,"12":1681152300000,"13":1681151400000,"14":1681150500000,"15":1681149600000,"16":1681148700000,"17":1681147800000,"18":1681146900000,"19":1681146000000,"20":1681145100000,"21":1681144200000,"22":1681143300000,"23":1681142400000,"24":1681141500000,"25":1681140600000},"open":{"0":4102.06006,"1":4100.14014,"2":4101.02002,"3":4103.35986,"4":4097.1499,"5":4100.22998,"6":4100.49023,"7":4098.8999,"8":4096.9502,"9":4099.39014,"10":4098.81982,"11":4095.75,"12":4093.5,"13":4081.62988,"14":4077.55005,"15":4082.58008,"16":4089.77002,"17":4086.43994,"18":4087.1499,"19":4079.76001,"20":4086.09009,"21":4077.23999,"22":4081.44995,"23":4074.28003,"24":4080.12988,"25":4085.19995},"high":{"0":4108.66016,"1":4104.02002,"2":4103.66992,"3":4105.02979,"4":4103.6001,"5":4101.97998,"6":4103.1001,"7":4101.1499,"8":4101.41016,"9":4100.25977,"10":4100.50977,"11":4100.12988,"12":4095.77002,"13":4094.38989,"14":4082.57007,"15":4082.58008,"16":4089.77002,"17":4090.45996,"18":4088.31006,"19":4087.45996,"20":4086.09009,"21":4086.23999,"22":4084.18994,"23":4083.08008,"24":4081.12012,"25":4085.19995},"low":{"0":4100.77002,"1":4099.47998,"2":4100.1001,"3":4100.8501,"4":4096.91016,"5":4096.93018,"6":4099.68994,"7":4096.87988,"8":4096.9502,"9":4094.97998,"10":4097.1001,"11":4095.44995,"12":4093.5,"13":4081.62988,"14":4077.5,"15":4075.57007,"16":4082.40991,"17":4086.43994,"18":4084.6499,"19":4079.76001,"20":4079.68994,"21":4077.23999,"22":4076.32007,"23":4072.62012,"24":4072.88989,"25":4072.55005},"close":{"0":4108.66016,"1":4102.02002,"2":4100.14014,"3":4101.00977,"4":4103.39014,"5":4097.12988,"6":4100.22998,"7":4100.50977,"8":4098.91992,"9":4096.93994,"10":4099.41016,"11":4098.6499,"12":4095.75,"13":4093.37988,"14":4081.61011,"15":4077.5,"16":4082.6001,"17":4089.69995,"18":4086.46997,"19":4087.1499,"20":4079.68994,"21":4086.12012,"22":4077.27002,"23":4081.54004,"24":4074.32007,"25":4080.13989},"volume":{"0":191892722,"1":79162755,"2":57630370,"3":50033015,"4":43833561,"5":41298312,"6":42362716,"7":41073819,"8":45883604,"9":43852667,"10":42522477,"11":39898110,"12":42623270,"13":46894006,"14":39609873,"15":47067548,"16":46562244,"17":48129801,"18":49436351,"19":53558749,"20":59240638,"21":67973079,"22":66737252,"23":77575610,"24":101881434,"25":102558112}}