{"datetime":{"0":1598305500000,"1":1598304600000,"2":1598303700000,"3":1598302800000,"4":1598301900000,"5":1598301000000,"6":1598300100000,"7":1598299200000,"8":1598298300000,"9":1598297400000,"10":1598296500000,"11":1598295600000,"12":1598294700000,"13":1598293800000,"14":1598292900000,"15":1598292000000,"16":1598291100000,"17":1598290200000,"18":1598289300000,"19":1598288400000,"20":1598287500000,"21":1598286600000,"22":1598285700000,"23":1598284800000,"24":1598283900000,"25":1598283000000},"open":{"0":3426.30005,"1":3421.94995,"2":3415.95996,"3":3417.71997,"4":3417.57007,"5":3420.30005,"6":3421.02002,"7":3420.48999,"8":3418.79004,"9":3420.71997,"10":3422.52002,"11":3419.88989,"12":3420.26001,"13":3419.77002,"14":3422.23999,"15":3420.6001,"16":3422.09009,"17":3417.03003,"18":3419.37012,"19":3415.45996,"20":3423.01001,"21":3423.65991,"22":3421.73999,"23":3421.48999,"24":3423.44995,"25":3418.09009},"high":{"0":3432.09009,"1":3426.45996,"2":3421.88989,"3":3418.46997,"4":3419.09009,"5":3420.48999,"6":3422.45996,"7":3421.61011,"8":3421.31006,"9":3421.63989,"10":3422.62012,"11":3423.36011,"12":3421.94995,"13":3421.55005,"14":3423.40991,"15":3423.25,"16":3422.54004,"17":3422.29004,"18":3420.69995,"19":3421.42993,"20":3423.21997,"21":3425.66992,"22":3426.98999,"23":3421.97998,"24":3425.08008,"25":3426.0},"low":{"0":3424.63989,"1":3420.90991,"2":3415.93994,"3":3414.02002,"4":3415.55005,"5":3416.69995,"6":3419.20996,"7":3419.07007,"8":3417.96997,"9":3418.42993,"10":3420.33008,"11":3419.37012,"12":3419.16992,"13":3418.70996,"14":3419.73999,"15":3420.52002,"16":3420.11011,"17":3416.84009,"18":3417.05005,"19":3414.32007,"20":3413.12988,"21":3421.04004,"22":3421.73999,"23":3415.78003,"24":3417.81006,"25":3418.09009},"close":{"0":3432.09009,"1":3426.23999,"2":3421.88989,"3":3416.06006,"4":3417.72998,"5":3417.54004,"6":3420.32007,"7":3421.0,"8":3420.48999,"9":3418.62012,"10":3420.75,"11":3422.51001,"12":3419.96997,"13":3420.27002,"14":3419.77002,"15":3422.33008,"16":3420.61011,"17":3422.08008,"18":3417.05005,"19":3419.37012,"20":3415.80005,"21":3422.96997,"22":3423.63989,"23":3421.78003,"24":3421.54004,"25":3423.48999},"volume":{"0":217955014,"1":87200059,"2":63140313,"3":58073933,"4":50611376,"5":48768493,"6":51513904,"7":39871176,"8":40374665,"9":45107707,"10":42719617,"11":51077738,"12":46733787,"13":55364457,"14":54073696,"15":62622852,"16":64647076,"17":72409604,"18":62615538,"19":77862077,"20":99095757,"21":113320198,"22":92878678,"23":122039229,"24":116500620,"25":108668420}}