{"datetime":{"0":1647463500000,"1":1647462600000,"2":1647461700000,"3":1647460800000,"4":1647459900000,"5":1647459000000,"6":1647458100000,"7":1647457200000,"8":1647456300000,"9":1647455400000,"10":1647454500000,"11":1647453600000,"12":1647452700000,"13":1647451800000,"14":1647450900000,"15":1647450000000,"16":1647449100000,"17":1647448200000,"18":1647447300000,"19":1647446400000,"20":1647445500000,"21":1647444600000,"22":1647443700000,"23":1647442800000,"24":1647441900000,"25":1647441000000},"open":{"0":4328.5498,"1":4333.2002,"2":4313.0,"3":4303.14014,"4":4295.58008,"5":4267.43994,"6":4270.25977,"7":4316.18994,"8":4311.68018,"9":4309.58984,"10":4307.41992,"11":4319.83984,"12":4332.31982,"13":4332.91016,"14":4333.50977,"15":4333.62988,"16":4330.02979,"17":4332.41992,"18":4332.31982,"19":4336.8501,"20":4329.49023,"21":4338.54004,"22":4324.10986,"23":4322.33984,"24":4325.58984,"25":4288.14014},"high":{"0":4358.4502,"1":4333.4502,"2":4335.7998,"3":4317.89014,"4":4316.64014,"5":4297.33984,"6":4287.62988,"7":4316.18994,"8":4318.77002,"9":4317.08008,"10":4311.75,"11":4321.83984,"12":4332.33984,"13":4334.12012,"14":4336.41992,"15":4338.93018,"16":4334.62012,"17":4334.89014,"18":4334.18018,"19":4338.31006,"20":4336.77002,"21":4345.87988,"22":4347.06006,"23":4326.06982,"24":4330.6499,"25":4326.16016},"low":{"0":4327.25977,"1":4322.56982,"2":4307.83008,"3":4297.95996,"4":4290.8999,"5":4251.99023,"6":4267.0498,"7":4269.27002,"8":4310.41992,"9":4308.89014,"10":4305.31982,"11":4304.1499,"12":4315.77979,"13":4326.62012,"14":4329.22021,"15":4331.91992,"16":4327.56006,"17":4326.43018,"18":4328.97998,"19":4327.16016,"20":4326.72021,"21":4325.87988,"22":4324.1001,"23":4311.18994,"24":4320.14014,"25":4288.14014},"close":{"0":4358.35986,"1":4328.47021,"2":4333.18018,"3":4312.79004,"4":4303.27002,"5":4295.41016,"6":4267.5498,"7":4270.25977,"8":4316.20996,"9":4311.74023,"10":4309.56006,"11":4307.39014,"12":4319.83008,"13":4332.31006,"14":4332.85986,"15":4333.4502,"16":4333.58008,"17":4330.06006,"18":4332.5,"19":4332.4502,"20":4336.77002,"21":4329.72021,"22":4338.79004,"23":4324.0,"24":4322.1499,"25":4325.47998},"volume":{"0":198987759,"1":114877227,"2":100697642,"3":91085156,"4":114089349,"5":116366827,"6":89053168,"7":103083376,"8":51988707,"9":51408450,"10":56516820,"11":60633812,"12":67851212,"13":60708601,"14":59368317,"15":54699383,"16":62393956,"17":68155167,"18":70691216,"19":82548150,"20":89041872,"21":115543334,"22":134697627,"23":103237329,"24":124739260,"25":149375570}}