{"datetime":{"0":1665006300000,"1":1665005400000,"2":1665004500000,"3":1665003600000,"4":1665002700000,"5":1665001800000,"6":1665000900000,"7":1665000000000,"8":1664999100000,"9":1664998200000,"10":1664997300000,"11":1664996400000,"12":1664995500000,"13":1664994600000,"14":1664993700000,"15":1664992800000,"16":1664991900000,"17":1664991000000,"18":1664990100000,"19":1664989200000,"20":1664988300000,"21":1664987400000,"22":1664986500000,"23":1664985600000,"24":1664984700000,"25":1664983800000},"open":{"0":3797.30005,"1":3797.83008,"2":3801.57007,"3":3789.45996,"4":3784.63989,"5":3783.05005,"6":3779.28003,"7":3771.47998,"8":3778.0,"9":3779.76001,"10":3775.78003,"11":3765.3999,"12":3760.58008,"13":3757.83008,"14":3756.1001,"15":3743.19995,"16":3743.45996,"17":3737.81006,"18":3733.6001,"19":3725.8999,"20":3733.18994,"21":3728.42993,"22":3734.01001,"23":3755.62988,"24":3749.0,"25":3753.25},"high":{"0":3799.0,"1":3801.1499,"2":3806.90991,"3":3801.57007,"4":3789.90991,"5":3785.77002,"6":3784.59009,"7":3781.11011,"8":3782.67993,"9":3780.37012,"10":3787.66992,"11":3775.73999,"12":3771.90991,"13":3760.53003,"14":3764.09009,"15":3759.37012,"16":3745.03003,"17":3746.23999,"18":3740.59009,"19":3733.88989,"20":3735.05005,"21":3734.67993,"22":3735.77002,"23":3755.62988,"24":3760.02002,"25":3763.62012},"low":{"0":3777.75,"1":3793.95996,"2":3797.53003,"3":3789.45996,"4":3782.16992,"5":3778.32007,"6":3777.72998,"7":3770.16992,"8":3771.54004,"9":3774.52002,"10":3775.32007,"11":3764.66992,"12":3759.07007,"13":3755.18994,"14":3756.1001,"15":3735.83008,"16":3739.09009,"17":3735.69995,"18":3730.98999,"19":3725.13989,"20":3725.04004,"21":3722.65991,"22":3727.34009,"23":3733.12012,"24":3747.62988,"25":3746.71997},"close":{"0":3783.38989,"1":3797.31006,"2":3797.80005,"3":3801.52002,"4":3789.41992,"5":3784.65991,"6":3782.92993,"7":3779.18994,"8":3771.55005,"9":3776.41992,"10":3779.84009,"11":3775.73999,"12":3765.36011,"13":3760.52002,"14":3757.86011,"15":3756.08008,"16":3743.19995,"17":3743.44995,"18":3737.65991,"19":3733.52002,"20":3725.80005,"21":3733.31006,"22":3728.71997,"23":3736.62012,"24":3755.38989,"25":3749.01001},"volume":{"0":253172615,"1":107269996,"2":84755884,"3":1808263684,"4":63992730,"5":56775934,"6":1597900029,"7":59248385,"8":1453250453,"9":54796431,"10":69136029,"11":54772930,"12":59114789,"13":55074726,"14":1131594073,"15":77855981,"16":62782025,"17":69050618,"18":879315358,"19":1448659286,"20":82635982,"21":89952961,"22":545894230,"23":111039065,"24":109505468,"25":213781334}}