{"datetime":{"0":1622151900000,"1":1622151000000,"2":1622150100000,"3":1622149200000,"4":1622148300000,"5":1622147400000,"6":1622146500000,"7":1622145600000,"8":1622144700000,"9":1622143800000,"10":1622142900000,"11":1622142000000,"12":1622141100000,"13":1622140200000,"14":1622139300000,"15":1622138400000,"16":1622137500000,"17":1622136600000,"18":1622135700000,"19":1622134800000,"20":1622133900000,"21":1622133000000,"22":1622132100000,"23":1622131200000,"24":1622130300000,"25":1622129400000},"open":{"0":4201.0,"1":4200.6001,"2":4200.62988,"3":4201.8999,"4":4199.8999,"5":4201.18994,"6":4199.02002,"7":4203.02002,"8":4202.72021,"9":4205.3999,"10":4206.3999,"11":4206.8999,"12":4208.47998,"13":4209.0,"14":4209.6001,"15":4208.8999,"16":4206.27979,"17":4203.3999,"18":4207.58008,"19":4207.81006,"20":4213.02002,"21":4209.72021,"22":4209.6001,"23":4207.5,"24":4209.7002,"25":4207.5},"high":{"0":4207.08008,"1":4203.1001,"2":4201.8999,"3":4202.14014,"4":4203.3999,"5":4201.43994,"6":4201.93994,"7":4203.5498,"8":4203.95996,"9":4205.99023,"10":4207.50977,"11":4208.25977,"12":4208.47998,"13":4209.97998,"14":4210.3999,"15":4209.8999,"16":4209.75977,"17":4207.25977,"18":4208.81006,"19":4208.56006,"20":4213.1001,"21":4213.00977,"22":4211.43018,"23":4209.41016,"24":4209.72998,"25":4212.16992},"low":{"0":4199.95996,"1":4199.12012,"2":4199.12988,"3":4197.6001,"4":4198.8999,"5":4198.74023,"6":4198.45996,"7":4199.04004,"8":4201.72998,"9":4200.6001,"10":4205.1001,"11":4206.02979,"12":4206.0,"13":4207.6001,"14":4208.8999,"15":4208.20996,"16":4206.1001,"17":4201.04004,"18":4204.1001,"19":4204.6001,"20":4204.1001,"21":4209.45996,"22":4207.6001,"23":4204.35986,"24":4205.6001,"25":4206.60986},"close":{"0":4200.83984,"1":4200.75,"2":4200.35986,"3":4200.37988,"4":4202.3999,"5":4199.49023,"6":4201.93994,"7":4199.27002,"8":4203.1001,"9":4202.47021,"10":4205.1001,"11":4206.8999,"12":4206.6001,"13":4208.1001,"14":4209.24023,"15":4209.3999,"16":4208.75977,"17":4206.52979,"18":4204.1001,"19":4207.3999,"20":4207.06006,"21":4212.77002,"22":4209.3999,"23":4209.1001,"24":4207.0,"25":4209.5},"volume":{"0":0,"1":0,"2":0,"3":0,"4":0,"5":0,"6":0,"7":0,"8":0,"9":0,"10":0,"11":0,"12":0,"13":0,"14":0,"15":0,"16":0,"17":0,"18":0,"19":0,"20":0,"21":0,"22":0,"23":0,"24":0,"25":0}}