{"datetime":{"0":1659131100000,"1":1659130200000,"2":1659129300000,"3":1659128400000,"4":1659127500000,"5":1659126600000,"6":1659125700000,"7":1659124800000,"8":1659123900000,"9":1659123000000,"10":1659122100000,"11":1659121200000,"12":1659120300000,"13":1659119400000,"14":1659118500000,"15":1659117600000,"16":1659116700000,"17":1659115800000,"18":1659114900000,"19":1659114000000,"20":1659113100000,"21":1659112200000,"22":1659111300000,"23":1659110400000,"24":1659109500000,"25":1659108600000},"open":{"0":4138.02979,"1":4137.41992,"2":4132.85986,"3":4129.47021,"4":4126.33008,"5":4126.58008,"6":4123.89014,"7":4119.58984,"8":4117.75,"9":4111.95996,"10":4115.41016,"11":4116.00977,"12":4110.25,"13":4107.10986,"14":4103.06006,"15":4106.56982,"16":4106.47998,"17":4093.70996,"18":4102.66016,"19":4105.33984,"20":4118.20996,"21":4117.4502,"22":4107.87988,"23":4102.66992,"24":4095.90991,"25":4087.33008},"high":{"0":4140.1499,"1":4140.12012,"2":4137.43018,"3":4134.43018,"4":4129.41016,"5":4131.04004,"6":4126.87988,"7":4124.75977,"8":4122.7998,"9":4117.97021,"10":4116.27002,"11":4116.12012,"12":4118.0,"13":4110.43994,"14":4108.52979,"15":4109.14014,"16":4108.62988,"17":4106.47021,"18":4104.66992,"19":4106.8999,"20":4120.24023,"21":4119.18994,"22":4120.66992,"23":4115.33984,"24":4105.12012,"25":4098.43018},"low":{"0":4128.83008,"1":4134.29004,"2":4129.8999,"3":4129.0,"4":4125.52979,"5":4125.31006,"6":4122.83984,"7":4117.79004,"8":4117.47998,"9":4111.8999,"10":4111.72021,"11":4112.8501,"12":4109.7002,"13":4105.27002,"14":4103.06006,"15":4100.1001,"16":4103.25977,"17":4091.61011,"18":4092.03003,"19":4099.20996,"20":4105.33008,"21":4111.81006,"22":4105.6499,"23":4099.10986,"24":4095.33008,"25":4079.21997},"close":{"0":4130.47998,"1":4138.12012,"2":4137.37988,"3":4132.85986,"4":4129.37988,"5":4126.33984,"6":4126.5498,"7":4123.91992,"8":4119.58008,"9":4117.75,"10":4111.97998,"11":4115.3999,"12":4116.0,"13":4110.29004,"14":4107.16016,"15":4103.04004,"16":4106.54004,"17":4106.47021,"18":4093.65991,"19":4102.3501,"20":4105.33008,"21":4118.2998,"22":4117.41992,"23":4107.72998,"24":4102.68994,"25":4095.96997},"volume":{"0":287366883,"1":114162350,"2":73095650,"3":69014372,"4":54672766,"5":59944460,"6":55832545,"7":55568280,"8":53624377,"9":51784185,"10":51699888,"11":48948387,"12":54248781,"13":48155146,"14":49576035,"15":55127559,"16":57103159,"17":68046079,"18":75226611,"19":77833690,"20":82873594,"21":84950408,"22":96136665,"23":120380684,"24":133550273,"25":161548704}}