{"datetime":{"0":1615412700000,"1":1615411800000,"2":1615410900000,"3":1615410000000,"4":1615409100000,"5":1615408200000,"6":1615407300000,"7":1615406400000,"8":1615405500000,"9":1615404600000,"10":1615403700000,"11":1615402800000,"12":1615401900000,"13":1615401000000,"14":1615400100000,"15":1615399200000,"16":1615398300000,"17":1615397400000,"18":1615396500000,"19":1615395600000,"20":1615394700000,"21":1615393800000,"22":1615392900000,"23":1615392000000,"24":1615391100000,"25":1615390200000},"open":{"0":3903.66992,"1":3904.6001,"2":3906.30005,"3":3912.22998,"4":3908.69995,"5":3908.30005,"6":3908.95996,"7":3902.19995,"8":3901.01001,"9":3908.27002,"10":3909.25,"11":3907.0,"12":3900.23999,"13":3899.54004,"14":3906.0,"15":3905.62012,"16":3896.07007,"17":3903.31006,"18":3902.30005,"19":3897.84009,"20":3894.73999,"21":3889.05005,"22":3900.1001,"23":3909.13989,"24":3904.19995,"25":3900.97998},"high":{"0":3907.8999,"1":3905.91992,"2":3910.6001,"3":3915.1001,"4":3917.3501,"5":3910.30005,"6":3910.80005,"7":3909.30005,"8":3904.6001,"9":3910.30005,"10":3909.25,"11":3911.0,"12":3907.27002,"13":3902.1001,"14":3906.59009,"15":3907.1001,"16":3909.8501,"17":3905.6001,"18":3904.1001,"19":3903.97998,"20":3900.6001,"21":3895.6001,"22":3904.93994,"23":3912.1001,"24":3912.8999,"25":3905.69995},"low":{"0":3898.06006,"1":3899.88989,"2":3904.62988,"3":3905.3501,"4":3907.86011,"5":3906.38989,"6":3904.16992,"7":3899.19995,"8":3896.23999,"9":3897.82007,"10":3901.29004,"11":3894.79004,"12":3900.23999,"13":3894.80005,"14":3898.30005,"15":3902.6001,"16":3895.82007,"17":3895.20996,"18":3895.80005,"19":3894.8501,"20":3889.23999,"21":3886.02002,"22":3888.56006,"23":3899.80005,"24":3902.1499,"25":3896.8999},"close":{"0":3899.06006,"1":3903.30005,"2":3904.80005,"3":3906.1001,"4":3912.30005,"5":3908.6001,"6":3907.80005,"7":3909.20996,"8":3902.80005,"9":3901.26001,"10":3907.5,"11":3908.5,"12":3906.53003,"13":3899.48999,"14":3899.79004,"15":3906.1001,"16":3905.37012,"17":3895.82007,"18":3903.06006,"19":3902.1001,"20":3897.46997,"21":3895.1001,"22":3889.1001,"23":3900.3999,"24":3907.3999,"25":3904.59009},"volume":{"0":0,"1":0,"2":0,"3":0,"4":0,"5":0,"6":0,"7":0,"8":0,"9":0,"10":0,"11":0,"12":0,"13":0,"14":0,"15":0,"16":0,"17":0,"18":0,"19":0,"20":0,"21":0,"22":0,"23":0,"24":0,"25":0}}