{"datetime":{"0":1623447900000,"1":1623447000000,"2":1623446100000,"3":1623445200000,"4":1623444300000,"5":1623443400000,"6":1623442500000,"7":1623441600000,"8":1623440700000,"9":1623439800000,"10":1623438900000,"11":1623438000000,"12":1623437100000,"13":1623436200000,"14":1623435300000,"15":1623434400000,"16":1623433500000,"17":1623432600000,"18":1623431700000,"19":1623430800000,"20":1623429900000,"21":1623429000000,"22":1623428100000,"23":1623427200000,"24":1623426300000,"25":1623425400000},"open":{"0":4240.91992,"1":4239.39014,"2":4238.7002,"3":4241.2002,"4":4241.6001,"5":4241.3501,"6":4241.2002,"7":4239.1001,"8":4237.3999,"9":4236.58984,"10":4235.25,"11":4236.04004,"12":4233.5498,"13":4233.83008,"14":4236.1001,"15":4237.58008,"16":4238.12012,"17":4238.7002,"18":4237.2002,"19":4237.2002,"20":4237.1001,"21":4240.2002,"22":4242.8999,"23":4243.7002,"24":4245.39014,"25":4242.8999},"high":{"0":4247.43018,"1":4240.68018,"2":4240.60986,"3":4241.54004,"4":4241.8501,"5":4242.10986,"6":4241.60986,"7":4241.1499,"8":4239.3501,"9":4237.62012,"10":4236.83984,"11":4236.04004,"12":4235.8999,"13":4234.56982,"14":4236.91016,"15":4238.37012,"16":4239.83984,"17":4239.9502,"18":4238.97021,"19":4238.2998,"20":4238.8999,"21":4240.52002,"22":4242.95996,"23":4246.02979,"24":4246.75977,"25":4248.37988},"low":{"0":4240.16992,"1":4237.8999,"2":4238.7002,"3":4238.6001,"4":4239.81982,"5":4241.2998,"6":4239.7002,"7":4238.8999,"8":4237.3999,"9":4236.33984,"10":4235.00977,"11":4234.2002,"12":4233.41992,"13":4232.06006,"14":4233.7002,"15":4235.2002,"16":4236.3999,"17":4237.2002,"18":4236.2002,"19":4234.06006,"20":4236.2002,"21":4236.33984,"22":4238.2002,"23":4241.22021,"24":4241.8501,"25":4242.8999},"close":{"0":4246.8999,"1":4240.66992,"2":4239.25977,"3":4238.6001,"4":4241.3999,"5":4241.60986,"6":4241.2002,"7":4241.1499,"8":4238.7002,"9":4237.2002,"10":4236.33984,"11":4235.2002,"12":4235.7002,"13":4233.2998,"14":4234.08008,"15":4236.0,"16":4237.33008,"17":4237.87012,"18":4238.3999,"19":4237.8501,"20":4237.58984,"21":4237.37988,"22":4240.0,"23":4243.20996,"24":4243.2002,"25":4245.37988},"volume":{"0":0,"1":0,"2":0,"3":0,"4":0,"5":0,"6":0,"7":0,"8":0,"9":0,"10":0,"11":0,"12":0,"13":0,"14":0,"15":0,"16":0,"17":0,"18":0,"19":0,"20":0,"21":0,"22":0,"23":20356929,"24":100298994,"25":96819399}}