{"datetime":{"0":1655934300000,"1":1655933400000,"2":1655932500000,"3":1655931600000,"4":1655930700000,"5":1655929800000,"6":1655928900000,"7":1655928000000,"8":1655927100000,"9":1655926200000,"10":1655925300000,"11":1655924400000,"12":1655923500000,"13":1655922600000,"14":1655921700000,"15":1655920800000,"16":1655919900000,"17":1655919000000,"18":1655918100000,"19":1655917200000,"20":1655916300000,"21":1655915400000,"22":1655914500000,"23":1655913600000,"24":1655912700000,"25":1655911800000},"open":{"0":3767.26001,"1":3772.38989,"2":3783.36011,"3":3786.8999,"4":3786.01001,"5":3787.78003,"6":3798.37012,"7":3785.3999,"8":3785.22998,"9":3784.98999,"10":3778.13989,"11":3778.87012,"12":3776.82007,"13":3770.32007,"14":3763.3999,"15":3761.03003,"16":3774.46997,"17":3781.53003,"18":3774.66992,"19":3782.40991,"20":3788.78003,"21":3782.87988,"22":3762.51001,"23":3750.77002,"24":3736.87012,"25":3733.88989},"high":{"0":3772.90991,"1":3775.01001,"2":3784.97998,"3":3789.8999,"4":3788.1001,"5":3790.29004,"6":3801.79004,"7":3799.61011,"8":3788.83008,"9":3785.11011,"10":3787.86011,"11":3779.61011,"12":3779.28003,"13":3777.01001,"14":3772.77002,"15":3771.84009,"16":3774.58008,"17":3790.80005,"18":3784.01001,"19":3782.8999,"20":3789.48999,"21":3793.93994,"22":3784.07007,"23":3763.25,"24":3759.58008,"25":3740.62988},"low":{"0":3758.13989,"1":3761.46997,"2":3770.42993,"3":3780.09009,"4":3779.96997,"5":3783.76001,"6":3787.3999,"7":3785.09009,"8":3781.92993,"9":3778.08008,"10":3777.59009,"11":3770.32007,"12":3772.26001,"13":3769.23999,"14":3763.27002,"15":3756.58008,"16":3760.68994,"17":3774.13989,"18":3774.43994,"19":3769.72998,"20":3778.81006,"21":3781.51001,"22":3761.87988,"23":3743.41992,"24":3732.51001,"25":3717.68994},"close":{"0":3758.13989,"1":3767.33008,"2":3772.44995,"3":3782.72998,"4":3786.75,"5":3785.98999,"6":3787.55005,"7":3798.34009,"8":3785.41992,"9":3785.11011,"10":3785.02002,"11":3778.11011,"12":3779.01001,"13":3776.81006,"14":3770.5,"15":3763.3999,"16":3760.98999,"17":3774.3999,"18":3781.54004,"19":3774.77002,"20":3782.43994,"21":3789.08008,"22":3782.78003,"23":3762.80005,"24":3750.69995,"25":3736.87012},"volume":{"0":2040574932,"1":99487991,"2":71579727,"3":63932078,"4":53553653,"5":51347147,"6":54181795,"7":1404822957,"8":50768162,"9":43141239,"10":45817261,"11":43376139,"12":45267674,"13":49439072,"14":49279041,"15":58624865,"16":55704830,"17":67830369,"18":66482119,"19":65646962,"20":68453812,"21":87859997,"22":97426824,"23":96020134,"24":144256828,"25":138264937}}