{"datetime":{"0":1643319900000,"1":1643319000000,"2":1643318100000,"3":1643317200000,"4":1643316300000,"5":1643315400000,"6":1643314500000,"7":1643313600000,"8":1643312700000,"9":1643311800000,"10":1643310900000,"11":1643310000000,"12":1643309100000,"13":1643308200000,"14":1643307300000,"15":1643306400000,"16":1643305500000,"17":1643304600000,"18":1643303700000,"19":1643302800000,"20":1643301900000,"21":1643301000000,"22":1643300100000,"23":1643299200000,"24":1643298300000,"25":1643297400000},"open":{"0":4341.31982,"1":4329.56006,"2":4316.7998,"3":4325.0,"4":4336.1001,"5":4322.41992,"6":4343.18018,"7":4333.70996,"8":4323.77002,"9":4316.49023,"10":4335.50977,"11":4353.85986,"12":4352.60986,"13":4366.33984,"14":4382.2002,"15":4403.27979,"16":4403.85986,"17":4389.87988,"18":4412.10986,"19":4406.18018,"20":4392.77002,"21":4389.31982,"22":4426.08984,"23":4416.25,"24":4412.16016,"25":4380.58008},"high":{"0":4352.91016,"1":4345.18994,"2":4332.33984,"3":4339.81006,"4":4343.04004,"5":4338.3501,"6":4344.16016,"7":4355.25977,"8":4337.70996,"9":4332.33984,"10":4342.43018,"11":4358.00977,"12":4360.72998,"13":4369.16992,"14":4382.2002,"15":4403.68994,"16":4408.31982,"17":4410.43018,"18":4412.10986,"19":4416.9502,"20":4407.41016,"21":4392.9502,"22":4427.72998,"23":4428.74023,"24":4426.31006,"25":4412.33008},"low":{"0":4324.70996,"1":4322.0,"2":4309.5,"3":4315.9502,"4":4316.89014,"5":4313.6001,"6":4319.91992,"7":4332.75977,"8":4319.56006,"9":4315.6001,"10":4315.2002,"11":4331.04004,"12":4340.29004,"13":4349.39014,"14":4363.1499,"15":4378.75,"16":4398.27979,"17":4389.45996,"18":4385.87988,"19":4401.16016,"20":4385.06006,"21":4374.25977,"22":4389.50977,"23":4400.33008,"24":4406.12988,"25":4380.58008},"close":{"0":4325.47998,"1":4340.5,"2":4329.41992,"3":4316.68018,"4":4324.87012,"5":4335.43994,"6":4322.37988,"7":4343.24023,"8":4333.7002,"9":4323.02979,"10":4316.20996,"11":4335.5,"12":4353.99023,"13":4352.64014,"14":4366.27002,"15":4382.25,"16":4403.37988,"17":4403.77002,"18":4389.7998,"19":4411.87012,"20":4406.29004,"21":4392.81006,"22":4389.50977,"23":4426.2002,"24":4416.33008,"25":4411.4502},"volume":{"0":277590704,"1":126079905,"2":94422350,"3":82918484,"4":72379151,"5":81579673,"6":71908000,"7":76915992,"8":77796478,"9":88923626,"10":83893635,"11":89106588,"12":87981507,"13":75379367,"14":81457850,"15":76170809,"16":67068122,"17":79574430,"18":88045297,"19":91705833,"20":95582145,"21":115334164,"22":115284565,"23":120603619,"24":157074310,"25":208646300}}