{"datetime":{"0":1689111900000,"1":1689111000000,"2":1689110100000,"3":1689109200000,"4":1689108300000,"5":1689107400000,"6":1689106500000,"7":1689105600000,"8":1689104700000,"9":1689103800000,"10":1689102900000,"11":1689102000000,"12":1689101100000,"13":1689100200000,"14":1689099300000,"15":1689098400000,"16":1689097500000,"17":1689096600000,"18":1689095700000,"19":1689094800000,"20":1689093900000,"21":1689093000000,"22":1689092100000,"23":1689091200000,"24":1689090300000,"25":1689089400000},"open":{"0":4433.18018,"1":4429.2998,"2":4425.83008,"3":4427.75,"4":4422.72998,"5":4420.77002,"6":4421.58984,"7":4423.9502,"8":4422.33008,"9":4422.6001,"10":4422.75977,"11":4425.22998,"12":4422.68994,"13":4422.37012,"14":4428.77979,"15":4428.75977,"16":4420.2998,"17":4419.87012,"18":4423.08008,"19":4420.2998,"20":4420.66992,"21":4416.7002,"22":4409.41992,"23":4417.5498,"24":4414.0,"25":4415.5498},"high":{"0":4443.64014,"1":4433.56006,"2":4429.85986,"3":4428.27002,"4":4428.12988,"5":4422.81982,"6":4421.58984,"7":4425.25,"8":4424.39014,"9":4423.25977,"10":4423.04004,"11":4427.02979,"12":4426.62988,"13":4423.81982,"14":4429.47021,"15":4430.83008,"16":4428.77979,"17":4421.22998,"18":4423.58984,"19":4423.2998,"20":4421.6499,"21":4420.58008,"22":4417.97998,"23":4417.93994,"24":4417.6001,"25":4424.33008},"low":{"0":4433.18018,"1":4426.02002,"2":4425.33984,"3":4425.1001,"4":4421.95996,"5":4417.58984,"6":4416.79004,"7":4420.45996,"8":4419.22998,"9":4421.3501,"10":4420.06982,"11":4421.3501,"12":4422.00977,"13":4421.39014,"14":4419.35986,"15":4427.14014,"16":4419.27979,"17":4418.14014,"18":4418.25977,"19":4418.8501,"20":4418.31982,"21":4414.33008,"22":4409.12988,"23":4408.45996,"24":4413.04004,"25":4411.35986},"close":{"0":4439.27979,"1":4433.20996,"2":4429.31982,"3":4425.8501,"4":4427.75977,"5":4422.75977,"6":4420.72021,"7":4421.64014,"8":4423.93018,"9":4422.33984,"10":4422.6001,"11":4422.83008,"12":4425.22021,"13":4422.7002,"14":4422.33008,"15":4428.75,"16":4428.75,"17":4420.33984,"18":4419.93994,"19":4423.02002,"20":4420.31006,"21":4420.5,"22":4416.54004,"23":4409.3501,"24":4417.47021,"25":4414.06982},"volume":{"0":227993479,"1":86258859,"2":61612248,"3":53357961,"4":50462937,"5":46512378,"6":44813935,"7":45910545,"8":44760765,"9":44076584,"10":43708238,"11":46434344,"12":44335331,"13":45476973,"14":55680247,"15":62276347,"16":64859933,"17":58784825,"18":62904229,"19":71842142,"20":599084184,"21":76628285,"22":74170737,"23":89116398,"24":90400287,"25":142236418}}