{"datetime":{"0":1638567900000,"1":1638567000000,"2":1638566100000,"3":1638565200000,"4":1638564300000,"5":1638563400000,"6":1638562500000,"7":1638561600000,"8":1638560700000,"9":1638559800000,"10":1638558900000,"11":1638558000000,"12":1638557100000,"13":1638556200000,"14":1638555300000,"15":1638554400000,"16":1638553500000,"17":1638552600000,"18":1638551700000,"19":1638550800000,"20":1638549900000,"21":1638549000000,"22":1638548100000,"23":1638547200000,"24":1638546300000,"25":1638545400000},"open":{"0":4511.68994,"1":4516.56006,"2":4505.72021,"3":4502.24023,"4":4511.31006,"5":4513.47021,"6":4513.4502,"7":4510.68018,"8":4516.47998,"9":4526.04004,"10":4525.97021,"11":4523.02979,"12":4531.12988,"13":4527.87988,"14":4514.06006,"15":4509.72021,"16":4520.66016,"17":4536.41992,"18":4527.1499,"19":4525.72998,"20":4529.1001,"21":4561.49023,"22":4545.22021,"23":4558.95996,"24":4581.72021,"25":4597.08008},"high":{"0":4541.6001,"1":4529.16016,"2":4521.9502,"3":4510.02979,"4":4512.75977,"5":4515.29004,"6":4519.06006,"7":4516.54004,"8":4518.25977,"9":4526.04004,"10":4535.72021,"11":4529.85986,"12":4532.6001,"13":4537.04004,"14":4529.7002,"15":4517.08984,"16":4526.95996,"17":4540.49023,"18":4537.89014,"19":4531.7998,"20":4534.8501,"21":4561.49023,"22":4563.52979,"23":4565.04004,"24":4587.66016,"25":4608.02979},"low":{"0":4503.97021,"1":4511.14014,"2":4500.87012,"3":4495.12012,"4":4501.06982,"5":4501.41016,"6":4500.66992,"7":4506.5498,"8":4508.79004,"9":4513.22021,"10":4525.27002,"11":4517.4502,"12":4519.33984,"13":4516.8501,"14":4513.7998,"15":4506.10986,"16":4509.3999,"17":4519.74023,"18":4516.85986,"19":4516.74023,"20":4521.52002,"21":4529.2002,"22":4545.22021,"23":4541.5,"24":4556.37012,"25":4579.31006},"close":{"0":4538.62012,"1":4511.4502,"2":4516.7998,"3":4505.3999,"4":4502.41992,"5":4511.47021,"6":4513.70996,"7":4513.31982,"8":4510.7998,"9":4516.58008,"10":4526.25977,"11":4525.91016,"12":4523.12012,"13":4531.2998,"14":4527.83984,"15":4514.06006,"16":4509.72021,"17":4520.33008,"18":4536.47998,"19":4526.97998,"20":4526.97998,"21":4529.25977,"22":4561.33984,"23":4545.60986,"24":4559.75,"25":4581.7998},"volume":{"0":297874939,"1":115377611,"2":82872347,"3":80813941,"4":61943298,"5":62507795,"6":72274038,"7":64676479,"8":1451594071,"9":61181014,"10":53960118,"11":55193062,"12":49854605,"13":64536757,"14":58946027,"15":67320841,"16":77065086,"17":82633771,"18":79386827,"19":79993100,"20":89063113,"21":90827208,"22":85691708,"23":102177360,"24":102225348,"25":121122932}}