{"datetime":{"0":1683323100000,"1":1683322200000,"2":1683321300000,"3":1683320400000,"4":1683319500000,"5":1683318600000,"6":1683317700000,"7":1683316800000,"8":1683315900000,"9":1683315000000,"10":1683314100000,"11":1683313200000,"12":1683312300000,"13":1683311400000,"14":1683310500000,"15":1683309600000,"16":1683308700000,"17":1683307800000,"18":1683306900000,"19":1683306000000,"20":1683305100000,"21":1683304200000,"22":1683303300000,"23":1683302400000,"24":1683301500000,"25":1683300600000},"open":{"0":4139.47998,"1":4141.43994,"2":4142.06006,"3":4142.95996,"4":4139.66016,"5":4135.3999,"6":4129.77979,"7":4128.72021,"8":4128.83008,"9":4124.99023,"10":4123.0,"11":4121.33984,"12":4117.04004,"13":4118.00977,"14":4117.22021,"15":4120.37988,"16":4119.00977,"17":4123.33984,"18":4122.33984,"19":4121.10986,"20":4123.91992,"21":4118.14014,"22":4119.33008,"23":4111.7002,"24":4112.85986,"25":4084.72998},"high":{"0":4139.47998,"1":4142.18994,"2":4143.41992,"3":4145.4502,"4":4147.02002,"5":4139.95996,"6":4136.35986,"7":4131.87988,"8":4129.58984,"9":4128.81006,"10":4125.39014,"11":4123.77002,"12":4121.50977,"13":4119.33008,"14":4121.29004,"15":4121.25977,"16":4122.06006,"17":4123.58008,"18":4123.3999,"19":4125.00977,"20":4124.31006,"21":4126.33008,"22":4121.16992,"23":4120.27002,"24":4113.93994,"25":4113.2002},"low":{"0":4132.43018,"1":4137.87988,"2":4138.1001,"3":4140.99023,"4":4139.39014,"5":4135.3999,"6":4128.47021,"7":4128.68018,"8":4126.91016,"9":4124.99023,"10":4121.68018,"11":4121.33984,"12":4112.89014,"13":4116.93018,"14":4116.25,"15":4116.2998,"16":4117.7002,"17":4118.87988,"18":4117.4502,"19":4117.56982,"20":4120.43018,"21":4118.14014,"22":4115.81006,"23":4111.56982,"24":4107.37012,"25":4084.72998},"close":{"0":4135.77002,"1":4139.43018,"2":4141.47021,"3":4142.06006,"4":4142.99023,"5":4139.66016,"6":4135.41992,"7":4129.74023,"8":4128.68018,"9":4128.60986,"10":4124.91992,"11":4123.02979,"12":4121.31982,"13":4117.00977,"14":4117.97998,"15":4117.22021,"16":4120.3501,"17":4119.0498,"18":4123.2998,"19":4122.31006,"20":4121.08008,"21":4123.8501,"22":4118.2002,"23":4119.49023,"24":4111.5,"25":4113.0},"volume":{"0":2199583603,"1":99454968,"2":77391097,"3":66416717,"4":65757999,"5":57460342,"6":57059549,"7":55170010,"8":54031021,"9":56295393,"10":49670383,"11":49967343,"12":50692866,"13":52474346,"14":53339341,"15":57035200,"16":56977759,"17":62568367,"18":68284975,"19":76427092,"20":75527723,"21":89549118,"22":94825719,"23":110763699,"24":123410111,"25":154099971}}