{"datetime":{"0":1623361500000,"1":1623360600000,"2":1623359700000,"3":1623358800000,"4":1623357900000,"5":1623357000000,"6":1623356100000,"7":1623355200000,"8":1623354300000,"9":1623353400000,"10":1623352500000,"11":1623351600000,"12":1623350700000,"13":1623349800000,"14":1623348900000,"15":1623348000000,"16":1623347100000,"17":1623346200000,"18":1623345300000,"19":1623344400000,"20":1623343500000,"21":1623342600000,"22":1623341700000,"23":1623340800000,"24":1623339900000,"25":1623339000000},"open":{"0":4237.29004,"1":4238.2002,"2":4240.10986,"3":4242.33008,"4":4239.7002,"5":4241.0,"6":4243.79004,"7":4244.91016,"8":4242.37988,"9":4241.41016,"10":4243.79004,"11":4243.2998,"12":4241.97021,"13":4236.68018,"14":4236.50977,"15":4238.39014,"16":4235.27979,"17":4235.95996,"18":4231.14014,"19":4228.3501,"20":4233.8501,"21":4241.2998,"22":4241.70996,"23":4246.45996,"24":4245.06982,"25":4228.56006},"high":{"0":4241.25,"1":4240.87012,"2":4240.85986,"3":4242.33008,"4":4242.33008,"5":4241.85986,"6":4244.37988,"7":4245.08984,"8":4245.02002,"9":4242.72021,"10":4244.35986,"11":4244.60986,"12":4243.37988,"13":4242.1499,"14":4238.77979,"15":4239.75977,"16":4238.8999,"17":4238.06006,"18":4236.22021,"19":4231.75977,"20":4233.8501,"21":4242.6499,"22":4244.0498,"23":4249.74023,"24":4249.12012,"25":4248.62012},"low":{"0":4235.7002,"1":4236.5,"2":4237.7002,"3":4237.7002,"4":4238.12012,"5":4239.5,"6":4240.2002,"7":4243.12012,"8":4242.25,"9":4239.49023,"10":4241.20996,"11":4241.43018,"12":4241.50977,"13":4236.68018,"14":4236.50977,"15":4235.24023,"16":4235.27979,"17":4233.16992,"18":4230.91016,"19":4225.7002,"20":4220.33984,"21":4233.62012,"22":4240.31006,"23":4241.16016,"24":4245.06982,"25":4228.56006},"close":{"0":4239.41992,"1":4237.2002,"2":4239.14014,"3":4240.35986,"4":4242.08008,"5":4240.2002,"6":4240.2002,"7":4243.81006,"8":4244.8999,"9":4242.43018,"10":4241.3999,"11":4243.7998,"12":4243.31006,"13":4241.93994,"14":4236.6001,"15":4236.41992,"16":4238.25977,"17":4235.18994,"18":4235.99023,"19":4231.14014,"20":4228.39014,"21":4233.91016,"22":4241.2002,"23":4241.66992,"24":4246.33984,"25":4245.02979},"volume":{"0":0,"1":0,"2":0,"3":0,"4":0,"5":0,"6":17049992,"7":40941880,"8":1098668050,"9":42437598,"10":38118646,"11":40101172,"12":938619621,"13":44276815,"14":43013296,"15":58527641,"16":755441339,"17":49010274,"18":46178237,"19":644548228,"20":82799987,"21":74684074,"22":66236297,"23":83131130,"24":95208072,"25":113298693}}