{"datetime":{"0":1638827100000,"1":1638826200000,"2":1638825300000,"3":1638824400000,"4":1638823500000,"5":1638822600000,"6":1638821700000,"7":1638820800000,"8":1638819900000,"9":1638819000000,"10":1638818100000,"11":1638817200000,"12":1638816300000,"13":1638815400000,"14":1638814500000,"15":1638813600000,"16":1638812700000,"17":1638811800000,"18":1638810900000,"19":1638810000000,"20":1638809100000,"21":1638808200000,"22":1638807300000,"23":1638806400000,"24":1638805500000,"25":1638804600000},"open":{"0":4596.83984,"1":4594.87988,"2":4596.43994,"3":4593.99023,"4":4598.08984,"5":4607.04004,"6":4608.87012,"7":4608.52002,"8":4606.95996,"9":4608.52002,"10":4599.37012,"11":4601.22021,"12":4590.6001,"13":4591.95996,"14":4585.27979,"15":4578.43994,"16":4587.31982,"17":4579.83008,"18":4573.8999,"19":4588.00977,"20":4575.16016,"21":4585.85986,"22":4581.68994,"23":4566.97998,"24":4564.22998,"25":4548.37012},"high":{"0":4599.97021,"1":4598.06006,"2":4601.08008,"3":4598.02979,"4":4600.68994,"5":4609.52002,"6":4610.5498,"7":4612.6001,"8":4610.16992,"9":4609.6001,"10":4610.93994,"11":4604.41016,"12":4601.22998,"13":4595.81006,"14":4593.35986,"15":4588.54004,"16":4587.58984,"17":4587.27002,"18":4582.75,"19":4588.8999,"20":4588.66992,"21":4588.60986,"22":4587.50977,"23":4582.45996,"24":4568.37012,"25":4569.93018},"low":{"0":4588.31006,"1":4591.22021,"2":4591.6001,"3":4591.2002,"4":4593.0498,"5":4597.81006,"6":4606.12012,"7":4605.85986,"8":4606.1001,"9":4605.72021,"10":4598.64014,"11":4598.5,"12":4590.6001,"13":4589.27002,"14":4582.35986,"15":4578.0,"16":4575.77979,"17":4575.14014,"18":4571.1499,"19":4573.93018,"20":4573.7998,"21":4574.3501,"22":4580.81982,"23":4554.66992,"24":4554.8999,"25":4540.50977},"close":{"0":4590.37988,"1":4596.81006,"2":4594.85986,"3":4596.41016,"4":4594.12012,"5":4598.02002,"6":4606.97998,"7":4608.8999,"8":4608.52979,"9":4607.10986,"10":4608.52979,"11":4599.31982,"12":4601.1499,"13":4590.62988,"14":4591.99023,"15":4585.29004,"16":4578.10986,"17":4587.18018,"18":4579.77979,"19":4574.3999,"20":4587.9502,"21":4575.1499,"22":4585.49023,"23":4581.62012,"24":4568.18018,"25":4564.18994},"volume":{"0":165441248,"1":97457760,"2":68175156,"3":63351267,"4":61309985,"5":53668853,"6":51308507,"7":56840972,"8":53599871,"9":60326235,"10":58204060,"11":58521205,"12":54120951,"13":51056302,"14":53169546,"15":58158387,"16":60406054,"17":71820692,"18":67466220,"19":80635801,"20":90060713,"21":99844600,"22":104577574,"23":156057243,"24":129306718,"25":163090201}}