{"datetime":{"0":1673646300000,"1":1673645400000,"2":1673644500000,"3":1673643600000,"4":1673642700000,"5":1673641800000,"6":1673640900000,"7":1673640000000,"8":1673639100000,"9":1673638200000,"10":1673637300000,"11":1673636400000,"12":1673635500000,"13":1673634600000,"14":1673633700000,"15":1673632800000,"16":1673631900000,"17":1673631000000,"18":1673630100000,"19":1673629200000,"20":1673628300000,"21":1673627400000,"22":1673626500000,"23":1673625600000,"24":1673624700000,"25":1673623800000},"open":{"0":4000.90991,"1":3996.05005,"2":3991.47998,"3":3989.93994,"4":3989.29004,"5":3988.81006,"6":3987.41992,"7":3988.53003,"8":3986.98999,"9":3977.52002,"10":3979.78003,"11":3980.09009,"12":3977.42993,"13":3978.0,"14":3976.20996,"15":3971.53003,"16":3971.1499,"17":3973.29004,"18":3970.58008,"19":3976.97998,"20":3974.22998,"21":3978.95996,"22":3970.81006,"23":3961.53003,"24":3953.05005,"25":3952.94995},"high":{"0":4001.07007,"1":4003.94995,"2":3996.07007,"3":3994.41992,"4":3991.61011,"5":3990.87012,"6":3988.97998,"7":3990.62012,"8":3989.75,"9":3987.37988,"10":3980.05005,"11":3982.04004,"12":3980.94995,"13":3978.09009,"14":3978.73999,"15":3976.44995,"16":3971.88989,"17":3973.62012,"18":3977.01001,"19":3978.86011,"20":3980.05005,"21":3980.97998,"22":3979.0,"23":3973.62988,"24":3965.43994,"25":3960.6001},"low":{"0":3995.51001,"1":3995.62012,"2":3991.01001,"3":3989.65991,"4":3986.92993,"5":3986.66992,"6":3985.21997,"7":3985.46997,"8":3985.18994,"9":3976.90991,"10":3974.79004,"11":3978.11011,"12":3976.37012,"13":3973.94995,"14":3975.29004,"15":3970.71997,"16":3965.94995,"17":3968.13989,"18":3967.42993,"19":3970.21997,"20":3973.66992,"21":3972.83008,"22":3968.8501,"23":3959.13989,"24":3949.1499,"25":3947.66992},"close":{"0":3998.62988,"1":4000.92993,"2":3996.06006,"3":3991.5,"4":3989.96997,"5":3989.33008,"6":3988.82007,"7":3987.38989,"8":3988.59009,"9":3987.0,"10":3977.48999,"11":3979.82007,"12":3980.08008,"13":3977.3501,"14":3977.97998,"15":3976.22998,"16":3971.53003,"17":3971.1001,"18":3973.45996,"19":3970.48999,"20":3976.80005,"21":3974.3501,"22":3979.0,"23":3970.70996,"24":3961.6001,"25":3952.83008},"volume":{"0":231089279,"1":98953785,"2":67719596,"3":60446773,"4":48816820,"5":49259577,"6":47225427,"7":49027745,"8":50120399,"9":53773572,"10":48146599,"11":55081106,"12":49339312,"13":45302000,"14":48412459,"15":49360685,"16":58350570,"17":58376302,"18":70693978,"19":72375283,"20":74027541,"21":81897495,"22":91855370,"23":110317404,"24":115264490,"25":130502203}}