{"datetime":{"0":1648676700000,"1":1648675800000,"2":1648674900000,"3":1648674000000,"4":1648673100000,"5":1648672200000,"6":1648671300000,"7":1648670400000,"8":1648669500000,"9":1648668600000,"10":1648667700000,"11":1648666800000,"12":1648665900000,"13":1648665000000,"14":1648664100000,"15":1648663200000,"16":1648662300000,"17":1648661400000,"18":1648660500000,"19":1648659600000,"20":1648658700000,"21":1648657800000,"22":1648656900000,"23":1648656000000,"24":1648655100000,"25":1648654200000},"open":{"0":4589.02002,"1":4587.50977,"2":4592.5498,"3":4595.06006,"4":4599.56006,"5":4601.8999,"6":4607.83008,"7":4602.60986,"8":4604.50977,"9":4606.31006,"10":4612.56982,"11":4615.60986,"12":4616.85986,"13":4611.5,"14":4610.1499,"15":4612.41016,"16":4611.12988,"17":4607.58008,"18":4607.75,"19":4614.33984,"20":4618.37012,"21":4617.77002,"22":4625.4502,"23":4625.04004,"24":4617.7998,"25":4624.2002},"high":{"0":4602.66016,"1":4594.62988,"2":4593.47021,"3":4595.5,"4":4599.77979,"5":4605.62988,"6":4607.83984,"7":4608.97021,"8":4606.89014,"9":4607.93018,"10":4612.7002,"11":4615.81006,"12":4616.91016,"13":4617.00977,"14":4613.16016,"15":4616.72998,"16":4612.5,"17":4613.27002,"18":4612.31982,"19":4616.20996,"20":4623.22021,"21":4620.37988,"22":4625.91016,"23":4627.77002,"24":4625.50977,"25":4624.4502},"low":{"0":4587.3501,"1":4585.62012,"2":4581.31982,"3":4589.72998,"4":4594.5,"5":4598.64014,"6":4600.81982,"7":4602.22998,"8":4601.70996,"9":4603.29004,"10":4605.16992,"11":4608.81006,"12":4613.93018,"13":4610.2002,"14":4609.25977,"15":4607.5,"16":4609.18994,"17":4606.6499,"18":4605.62012,"19":4603.1499,"20":4614.0498,"21":4614.70996,"22":4616.6001,"23":4619.62988,"24":4614.58008,"25":4615.58984},"close":{"0":4602.66016,"1":4589.0,"2":4587.43018,"3":4592.43018,"4":4594.99023,"5":4599.49023,"6":4601.91016,"7":4607.85986,"8":4602.64014,"9":4604.58008,"10":4606.31982,"11":4612.56006,"12":4615.62012,"13":4616.87988,"14":4611.47998,"15":4610.20996,"16":4612.35986,"17":4611.14014,"18":4607.18994,"19":4607.79004,"20":4614.27979,"21":4618.37012,"22":4617.7002,"23":4625.43994,"24":4625.08008,"25":4617.72998},"volume":{"0":1768915919,"1":92772316,"2":74197325,"3":59687591,"4":51195438,"5":47807338,"6":48241410,"7":45576359,"8":48146259,"9":47453371,"10":45899897,"11":39337171,"12":39581336,"13":41687047,"14":42317950,"15":48398933,"16":45273230,"17":53390352,"18":59231954,"19":69271017,"20":66403922,"21":67919254,"22":77838176,"23":83942674,"24":101454537,"25":131527828}}