{"datetime":{"0":1600811100000,"1":1600810200000,"2":1600809300000,"3":1600808400000,"4":1600807500000,"5":1600806600000,"6":1600805700000,"7":1600804800000,"8":1600803900000,"9":1600803000000,"10":1600802100000,"11":1600801200000,"12":1600800300000,"13":1600799400000,"14":1600798500000,"15":1600797600000,"16":1600796700000,"17":1600795800000,"18":1600794900000,"19":1600794000000,"20":1600793100000,"21":1600792200000,"22":1600791300000,"23":1600790400000,"24":1600789500000,"25":1600788600000},"open":{"0":3316.3501,"1":3313.98999,"2":3305.12988,"3":3303.67993,"4":3306.27002,"5":3305.56006,"6":3308.63989,"7":3302.57007,"8":3297.83008,"9":3295.12012,"10":3290.8999,"11":3284.57007,"12":3292.1001,"13":3292.21997,"14":3294.07007,"15":3288.01001,"16":3284.62988,"17":3283.56006,"18":3278.3999,"19":3275.42993,"20":3289.32007,"21":3299.26001,"22":3294.91992,"23":3286.90991,"24":3296.13989,"25":3295.75},"high":{"0":3320.31006,"1":3317.58008,"2":3314.41992,"3":3308.27002,"4":3306.40991,"5":3308.11011,"6":3310.13989,"7":3309.80005,"8":3302.70996,"9":3298.03003,"10":3295.61011,"11":3291.37012,"12":3292.48999,"13":3293.63989,"14":3294.31006,"15":3294.41992,"16":3288.56006,"17":3287.6499,"18":3285.22998,"19":3279.62012,"20":3290.08008,"21":3300.96997,"22":3299.29004,"23":3295.02002,"24":3297.87012,"25":3303.40991},"low":{"0":3312.45996,"1":3308.65991,"2":3302.68994,"3":3301.37988,"4":3302.69995,"5":3302.48999,"6":3303.17993,"7":3302.57007,"8":3297.29004,"9":3293.66992,"10":3290.08008,"11":3283.80005,"12":3281.56006,"13":3290.17993,"14":3289.63989,"15":3287.65991,"16":3283.93994,"17":3275.46997,"18":3277.80005,"19":3270.94995,"20":3275.32007,"21":3289.32007,"22":3292.98999,"23":3285.98999,"24":3283.0,"25":3294.87012},"close":{"0":3315.36011,"1":3316.34009,"2":3313.87988,"3":3305.12988,"4":3303.6001,"5":3306.28003,"6":3305.41992,"7":3308.62012,"8":3302.53003,"9":3297.87012,"10":3295.12988,"11":3290.90991,"12":3284.56006,"13":3292.09009,"14":3292.18994,"15":3293.97998,"16":3288.04004,"17":3284.61011,"18":3283.57007,"19":3278.37988,"20":3275.51001,"21":3289.32007,"22":3299.29004,"23":3294.93994,"24":3286.98999,"25":3295.66992},"volume":{"0":233058033,"1":101676810,"2":75727319,"3":59826653,"4":53753080,"5":54364548,"6":56945997,"7":57663537,"8":56840087,"9":48914823,"10":46799015,"11":52288773,"12":50706594,"13":40847052,"14":48822326,"15":60589782,"16":55921010,"17":60814470,"18":60038316,"19":81664861,"20":84706155,"21":77909381,"22":77786096,"23":96877576,"24":109239261,"25":143811027}}