{"datetime":{"0":1615585500000,"1":1615584600000,"2":1615583700000,"3":1615582800000,"4":1615581900000,"5":1615581000000,"6":1615580100000,"7":1615579200000,"8":1615578300000,"9":1615577400000,"10":1615576500000,"11":1615575600000,"12":1615574700000,"13":1615573800000,"14":1615572900000,"15":1615572000000,"16":1615571100000,"17":1615570200000,"18":1615569300000,"19":1615568400000,"20":1615567500000,"21":1615566600000,"22":1615565700000,"23":1615564800000,"24":1615563900000,"25":1615563000000},"open":{"0":3942.6001,"1":3938.1001,"2":3933.51001,"3":3937.1001,"4":3936.8999,"5":3933.28003,"6":3933.6001,"7":3930.72998,"8":3933.6001,"9":3933.6001,"10":3931.1001,"11":3928.68994,"12":3930.81006,"13":3933.1001,"14":3930.8999,"15":3927.59009,"16":3927.43994,"17":3925.3999,"18":3920.3501,"19":3921.3999,"20":3925.8999,"21":3920.12012,"22":3927.1001,"23":3932.12988,"24":3927.30005,"25":3923.20996},"high":{"0":3945.17993,"1":3943.8999,"2":3938.6001,"3":3937.3999,"4":3938.1001,"5":3937.1001,"6":3933.8999,"7":3934.22998,"8":3933.6001,"9":3934.59009,"10":3933.8999,"11":3931.6001,"12":3932.8999,"13":3935.6001,"14":3933.0,"15":3930.6001,"16":3930.1001,"17":3927.5,"18":3925.19995,"19":3924.56006,"20":3929.1001,"21":3926.70996,"22":3929.1499,"23":3933.80005,"24":3931.87988,"25":3927.28003},"low":{"0":3939.22998,"1":3937.47998,"2":3933.26001,"3":3931.3999,"4":3935.46997,"5":3931.27002,"6":3931.28003,"7":3929.46997,"8":3929.58008,"9":3931.84009,"10":3929.56006,"11":3925.47998,"12":3927.16992,"13":3929.8999,"14":3930.08008,"15":3924.1001,"16":3925.61011,"17":3922.1001,"18":3919.90991,"19":3914.8501,"20":3917.87988,"21":3917.87988,"22":3916.41992,"23":3924.36011,"24":3924.19995,"25":3916.1001},"close":{"0":3943.92993,"1":3942.3999,"2":3937.23999,"3":3933.1001,"4":3936.8999,"5":3937.1001,"6":3933.03003,"7":3933.72998,"8":3930.23999,"9":3933.61011,"10":3933.3999,"11":3930.8999,"12":3928.43994,"13":3930.67993,"14":3932.95996,"15":3930.6001,"16":3927.6001,"17":3927.3999,"18":3924.94995,"19":3921.1001,"20":3921.8999,"21":3926.6001,"22":3920.3999,"23":3927.37988,"24":3931.87988,"25":3926.80005},"volume":{"0":0,"1":0,"2":0,"3":0,"4":0,"5":0,"6":0,"7":0,"8":0,"9":0,"10":0,"11":0,"12":0,"13":0,"14":0,"15":0,"16":0,"17":0,"18":0,"19":0,"20":0,"21":0,"22":0,"23":0,"24":0,"25":0}}