{"datetime":{"0":1681335900000,"1":1681335000000,"2":1681334100000,"3":1681333200000,"4":1681332300000,"5":1681331400000,"6":1681330500000,"7":1681329600000,"8":1681328700000,"9":1681327800000,"10":1681326900000,"11":1681326000000,"12":1681325100000,"13":1681324200000,"14":1681323300000,"15":1681322400000,"16":1681321500000,"17":1681320600000,"18":1681319700000,"19":1681318800000,"20":1681317900000,"21":1681317000000,"22":1681316100000,"23":1681315200000,"24":1681314300000,"25":1681313400000},"open":{"0":4093.37012,"1":4088.41992,"2":4094.6001,"3":4103.0,"4":4105.29004,"5":4108.77002,"6":4125.33008,"7":4121.16016,"8":4121.3999,"9":4124.41016,"10":4126.62988,"11":4121.60986,"12":4116.16016,"13":4118.06982,"14":4117.74023,"15":4116.12988,"16":4110.24023,"17":4108.24023,"18":4099.08984,"19":4104.72021,"20":4112.85986,"21":4128.62988,"22":4127.91016,"23":4120.47021,"24":4124.3501,"25":4121.72021},"high":{"0":4097.18018,"1":4094.8501,"2":4094.6001,"3":4106.5,"4":4106.74023,"5":4108.77002,"6":4127.0,"7":4125.66016,"8":4122.25977,"9":4127.08984,"10":4126.95996,"11":4127.27002,"12":4122.24023,"13":4120.02979,"14":4119.89014,"15":4119.58008,"16":4117.24023,"17":4110.12012,"18":4108.33008,"19":4107.2998,"20":4117.02979,"21":4130.02979,"22":4130.91992,"23":4129.75,"24":4125.37988,"25":4134.37012},"low":{"0":4086.93994,"1":4087.71997,"2":4087.61011,"3":4094.09009,"4":4098.31982,"5":4100.49023,"6":4107.41992,"7":4116.52002,"8":4119.37988,"9":4121.16992,"10":4121.72021,"11":4117.9502,"12":4116.00977,"13":4115.47998,"14":4115.68994,"15":4115.5,"16":4109.85986,"17":4105.66016,"18":4098.9502,"19":4095.17993,"20":4104.0498,"21":4110.77979,"22":4122.08008,"23":4116.37012,"24":4114.20996,"25":4121.72021},"close":{"0":4092.33008,"1":4093.40991,"2":4088.42993,"3":4094.6001,"4":4102.99023,"5":4105.29004,"6":4108.75,"7":4125.27979,"8":4121.22021,"9":4121.37988,"10":4124.37988,"11":4126.62988,"12":4121.58984,"13":4116.16016,"14":4118.12012,"15":4117.72021,"16":4116.12988,"17":4110.12012,"18":4108.22998,"19":4099.06982,"20":4104.85986,"21":4112.8501,"22":4128.58008,"23":4127.91992,"24":4120.68994,"25":4123.8501},"volume":{"0":223372879,"1":87959131,"2":75677144,"3":61530475,"4":53081948,"5":63286976,"6":61673952,"7":60400371,"8":40472335,"9":46107449,"10":43502835,"11":46117396,"12":41097971,"13":43178956,"14":46951657,"15":50273524,"16":56797787,"17":57931736,"18":61456275,"19":75022805,"20":81325139,"21":86258947,"22":83277181,"23":86452069,"24":108052260,"25":115407117}}