{"datetime":{"0":1622065500000,"1":1622064600000,"2":1622063700000,"3":1622062800000,"4":1622061900000,"5":1622061000000,"6":1622060100000,"7":1622059200000,"8":1622058300000,"9":1622057400000,"10":1622056500000,"11":1622055600000,"12":1622054700000,"13":1622053800000,"14":1622052900000,"15":1622052000000,"16":1622051100000,"17":1622050200000,"18":1622049300000,"19":1622048400000,"20":1622047500000,"21":1622046600000,"22":1622045700000,"23":1622044800000,"24":1622043900000,"25":1622043000000},"open":{"0":4195.6001,"1":4195.7998,"2":4195.43018,"3":4194.64014,"4":4197.2998,"5":4197.6001,"6":4196.22021,"7":4193.81982,"8":4194.1001,"9":4198.97998,"10":4197.7998,"11":4200.75,"12":4200.47998,"13":4199.72998,"14":4200.1001,"15":4199.2998,"16":4195.7998,"17":4195.68018,"18":4197.2998,"19":4195.50977,"20":4194.2998,"21":4194.02979,"22":4189.10986,"23":4186.06982,"24":4191.1001,"25":4195.6001},"high":{"0":4197.20996,"1":4197.2998,"2":4197.8999,"3":4195.68018,"4":4197.87012,"5":4197.66992,"6":4198.18994,"7":4196.47021,"8":4195.06982,"9":4199.47998,"10":4200.49023,"11":4202.50977,"12":4201.49023,"13":4200.95996,"14":4200.47021,"15":4200.93018,"16":4199.7998,"17":4195.93018,"18":4197.7998,"19":4199.9502,"20":4195.7998,"21":4195.7998,"22":4195.7998,"23":4189.1001,"24":4191.6001,"25":4197.62012},"low":{"0":4192.2998,"1":4194.2998,"2":4194.3999,"3":4192.6001,"4":4193.6001,"5":4195.6001,"6":4195.45996,"7":4193.2998,"8":4191.1001,"9":4193.2998,"10":4197.1001,"11":4197.02002,"12":4199.7998,"13":4198.6001,"14":4198.6001,"15":4198.6001,"16":4195.7998,"17":4193.4502,"18":4194.20996,"19":4195.50977,"20":4192.27979,"21":4192.77979,"22":4188.6001,"23":4184.1001,"24":4184.6001,"25":4190.4502},"close":{"0":4196.20996,"1":4195.2998,"2":4196.1001,"3":4195.68018,"4":4194.89014,"5":4197.12988,"6":4197.2998,"7":4196.47021,"8":4193.56982,"9":4193.7998,"10":4199.22998,"11":4198.1001,"12":4200.5,"13":4200.22998,"14":4199.2998,"15":4200.0,"16":4199.1001,"17":4195.56982,"18":4196.18018,"19":4197.1001,"20":4195.25977,"21":4194.1001,"22":4193.7998,"23":4188.97998,"24":4185.31982,"25":4191.0},"volume":{"0":0,"1":0,"2":0,"3":0,"4":0,"5":0,"6":0,"7":0,"8":0,"9":0,"10":0,"11":0,"12":0,"13":0,"14":0,"15":0,"16":0,"17":0,"18":0,"19":0,"20":0,"21":0,"22":0,"23":0,"24":0,"25":0}}