{"datetime":{"0":1610487900000,"1":1610487000000,"2":1610486100000,"3":1610485200000,"4":1610484300000,"5":1610483400000,"6":1610482500000,"7":1610481600000,"8":1610480700000,"9":1610479800000,"10":1610478900000,"11":1610478000000,"12":1610477100000,"13":1610476200000,"14":1610475300000,"15":1610474400000,"16":1610473500000,"17":1610472600000,"18":1610471700000,"19":1610470800000,"20":1610469900000,"21":1610469000000,"22":1610468100000,"23":1610467200000,"24":1610466300000,"25":1610465400000},"open":{"0":3802.16992,"1":3800.51001,"2":3799.5,"3":3799.45996,"4":3797.43994,"5":3800.37012,"6":3803.02002,"7":3800.87988,"8":3800.71997,"9":3797.76001,"10":3795.21997,"11":3792.69995,"12":3790.75,"13":3787.33008,"14":3779.82007,"15":3795.27002,"16":3797.22998,"17":3802.6001,"18":3809.40991,"19":3804.07007,"20":3803.90991,"21":3805.96997,"22":3801.70996,"23":3800.78003,"24":3800.42993,"25":3801.62012},"high":{"0":3806.56006,"1":3802.46997,"2":3804.21997,"3":3803.53003,"4":3799.96997,"5":3804.94995,"6":3803.48999,"7":3806.5,"8":3801.36011,"9":3803.48999,"10":3797.71997,"11":3795.62988,"12":3793.04004,"13":3791.07007,"14":3787.37988,"15":3795.62012,"16":3797.61011,"17":3803.02002,"18":3810.78003,"19":3809.42993,"20":3806.47998,"21":3807.97998,"22":3809.75,"23":3803.53003,"24":3800.96997,"25":3805.62988},"low":{"0":3801.29004,"1":3798.70996,"2":3798.6001,"3":3799.32007,"4":3794.42993,"5":3797.09009,"6":3800.37988,"7":3800.37012,"8":3798.67993,"9":3796.82007,"10":3790.46997,"11":3790.72998,"12":3787.6499,"13":3783.05005,"14":3776.51001,"15":3778.63989,"16":3791.37988,"17":3796.75,"18":3802.29004,"19":3801.40991,"20":3801.46997,"21":3803.70996,"22":3800.1001,"23":3796.03003,"24":3790.69995,"25":3798.92993},"close":{"0":3801.29004,"1":3802.18994,"2":3800.57007,"3":3799.5,"4":3799.37988,"5":3797.45996,"6":3800.37988,"7":3802.95996,"8":3800.94995,"9":3800.77002,"10":3797.71997,"11":3795.17993,"12":3792.75,"13":3791.07007,"14":3787.32007,"15":3779.76001,"16":3795.23999,"17":3797.28003,"18":3802.53003,"19":3809.28003,"20":3803.97998,"21":3803.8501,"22":3805.98999,"23":3801.70996,"24":3800.80005,"25":3800.30005},"volume":{"0":2328271291,"1":101606873,"2":70921288,"3":70717591,"4":1827447688,"5":27452413,"6":59936878,"7":58830414,"8":1576175893,"9":55543948,"10":54610431,"11":54532737,"12":55193845,"13":63597623,"14":74016720,"15":88444349,"16":75731100,"17":80632636,"18":79694841,"19":86081130,"20":757494118,"21":103659019,"22":111869832,"23":121197600,"24":333227333,"25":131310145}}