{"datetime":{"0":1648590300000,"1":1648589400000,"2":1648588500000,"3":1648587600000,"4":1648586700000,"5":1648585800000,"6":1648584900000,"7":1648584000000,"8":1648583100000,"9":1648582200000,"10":1648581300000,"11":1648580400000,"12":1648579500000,"13":1648578600000,"14":1648577700000,"15":1648576800000,"16":1648575900000,"17":1648575000000,"18":1648574100000,"19":1648573200000,"20":1648572300000,"21":1648571400000,"22":1648570500000,"23":1648569600000,"24":1648568700000,"25":1648567800000},"open":{"0":4631.7002,"1":4631.85986,"2":4628.6499,"3":4622.9502,"4":4621.93994,"5":4614.9502,"6":4614.0498,"7":4612.5,"8":4605.64014,"9":4599.2998,"10":4597.75,"11":4599.68994,"12":4601.1001,"13":4600.37988,"14":4605.0,"15":4611.25977,"16":4611.93994,"17":4609.66016,"18":4604.8999,"19":4609.24023,"20":4601.25977,"21":4603.7002,"22":4592.0498,"23":4609.7002,"24":4614.85986,"25":4623.3501},"high":{"0":4636.22998,"1":4637.22998,"2":4631.52002,"3":4630.87988,"4":4624.58984,"5":4622.1001,"6":4614.97998,"7":4615.02002,"8":4612.31006,"9":4605.5,"10":4600.45996,"11":4599.68994,"12":4604.12988,"13":4600.7998,"14":4606.0,"15":4611.25977,"16":4615.41992,"17":4612.35986,"18":4611.37988,"19":4610.74023,"20":4610.47021,"21":4605.7998,"22":4603.37988,"23":4613.0498,"24":4617.16016,"25":4623.3501},"low":{"0":4623.31982,"1":4628.0,"2":4627.56982,"3":4620.74023,"4":4620.56006,"5":4614.43018,"6":4608.25,"7":4610.60986,"8":4603.39014,"9":4597.33008,"10":4594.49023,"11":4593.91992,"12":4597.68994,"13":4592.6499,"14":4599.2998,"15":4603.72998,"16":4609.79004,"17":4608.45996,"18":4602.31982,"19":4601.93994,"20":4599.35986,"21":4595.2998,"22":4591.22998,"23":4589.97998,"24":4603.49023,"25":4611.08984},"close":{"0":4630.25,"1":4631.8501,"2":4631.52002,"3":4628.97998,"4":4622.75,"5":4622.06006,"6":4614.97998,"7":4613.97021,"8":4612.24023,"9":4605.3999,"10":4598.62012,"11":4597.35986,"12":4599.31006,"13":4600.7998,"14":4600.75977,"15":4605.2998,"16":4610.43018,"17":4611.72021,"18":4609.27002,"19":4604.37988,"20":4609.02002,"21":4598.7002,"22":4603.16992,"23":4591.04004,"24":4609.81982,"25":4613.66992},"volume":{"0":0,"1":0,"2":0,"3":0,"4":0,"5":0,"6":0,"7":0,"8":0,"9":0,"10":0,"11":0,"12":0,"13":0,"14":0,"15":0,"16":0,"17":0,"18":0,"19":0,"20":0,"21":0,"22":0,"23":0,"24":0,"25":0}}