{"datetime":{"0":1656539100000,"1":1656538200000,"2":1656537300000,"3":1656536400000,"4":1656535500000,"5":1656534600000,"6":1656533700000,"7":1656532800000,"8":1656531900000,"9":1656531000000,"10":1656530100000,"11":1656529200000,"12":1656528300000,"13":1656527400000,"14":1656526500000,"15":1656525600000,"16":1656524700000,"17":1656523800000,"18":1656522900000,"19":1656522000000,"20":1656521100000,"21":1656520200000,"22":1656519300000,"23":1656518400000,"24":1656517500000,"25":1656516600000},"open":{"0":3815.80005,"1":3828.62988,"2":3816.18994,"3":3814.73999,"4":3813.3501,"5":3826.73999,"6":3827.69995,"7":3822.03003,"8":3816.36011,"9":3809.91992,"10":3805.3999,"11":3810.27002,"12":3809.92993,"13":3799.76001,"14":3808.12988,"15":3819.23999,"16":3815.94995,"17":3813.40991,"18":3816.83008,"19":3822.82007,"20":3832.15991,"21":3824.65991,"22":3825.34009,"23":3824.90991,"24":3804.70996,"25":3825.09009},"high":{"0":3822.45996,"1":3828.70996,"2":3828.62988,"3":3819.32007,"4":3817.38989,"5":3827.12012,"6":3830.33008,"7":3830.48999,"8":3822.82007,"9":3816.47998,"10":3811.02002,"11":3817.38989,"12":3812.15991,"13":3812.36011,"14":3812.08008,"15":3820.32007,"16":3823.78003,"17":3825.07007,"18":3820.61011,"19":3824.03003,"20":3835.20996,"21":3833.81006,"22":3829.54004,"23":3836.5,"24":3831.61011,"25":3828.41992},"low":{"0":3809.88989,"1":3813.80005,"2":3814.77002,"3":3809.81006,"4":3811.38989,"5":3813.86011,"6":3822.48999,"7":3821.1001,"8":3814.34009,"9":3806.0,"10":3802.19995,"11":3805.37988,"12":3805.79004,"13":3799.58008,"14":3799.12988,"15":3805.73999,"16":3814.57007,"17":3811.16992,"18":3806.16992,"19":3814.53003,"20":3822.28003,"21":3816.16992,"22":3811.43994,"23":3820.59009,"24":3800.15991,"25":3800.72998},"close":{"0":3818.58008,"1":3815.87012,"2":3828.62988,"3":3816.61011,"4":3814.70996,"5":3813.86011,"6":3826.71997,"7":3827.68994,"8":3822.01001,"9":3816.03003,"10":3809.93994,"11":3805.44995,"12":3810.34009,"13":3809.95996,"14":3799.75,"15":3808.25,"16":3819.32007,"17":3816.01001,"18":3813.47998,"19":3816.71997,"20":3822.8501,"21":3832.1001,"22":3824.6001,"23":3825.47998,"24":3824.75,"25":3804.80005},"volume":{"0":172354106,"1":87594579,"2":61669379,"3":54944554,"4":46363837,"5":42740187,"6":47206253,"7":53799129,"8":42821302,"9":41366975,"10":41397425,"11":46125406,"12":49433569,"13":49921094,"14":50096823,"15":47086894,"16":50163331,"17":59411490,"18":62855860,"19":64825638,"20":68261327,"21":77783590,"22":85611303,"23":94826506,"24":117252157,"25":127295307}}