{"datetime":{"0":1632433500000,"1":1632432600000,"2":1632431700000,"3":1632430800000,"4":1632429900000,"5":1632429000000,"6":1632428100000,"7":1632427200000,"8":1632426300000,"9":1632425400000,"10":1632424500000,"11":1632423600000,"12":1632422700000,"13":1632421800000,"14":1632420900000,"15":1632420000000,"16":1632419100000,"17":1632418200000,"18":1632417300000,"19":1632416400000,"20":1632415500000,"21":1632414600000,"22":1632413700000,"23":1632412800000,"24":1632411900000,"25":1632411000000},"open":{"0":4455.16992,"1":4454.54004,"2":4453.3501,"3":4458.64014,"4":4456.97998,"5":4459.56982,"6":4461.25,"7":4465.27979,"8":4463.41992,"9":4461.16992,"10":4458.9502,"11":4454.45996,"12":4456.37012,"13":4453.66992,"14":4452.66016,"15":4454.16016,"16":4450.29004,"17":4450.47998,"18":4451.33008,"19":4454.12012,"20":4446.60986,"21":4449.93994,"22":4448.7998,"23":4438.93994,"24":4434.74023,"25":4406.75},"high":{"0":4455.2002,"1":4456.4502,"2":4456.35986,"3":4459.25,"4":4459.2002,"5":4462.37012,"6":4461.60986,"7":4465.3999,"8":4465.3999,"9":4464.27979,"10":4461.47998,"11":4460.64014,"12":4457.75,"13":4456.81006,"14":4453.8501,"15":4454.39014,"16":4454.33984,"17":4454.22998,"18":4451.47998,"19":4454.12012,"20":4454.47021,"21":4450.66016,"22":4452.75,"23":4448.81006,"24":4444.31006,"25":4436.91016},"low":{"0":4447.77002,"1":4452.47998,"2":4452.81982,"3":4453.39014,"4":4456.25977,"5":4456.93994,"6":4459.4502,"7":4460.58008,"8":4462.72998,"9":4461.16992,"10":4458.91992,"11":4454.45996,"12":4453.8999,"13":4453.60986,"14":4450.31982,"15":4450.02002,"16":4448.87988,"17":4449.04004,"18":4445.6499,"19":4448.8999,"20":4446.5,"21":4445.6499,"22":4447.1499,"23":4438.93994,"24":4434.74023,"25":4406.75},"close":{"0":4448.22021,"1":4455.16992,"2":4454.50977,"3":4453.39014,"4":4458.58008,"5":4456.97021,"6":4459.56006,"7":4461.22998,"8":4465.24023,"9":4463.47021,"10":4461.16016,"11":4458.9502,"12":4454.50977,"13":4456.33984,"14":4453.66992,"15":4452.62988,"16":4454.16016,"17":4450.31982,"18":4450.49023,"19":4451.29004,"20":4454.24023,"21":4446.64014,"22":4449.97021,"23":4448.41016,"24":4438.83984,"25":4434.66992},"volume":{"0":145317631,"1":79695617,"2":56081611,"3":52052269,"4":45940752,"5":49421850,"6":40479713,"7":45556124,"8":43535314,"9":42851335,"10":42915586,"11":47043754,"12":48115913,"13":42945885,"14":47432933,"15":47939659,"16":47669654,"17":55608090,"18":67136143,"19":61091057,"20":618804151,"21":71459422,"22":76548187,"23":92753507,"24":117465607,"25":110076096}}