{"datetime":{"0":1614807900000,"1":1614807000000,"2":1614806100000,"3":1614805200000,"4":1614804300000,"5":1614803400000,"6":1614802500000,"7":1614801600000,"8":1614800700000,"9":1614799800000,"10":1614798900000,"11":1614798000000,"12":1614797100000,"13":1614796200000,"14":1614795300000,"15":1614794400000,"16":1614793500000,"17":1614792600000,"18":1614791700000,"19":1614790800000,"20":1614789900000,"21":1614789000000,"22":1614788100000,"23":1614787200000,"24":1614786300000,"25":1614785400000},"open":{"0":3836.72998,"1":3835.27002,"2":3841.97998,"3":3845.8999,"4":3840.90991,"5":3836.47998,"6":3844.46997,"7":3847.19995,"8":3852.76001,"9":3859.29004,"10":3851.59009,"11":3851.17993,"12":3852.62012,"13":3854.16992,"14":3861.3999,"15":3859.43994,"16":3861.45996,"17":3868.57007,"18":3857.87012,"19":3857.69995,"20":3844.93994,"21":3844.58008,"22":3842.57007,"23":3850.71997,"24":3859.0,"25":3862.30005},"high":{"0":3842.69995,"1":3838.19995,"2":3841.97998,"3":3849.3999,"4":3846.91992,"5":3843.3999,"6":3844.46997,"7":3848.69995,"8":3853.37988,"9":3859.55005,"10":3863.8999,"11":3854.8999,"12":3860.8999,"13":3856.8999,"14":3861.69995,"15":3861.8999,"16":3866.8999,"17":3870.19995,"18":3869.19995,"19":3863.48999,"20":3859.8999,"21":3853.19995,"22":3852.69995,"23":3856.30005,"24":3868.08008,"25":3872.86011},"low":{"0":3818.75,"1":3830.51001,"2":3830.77002,"3":3840.73999,"4":3831.68994,"5":3828.0,"6":3835.23999,"7":3838.0,"8":3843.33008,"9":3851.88989,"10":3851.34009,"11":3849.12988,"12":3851.41992,"13":3850.8501,"14":3852.71997,"15":3856.0,"16":3859.3999,"17":3860.19995,"18":3853.6499,"19":3856.69995,"20":3843.19995,"21":3839.12012,"22":3838.40991,"23":3842.5,"24":3849.45996,"25":3854.27002},"close":{"0":3820.0,"1":3836.3999,"2":3834.27002,"3":3842.69995,"4":3845.46997,"5":3840.15991,"6":3837.36011,"7":3844.70996,"8":3846.8999,"9":3851.88989,"10":3859.66992,"11":3852.3999,"12":3851.67993,"13":3852.87012,"14":3854.66992,"15":3861.22998,"16":3860.07007,"17":3860.95996,"18":3869.19995,"19":3857.86011,"20":3856.59009,"21":3844.82007,"22":3846.08008,"23":3843.3999,"24":3850.84009,"25":3858.30005},"volume":{"0":0,"1":0,"2":0,"3":0,"4":0,"5":0,"6":0,"7":0,"8":0,"9":0,"10":0,"11":0,"12":0,"13":0,"14":0,"15":0,"16":0,"17":0,"18":0,"19":0,"20":0,"21":0,"22":0,"23":0,"24":0,"25":0}}