{"datetime":{"0":1647035100000,"1":1647034200000,"2":1647033300000,"3":1647032400000,"4":1647031500000,"5":1647030600000,"6":1647029700000,"7":1647028800000,"8":1647027900000,"9":1647027000000,"10":1647026100000,"11":1647025200000,"12":1647024300000,"13":1647023400000,"14":1647022500000,"15":1647021600000,"16":1647020700000,"17":1647019800000,"18":1647018900000,"19":1647018000000,"20":1647017100000,"21":1647016200000,"22":1647015300000,"23":1647014400000,"24":1647013500000,"25":1647012600000},"open":{"0":4215.75977,"1":4224.02979,"2":4227.66016,"3":4235.31982,"4":4240.10986,"5":4251.14014,"6":4243.02979,"7":4241.33984,"8":4253.2998,"9":4254.41016,"10":4245.08008,"11":4244.1499,"12":4240.95996,"13":4238.8999,"14":4242.35986,"15":4247.87988,"16":4249.3999,"17":4255.99023,"18":4257.20996,"19":4273.66992,"20":4263.50977,"21":4261.85986,"22":4260.87012,"23":4274.97998,"24":4281.66016,"25":4279.5},"high":{"0":4217.22998,"1":4224.02979,"2":4232.43018,"3":4235.56006,"4":4241.12012,"5":4251.52979,"6":4251.85986,"7":4244.62988,"8":4258.60986,"9":4255.56006,"10":4255.72998,"11":4251.1499,"12":4246.47998,"13":4241.43994,"14":4251.66992,"15":4249.49023,"16":4252.83008,"17":4256.18994,"18":4264.95996,"19":4273.79004,"20":4274.16992,"21":4269.22998,"22":4266.6499,"23":4274.97998,"24":4289.43018,"25":4291.00977},"low":{"0":4200.49023,"1":4214.3999,"2":4224.0,"3":4227.12988,"4":4231.0,"5":4239.91016,"6":4239.02002,"7":4238.52979,"8":4241.25,"9":4250.14014,"10":4245.08008,"11":4241.7998,"12":4240.0498,"13":4234.75977,"14":4238.87988,"15":4239.85986,"16":4245.31006,"17":4242.31006,"18":4255.43018,"19":4256.04004,"20":4261.77002,"21":4254.18018,"22":4253.7998,"23":4254.18018,"24":4270.83984,"25":4276.47021},"close":{"0":4203.91016,"1":4215.66992,"2":4224.06982,"3":4227.7002,"4":4235.1499,"5":4240.0498,"6":4251.1499,"7":4243.0,"8":4241.33008,"9":4253.2998,"10":4254.3501,"11":4245.02979,"12":4244.12012,"13":4240.95996,"14":4238.87988,"15":4242.37012,"16":4247.66992,"17":4249.31982,"18":4256.04004,"19":4257.24023,"20":4273.79004,"21":4263.5498,"22":4262.0498,"23":4260.9502,"24":4274.68994,"25":4281.70996},"volume":{"0":1947616498,"1":108551074,"2":71609874,"3":61681755,"4":1504348059,"5":52295149,"6":53939318,"7":51246150,"8":1286482421,"9":49178056,"10":50004874,"11":51384133,"12":48092051,"13":51827808,"14":52285371,"15":51469454,"16":875072288,"17":75779114,"18":63842677,"19":67570345,"20":619748915,"21":71829089,"22":78412998,"23":97592516,"24":108468961,"25":136001717}}