{"datetime":{"0":1681249500000,"1":1681248600000,"2":1681247700000,"3":1681246800000,"4":1681245900000,"5":1681245000000,"6":1681244100000,"7":1681243200000,"8":1681242300000,"9":1681241400000,"10":1681240500000,"11":1681239600000,"12":1681238700000,"13":1681237800000,"14":1681236900000,"15":1681236000000,"16":1681235100000,"17":1681234200000,"18":1681233300000,"19":1681232400000,"20":1681231500000,"21":1681230600000,"22":1681229700000,"23":1681228800000,"24":1681227900000,"25":1681227000000},"open":{"0":4114.85986,"1":4122.2998,"2":4122.04004,"3":4122.22998,"4":4122.74023,"5":4122.0498,"6":4118.91992,"7":4121.02002,"8":4118.27979,"9":4117.5,"10":4114.43018,"11":4116.8999,"12":4114.04004,"13":4115.52979,"14":4115.93018,"15":4113.31006,"16":4108.7998,"17":4111.08984,"18":4109.99023,"19":4106.27002,"20":4105.3999,"21":4112.83984,"22":4108.16992,"23":4108.12988,"24":4110.31006,"25":4110.29004},"high":{"0":4114.85986,"1":4123.1001,"2":4124.25977,"3":4122.64014,"4":4123.5,"5":4123.79004,"6":4122.08984,"7":4121.8501,"8":4121.43018,"9":4118.81982,"10":4117.77979,"11":4119.43018,"12":4117.45996,"13":4116.8501,"14":4116.8501,"15":4117.75,"16":4113.68994,"17":4111.81982,"18":4113.85986,"19":4110.31006,"20":4108.14014,"21":4113.14014,"22":4112.70996,"23":4111.8501,"24":4113.77002,"25":4115.35986},"low":{"0":4105.35986,"1":4114.37988,"2":4120.99023,"3":4118.83008,"4":4121.10986,"5":4121.54004,"6":4118.3999,"7":4118.8999,"8":4118.27979,"9":4116.00977,"10":4114.41016,"11":4114.2998,"12":4114.00977,"13":4111.37012,"14":4113.12988,"15":4112.77002,"16":4108.16992,"17":4107.77979,"18":4109.72021,"19":4106.27002,"20":4102.60986,"21":4104.9502,"22":4106.4502,"23":4106.93018,"24":4107.33984,"25":4107.91016},"close":{"0":4109.12988,"1":4114.89014,"2":4122.20996,"3":4122.02979,"4":4122.27002,"5":4122.75977,"6":4122.06982,"7":4118.8999,"8":4121.02002,"9":4118.31006,"10":4117.56982,"11":4114.3501,"12":4116.93994,"13":4114.02979,"14":4115.49023,"15":4115.97021,"16":4113.37988,"17":4108.87012,"18":4111.10986,"19":4110.0498,"20":4106.41992,"21":4105.47021,"22":4112.70996,"23":4108.22998,"24":4107.99023,"25":4110.22998},"volume":{"0":217050615,"1":90643981,"2":62840246,"3":51917449,"4":44591542,"5":44887896,"6":42746006,"7":43192197,"8":43688652,"9":45019992,"10":37412062,"11":45299298,"12":37880903,"13":47609290,"14":50218169,"15":52126222,"16":54879487,"17":54314544,"18":60879120,"19":61414813,"20":61535527,"21":70152768,"22":72819628,"23":79478416,"24":87357250,"25":98640828}}