{"datetime":{"0":1641332700000,"1":1641331800000,"2":1641330900000,"3":1641330000000,"4":1641329100000,"5":1641328200000,"6":1641327300000,"7":1641325500000,"8":1641318300000,"9":1641317400000,"10":1641316500000,"11":1641315600000,"12":1641314700000,"13":1641313800000,"14":1641312900000,"15":1641312000000,"16":1641311100000,"17":1641310200000},"open":{"0":4801.66992,"1":4800.41016,"2":4796.8501,"3":4791.79004,"4":4790.7998,"5":4783.0498,"6":4781.56006,"7":4781.56006,"8":4793.37012,"9":4787.60986,"10":4789.5,"11":4793.6001,"12":4802.06982,"13":4813.25,"14":4809.58984,"15":4815.56982,"16":4815.91992,"17":4804.50977},"high":{"0":4807.64014,"1":4802.43018,"2":4800.83984,"3":4797.47998,"4":4793.27002,"5":4790.87988,"6":4784.0,"7":4781.56006,"8":4797.62012,"9":4793.37012,"10":4789.56006,"11":4794.0,"12":4804.8999,"13":4815.22021,"14":4813.25977,"15":4815.56982,"16":4817.8501,"17":4818.62012},"low":{"0":4793.06006,"1":4797.18994,"2":4795.31982,"3":4791.7002,"4":4789.75977,"5":4782.95996,"6":4781.02002,"7":4781.56006,"8":4793.22021,"9":4786.83984,"10":4782.62012,"11":4783.37988,"12":4793.02979,"13":4801.12012,"14":4805.62988,"15":4808.37988,"16":4811.4502,"17":4804.50977},"close":{"0":4793.39014,"1":4801.64014,"2":4800.41992,"3":4796.85986,"4":4791.83008,"5":4790.79004,"6":4783.0,"7":4781.56006,"8":4793.9502,"9":4793.37012,"10":4787.41016,"11":4789.43018,"12":4793.6499,"13":4802.12988,"14":4813.22998,"15":4809.5498,"16":4814.85986,"17":4815.89014},"volume":{"0":184322837,"1":110653708,"2":86114737,"3":67558451,"4":61772701,"5":63640609,"6":45994380,"7":0,"8":68171121,"9":85996005,"10":86182003,"11":1031495097,"12":109975126,"13":119017366,"14":110057828,"15":124707905,"16":135848873,"17":212108756}}