{"datetime":{"0":1670276700000,"1":1670275800000,"2":1670274900000,"3":1670274000000,"4":1670273100000,"5":1670272200000,"6":1670271300000,"7":1670270400000,"8":1670269500000,"9":1670268600000,"10":1670267700000,"11":1670266800000,"12":1670265900000,"13":1670265000000,"14":1670264100000,"15":1670263200000,"16":1670262300000,"17":1670261400000,"18":1670260500000,"19":1670259600000,"20":1670258700000,"21":1670257800000,"22":1670256900000,"23":1670256000000,"24":1670255100000,"25":1670254200000},"open":{"0":3993.36011,"1":3989.03003,"2":3996.29004,"3":3991.46997,"4":3988.12988,"5":3990.82007,"6":3998.6001,"7":3994.22998,"8":4006.22998,"9":4006.1499,"10":4010.68994,"11":4005.97998,"12":4008.30005,"13":4016.25,"14":4013.90991,"15":4012.23999,"16":4021.66992,"17":4027.25,"18":4037.92993,"19":4035.8999,"20":4037.81006,"21":4030.31006,"22":4031.73999,"23":4034.52002,"24":4046.33008,"25":4052.02002},"high":{"0":4001.3999,"1":3998.44995,"2":3996.73999,"3":3996.57007,"4":3992.32007,"5":3990.82007,"6":3998.77002,"7":3998.66992,"8":4006.38989,"9":4010.84009,"10":4011.31006,"11":4010.66992,"12":4011.46997,"13":4016.95996,"14":4020.11011,"15":4014.3501,"16":4023.3501,"17":4027.56006,"18":4038.30005,"19":4041.80005,"20":4038.77002,"21":4038.86011,"22":4036.48999,"23":4034.52002,"24":4046.33008,"25":4052.44995},"low":{"0":3990.32007,"1":3988.97998,"2":3988.6499,"3":3989.22998,"4":3984.48999,"5":3984.78003,"6":3989.69995,"7":3991.48999,"8":3993.90991,"9":4005.1001,"10":4003.19995,"11":4005.02002,"12":4005.13989,"13":4007.87988,"14":4013.63989,"15":4009.86011,"16":4011.90991,"17":4018.72998,"18":4025.22998,"19":4035.06006,"20":4032.6499,"21":4026.6001,"22":4026.55005,"23":4020.69995,"24":4034.1001,"25":4041.16992},"close":{"0":3999.1499,"1":3993.5,"2":3989.12012,"3":3996.17993,"4":3991.46997,"5":3988.13989,"6":3990.84009,"7":3998.62988,"8":3994.22998,"9":4006.29004,"10":4005.73999,"11":4010.66992,"12":4005.94995,"13":4008.3999,"14":4016.36011,"15":4013.90991,"16":4012.30005,"17":4021.76001,"18":4027.23999,"19":4040.16992,"20":4035.87988,"21":4037.75,"22":4030.37988,"23":4031.79004,"24":4034.45996,"25":4046.3501},"volume":{"0":177532465,"1":99780357,"2":67179902,"3":63997392,"4":51542782,"5":52928646,"6":50188398,"7":52983548,"8":51428943,"9":48729824,"10":47242037,"11":54659293,"12":51705134,"13":51545415,"14":51121237,"15":56019506,"16":55087338,"17":60532012,"18":720438436,"19":77228207,"20":63629954,"21":71933765,"22":73658915,"23":100625678,"24":113028460,"25":104321317}}