{"datetime":{"0":1664315100000,"1":1664314200000,"2":1664313300000,"3":1664312400000,"4":1664311500000,"5":1664310600000,"6":1664309700000,"7":1664308800000,"8":1664307900000,"9":1664307000000,"10":1664306100000,"11":1664305200000,"12":1664304300000,"13":1664303400000,"14":1664302500000,"15":1664301600000,"16":1664300700000,"17":1664299800000,"18":1664298900000,"19":1664298000000,"20":1664297100000,"21":1664296200000,"22":1664295300000,"23":1664294400000,"24":1664293500000,"25":1664292600000},"open":{"0":3646.44995,"1":3644.5,"2":3649.45996,"3":3652.91992,"4":3649.51001,"5":3635.43994,"6":3630.68994,"7":3630.80005,"8":3627.54004,"9":3633.18994,"10":3634.04004,"11":3641.44995,"12":3636.46997,"13":3635.8501,"14":3639.08008,"15":3654.58008,"16":3668.75,"17":3665.33008,"18":3688.17993,"19":3697.18994,"20":3700.08008,"21":3682.57007,"22":3684.54004,"23":3698.34009,"24":3710.70996,"25":3686.43994},"high":{"0":3653.94995,"1":3646.95996,"2":3651.61011,"3":3653.29004,"4":3659.20996,"5":3654.27002,"6":3635.73999,"7":3639.87012,"8":3631.86011,"9":3637.20996,"10":3637.37988,"11":3641.44995,"12":3644.04004,"13":3641.58008,"14":3639.47998,"15":3654.71997,"16":3670.62988,"17":3672.23999,"18":3689.62988,"19":3698.72998,"20":3703.08008,"21":3700.45996,"22":3694.82007,"23":3699.3501,"24":3711.19995,"25":3717.53003},"low":{"0":3640.3501,"1":3635.28003,"2":3642.27002,"3":3642.11011,"4":3646.51001,"5":3631.58008,"6":3627.98999,"7":3629.57007,"8":3623.29004,"9":3623.98999,"10":3629.6001,"11":3628.95996,"12":3630.91992,"13":3632.21997,"14":3626.15991,"15":3634.26001,"16":3654.5,"17":3663.8501,"18":3662.84009,"19":3687.79004,"20":3695.93994,"21":3682.57007,"22":3679.87988,"23":3673.55005,"24":3692.36011,"25":3686.43994},"close":{"0":3648.48999,"1":3646.76001,"2":3644.07007,"3":3649.53003,"4":3654.8999,"5":3649.55005,"6":3635.43994,"7":3630.88989,"8":3630.46997,"9":3627.52002,"10":3633.21997,"11":3634.04004,"12":3641.76001,"13":3636.51001,"14":3635.82007,"15":3638.91992,"16":3654.65991,"17":3668.92993,"18":3665.48999,"19":3688.15991,"20":3697.59009,"21":3700.09009,"22":3682.58008,"23":3684.71997,"24":3698.28003,"25":3710.80005},"volume":{"0":210764182,"1":108350639,"2":82840769,"3":1805544069,"4":75081503,"5":69628108,"6":58381595,"7":3032368954,"8":58710001,"9":56247141,"10":51386411,"11":2572827727,"12":60008635,"13":58827755,"14":78852942,"15":1059927191,"16":64943686,"17":1769216879,"18":821183823,"19":65056486,"20":69504812,"21":99138037,"22":88059346,"23":99930914,"24":110711164,"25":206466827}}