{"datetime":{"0":1652737500000,"1":1652736600000,"2":1652735700000,"3":1652734800000,"4":1652733900000,"5":1652733000000,"6":1652732100000,"7":1652731200000,"8":1652730300000,"9":1652729400000,"10":1652728500000,"11":1652727600000,"12":1652726700000,"13":1652725800000,"14":1652724900000,"15":1652724000000,"16":1652723100000,"17":1652722200000,"18":1652721300000,"19":1652720400000,"20":1652719500000,"21":1652718600000,"22":1652717700000,"23":1652716800000,"24":1652715900000,"25":1652715000000},"open":{"0":4007.04,"1":4017.12012,"2":4022.62012,"3":4036.93994,"4":4039.37988,"5":4042.67993,"6":4031.77002,"7":4027.6499,"8":4032.06006,"9":4029.03003,"10":4020.44995,"11":4005.29004,"12":4003.88989,"13":4011.22998,"14":4013.57007,"15":4021.83008,"16":4012.17993,"17":3998.3999,"18":3996.55005,"19":3992.65991,"20":4009.15991,"21":4023.73999,"22":4007.43994,"23":3994.61011,"24":4003.79004,"25":4013.02002},"high":{"0":4014.72,"1":4019.53003,"2":4025.58008,"3":4040.33008,"4":4041.01001,"5":4046.45996,"6":4042.69995,"7":4036.76001,"8":4032.08008,"9":4034.34009,"10":4029.84009,"11":4021.72998,"12":4012.20996,"13":4017.12988,"14":4014.40991,"15":4027.36011,"16":4023.92993,"17":4011.97998,"18":4004.63989,"19":3999.67993,"20":4009.15991,"21":4024.03003,"22":4024.16992,"23":4014.45996,"24":4004.66992,"25":4019.06006},"low":{"0":4003.3,"1":4007.11011,"2":4014.1499,"3":4021.32007,"4":4031.38989,"5":4039.22998,"6":4030.1001,"7":4023.28003,"8":4025.76001,"9":4025.15991,"10":4011.8501,"11":4001.70996,"12":4002.12988,"13":4003.18994,"14":4007.11011,"15":4013.22998,"16":4010.44995,"17":3991.5,"18":3995.68994,"19":3988.31006,"20":3991.84009,"21":4003.52002,"22":4007.16992,"23":3984.13989,"24":3983.98999,"25":3999.92993},"close":{"0":4003.3,"1":4007.11011,"2":4017.03003,"3":4022.41992,"4":4036.76001,"5":4039.3999,"6":4042.69995,"7":4031.76001,"8":4027.68994,"9":4032.04004,"10":4029.12012,"11":4020.58008,"12":4005.38989,"13":4003.83008,"14":4011.23999,"15":4013.51001,"16":4021.38989,"17":4011.97998,"18":3998.53003,"19":3996.69995,"20":3992.79004,"21":4009.20996,"22":4023.77002,"23":4007.3999,"24":3993.97998,"25":4004.01001},"volume":{"0":0,"1":90413158,"2":66885604,"3":62272760,"4":55323115,"5":59576263,"6":53774268,"7":52950805,"8":42433248,"9":54858305,"10":52657784,"11":49998037,"12":46383514,"13":47117093,"14":45639910,"15":54161053,"16":60294956,"17":62801470,"18":59732752,"19":71481043,"20":69200054,"21":81810279,"22":78137340,"23":91850879,"24":117696530,"25":123614904}}