{"datetime":{"0":1650663900000,"1":1650663000000,"2":1650662100000,"3":1650661200000,"4":1650660300000,"5":1650659400000,"6":1650658500000,"7":1650657600000,"8":1650656700000,"9":1650655800000},"open":{"0":4302.20996,"1":4297.91016,"2":4299.43018,"3":4286.50977,"4":4295.27979,"5":4301.45996,"6":4297.35986,"7":4300.37012,"8":4309.12012,"9":4312.54004},"high":{"0":4302.4502,"1":4315.68994,"2":4305.60986,"3":4301.29004,"4":4295.91992,"5":4303.9502,"6":4311.68018,"7":4300.56982,"8":4310.50977,"9":4312.62012},"low":{"0":4267.62012,"1":4297.91016,"2":4294.91016,"3":4280.31982,"4":4281.00977,"5":4292.10986,"6":4296.70996,"7":4296.22998,"8":4300.4502,"9":4304.52002},"close":{"0":4272.27979,"1":4302.27979,"2":4297.50977,"3":4299.47021,"4":4286.3999,"5":4295.2998,"6":4301.43018,"7":4297.31006,"8":4300.4502,"9":4309.04004},"volume":{"0":275938169,"1":118792359,"2":78384344,"3":76938765,"4":66010125,"5":55390148,"6":58995565,"7":55252810,"8":51422325,"9":1323278700}}