{"datetime":{"0":1613166300000,"1":1613165400000,"2":1613164500000,"3":1613163600000,"4":1613162700000,"5":1613161800000,"6":1613160900000,"7":1613160000000,"8":1613159100000,"9":1613158200000,"10":1613157300000,"11":1613156400000,"12":1613155500000,"13":1613154600000,"14":1613153700000,"15":1613152800000,"16":1613151900000,"17":1613151000000,"18":1613150100000,"19":1613149200000,"20":1613148300000,"21":1613147400000,"22":1613146500000,"23":1613145600000,"24":1613144700000,"25":1613143800000},"open":{"0":3927.71997,"1":3922.72998,"2":3921.19995,"3":3919.90991,"4":3917.37988,"5":3917.77002,"6":3915.61011,"7":3917.26001,"8":3919.06006,"9":3918.3501,"10":3919.44995,"11":3920.72998,"12":3920.43994,"13":3921.36011,"14":3923.78003,"15":3922.57007,"16":3921.09009,"17":3922.15991,"18":3921.88989,"19":3921.72998,"20":3922.97998,"21":3914.16992,"22":3916.27002,"23":3912.3999,"24":3913.5,"25":3911.6499},"high":{"0":3937.22998,"1":3928.83008,"2":3922.8999,"3":3921.37988,"4":3920.6499,"5":3918.1001,"6":3917.78003,"7":3917.29004,"8":3919.37012,"9":3920.65991,"10":3920.61011,"11":3921.59009,"12":3921.56006,"13":3921.40991,"14":3923.91992,"15":3924.8999,"16":3923.62988,"17":3924.77002,"18":3923.36011,"19":3923.1499,"20":3923.65991,"21":3922.87988,"22":3916.61011,"23":3916.36011,"24":3915.54004,"25":3914.27002},"low":{"0":3927.34009,"1":3922.40991,"2":3920.6001,"3":3919.22998,"4":3917.23999,"5":3915.62988,"6":3914.63989,"7":3914.47998,"8":3915.65991,"9":3918.06006,"10":3914.02002,"11":3919.42993,"12":3919.65991,"13":3918.93994,"14":3921.36011,"15":3922.57007,"16":3921.05005,"17":3920.97998,"18":3920.90991,"19":3919.52002,"20":3920.77002,"21":3909.90991,"22":3912.37012,"23":3912.15991,"24":3912.09009,"25":3905.78003},"close":{"0":3935.04004,"1":3927.73999,"2":3922.73999,"3":3921.19995,"4":3919.91992,"5":3917.37012,"6":3917.77002,"7":3915.62988,"8":3917.25,"9":3919.09009,"10":3918.41992,"11":3919.45996,"12":3920.76001,"13":3920.42993,"14":3921.36011,"15":3923.80005,"16":3922.5,"17":3921.15991,"18":3922.13989,"19":3921.82007,"20":3921.71997,"21":3922.87988,"22":3914.26001,"23":3916.23999,"24":3912.37012,"25":3913.36011},"volume":{"0":204178370,"1":83353361,"2":54985542,"3":44851973,"4":42342045,"5":38953215,"6":37228877,"7":39451297,"8":43108997,"9":35725625,"10":49879034,"11":43373905,"12":43430369,"13":49333563,"14":795796676,"15":47081938,"16":42466171,"17":46808341,"18":55007159,"19":56691677,"20":71554548,"21":72962999,"22":66476332,"23":73474208,"24":75208729,"25":97089857}}