{"datetime":{"0":1638222300000,"1":1638221400000,"2":1638220500000,"3":1638219600000,"4":1638218700000,"5":1638217800000,"6":1638216900000,"7":1638216000000,"8":1638215100000,"9":1638214200000,"10":1638213300000,"11":1638212400000,"12":1638211500000,"13":1638210600000,"14":1638209700000,"15":1638208800000,"16":1638207900000,"17":1638207000000,"18":1638206100000,"19":1638205200000,"20":1638204300000,"21":1638203400000,"22":1638202500000,"23":1638201600000,"24":1638200700000,"25":1638199800000},"open":{"0":4662.3501,"1":4665.56982,"2":4668.75,"3":4664.37012,"4":4665.62988,"5":4666.12012,"6":4669.12988,"7":4669.8999,"8":4665.70996,"9":4667.75977,"10":4669.77979,"11":4668.93018,"12":4669.29004,"13":4663.95996,"14":4657.12012,"15":4652.45996,"16":4650.33984,"17":4637.5498,"18":4638.75977,"19":4633.10986,"20":4630.22021,"21":4634.72998,"22":4639.7998,"23":4643.77002,"24":4641.77002,"25":4628.75},"high":{"0":4662.3501,"1":4667.35986,"2":4671.06006,"3":4668.83008,"4":4667.74023,"5":4666.99023,"6":4669.37988,"7":4670.29004,"8":4669.95996,"9":4670.41016,"10":4670.81006,"11":4672.9502,"12":4670.10986,"13":4670.16016,"14":4665.3999,"15":4658.58008,"16":4652.47998,"17":4650.41992,"18":4642.45996,"19":4640.47998,"20":4633.72998,"21":4637.91992,"22":4644.16992,"23":4645.68018,"24":4643.56982,"25":4654.43018},"low":{"0":4653.35986,"1":4660.41992,"2":4664.58008,"3":4662.56006,"4":4662.87988,"5":4662.02979,"6":4665.64014,"7":4666.81006,"8":4665.49023,"9":4663.85986,"10":4665.14014,"11":4668.93018,"12":4666.70996,"13":4663.95996,"14":4656.75,"15":4652.12988,"16":4647.56982,"17":4637.5498,"18":4637.1499,"19":4630.79004,"20":4626.93018,"21":4625.25977,"22":4634.68994,"23":4636.9502,"24":4632.6499,"25":4628.75},"close":{"0":4653.77002,"1":4662.22998,"2":4665.72998,"3":4668.74023,"4":4664.3999,"5":4665.56982,"6":4666.14014,"7":4669.10986,"8":4669.9502,"9":4665.66992,"10":4667.72998,"11":4669.79004,"12":4668.93018,"13":4669.41016,"14":4663.9502,"15":4657.16016,"16":4652.43994,"17":4650.31006,"18":4637.81982,"19":4638.77002,"20":4632.97998,"21":4630.16016,"22":4634.8501,"23":4639.97021,"24":4641.74023,"25":4641.79004},"volume":{"0":239590980,"1":97132866,"2":70455700,"3":58630522,"4":50739709,"5":57526555,"6":46207697,"7":46126241,"8":43002932,"9":50821824,"10":48424917,"11":49216305,"12":53436083,"13":58326780,"14":64297795,"15":65294488,"16":59034105,"17":72232092,"18":66449832,"19":72189801,"20":803726408,"21":84603725,"22":86159660,"23":131754411,"24":129047742,"25":168707337}}