{"datetime":{"0":1673041500000,"1":1673040600000,"2":1673039700000,"3":1673038800000,"4":1673037900000,"5":1673037000000,"6":1673036100000,"7":1673035200000,"8":1673034300000,"9":1673033400000,"10":1673032500000,"11":1673031600000,"12":1673030700000,"13":1673029800000,"14":1673028900000,"15":1673028000000,"16":1673027100000,"17":1673026200000,"18":1673025300000,"19":1673024400000,"20":1673023500000,"21":1673022600000,"22":1673021700000,"23":1673020800000,"24":1673019900000,"25":1673019000000},"open":{"0":3902.82007,"1":3897.87012,"2":3904.57007,"3":3899.15991,"4":3896.77002,"5":3891.26001,"6":3888.63989,"7":3881.26001,"8":3879.16992,"9":3875.05005,"10":3872.37988,"11":3868.34009,"12":3868.13989,"13":3870.03003,"14":3873.98999,"15":3876.91992,"16":3869.58008,"17":3867.56006,"18":3867.04004,"19":3866.94995,"20":3856.87988,"21":3842.80005,"22":3840.67993,"23":3821.03003,"24":3815.59009,"25":3823.37012},"high":{"0":3904.66992,"1":3903.52002,"2":3906.18994,"3":3905.79004,"4":3901.04004,"5":3897.26001,"6":3894.73999,"7":3889.86011,"8":3882.01001,"9":3882.15991,"10":3875.92993,"11":3873.40991,"12":3871.06006,"13":3872.63989,"14":3876.34009,"15":3879.05005,"16":3881.08008,"17":3872.44995,"18":3872.17993,"19":3874.63989,"20":3869.23999,"21":3863.91992,"22":3852.62988,"23":3847.94995,"24":3828.33008,"25":3852.38989},"low":{"0":3891.87012,"1":3897.78003,"2":3897.3501,"3":3899.15991,"4":3892.90991,"5":3891.26001,"6":3888.63989,"7":3881.26001,"8":3877.02002,"9":3875.05005,"10":3870.71997,"11":3866.84009,"12":3865.37988,"13":3866.98999,"14":3868.6499,"15":3873.66992,"16":3869.21997,"17":3864.83008,"18":3865.40991,"19":3866.37988,"20":3856.87988,"21":3842.80005,"22":3840.67993,"23":3821.03003,"24":3809.56006,"25":3814.17993},"close":{"0":3894.19995,"1":3902.8501,"2":3897.87988,"3":3904.53003,"4":3899.18994,"5":3896.79004,"6":3891.23999,"7":3888.6499,"8":3881.25,"9":3879.11011,"10":3875.07007,"11":3872.37988,"12":3868.42993,"13":3868.15991,"14":3870.05005,"15":3873.97998,"16":3876.72998,"17":3869.56006,"18":3867.62012,"19":3866.8999,"20":3866.87988,"21":3856.95996,"22":3842.83008,"23":3840.71997,"24":3821.08008,"25":3815.76001},"volume":{"0":254958705,"1":96145284,"2":76667641,"3":72133960,"4":63345118,"5":55010402,"6":60551207,"7":55525000,"8":48967331,"9":54629628,"10":44708378,"11":45477755,"12":47905124,"13":47292867,"14":60586607,"15":55546192,"16":65364133,"17":70263413,"18":68607007,"19":67935889,"20":85515647,"21":90261733,"22":82743610,"23":114152988,"24":113355387,"25":131517532}}