{"datetime":{"0":1671572700000,"1":1671571800000,"2":1671570900000,"3":1671570000000,"4":1671569100000,"5":1671568200000,"6":1671567300000,"7":1671566400000,"8":1671565500000,"9":1671564600000,"10":1671563700000,"11":1671562800000,"12":1671561900000,"13":1671561000000,"14":1671560100000,"15":1671559200000,"16":1671558300000,"17":1671557400000,"18":1671556500000,"19":1671555600000,"20":1671554700000,"21":1671553800000,"22":1671552900000,"23":1671552000000,"24":1671551100000,"25":1671550200000},"open":{"0":3829.71997,"1":3826.95996,"2":3822.16992,"3":3823.80005,"4":3823.77002,"5":3830.17993,"6":3835.36011,"7":3829.18994,"8":3835.20996,"9":3831.09009,"10":3824.93994,"11":3827.88989,"12":3821.01001,"13":3823.29004,"14":3823.28003,"15":3822.56006,"16":3814.8501,"17":3808.12988,"18":3822.62988,"19":3829.53003,"20":3833.62012,"21":3831.01001,"22":3823.95996,"23":3817.36011,"24":3800.97998,"25":3810.46997},"high":{"0":3831.11011,"1":3831.91992,"2":3827.72998,"3":3824.11011,"4":3826.37012,"5":3830.68994,"6":3835.80005,"7":3836.20996,"8":3835.54004,"9":3838.23999,"10":3832.76001,"11":3830.8501,"12":3827.96997,"13":3824.52002,"14":3827.87988,"15":3829.09009,"16":3823.0,"17":3815.17993,"18":3822.86011,"19":3831.15991,"20":3836.34009,"21":3837.59009,"22":3832.78003,"23":3825.81006,"24":3818.6499,"25":3814.62012},"low":{"0":3820.79004,"1":3825.28003,"2":3819.56006,"3":3817.68994,"4":3821.67993,"5":3823.20996,"6":3828.37988,"7":3827.73999,"8":3828.6499,"9":3831.08008,"10":3823.63989,"11":3822.38989,"12":3820.58008,"13":3817.09009,"14":3822.3501,"15":3822.17993,"16":3813.01001,"17":3807.80005,"18":3806.05005,"19":3820.73999,"20":3829.45996,"21":3831.01001,"22":3821.70996,"23":3817.06006,"24":3795.62012,"25":3801.18994},"close":{"0":3821.97998,"1":3829.70996,"2":3826.96997,"3":3822.25,"4":3823.88989,"5":3823.78003,"6":3830.12012,"7":3835.43994,"8":3829.17993,"9":3835.1499,"10":3831.02002,"11":3824.92993,"12":3827.87012,"13":3821.04004,"14":3823.77002,"15":3823.22998,"16":3822.55005,"17":3814.65991,"18":3807.97998,"19":3822.87012,"20":3829.48999,"21":3833.6499,"22":3830.94995,"23":3824.19995,"24":3817.30005,"25":3801.18994},"volume":{"0":214782358,"1":86461451,"2":66236341,"3":58841899,"4":50556202,"5":50148028,"6":47561381,"7":51674953,"8":44508871,"9":53129619,"10":46088108,"11":47324541,"12":44758958,"13":48668640,"14":47635411,"15":50293743,"16":51656297,"17":56780977,"18":83691240,"19":73272326,"20":68745348,"21":71293065,"22":78416531,"23":88525205,"24":99990571,"25":106954356}}