{"datetime":{"0":1671745500000,"1":1671744600000,"2":1671743700000,"3":1671742800000,"4":1671741900000,"5":1671741000000,"6":1671740100000,"7":1671739200000,"8":1671738300000,"9":1671737400000,"10":1671736500000,"11":1671735600000,"12":1671734700000,"13":1671733800000,"14":1671732900000,"15":1671732000000,"16":1671731100000,"17":1671730200000,"18":1671729300000,"19":1671728400000,"20":1671727500000,"21":1671726600000,"22":1671725700000,"23":1671724800000,"24":1671723900000,"25":1671723000000},"open":{"0":3808.82007,"1":3818.84009,"2":3801.70996,"3":3801.20996,"4":3786.42993,"5":3788.22998,"6":3783.81006,"7":3771.28003,"8":3774.15991,"9":3771.11011,"10":3775.52002,"11":3781.29004,"12":3780.47998,"13":3783.53003,"14":3798.29004,"15":3802.6001,"16":3801.84009,"17":3807.54004,"18":3806.97998,"19":3807.32007,"20":3808.22998,"21":3811.84009,"22":3815.22998,"23":3831.90991,"24":3830.12988,"25":3853.26001},"high":{"0":3823.38989,"1":3820.76001,"2":3819.41992,"3":3807.20996,"4":3801.73999,"5":3791.47998,"6":3788.56006,"7":3783.95996,"8":3774.48999,"9":3774.13989,"10":3775.62012,"11":3781.30005,"12":3782.32007,"13":3784.96997,"14":3799.84009,"15":3802.80005,"16":3802.75,"17":3808.98999,"18":3810.27002,"19":3811.88989,"20":3813.37012,"21":3811.84009,"22":3817.79004,"23":3831.90991,"24":3831.77002,"25":3853.26001},"low":{"0":3805.95996,"1":3806.11011,"2":3801.6001,"3":3798.59009,"4":3786.25,"5":3784.1499,"6":3775.68994,"7":3771.28003,"8":3769.65991,"9":3764.48999,"10":3769.91992,"11":3768.95996,"12":3779.31006,"13":3777.75,"14":3782.13989,"15":3797.83008,"16":3798.55005,"17":3799.27002,"18":3806.17993,"19":3803.19995,"20":3806.5,"21":3805.91992,"22":3811.63989,"23":3810.25,"24":3826.28003,"25":3827.8999},"close":{"0":3822.95996,"1":3808.82007,"2":3818.83008,"3":3801.72998,"4":3801.43994,"5":3786.42993,"6":3788.18994,"7":3783.80005,"8":3771.29004,"9":3774.09009,"10":3771.13989,"11":3775.46997,"12":3781.30005,"13":3780.56006,"14":3783.51001,"15":3798.30005,"16":3802.66992,"17":3801.98999,"18":3807.57007,"19":3806.82007,"20":3807.29004,"21":3808.1499,"22":3812.02002,"23":3815.29004,"24":3831.77002,"25":3829.94995},"volume":{"0":222498999,"1":98635773,"2":88940205,"3":73050923,"4":57229218,"5":55759996,"6":63993030,"7":56368123,"8":50298500,"9":55412625,"10":49355633,"11":55645273,"12":52194766,"13":68042249,"14":65256193,"15":58030153,"16":59718052,"17":61908029,"18":58332970,"19":67905813,"20":66534152,"21":83885358,"22":74227823,"23":92017614,"24":85573855,"25":112531021}}