{"datetime":{"0":1682718300000,"1":1682717400000,"2":1682716500000,"3":1682715600000,"4":1682714700000,"5":1682713800000,"6":1682712900000,"7":1682712000000,"8":1682711100000,"9":1682710200000,"10":1682709300000,"11":1682708400000,"12":1682707500000,"13":1682706600000,"14":1682705700000,"15":1682704800000,"16":1682703900000,"17":1682703000000,"18":1682702100000,"19":1682701200000,"20":1682700300000,"21":1682699400000,"22":1682698500000,"23":1682697600000,"24":1682696700000,"25":1682695800000},"open":{"0":4163.37012,"1":4160.33984,"2":4162.7002,"3":4158.91992,"4":4154.60986,"5":4158.62012,"6":4159.41992,"7":4160.43994,"8":4162.66016,"9":4165.64014,"10":4165.58984,"11":4165.7998,"12":4161.10986,"13":4160.35986,"14":4161.22021,"15":4158.58008,"16":4153.0,"17":4148.70996,"18":4145.97998,"19":4143.27979,"20":4151.33984,"21":4158.24023,"22":4152.41016,"23":4136.91992,"24":4133.06006,"25":4129.62988},"high":{"0":4169.95996,"1":4163.49023,"2":4166.45996,"3":4163.45996,"4":4159.31006,"5":4159.72021,"6":4163.31006,"7":4165.5498,"8":4163.27002,"9":4166.31982,"10":4165.81006,"11":4166.16016,"12":4166.25,"13":4162.99023,"14":4161.25,"15":4161.8501,"16":4159.43018,"17":4153.79004,"18":4149.75977,"19":4147.29004,"20":4158.4502,"21":4159.00977,"22":4159.06006,"23":4153.89014,"24":4139.37012,"25":4135.43994},"low":{"0":4159.6499,"1":4157.8501,"2":4159.41016,"3":4158.39014,"4":4152.41016,"5":4153.27002,"6":4157.20996,"7":4157.6499,"8":4157.27002,"9":4159.29004,"10":4163.47021,"11":4160.56982,"12":4159.27979,"13":4157.2002,"14":4155.43018,"15":4157.22998,"16":4152.79004,"17":4148.70996,"18":4145.02002,"19":4136.06982,"20":4140.83984,"21":4145.37012,"22":4152.0,"23":4135.33984,"24":4132.22998,"25":4127.18018},"close":{"0":4169.77002,"1":4163.37012,"2":4160.35986,"3":4162.72998,"4":4158.8999,"5":4154.62012,"6":4158.62012,"7":4159.43994,"8":4160.43994,"9":4162.66016,"10":4165.66016,"11":4165.6001,"12":4165.81006,"13":4161.0498,"14":4160.33008,"15":4161.18018,"16":4158.58008,"17":4152.9502,"18":4148.66992,"19":4145.95996,"20":4143.22021,"21":4151.2998,"22":4158.24023,"23":4152.25977,"24":4136.60986,"25":4133.02002},"volume":{"0":262877511,"1":97312200,"2":77857026,"3":61840253,"4":56544651,"5":60470732,"6":55940239,"7":59412977,"8":51714988,"9":64442723,"10":50816670,"11":53631795,"12":56660577,"13":56896750,"14":61354327,"15":55302335,"16":64532110,"17":69911778,"18":71893104,"19":821962421,"20":748571824,"21":101001036,"22":104986325,"23":114069242,"24":111770941,"25":132715360}}