{"datetime":{"0":1635799500000,"1":1635798600000,"2":1635797700000,"3":1635796800000,"4":1635795900000,"5":1635795000000,"6":1635794100000,"7":1635793200000,"8":1635792300000,"9":1635791400000,"10":1635790500000,"11":1635789600000,"12":1635788700000,"13":1635787800000,"14":1635786900000,"15":1635786000000,"16":1635785100000,"17":1635784200000,"18":1635783300000,"19":1635782400000,"20":1635781500000,"21":1635780600000,"22":1635779700000,"23":1635778800000,"24":1635777900000,"25":1635777000000},"open":{"0":4609.47021,"1":4606.93018,"2":4606.12988,"3":4604.97021,"4":4603.91992,"5":4598.95996,"6":4597.52002,"7":4601.02979,"8":4600.77002,"9":4605.77002,"10":4611.16992,"11":4612.62988,"12":4611.74023,"13":4609.62012,"14":4609.12988,"15":4607.50977,"16":4605.70996,"17":4605.54004,"18":4601.29004,"19":4598.12012,"20":4600.00977,"21":4602.91016,"22":4604.06982,"23":4606.06982,"24":4612.43018,"25":4610.62012},"high":{"0":4614.66992,"1":4610.10986,"2":4608.1001,"3":4606.27002,"4":4605.83984,"5":4603.8999,"6":4600.18018,"7":4601.89014,"8":4602.47021,"9":4606.7998,"10":4612.54004,"11":4613.29004,"12":4612.87012,"13":4612.83008,"14":4610.16016,"15":4609.9502,"16":4607.50977,"17":4607.4502,"18":4606.74023,"19":4604.35986,"20":4602.75977,"21":4602.99023,"22":4606.24023,"23":4606.3501,"24":4614.08984,"25":4620.33984},"low":{"0":4607.54004,"1":4606.91992,"2":4602.91992,"3":4603.79004,"4":4603.52979,"5":4598.9502,"6":4595.06006,"7":4597.1499,"8":4599.75977,"9":4600.62012,"10":4604.0498,"11":4610.3999,"12":4610.3501,"13":4609.06006,"14":4607.60986,"15":4606.83008,"16":4603.91016,"17":4603.37988,"18":4601.29004,"19":4598.02002,"20":4595.8501,"21":4598.10986,"22":4600.24023,"23":4595.72998,"24":4605.12012,"25":4610.62012},"close":{"0":4613.43994,"1":4609.41992,"2":4606.91992,"3":4606.12012,"4":4604.97021,"5":4603.81982,"6":4598.97021,"7":4597.52979,"8":4601.02002,"9":4600.85986,"10":4605.77979,"11":4611.22998,"12":4612.6499,"13":4611.75,"14":4609.64014,"15":4609.2002,"16":4607.5,"17":4605.64014,"18":4605.77979,"19":4601.20996,"20":4598.12988,"21":4599.97998,"22":4602.7998,"23":4603.91016,"24":4606.06982,"25":4612.8999},"volume":{"0":201638746,"1":81143683,"2":63206710,"3":51932859,"4":48716366,"5":43943063,"6":46699174,"7":50776108,"8":48112094,"9":47896234,"10":46334122,"11":48100413,"12":48634290,"13":48316707,"14":48972947,"15":47500475,"16":835320998,"17":57060571,"18":53944409,"19":59939361,"20":64928608,"21":71323184,"22":77129134,"23":88664848,"24":100077714,"25":153773777}}