{"datetime":{"0":1631655900000,"1":1631655000000,"2":1631654100000,"3":1631653200000,"4":1631652300000,"5":1631651400000,"6":1631650500000,"7":1631649600000,"8":1631648700000,"9":1631647800000,"10":1631646900000,"11":1631646000000,"12":1631645100000,"13":1631644200000,"14":1631643300000,"15":1631642400000,"16":1631641500000,"17":1631640600000,"18":1631639700000,"19":1631638800000,"20":1631637900000,"21":1631637000000,"22":1631636100000,"23":1631635200000,"24":1631634300000,"25":1631633400000},"open":{"0":4439.95996,"1":4437.58984,"2":4440.87012,"3":4444.25,"4":4441.8501,"5":4443.25977,"6":4449.08984,"7":4453.33008,"8":4454.18994,"9":4452.18018,"10":4446.20996,"11":4452.2998,"12":4454.79004,"13":4462.18018,"14":4464.37012,"15":4463.04004,"16":4462.5,"17":4460.06982,"18":4458.79004,"19":4452.75,"20":4452.7998,"21":4461.52979,"22":4458.52979,"23":4464.04004,"24":4478.66992,"25":4479.33008},"high":{"0":4445.20996,"1":4441.1499,"2":4442.68018,"3":4445.37988,"4":4444.3501,"5":4443.25977,"6":4449.1001,"7":4453.97021,"8":4455.1001,"9":4454.18018,"10":4452.39014,"11":4454.54004,"12":4455.62012,"13":4462.18018,"14":4464.58984,"15":4465.66016,"16":4463.06006,"17":4462.81006,"18":4460.27979,"19":4460.0498,"20":4455.04004,"21":4461.95996,"22":4463.14014,"23":4464.06982,"24":4478.91992,"25":4485.68018},"low":{"0":4435.45996,"1":4435.93994,"2":4437.12988,"3":4440.75,"4":4435.70996,"5":4437.58008,"6":4441.66016,"7":4448.58008,"8":4452.3999,"9":4447.7998,"10":4446.08008,"11":4444.14014,"12":4451.25,"13":4454.3501,"14":4461.47998,"15":4462.74023,"16":4458.5,"17":4458.50977,"18":4456.27002,"19":4452.74023,"20":4449.7998,"21":4450.93994,"22":4455.06982,"23":4456.04004,"24":4463.62988,"25":4476.33008},"close":{"0":4443.91016,"1":4439.91992,"2":4437.6001,"3":4440.83984,"4":4444.31982,"5":4441.81982,"6":4443.25977,"7":4449.06982,"8":4453.2002,"9":4454.18018,"10":4452.22998,"11":4446.25,"12":4452.41992,"13":4454.79004,"14":4462.18994,"15":4464.35986,"16":4463.06006,"17":4462.54004,"18":4460.06006,"19":4458.75,"20":4452.72021,"21":4452.77979,"22":4461.5498,"23":4458.56982,"24":4464.02979,"25":4478.85986},"volume":{"0":208676781,"1":92300756,"2":62254402,"3":49293588,"4":53748581,"5":50901885,"6":50579219,"7":43988817,"8":39980268,"9":42900575,"10":41442306,"11":54533972,"12":45736665,"13":46810456,"14":38839971,"15":46611267,"16":52597513,"17":56364793,"18":51837069,"19":60929787,"20":594206696,"21":75149168,"22":75578446,"23":92155756,"24":92389772,"25":116911809}}