{"datetime":{"0":1597095900000,"1":1597095000000,"2":1597094100000,"3":1597093200000,"4":1597092300000,"5":1597091400000,"6":1597090500000,"7":1597089600000,"8":1597088700000,"9":1597087800000,"10":1597086900000,"11":1597086000000,"12":1597085100000,"13":1597084200000,"14":1597083300000,"15":1597082400000,"16":1597081500000,"17":1597080600000,"18":1597079700000,"19":1597078800000,"20":1597077900000,"21":1597077000000,"22":1597076100000,"23":1597075200000,"24":1597074300000,"25":1597073400000},"open":{"0":3357.42993,"1":3358.91992,"2":3360.37012,"3":3360.56006,"4":3355.62988,"5":3358.40991,"6":3356.20996,"7":3356.6499,"8":3356.62012,"9":3358.0,"10":3356.66992,"11":3357.21997,"12":3357.29004,"13":3350.01001,"14":3353.1001,"15":3355.1001,"16":3350.06006,"17":3349.46997,"18":3345.26001,"19":3337.47998,"20":3353.79004,"21":3358.8501,"22":3358.38989,"23":3357.20996,"24":3361.82007,"25":3356.04004},"high":{"0":3361.77002,"1":3360.42993,"2":3361.83008,"3":3363.29004,"4":3360.63989,"5":3358.68994,"6":3358.6001,"7":3360.21997,"8":3357.81006,"9":3359.25,"10":3358.69995,"11":3360.18994,"12":3358.40991,"13":3357.43994,"14":3354.48999,"15":3356.12988,"16":3355.93994,"17":3351.59009,"18":3350.27002,"19":3345.54004,"20":3354.04004,"21":3359.57007,"22":3359.3999,"23":3358.62012,"24":3362.05005,"25":3362.04004},"low":{"0":3355.03003,"1":3357.02002,"2":3357.47998,"3":3359.46997,"4":3353.61011,"5":3355.48999,"6":3355.71997,"7":3355.40991,"8":3355.19995,"9":3356.62012,"10":3356.0,"11":3356.63989,"12":3355.70996,"13":3349.1499,"14":3349.92993,"15":3352.90991,"16":3348.37988,"17":3348.8501,"18":3344.68994,"19":3335.43994,"20":3337.53003,"21":3353.26001,"22":3356.1001,"23":3352.73999,"24":3355.53003,"25":3356.04004},"close":{"0":3360.5,"1":3357.41992,"2":3358.6001,"3":3360.40991,"4":3360.55005,"5":3355.6001,"6":3358.3999,"7":3356.12988,"8":3356.6001,"9":3356.62012,"10":3357.8501,"11":3356.68994,"12":3357.18994,"13":3357.26001,"14":3349.94995,"15":3353.22998,"16":3355.12012,"17":3350.1001,"18":3349.56006,"19":3345.23999,"20":3337.53003,"21":3353.73999,"22":3358.86011,"23":3358.41992,"24":3357.05005,"25":3361.86011},"volume":{"0":228047521,"1":96688632,"2":82887631,"3":63693006,"4":61876332,"5":52462276,"6":48868959,"7":54914484,"8":48661019,"9":47837154,"10":50435146,"11":56988574,"12":54851629,"13":58062163,"14":60080188,"15":63838265,"16":66732682,"17":78536892,"18":78916760,"19":90512460,"20":122105637,"21":110475410,"22":109770906,"23":116627526,"24":136062071,"25":152834497}}