{"datetime":{"0":1648503900000,"1":1648503000000,"2":1648502100000,"3":1648501200000,"4":1648500300000,"5":1648499400000,"6":1648498500000,"7":1648497600000,"8":1648496700000,"9":1648495800000,"10":1648494900000,"11":1648494000000,"12":1648493100000,"13":1648492200000,"14":1648491300000,"15":1648490400000,"16":1648489500000,"17":1648488600000,"18":1648487700000,"19":1648486800000,"20":1648485900000,"21":1648485000000,"22":1648484100000,"23":1648483200000,"24":1648482300000,"25":1648481400000},"open":{"0":4565.33984,"1":4561.5,"2":4559.50977,"3":4560.81006,"4":4549.75977,"5":4545.33008,"6":4542.5,"7":4540.93994,"8":4540.33984,"9":4539.7998,"10":4533.22021,"11":4533.08984,"12":4529.31982,"13":4522.0,"14":4522.02002,"15":4521.2002,"16":4531.75,"17":4540.31006,"18":4544.7998,"19":4549.77002,"20":4543.68994,"21":4545.02979,"22":4544.12988,"23":4552.18994,"24":4542.8501,"25":4537.35986},"high":{"0":4575.54004,"1":4565.81006,"2":4562.1499,"3":4560.89014,"4":4560.08008,"5":4552.12012,"6":4546.18018,"7":4544.93994,"8":4541.62988,"9":4541.52002,"10":4541.3501,"11":4534.85986,"12":4533.66016,"13":4530.50977,"14":4525.72998,"15":4528.02002,"16":4531.75,"17":4540.99023,"18":4545.08008,"19":4550.41016,"20":4549.81982,"21":4546.49023,"22":4545.14014,"23":4552.18994,"24":4552.68018,"25":4545.62012},"low":{"0":4560.97998,"1":4561.00977,"2":4557.58008,"3":4556.06982,"4":4549.52979,"5":4544.5498,"6":4540.31006,"7":4539.12012,"8":4538.43994,"9":4538.87988,"10":4533.22021,"11":4531.2998,"12":4526.7998,"13":4522.0,"14":4517.83008,"15":4520.12988,"16":4519.91992,"17":4527.93018,"18":4535.66992,"19":4538.06006,"20":4543.68994,"21":4537.45996,"22":4538.68994,"23":4542.18994,"24":4540.66016,"25":4533.54004},"close":{"0":4575.54004,"1":4565.58984,"2":4561.68994,"3":4559.47021,"4":4560.08008,"5":4551.8999,"6":4545.25,"7":4542.3501,"8":4541.54004,"9":4539.58984,"10":4539.75,"11":4532.43994,"12":4533.04004,"13":4530.24023,"14":4522.52979,"15":4522.41992,"16":4521.08008,"17":4531.70996,"18":4539.97998,"19":4544.60986,"20":4549.18018,"21":4542.68018,"22":4543.75,"23":4544.20996,"24":4551.97998,"25":4541.95996},"volume":{"0":0,"1":0,"2":0,"3":0,"4":0,"5":0,"6":0,"7":0,"8":0,"9":0,"10":0,"11":0,"12":0,"13":0,"14":0,"15":0,"16":0,"17":0,"18":0,"19":0,"20":0,"21":0,"22":0,"23":0,"24":0,"25":0}}