{"datetime":{"0":1681508700000,"1":1681507800000,"2":1681506900000,"3":1681506000000,"4":1681505100000,"5":1681504200000,"6":1681503300000,"7":1681502400000,"8":1681501500000,"9":1681500600000,"10":1681499700000,"11":1681498800000,"12":1681497900000,"13":1681497000000,"14":1681496100000,"15":1681495200000,"16":1681494300000,"17":1681493400000,"18":1681492500000,"19":1681491600000,"20":1681490700000,"21":1681489800000,"22":1681488900000,"23":1681488000000,"24":1681487100000,"25":1681486200000},"open":{"0":4138.06006,"1":4130.1001,"2":4124.85986,"3":4133.0,"4":4132.43018,"5":4130.77979,"6":4125.25977,"7":4122.16992,"8":4115.31982,"9":4118.50977,"10":4123.6001,"11":4115.47021,"12":4117.25,"13":4123.5,"14":4123.47998,"15":4129.6001,"16":4127.70996,"17":4127.97998,"18":4134.62012,"19":4134.37012,"20":4135.29004,"21":4135.29004,"22":4144.4502,"23":4160.27979,"24":4155.25977,"25":4140.10986},"high":{"0":4139.6499,"1":4138.66016,"2":4131.18018,"3":4133.0498,"4":4133.74023,"5":4133.7002,"6":4130.83984,"7":4125.18994,"8":4123.10986,"9":4118.99023,"10":4127.06006,"11":4124.35986,"12":4117.25,"13":4123.5,"14":4125.62988,"15":4130.12012,"16":4129.79004,"17":4130.62012,"18":4135.50977,"19":4136.62012,"20":4139.31982,"21":4139.08984,"22":4145.75977,"23":4161.45996,"24":4163.18994,"25":4155.87012},"low":{"0":4134.50977,"1":4129.39014,"2":4119.16992,"3":4124.75,"4":4130.0498,"5":4129.0,"6":4125.25977,"7":4119.22998,"8":4114.37988,"9":4113.2002,"10":4118.4502,"11":4114.87988,"12":4113.77002,"13":4117.14014,"14":4122.31982,"15":4123.06982,"16":4125.1001,"17":4125.95996,"18":4127.39014,"19":4128.10986,"20":4129.72998,"21":4130.7998,"22":4133.62012,"23":4139.93994,"24":4154.66016,"25":4138.7998},"close":{"0":4137.47021,"1":4137.97998,"2":4130.10986,"3":4124.83984,"4":4133.00977,"5":4132.43994,"6":4130.7998,"7":4125.18018,"8":4122.16992,"9":4115.22998,"10":4118.4502,"11":4123.60986,"12":4115.43018,"13":4117.27979,"14":4123.50977,"15":4123.5,"16":4129.58984,"17":4127.50977,"18":4127.99023,"19":4134.62988,"20":4134.50977,"21":4135.20996,"22":4135.37988,"23":4145.1001,"24":4160.54004,"25":4155.2002},"volume":{"0":207717840,"1":85127111,"2":70892689,"3":53944414,"4":45821715,"5":51726105,"6":47521852,"7":42962282,"8":41722612,"9":49753967,"10":41756848,"11":41829197,"12":45636916,"13":46578246,"14":46019329,"15":50887888,"16":46781437,"17":53186727,"18":55932166,"19":61232303,"20":66141457,"21":72210557,"22":82370138,"23":102636779,"24":97603963,"25":123836498}}