{"datetime":{"0":1689716700000,"1":1689715800000,"2":1689714900000,"3":1689714000000,"4":1689713100000,"5":1689712200000,"6":1689711300000,"7":1689710400000,"8":1689709500000,"9":1689708600000,"10":1689707700000,"11":1689706800000,"12":1689705900000,"13":1689705000000,"14":1689704100000,"15":1689703200000,"16":1689702300000,"17":1689701400000,"18":1689700500000,"19":1689699600000,"20":1689698700000,"21":1689697800000,"22":1689696900000,"23":1689696000000,"24":1689695100000,"25":1689694200000},"open":{"0":4558.37988,"1":4558.99023,"2":4560.02979,"3":4555.6499,"4":4554.83008,"5":4556.83984,"6":4553.1499,"7":4548.81006,"8":4546.74023,"9":4545.9502,"10":4547.02002,"11":4542.66016,"12":4544.37012,"13":4543.91016,"14":4542.79004,"15":4546.0498,"16":4539.54004,"17":4537.08008,"18":4538.81006,"19":4536.0498,"20":4532.56006,"21":4530.06006,"22":4531.0498,"23":4529.72021,"24":4524.2002,"25":4521.77979},"high":{"0":4562.06006,"1":4559.50977,"2":4562.2998,"3":4560.39014,"4":4557.68018,"5":4558.1499,"6":4556.7998,"7":4553.08984,"8":4548.99023,"9":4548.06006,"10":4548.16016,"11":4547.18994,"12":4544.7002,"13":4545.62012,"14":4544.41016,"15":4546.93994,"16":4547.50977,"17":4541.4502,"18":4539.41016,"19":4540.33008,"20":4536.5498,"21":4533.1499,"22":4531.91992,"23":4532.37988,"24":4529.56006,"25":4525.47021},"low":{"0":4554.39014,"1":4555.99023,"2":4558.41992,"3":4552.27979,"4":4554.70996,"5":4551.95996,"6":4552.1499,"7":4548.37012,"8":4546.0,"9":4545.27979,"10":4544.02002,"11":4542.45996,"12":4541.79004,"13":4542.27002,"14":4538.31006,"15":4542.12012,"16":4539.54004,"17":4534.27979,"18":4536.83984,"19":4536.0498,"20":4532.56006,"21":4527.47021,"22":4528.6001,"23":4529.12012,"24":4522.62012,"25":4514.58984},"close":{"0":4555.64014,"1":4558.33008,"2":4558.99023,"3":4559.97021,"4":4555.68018,"5":4554.8999,"6":4556.7998,"7":4553.08984,"8":4548.8501,"9":4546.74023,"10":4545.91992,"11":4546.99023,"12":4542.66992,"13":4544.39014,"14":4543.77979,"15":4542.8999,"16":4545.99023,"17":4539.43994,"18":4537.10986,"19":4538.79004,"20":4536.02002,"21":4532.58008,"22":4530.00977,"23":4531.16016,"24":4529.52979,"25":4524.06006},"volume":{"0":260449457,"1":103061080,"2":79765645,"3":66785280,"4":56217663,"5":58431103,"6":54436485,"7":49600884,"8":47305825,"9":52806104,"10":49245471,"11":50451541,"12":54606170,"13":63740659,"14":62736113,"15":67935107,"16":76494767,"17":83450272,"18":60568926,"19":69189858,"20":77404794,"21":80987107,"22":87804396,"23":103697158,"24":126570946,"25":191085506}}