{"datetime":{"0":1686174300000,"1":1686173400000,"2":1686172500000,"3":1686171600000,"4":1686170700000,"5":1686169800000,"6":1686168900000,"7":1686168000000,"8":1686167100000,"9":1686166200000,"10":1686165300000,"11":1686164400000,"12":1686163500000,"13":1686162600000,"14":1686161700000,"15":1686160800000,"16":1686159900000,"17":1686159000000,"18":1686158100000,"19":1686157200000,"20":1686156300000,"21":1686155400000,"22":1686154500000,"23":1686153600000,"24":1686152700000,"25":1686151800000},"open":{"0":4268.12012,"1":4271.49023,"2":4269.24023,"3":4272.22998,"4":4269.35986,"5":4272.43018,"6":4272.08984,"7":4269.9502,"8":4267.8501,"9":4268.52002,"10":4268.95996,"11":4271.41992,"12":4277.66016,"13":4271.31982,"14":4274.33008,"15":4271.62988,"16":4276.18018,"17":4280.31006,"18":4279.56006,"19":4278.95996,"20":4276.87988,"21":4286.5,"22":4289.95996,"23":4295.33008,"24":4298.31982,"25":4285.47021},"high":{"0":4271.68994,"1":4273.93018,"2":4274.8501,"3":4273.62988,"4":4272.54004,"5":4272.87012,"6":4276.27979,"7":4274.02979,"8":4270.8999,"9":4268.87988,"10":4270.91992,"11":4274.45996,"12":4277.97998,"13":4277.89014,"14":4275.27979,"15":4276.75977,"16":4279.8501,"17":4284.6001,"18":4280.9502,"19":4281.62012,"20":4280.08984,"21":4288.95996,"22":4290.81982,"23":4296.25977,"24":4299.18994,"25":4298.64014},"low":{"0":4263.99023,"1":4264.89014,"2":4268.2998,"3":4266.75977,"4":4267.24023,"5":4265.91992,"6":4270.8501,"7":4268.81982,"8":4264.89014,"9":4263.95996,"10":4264.33008,"11":4268.16016,"12":4269.33984,"13":4271.31982,"14":4269.16992,"15":4271.3999,"16":4270.93018,"17":4276.18018,"18":4275.56006,"19":4277.3999,"20":4273.22021,"21":4276.56006,"22":4282.5498,"23":4287.72998,"24":4292.27979,"25":4284.97021},"close":{"0":4267.54004,"1":4267.97021,"2":4271.49023,"3":4269.24023,"4":4272.22021,"5":4269.3999,"6":4272.43994,"7":4272.04004,"8":4270.02979,"9":4267.83008,"10":4269.24023,"11":4268.95996,"12":4271.3999,"13":4277.77979,"14":4271.27979,"15":4274.33984,"16":4271.6001,"17":4276.18018,"18":4280.33008,"19":4279.5,"20":4278.89014,"21":4276.91992,"22":4286.47998,"23":4289.93994,"24":4295.31982,"25":4298.29004},"volume":{"0":258006707,"1":113746670,"2":78441648,"3":68832862,"4":58477289,"5":63070158,"6":58630646,"7":56258630,"8":56802547,"9":57637937,"10":60711979,"11":65763855,"12":70468446,"13":66384521,"14":75039763,"15":59985366,"16":67706617,"17":75275667,"18":69203600,"19":795252854,"20":96381111,"21":99723056,"22":99753647,"23":106940069,"24":111179675,"25":162939422}}