{"datetime":{"0":1675719900000,"1":1675719000000,"2":1675718100000,"3":1675717200000,"4":1675716300000,"5":1675715400000,"6":1675714500000,"7":1675713600000,"8":1675712700000,"9":1675711800000,"10":1675710900000,"11":1675710000000,"12":1675709100000,"13":1675708200000,"14":1675707300000,"15":1675706400000,"16":1675705500000,"17":1675704600000,"18":1675703700000,"19":1675702800000,"20":1675701900000,"21":1675701000000,"22":1675700100000,"23":1675699200000,"24":1675698300000,"25":1675697400000},"open":{"0":4108.77979,"1":4103.7002,"2":4106.89014,"3":4114.04004,"4":4112.25,"5":4115.8501,"6":4117.16016,"7":4111.72998,"8":4108.97021,"9":4109.31006,"10":4112.56982,"11":4111.5498,"12":4111.31006,"13":4108.33984,"14":4110.31982,"15":4109.0498,"16":4117.0,"17":4122.08008,"18":4113.4502,"19":4114.60986,"20":4102.12012,"21":4099.72021,"22":4110.02002,"23":4114.87012,"24":4108.33008,"25":4119.56982},"high":{"0":4113.93018,"1":4111.87988,"2":4109.7998,"3":4114.83008,"4":4114.08984,"5":4116.60986,"6":4121.85986,"7":4118.7002,"8":4112.6001,"9":4111.43994,"10":4114.75977,"11":4113.27979,"12":4116.14014,"13":4116.02002,"14":4111.43994,"15":4112.62012,"16":4117.97998,"17":4124.62988,"18":4123.45996,"19":4120.16016,"20":4115.74023,"21":4103.87012,"22":4110.02002,"23":4118.56006,"24":4116.9502,"25":4121.35986},"low":{"0":4105.10986,"1":4099.85986,"2":4102.52979,"3":4106.58984,"4":4109.41016,"5":4109.12988,"6":4115.0498,"7":4111.56006,"8":4106.31006,"9":4106.27979,"10":4109.39014,"11":4104.77002,"12":4110.52979,"13":4108.33984,"14":4105.56982,"15":4105.6499,"16":4108.12012,"17":4115.89014,"18":4113.4502,"19":4112.02979,"20":4100.93018,"21":4093.37988,"22":4098.06982,"23":4109.12012,"24":4107.41016,"25":4106.37012},"close":{"0":4111.2002,"1":4108.79004,"2":4103.72998,"3":4106.91992,"4":4114.08984,"5":4112.27002,"6":4115.89014,"7":4117.1001,"8":4111.75977,"9":4109.00977,"10":4109.39014,"11":4112.56982,"12":4111.52979,"13":4111.2998,"14":4108.22998,"15":4110.41992,"16":4109.0498,"17":4117.0498,"18":4122.12988,"19":4113.62012,"20":4114.5498,"21":4102.18994,"22":4099.93018,"23":4110.08008,"24":4114.58984,"25":4108.47998},"volume":{"0":178167302,"1":98178811,"2":70238648,"3":60063959,"4":53325875,"5":55572056,"6":54794220,"7":54554237,"8":55182388,"9":49100449,"10":48801518,"11":51380419,"12":45128273,"13":48421422,"14":49736296,"15":51916211,"16":56777381,"17":61425146,"18":66066487,"19":68363290,"20":74004216,"21":87168110,"22":90121576,"23":93680085,"24":102947191,"25":132943706}}