{"datetime":{"0":1616532300000,"1":1616531400000,"2":1616530500000,"3":1616529600000,"4":1616528700000,"5":1616527800000,"6":1616526900000,"7":1616526000000,"8":1616525100000,"9":1616524200000,"10":1616523300000,"11":1616522400000,"12":1616521500000,"13":1616520600000,"14":1616519700000,"15":1616518800000,"16":1616517900000,"17":1616517000000,"18":1616516100000,"19":1616515200000,"20":1616514300000,"21":1616513400000,"22":1616512500000,"23":1616511600000,"24":1616510700000,"25":1616509800000},"open":{"0":3907.82007,"1":3907.33008,"2":3914.51001,"3":3919.8999,"4":3929.42993,"5":3936.3999,"6":3934.63989,"7":3933.8999,"8":3934.43994,"9":3944.97998,"10":3947.13989,"11":3945.3999,"12":3941.69995,"13":3940.87012,"14":3938.80005,"15":3943.59009,"16":3941.17993,"17":3948.69995,"18":3945.79004,"19":3938.28003,"20":3930.3999,"21":3942.3999,"22":3942.19995,"23":3938.16992,"24":3936.12012,"25":3934.69995},"high":{"0":3913.19995,"1":3910.32007,"2":3916.19995,"3":3924.69995,"4":3931.69995,"5":3937.3999,"6":3937.19995,"7":3936.3999,"8":3936.19995,"9":3945.3999,"10":3947.8999,"11":3947.69995,"12":3944.69995,"13":3943.19995,"14":3943.72998,"15":3948.69995,"16":3943.69995,"17":3949.69995,"18":3949.19995,"19":3946.54004,"20":3937.69995,"21":3942.3999,"22":3944.93994,"23":3943.21997,"24":3939.41992,"25":3937.69995},"low":{"0":3901.57007,"1":3902.58008,"2":3905.37012,"3":3914.26001,"4":3919.8501,"5":3927.68994,"6":3932.1499,"7":3930.18994,"8":3931.36011,"9":3934.43994,"10":3943.3999,"11":3944.08008,"12":3938.86011,"13":3937.19995,"14":3937.56006,"15":3936.59009,"16":3938.88989,"17":3940.18994,"18":3944.42993,"19":3936.80005,"20":3930.1001,"21":3927.40991,"22":3941.3999,"23":3937.66992,"24":3933.44995,"25":3930.16992},"close":{"0":3911.55005,"1":3907.57007,"2":3908.82007,"3":3914.26001,"4":3919.8501,"5":3929.67993,"6":3936.30005,"7":3935.13989,"8":3933.3999,"9":3934.68994,"10":3944.72998,"11":3946.62988,"12":3944.69995,"13":3941.3999,"14":3940.37988,"15":3939.69995,"16":3942.84009,"17":3941.42993,"18":3948.3999,"19":3945.54004,"20":3937.53003,"21":3930.19995,"22":3942.05005,"23":3942.45996,"24":3939.41992,"25":3936.19995},"volume":{"0":0,"1":0,"2":0,"3":0,"4":0,"5":0,"6":0,"7":0,"8":0,"9":0,"10":0,"11":0,"12":0,"13":0,"14":0,"15":0,"16":0,"17":0,"18":0,"19":0,"20":0,"21":0,"22":0,"23":0,"24":0,"25":0}}