{"datetime":{"0":1677188700000,"1":1677187800000,"2":1677186900000,"3":1677186000000,"4":1677185100000,"5":1677184200000,"6":1677183300000,"7":1677182400000,"8":1677181500000,"9":1677180600000,"10":1677179700000,"11":1677178800000,"12":1677177900000,"13":1677177000000,"14":1677176100000,"15":1677175200000,"16":1677174300000,"17":1677173400000,"18":1677172500000,"19":1677171600000,"20":1677170700000,"21":1677169800000,"22":1677168900000,"23":1677168000000,"24":1677167100000,"25":1677166200000},"open":{"0":4019.27002,"1":4020.22998,"2":4016.1499,"3":4007.52002,"4":4009.86011,"5":4005.03003,"6":3995.21997,"7":3988.33008,"8":3984.30005,"9":3982.57007,"10":3978.61011,"11":3981.8501,"12":3979.93994,"13":3974.80005,"14":3973.18994,"15":3970.77002,"16":3977.67993,"17":3986.08008,"18":3992.69995,"19":3997.45996,"20":4009.73999,"21":4016.71997,"22":4016.08008,"23":4024.95996,"24":4017.12988,"25":4018.6001},"high":{"0":4019.27002,"1":4021.96997,"2":4020.5,"3":4017.09009,"4":4011.62988,"5":4012.15991,"6":4006.13989,"7":3995.3999,"8":3990.09009,"9":3988.12012,"10":3982.84009,"11":3984.53003,"12":3982.29004,"13":3980.72998,"14":3977.55005,"15":3974.0,"16":3980.25,"17":3988.15991,"18":3992.92993,"19":4002.19995,"20":4010.07007,"21":4018.51001,"22":4018.8999,"23":4027.72998,"24":4028.30005,"25":4023.04004},"low":{"0":4010.30005,"1":4017.54004,"2":4012.1499,"3":4007.52002,"4":4005.92993,"5":4005.03003,"6":3995.21997,"7":3985.75,"8":3983.18994,"9":3979.40991,"10":3976.84009,"11":3977.78003,"12":3977.25,"13":3972.73999,"14":3969.95996,"15":3969.18994,"16":3970.44995,"17":3974.79004,"18":3984.30005,"19":3990.19995,"20":3994.96997,"21":4008.6001,"22":4013.69995,"23":4011.69995,"24":4017.12988,"25":4014.62988},"close":{"0":4012.13989,"1":4019.27002,"2":4020.26001,"3":4016.1001,"4":4007.44995,"5":4009.90991,"6":4004.97998,"7":3995.21997,"8":3988.3501,"9":3984.29004,"10":3982.5,"11":3978.58008,"12":3981.79004,"13":3979.92993,"14":3974.78003,"15":3973.29004,"16":3970.6499,"17":3977.82007,"18":3986.09009,"19":3992.42993,"20":3997.44995,"21":4009.83008,"22":4016.73999,"23":4016.08008,"24":4024.52002,"25":4017.08008},"volume":{"0":227867332,"1":96219219,"2":72851136,"3":64718175,"4":55618986,"5":56852972,"6":66141620,"7":55670509,"8":49254107,"9":48569383,"10":45252057,"11":52837214,"12":43977121,"13":53250178,"14":55204601,"15":55969582,"16":70500200,"17":64629326,"18":66241135,"19":73102640,"20":83024510,"21":76647532,"22":77804775,"23":100593351,"24":112794347,"25":119270386}}