{"datetime":{"0":1673300700000,"1":1673299800000,"2":1673298900000,"3":1673298000000,"4":1673297100000,"5":1673296200000,"6":1673295300000,"7":1673294400000,"8":1673293500000,"9":1673292600000,"10":1673291700000,"11":1673290800000,"12":1673289900000,"13":1673289000000,"14":1673288100000,"15":1673287200000,"16":1673286300000,"17":1673285400000,"18":1673284500000,"19":1673283600000,"20":1673282700000,"21":1673281800000,"22":1673280900000,"23":1673280000000,"24":1673279100000,"25":1673278200000},"open":{"0":3898.68994,"1":3897.40991,"2":3897.08008,"3":3902.84009,"4":3914.53003,"5":3919.65991,"6":3918.37988,"7":3918.37012,"8":3917.21997,"9":3933.79004,"10":3933.03003,"11":3936.95996,"12":3932.68994,"13":3942.65991,"14":3942.40991,"15":3947.29004,"16":3944.88989,"17":3949.3501,"18":3948.97998,"19":3939.95996,"20":3940.66992,"21":3928.5,"22":3928.12012,"23":3930.21997,"24":3918.38989,"25":3910.82007},"high":{"0":3898.90991,"1":3898.67993,"2":3904.01001,"3":3905.46997,"4":3915.8999,"5":3920.66992,"6":3921.80005,"7":3924.33008,"8":3918.80005,"9":3933.80005,"10":3936.63989,"11":3937.84009,"12":3937.59009,"13":3943.04004,"14":3942.95996,"15":3947.29004,"16":3949.47998,"17":3950.08008,"18":3950.57007,"19":3949.11011,"20":3946.05005,"21":3940.96997,"22":3934.93994,"23":3934.22998,"24":3930.22998,"25":3920.94995},"low":{"0":3890.41992,"1":3892.33008,"2":3896.18994,"3":3897.09009,"4":3902.08008,"5":3911.92993,"6":3916.19995,"7":3913.47998,"8":3913.0,"9":3916.76001,"10":3931.66992,"11":3929.37012,"12":3932.61011,"13":3932.68994,"14":3938.45996,"15":3941.38989,"16":3944.0,"17":3942.40991,"18":3946.87988,"19":3939.95996,"20":3939.95996,"21":3928.41992,"22":3926.91992,"23":3926.91992,"24":3918.38989,"25":3907.81006},"close":{"0":3892.1499,"1":3898.6499,"2":3897.32007,"3":3897.09009,"4":3903.0,"5":3914.56006,"6":3919.66992,"7":3918.43994,"8":3918.3999,"9":3917.19995,"10":3933.79004,"11":3933.06006,"12":3937.01001,"13":3932.71997,"14":3942.65991,"15":3942.3999,"16":3947.33008,"17":3944.90991,"18":3949.31006,"19":3948.96997,"20":3939.96997,"21":3940.53003,"22":3928.6001,"23":3928.29004,"24":3930.12012,"25":3918.32007},"volume":{"0":250944288,"1":94517340,"2":1759892200,"3":68279766,"4":54557713,"5":51002499,"6":50502744,"7":57943210,"8":58371191,"9":61414772,"10":51926275,"11":54206260,"12":52911198,"13":50739077,"14":53663453,"15":54318658,"16":62787807,"17":70348334,"18":69573137,"19":69263433,"20":714775756,"21":83241469,"22":85608424,"23":101946329,"24":123618133,"25":119002147}}