{"datetime":{"0":1683063900000,"1":1683063000000,"2":1683062100000,"3":1683061200000,"4":1683060300000,"5":1683059400000,"6":1683058500000,"7":1683057600000,"8":1683056700000,"9":1683055800000,"10":1683054900000,"11":1683054000000,"12":1683053100000,"13":1683052200000,"14":1683051300000,"15":1683050400000,"16":1683049500000,"17":1683048600000,"18":1683047700000,"19":1683046800000,"20":1683045900000,"21":1683045000000,"22":1683044100000,"23":1683043200000,"24":1683042300000,"25":1683041400000},"open":{"0":4120.89014,"1":4124.5,"2":4125.64014,"3":4122.10986,"4":4115.77002,"5":4113.27979,"6":4110.06006,"7":4119.62012,"8":4116.29004,"9":4113.83984,"10":4109.06006,"11":4108.1001,"12":4105.4502,"13":4104.06006,"14":4101.22021,"15":4098.3999,"16":4102.02979,"17":4095.37988,"18":4098.02979,"19":4101.93994,"20":4109.68018,"21":4120.29004,"22":4131.2998,"23":4150.47021,"24":4151.8999,"25":4164.1001},"high":{"0":4124.2002,"1":4124.5,"2":4126.56006,"3":4126.56006,"4":4122.52979,"5":4117.0,"6":4114.79004,"7":4119.9502,"8":4123.66016,"9":4116.8999,"10":4114.8501,"11":4111.52002,"12":4109.58984,"13":4107.41016,"14":4104.6001,"15":4101.22021,"16":4104.75977,"17":4102.43994,"18":4100.52002,"19":4103.0,"20":4111.18018,"21":4120.29004,"22":4133.56006,"23":4151.43994,"24":4153.43018,"25":4164.1001},"low":{"0":4116.02002,"1":4118.22998,"2":4119.91992,"3":4117.91992,"4":4115.68018,"5":4111.77979,"6":4109.56982,"7":4109.41992,"8":4116.29004,"9":4112.22021,"10":4109.06006,"11":4106.25977,"12":4104.49023,"13":4102.60986,"14":4097.68994,"15":4095.78003,"16":4094.33008,"17":4089.71997,"18":4093.20996,"19":4093.25,"20":4101.24023,"21":4108.0498,"22":4117.6001,"23":4128.87988,"24":4147.43994,"25":4149.70996},"close":{"0":4119.0498,"1":4120.8501,"2":4124.52979,"3":4125.62012,"4":4121.91016,"5":4115.75,"6":4113.22021,"7":4109.75977,"8":4119.6001,"9":4116.27002,"10":4113.83008,"11":4109.02979,"12":4108.16992,"13":4105.47021,"14":4104.10986,"15":4101.22021,"16":4098.5,"17":4102.04004,"18":4095.36011,"19":4097.91016,"20":4102.02979,"21":4109.56006,"22":4120.31982,"23":4131.3501,"24":4150.12012,"25":4152.33984},"volume":{"0":249183753,"1":108292368,"2":76930064,"3":70646978,"4":58536400,"5":56183069,"6":56320444,"7":64816966,"8":60215881,"9":54342161,"10":53842213,"11":54780717,"12":55041355,"13":56248613,"14":59090154,"15":64091953,"16":76928011,"17":91771288,"18":90624040,"19":95664722,"20":99625947,"21":112946634,"22":117847640,"23":120175463,"24":114283286,"25":121372588}}