{"datetime":{"0":1658958300000,"1":1658957400000,"2":1658956500000,"3":1658955600000,"4":1658954700000,"5":1658953800000,"6":1658952900000,"7":1658952000000,"8":1658951100000,"9":1658950200000,"10":1658949300000,"11":1658948400000,"12":1658947500000,"13":1658946600000,"14":1658945700000,"15":1658944800000,"16":1658943900000,"17":1658943000000,"18":1658942100000,"19":1658941200000,"20":1658940300000,"21":1658939400000,"22":1658938500000,"23":1658937600000,"24":1658936700000,"25":1658935800000},"open":{"0":4034.88989,"1":4039.1499,"2":4019.13989,"3":4009.54004,"4":4011.28003,"5":3977.73999,"6":3973.6499,"7":3974.37988,"8":3973.52002,"9":3973.29004,"10":3972.6001,"11":3972.1499,"12":3976.20996,"13":3979.87012,"14":3979.38989,"15":3978.37012,"16":3975.86011,"17":3972.95996,"18":3973.51001,"19":3972.93994,"20":3967.09009,"21":3968.6499,"22":3966.95996,"23":3965.16992,"24":3964.36011,"25":3951.42993},"high":{"0":4035.75,"1":4039.56006,"2":4038.71997,"3":4023.73999,"4":4018.6499,"5":4010.88989,"6":3979.95996,"7":3986.02002,"8":3976.82007,"9":3975.91992,"10":3973.31006,"11":3973.20996,"12":3977.06006,"13":3980.19995,"14":3982.16992,"15":3980.33008,"16":3979.8501,"17":3977.84009,"18":3975.51001,"19":3979.1001,"20":3972.95996,"21":3970.37012,"22":3970.97998,"23":3969.63989,"24":3967.8501,"25":3965.78003},"low":{"0":4021.59009,"1":4030.59009,"2":4018.1001,"3":4007.32007,"4":4004.62988,"5":3967.1499,"6":3972.61011,"7":3967.21997,"8":3972.31006,"9":3972.13989,"10":3969.62012,"11":3968.62012,"12":3971.8501,"13":3975.76001,"14":3978.36011,"15":3977.43994,"16":3974.63989,"17":3972.95996,"18":3969.84009,"19":3971.86011,"20":3966.6499,"21":3965.01001,"22":3966.09009,"23":3961.83008,"24":3963.12012,"25":3951.42993},"close":{"0":4021.59009,"1":4034.67993,"2":4038.71997,"3":4019.22998,"4":4009.51001,"5":4010.88989,"6":3977.75,"7":3973.62988,"8":3974.45996,"9":3973.52002,"10":3973.17993,"11":3972.58008,"12":3972.16992,"13":3976.18994,"14":3979.86011,"15":3979.48999,"16":3978.34009,"17":3975.73999,"18":3973.01001,"19":3973.41992,"20":3972.77002,"21":3967.05005,"22":3968.57007,"23":3967.03003,"24":3965.30005,"25":3964.6001},"volume":{"0":270521938,"1":125281211,"2":112927178,"3":87829636,"4":97378219,"5":113035779,"6":53710095,"7":69043012,"8":44874274,"9":42983295,"10":40592209,"11":47500281,"12":41162662,"13":41546525,"14":46473890,"15":51877325,"16":52621049,"17":54345812,"18":56955423,"19":63892185,"20":63614772,"21":67851965,"22":73008988,"23":89401410,"24":99684247,"25":125075667}}