{"datetime":{"0":1658785500000,"1":1658784600000,"2":1658783700000,"3":1658782800000,"4":1658781900000,"5":1658781000000,"6":1658780100000,"7":1658779200000,"8":1658778300000,"9":1658777400000,"10":1658776500000,"11":1658775600000,"12":1658774700000,"13":1658773800000,"14":1658772900000,"15":1658772000000,"16":1658771100000,"17":1658770200000,"18":1658769300000,"19":1658768400000,"20":1658767500000,"21":1658766600000,"22":1658765700000,"23":1658764800000,"24":1658763900000,"25":1658763000000},"open":{"0":3954.13989,"1":3947.56006,"2":3946.84009,"3":3948.84009,"4":3956.42993,"5":3953.75,"6":3957.3501,"7":3956.38989,"8":3961.05005,"9":3965.71997,"10":3971.27002,"11":3969.38989,"12":3970.18994,"13":3963.95996,"14":3961.68994,"15":3970.1001,"16":3969.48999,"17":3966.92993,"18":3956.37012,"19":3963.44995,"20":3963.09009,"21":3957.12012,"22":3964.12988,"23":3966.90991,"24":3967.26001,"25":3965.71997},"high":{"0":3968.57007,"1":3956.04004,"2":3952.69995,"3":3951.98999,"4":3956.73999,"5":3957.90991,"6":3957.3501,"7":3958.03003,"8":3962.13989,"9":3966.69995,"10":3971.37988,"11":3973.68994,"12":3975.30005,"13":3972.22998,"14":3964.03003,"15":3972.05005,"16":3973.62012,"17":3972.1499,"18":3967.62988,"19":3966.48999,"20":3967.29004,"21":3963.51001,"22":3964.12988,"23":3969.72998,"24":3971.58008,"25":3969.33008},"low":{"0":3953.46997,"1":3946.33008,"2":3944.75,"3":3943.45996,"4":3948.05005,"5":3951.8501,"6":3952.0,"7":3954.27002,"8":3956.44995,"9":3959.25,"10":3965.76001,"11":3969.13989,"12":3969.22998,"13":3963.63989,"14":3958.97998,"15":3961.26001,"16":3967.8999,"17":3966.38989,"18":3954.28003,"19":3955.66992,"20":3962.04004,"21":3950.80005,"22":3949.91992,"23":3959.22998,"24":3960.42993,"25":3951.93994},"close":{"0":3966.19995,"1":3954.31006,"2":3947.75,"3":3946.95996,"4":3948.31006,"5":3956.40991,"6":3953.71997,"7":3957.37988,"8":3956.46997,"9":3961.0,"10":3965.76001,"11":3971.26001,"12":3969.3999,"13":3970.1499,"14":3963.87988,"15":3961.70996,"16":3970.12012,"17":3969.54004,"18":3967.33008,"19":3956.37988,"20":3963.47998,"21":3963.18994,"22":3956.93994,"23":3964.13989,"24":3966.83008,"25":3967.31006},"volume":{"0":209814988,"1":87446333,"2":60283739,"3":56082546,"4":43909637,"5":41400921,"6":39582882,"7":38684473,"8":40310170,"9":39367320,"10":40127092,"11":39138607,"12":40945640,"13":42378202,"14":42233728,"15":47376803,"16":46137220,"17":63727019,"18":52199498,"19":57316042,"20":59248791,"21":62602728,"22":78836842,"23":80845246,"24":91181984,"25":115156276}}