{"datetime":{"0":1682459100000,"1":1682458200000,"2":1682457300000,"3":1682456400000,"4":1682455500000,"5":1682454600000,"6":1682453700000,"7":1682452800000,"8":1682451900000,"9":1682451000000,"10":1682450100000,"11":1682449200000,"12":1682448300000,"13":1682447400000,"14":1682446500000,"15":1682445600000,"16":1682444700000,"17":1682443800000,"18":1682442900000,"19":1682442000000,"20":1682441100000,"21":1682440200000,"22":1682439300000,"23":1682438400000,"24":1682437500000,"25":1682436600000},"open":{"0":4075.1001,"1":4080.20996,"2":4081.44995,"3":4077.61011,"4":4077.8501,"5":4082.90991,"6":4079.5,"7":4081.20996,"8":4085.08008,"9":4086.3999,"10":4090.68994,"11":4097.83008,"12":4100.77979,"13":4099.95996,"14":4100.22998,"15":4101.70996,"16":4103.72021,"17":4107.27979,"18":4112.7002,"19":4109.75,"20":4105.33008,"21":4107.58984,"22":4108.31982,"23":4114.00977,"24":4122.08008,"25":4126.43018},"high":{"0":4078.08008,"1":4082.46997,"2":4085.15991,"3":4082.02002,"4":4082.3999,"5":4084.97998,"6":4082.96997,"7":4083.30005,"8":4085.62012,"9":4086.3999,"10":4090.94995,"11":4100.25977,"12":4100.81006,"13":4101.06982,"14":4103.85986,"15":4103.08984,"16":4105.66016,"17":4107.27979,"18":4115.12012,"19":4112.9502,"20":4110.58008,"21":4108.0,"22":4109.87988,"23":4118.66016,"24":4122.08008,"25":4126.43018},"low":{"0":4071.37988,"1":4074.21997,"2":4079.3999,"3":4076.62012,"4":4077.26001,"5":4077.63989,"6":4077.06006,"7":4078.21997,"8":4079.79004,"9":4083.08008,"10":4081.37012,"11":4090.76001,"12":4095.97998,"13":4097.0,"14":4099.7002,"15":4099.7998,"16":4101.16016,"17":4101.93994,"18":4106.91992,"19":4107.3999,"20":4104.50977,"21":4102.75,"22":4105.89014,"23":4106.0498,"24":4112.0498,"25":4119.06982},"close":{"0":4071.97998,"1":4075.23999,"2":4080.37012,"3":4081.45996,"4":4077.61011,"5":4077.87988,"6":4082.91992,"7":4079.43994,"8":4081.23999,"9":4085.09009,"10":4086.40991,"11":4090.76001,"12":4097.83008,"13":4100.79004,"14":4100.33008,"15":4100.18994,"16":4101.77002,"17":4103.72021,"18":4107.33984,"19":4112.68994,"20":4109.58984,"21":4105.31982,"22":4107.41992,"23":4108.41992,"24":4114.06006,"25":4122.12988},"volume":{"0":271978036,"1":131709226,"2":79996235,"3":72000926,"4":60801383,"5":67501544,"6":60234357,"7":65768280,"8":57101010,"9":58695527,"10":82344795,"11":69431838,"12":58357562,"13":54821312,"14":48864425,"15":56216574,"16":61093621,"17":64113444,"18":66835870,"19":770930851,"20":67942236,"21":77637265,"22":86043358,"23":97281376,"24":106074263,"25":129226782}}