{"datetime":{"0":1641505500000,"1":1641504600000,"2":1641503700000,"3":1641502800000,"4":1641501900000,"5":1641501000000,"6":1641500100000,"7":1641499200000,"8":1641498300000,"9":1641497400000,"10":1641496500000,"11":1641495600000,"12":1641494700000,"13":1641493800000,"14":1641492900000,"15":1641492000000,"16":1641491100000,"17":1641490200000,"18":1641489300000,"19":1641488400000,"20":1641487500000,"21":1641486600000,"22":1641485700000,"23":1641484800000,"24":1641483900000,"25":1641483000000},"open":{"0":4699.6001,"1":4706.93994,"2":4710.81006,"3":4711.43018,"4":4706.99023,"5":4704.74023,"6":4702.7002,"7":4708.2002,"8":4705.18994,"9":4703.83984,"10":4715.52002,"11":4713.41992,"12":4724.06982,"13":4713.62988,"14":4710.02979,"15":4709.3999,"16":4702.04004,"17":4703.87988,"18":4709.8501,"19":4704.5498,"20":4703.33008,"21":4694.72021,"22":4680.66992,"23":4686.47998,"24":4716.79004,"25":4693.39014},"high":{"0":4701.08984,"1":4708.18994,"2":4711.3501,"3":4718.6499,"4":4713.87988,"5":4708.75,"6":4706.62988,"7":4712.62012,"8":4708.50977,"9":4706.87988,"10":4715.52002,"11":4716.52979,"12":4725.00977,"13":4724.16992,"14":4714.22998,"15":4713.83984,"16":4710.4502,"17":4705.8501,"18":4716.33984,"19":4711.72998,"20":4712.49023,"21":4708.83984,"22":4702.68994,"23":4690.8501,"24":4717.37012,"25":4720.74023},"low":{"0":4688.41016,"1":4695.2998,"2":4701.10986,"3":4710.62012,"4":4706.99023,"5":4703.41016,"6":4701.18994,"7":4700.66992,"8":4703.12012,"9":4701.77002,"10":4703.43018,"11":4710.9502,"12":4713.08008,"13":4710.56006,"14":4707.04004,"15":4704.5498,"16":4699.52002,"17":4698.12988,"18":4700.83984,"19":4698.3501,"20":4702.06982,"21":4694.72021,"22":4680.5498,"23":4671.25977,"24":4684.72998,"25":4692.93994},"close":{"0":4696.25,"1":4699.72021,"2":4707.06006,"3":4710.79004,"4":4711.49023,"5":4706.87012,"6":4704.47998,"7":4702.68018,"8":4708.22021,"9":4705.22998,"10":4703.81982,"11":4715.52979,"12":4713.33984,"13":4723.97998,"14":4713.62988,"15":4710.00977,"16":4709.16992,"17":4702.12988,"18":4704.16016,"19":4709.8999,"20":4704.37988,"21":4703.20996,"22":4694.8999,"23":4680.72998,"24":4686.29004,"25":4716.54004},"volume":{"0":2006698683,"1":97820035,"2":72711150,"3":64024067,"4":57954424,"5":52780886,"6":49930550,"7":60529504,"8":48632077,"9":46637829,"10":46942482,"11":42745344,"12":46196520,"13":53748738,"14":48372191,"15":50452285,"16":55900107,"17":59406506,"18":71672505,"19":75426967,"20":79023045,"21":91107446,"22":105431825,"23":123488711,"24":332652488,"25":163645468}}