{"datetime":{"0":1612475100000,"1":1612474200000,"2":1612473300000,"3":1612472400000,"4":1612471500000,"5":1612470600000,"6":1612469700000,"7":1612468800000,"8":1612467900000,"9":1612467000000,"10":1612466100000,"11":1612465200000,"12":1612464300000,"13":1612463400000,"14":1612462500000,"15":1612461600000,"16":1612460700000,"17":1612459800000,"18":1612458900000,"19":1612458000000,"20":1612457100000,"21":1612456200000,"22":1612455300000,"23":1612454400000,"24":1612453500000,"25":1612452600000},"open":{"0":3861.87988,"1":3861.6001,"2":3861.3999,"3":3863.6001,"4":3863.36011,"5":3862.67993,"6":3862.8999,"7":3862.43994,"8":3862.34009,"9":3861.65991,"10":3861.95996,"11":3857.93994,"12":3858.55005,"13":3858.13989,"14":3858.36011,"15":3856.46997,"16":3854.68994,"17":3855.90991,"18":3854.13989,"19":3853.18994,"20":3849.38989,"21":3847.84009,"22":3850.97998,"23":3849.54004,"24":3841.28003,"25":3836.65991},"high":{"0":3872.61011,"1":3864.37012,"2":3862.1001,"3":3864.3999,"4":3864.8999,"5":3864.3999,"6":3863.3999,"7":3864.55005,"8":3864.01001,"9":3863.25,"10":3862.79004,"11":3861.96997,"12":3859.12988,"13":3860.5,"14":3859.62988,"15":3859.04004,"16":3858.23999,"17":3857.32007,"18":3858.12012,"19":3857.51001,"20":3854.6499,"21":3850.23999,"22":3854.75,"23":3852.79004,"24":3849.81006,"25":3845.58008},"low":{"0":3861.63989,"1":3860.6001,"2":3859.8999,"3":3860.94995,"4":3861.79004,"5":3862.62988,"6":3861.41992,"7":3862.38989,"8":3862.1001,"9":3861.65991,"10":3860.95996,"11":3857.71997,"12":3856.92993,"13":3858.08008,"14":3857.45996,"15":3856.46997,"16":3854.1001,"17":3854.45996,"18":3854.1001,"19":3852.46997,"20":3848.56006,"21":3846.86011,"22":3847.72998,"23":3846.1499,"24":3840.72998,"25":3836.65991},"close":{"0":3871.11011,"1":3862.12988,"2":3861.8999,"3":3861.6001,"4":3863.8999,"5":3863.11011,"6":3862.42993,"7":3863.1001,"8":3862.47998,"9":3862.33008,"10":3861.63989,"11":3861.95996,"12":3857.93994,"13":3858.41992,"14":3858.12012,"15":3858.3501,"16":3856.48999,"17":3854.58008,"18":3855.87012,"19":3854.18994,"20":3853.26001,"21":3849.33008,"22":3847.78003,"23":3850.97998,"24":3849.54004,"25":3841.3999},"volume":{"0":0,"1":0,"2":0,"3":0,"4":0,"5":0,"6":3711215,"7":52930718,"8":47906855,"9":48653454,"10":46416994,"11":48396969,"12":49199833,"13":55349371,"14":47951320,"15":53970374,"16":53908530,"17":63573523,"18":65515236,"19":78920669,"20":72594914,"21":80726646,"22":89619509,"23":107955369,"24":117634327,"25":146830152}}