{"datetime":{"0":1605303900000,"1":1605303000000,"2":1605302100000,"3":1605301200000,"4":1605300300000,"5":1605299400000,"6":1605298500000,"7":1605297600000,"8":1605296700000,"9":1605295800000,"10":1605294900000,"11":1605294000000,"12":1605293100000,"13":1605292200000,"14":1605291300000,"15":1605290400000,"16":1605289500000,"17":1605288600000,"18":1605287700000,"19":1605286800000,"20":1605285900000,"21":1605285000000,"22":1605284100000,"23":1605283200000,"24":1605282300000,"25":1605281400000},"open":{"0":3592.12988,"1":3581.75,"2":3580.1001,"3":3581.78003,"4":3578.44995,"5":3577.78003,"6":3571.46997,"7":3570.93994,"8":3572.36011,"9":3573.92993,"10":3570.98999,"11":3572.16992,"12":3569.96997,"13":3567.40991,"14":3568.69995,"15":3568.0,"16":3565.0,"17":3561.86011,"18":3561.11011,"19":3557.02002,"20":3561.37012,"21":3563.86011,"22":3561.87988,"23":3565.75,"24":3564.34009,"25":3552.57007},"high":{"0":3593.22998,"1":3593.65991,"2":3582.25,"3":3582.38989,"4":3582.51001,"5":3580.16992,"6":3580.78003,"7":3574.31006,"8":3573.05005,"9":3574.36011,"10":3575.84009,"11":3573.53003,"12":3572.16992,"13":3570.70996,"14":3568.70996,"15":3570.08008,"16":3569.08008,"17":3566.12988,"18":3565.07007,"19":3563.54004,"20":3562.8999,"21":3563.91992,"22":3563.93994,"23":3566.37988,"24":3567.33008,"25":3565.84009},"low":{"0":3583.02002,"1":3581.12988,"2":3575.33008,"3":3577.41992,"4":3575.37012,"5":3576.94995,"6":3569.52002,"7":3570.56006,"8":3570.61011,"9":3570.52002,"10":3570.98999,"11":3571.0,"12":3569.20996,"13":3566.77002,"14":3565.93994,"15":3567.69995,"16":3564.86011,"17":3559.44995,"18":3559.40991,"19":3557.02002,"20":3552.90991,"21":3556.44995,"22":3556.33008,"23":3560.5,"24":3563.42993,"25":3552.57007},"close":{"0":3585.20996,"1":3592.1499,"2":3581.75,"3":3580.1001,"4":3581.96997,"5":3578.41992,"6":3577.69995,"7":3571.52002,"8":3570.93994,"9":3572.38989,"10":3573.92993,"11":3571.0,"12":3572.16992,"13":3569.94995,"14":3567.3501,"15":3568.71997,"16":3568.03003,"17":3565.11011,"18":3561.8501,"19":3561.09009,"20":3556.95996,"21":3561.42993,"22":3563.87012,"23":3562.01001,"24":3565.67993,"25":3564.22998},"volume":{"0":225641061,"1":112929534,"2":68063130,"3":60788213,"4":62184025,"5":51269343,"6":60592530,"7":58000946,"8":73712447,"9":54173938,"10":58004187,"11":58493184,"12":47323226,"13":49637968,"14":45400487,"15":62996871,"16":58218424,"17":62964647,"18":62456420,"19":59844709,"20":67291897,"21":75528880,"22":77752426,"23":105161518,"24":111117952,"25":119713708}}