{"datetime":{"0":1671054300000,"1":1671053400000,"2":1671052500000,"3":1671051600000,"4":1671050700000,"5":1671049800000,"6":1671048900000,"7":1671048000000,"8":1671047100000,"9":1671046200000,"10":1671045300000,"11":1671044400000,"12":1671043500000,"13":1671042600000,"14":1671041700000,"15":1671040800000,"16":1671039900000,"17":1671039000000,"18":1671038100000,"19":1671037200000,"20":1671036300000,"21":1671035400000,"22":1671034500000,"23":1671033600000,"24":1671032700000,"25":1671031800000},"open":{"0":3996.84009,"1":3988.48999,"2":4026.09009,"3":3989.6001,"4":3993.0,"5":4002.81006,"6":4004.33008,"7":4048.73999,"8":4051.72998,"9":4041.34009,"10":4040.05005,"11":4036.01001,"12":4040.48999,"13":4038.34009,"14":4040.53003,"15":4042.23999,"16":4048.47998,"17":4048.92993,"18":4044.59009,"19":4042.76001,"20":4042.81006,"21":4041.45996,"22":4042.29004,"23":4039.53003,"24":4028.51001,"25":4015.54004},"high":{"0":4009.3999,"1":3996.61011,"2":4027.06006,"3":4034.87012,"4":3993.58008,"5":4004.38989,"6":4007.78003,"7":4048.75,"8":4053.76001,"9":4053.05005,"10":4042.20996,"11":4043.6001,"12":4040.48999,"13":4041.25,"14":4041.66992,"15":4042.79004,"16":4048.53003,"17":4050.37988,"18":4049.28003,"19":4049.20996,"20":4044.95996,"21":4044.41992,"22":4043.72998,"23":4042.95996,"24":4039.5,"25":4032.80005},"low":{"0":3988.96997,"1":3978.56006,"2":3988.52002,"3":3985.57007,"4":3972.34009,"5":3965.6499,"6":3998.07007,"7":3989.18994,"8":4046.12988,"9":4041.22998,"10":4037.03003,"11":4035.53003,"12":4036.05005,"13":4036.37012,"14":4036.69995,"15":4039.25,"16":4041.78003,"17":4046.6001,"18":4042.16992,"19":4041.3501,"20":4040.07007,"21":4036.25,"22":4038.72998,"23":4035.23999,"24":4025.72998,"25":4015.54004},"close":{"0":3995.04004,"1":3996.6001,"2":3988.52002,"3":4025.46997,"4":3989.72998,"5":3992.76001,"6":4002.93994,"7":4003.77002,"8":4048.8999,"9":4051.70996,"10":4041.34009,"11":4040.02002,"12":4036.05005,"13":4040.42993,"14":4038.3999,"15":4040.51001,"16":4042.23999,"17":4048.5,"18":4048.90991,"19":4044.56006,"20":4042.34009,"21":4042.84009,"22":4041.46997,"23":4042.33008,"24":4038.1001,"25":4028.59009},"volume":{"0":244094582,"1":120616159,"2":99064921,"3":110366488,"4":94596574,"5":137647894,"6":76925610,"7":135289026,"8":50546447,"9":58896060,"10":43656413,"11":42321393,"12":40114835,"13":40083165,"14":46814752,"15":46098257,"16":50909450,"17":55043368,"18":70456056,"19":593208176,"20":62969109,"21":71805398,"22":70800970,"23":76924907,"24":89655923,"25":90843360}}