{"datetime":{"0":1680212700000,"1":1680211800000,"2":1680210900000,"3":1680210000000,"4":1680209100000,"5":1680208200000,"6":1680207300000,"7":1680206400000,"8":1680205500000,"9":1680204600000,"10":1680203700000,"11":1680202800000,"12":1680201900000,"13":1680201000000,"14":1680200100000,"15":1680199200000,"16":1680198300000,"17":1680197400000,"18":1680196500000,"19":1680195600000,"20":1680194700000,"21":1680193800000,"22":1680192900000,"23":1680192000000,"24":1680191100000,"25":1680190200000},"open":{"0":4049.78003,"1":4049.07007,"2":4045.8999,"3":4045.97998,"4":4044.45996,"5":4045.45996,"6":4040.54004,"7":4037.40991,"8":4035.07007,"9":4038.68994,"10":4041.1001,"11":4038.12012,"12":4036.84009,"13":4042.43994,"14":4044.88989,"15":4045.32007,"16":4048.61011,"17":4049.20996,"18":4048.12988,"19":4050.19995,"20":4053.56006,"21":4052.96997,"22":4044.38989,"23":4055.57007,"24":4051.61011,"25":4046.73999},"high":{"0":4051.90991,"1":4051.67993,"2":4050.11011,"3":4048.37988,"4":4046.25,"5":4049.09009,"6":4045.75,"7":4040.82007,"8":4037.81006,"9":4038.68994,"10":4042.27002,"11":4041.52002,"12":4041.34009,"13":4042.43994,"14":4044.88989,"15":4046.6001,"16":4048.61011,"17":4049.42993,"18":4051.75,"19":4054.41992,"20":4054.21997,"21":4056.36011,"22":4054.80005,"23":4057.8501,"24":4055.3999,"25":4055.97998},"low":{"0":4047.3501,"1":4048.37012,"2":4044.06006,"3":4043.45996,"4":4043.18994,"5":4044.33008,"6":4039.29004,"7":4036.80005,"8":4032.1001,"9":4032.51001,"10":4038.1001,"11":4037.0,"12":4035.01001,"13":4036.1499,"14":4041.47998,"15":4042.03003,"16":4042.31006,"17":4045.42993,"18":4046.45996,"19":4047.8501,"20":4049.21997,"21":4048.90991,"22":4042.91992,"23":4043.08008,"24":4050.6499,"25":4046.73999},"close":{"0":4050.3999,"1":4049.78003,"2":4049.17993,"3":4045.87012,"4":4046.02002,"5":4044.45996,"6":4045.47998,"7":4040.5,"8":4037.44995,"9":4035.05005,"10":4038.67993,"11":4041.12012,"12":4038.13989,"13":4036.81006,"14":4042.42993,"15":4044.8999,"16":4045.36011,"17":4048.73999,"18":4049.25,"19":4048.13989,"20":4050.20996,"21":4053.53003,"22":4053.0,"23":4044.38989,"24":4054.94995,"25":4051.62988},"volume":{"0":201526595,"1":84936378,"2":57347170,"3":54817384,"4":43456734,"5":50973115,"6":49788069,"7":44034669,"8":46998462,"9":51252565,"10":48519316,"11":41898716,"12":43754580,"13":55829914,"14":49935712,"15":47547440,"16":57710459,"17":52646182,"18":58902288,"19":69922634,"20":69157114,"21":71680540,"22":79196455,"23":99162245,"24":102692685,"25":125500085}}