{"datetime":{"0":1641937500000,"1":1641936600000,"2":1641935700000,"3":1641934800000,"4":1641933900000,"5":1641933000000,"6":1641932100000,"7":1641931200000,"8":1641930300000,"9":1641929400000,"10":1641928500000,"11":1641927600000,"12":1641926700000,"13":1641925800000,"14":1641924900000,"15":1641924000000,"16":1641923100000,"17":1641922200000,"18":1641921300000,"19":1641920400000,"20":1641919500000,"21":1641918600000,"22":1641917700000,"23":1641916800000,"24":1641915900000,"25":1641915000000},"open":{"0":4708.58008,"1":4710.75977,"2":4710.27979,"3":4705.33008,"4":4703.43994,"5":4700.33984,"6":4696.89014,"7":4701.1001,"8":4699.02979,"9":4697.2002,"10":4692.3999,"11":4694.04004,"12":4691.18018,"13":4684.2998,"14":4694.49023,"15":4692.12988,"16":4693.22998,"17":4681.83008,"18":4671.47021,"19":4650.47021,"20":4641.8999,"21":4656.8999,"22":4657.35986,"23":4644.56006,"24":4645.41992,"25":4669.14014},"high":{"0":4714.12988,"1":4713.22021,"2":4712.1499,"3":4712.27979,"4":4709.72021,"5":4703.4502,"6":4700.6001,"7":4701.62012,"8":4701.87012,"9":4699.58984,"10":4699.47021,"11":4694.04004,"12":4694.54004,"13":4691.2002,"14":4695.83984,"15":4694.5498,"16":4693.52002,"17":4696.72021,"18":4683.10986,"19":4671.43994,"20":4651.52002,"21":4664.93994,"22":4661.6001,"23":4662.06006,"24":4654.06982,"25":4670.85986},"low":{"0":4702.29004,"1":4705.56006,"2":4708.58984,"3":4705.33008,"4":4703.22021,"5":4697.33008,"6":4696.18018,"7":4694.14014,"8":4697.74023,"9":4696.74023,"10":4692.06006,"11":4686.70996,"12":4689.54004,"13":4683.3501,"14":4683.20996,"15":4690.43994,"16":4685.5498,"17":4679.12012,"18":4670.20996,"19":4650.18018,"20":4640.68994,"21":4640.45996,"22":4651.62012,"23":4643.31982,"24":4638.27002,"25":4640.2002},"close":{"0":4712.87012,"1":4708.58008,"2":4710.77002,"3":4710.27979,"4":4705.35986,"5":4703.39014,"6":4700.3501,"7":4696.83008,"8":4701.12988,"9":4699.0498,"10":4697.12012,"11":4692.43994,"12":4693.99023,"13":4691.12988,"14":4684.2998,"15":4694.50977,"16":4692.0498,"17":4693.0498,"18":4681.81006,"19":4671.43994,"20":4650.54004,"21":4642.04004,"22":4656.33008,"23":4657.06982,"24":4644.27002,"25":4645.62012},"volume":{"0":215670521,"1":93940852,"2":71523061,"3":59643111,"4":53995349,"5":50214810,"6":43936915,"7":52792106,"8":42206693,"9":43937996,"10":46693228,"11":47855684,"12":49708184,"13":54753577,"14":1008861642,"15":56826480,"16":63899760,"17":75765812,"18":73696463,"19":81052193,"20":65173325,"21":78079692,"22":79676731,"23":93343350,"24":102479243,"25":156442469}}