{"datetime":{"0":1678913100000,"1":1678912200000,"2":1678911300000,"3":1678910400000,"4":1678909500000,"5":1678908600000,"6":1678907700000,"7":1678906800000,"8":1678905900000,"9":1678905000000,"10":1678904100000,"11":1678903200000,"12":1678902300000,"13":1678901400000,"14":1678900500000,"15":1678899600000,"16":1678898700000,"17":1678897800000,"18":1678896900000,"19":1678896000000,"20":1678895100000,"21":1678894200000,"22":1678893300000,"23":1678892400000,"24":1678891500000,"25":1678890600000},"open":{"0":3878.47998,"1":3888.37012,"2":3881.03003,"3":3887.66992,"4":3886.36011,"5":3885.1499,"6":3860.09009,"7":3865.52002,"8":3856.29004,"9":3864.81006,"10":3858.62988,"11":3842.63989,"12":3847.95996,"13":3849.45996,"14":3849.20996,"15":3858.46997,"16":3865.78003,"17":3863.77002,"18":3868.88989,"19":3862.6499,"20":3851.72998,"21":3861.05005,"22":3861.69995,"23":3857.30005,"24":3875.31006,"25":3876.73999},"high":{"0":3893.06006,"1":3891.02002,"2":3891.21997,"3":3894.26001,"4":3890.20996,"5":3892.62012,"6":3894.17993,"7":3866.18994,"8":3869.8999,"9":3865.78003,"10":3865.78003,"11":3858.63989,"12":3851.94995,"13":3855.94995,"14":3853.29004,"15":3862.87012,"16":3874.36011,"17":3869.12988,"18":3873.81006,"19":3870.29004,"20":3863.38989,"21":3865.59009,"22":3869.78003,"23":3874.18994,"24":3877.15991,"25":3876.73999},"low":{"0":3869.11011,"1":3869.5,"2":3877.78003,"3":3874.88989,"4":3875.1499,"5":3880.98999,"6":3855.88989,"7":3858.92993,"8":3852.5,"9":3854.59009,"10":3857.58008,"11":3839.62012,"12":3838.23999,"13":3844.37988,"14":3843.79004,"15":3846.82007,"16":3857.18994,"17":3858.52002,"18":3861.97998,"19":3858.05005,"20":3844.56006,"21":3848.31006,"22":3855.61011,"23":3852.59009,"24":3853.55005,"25":3858.31006},"close":{"0":3893.06006,"1":3878.34009,"2":3888.23999,"3":3880.84009,"4":3887.68994,"5":3886.21997,"6":3885.26001,"7":3860.13989,"8":3865.6499,"9":3856.32007,"10":3864.8501,"11":3858.55005,"12":3843.15991,"13":3847.72998,"14":3849.28003,"15":3849.21997,"16":3858.51001,"17":3865.96997,"18":3864.06006,"19":3868.95996,"20":3862.8501,"21":3851.59009,"22":3862.84009,"23":3861.44995,"24":3857.55005,"25":3874.81006},"volume":{"0":294109791,"1":155239520,"2":122749004,"3":111606881,"4":96267186,"5":115205692,"6":126367821,"7":76351541,"8":81240726,"9":88282438,"10":90556934,"11":89483771,"12":84966281,"13":90516143,"14":91780379,"15":89953563,"16":1401920606,"17":91316936,"18":96462400,"19":107705753,"20":115667225,"21":116425413,"22":116841634,"23":148848047,"24":155674267,"25":192725202}}