{"datetime":{"0":1630532700000,"1":1630531800000,"2":1630530900000,"3":1630530000000,"4":1630529100000,"5":1630528200000,"6":1630527300000,"7":1630526400000,"8":1630525500000,"9":1630524600000,"10":1630523700000,"11":1630522800000,"12":1630521900000,"13":1630521000000,"14":1630520100000,"15":1630519200000,"16":1630518300000,"17":1630517400000,"18":1630516500000,"19":1630515600000,"20":1630514700000,"21":1630513800000,"22":1630512900000,"23":1630512000000,"24":1630511100000,"25":1630510200000},"open":{"0":4523.91016,"1":4527.97998,"2":4528.93994,"3":4529.68018,"4":4530.87988,"5":4533.33008,"6":4535.58008,"7":4536.68018,"8":4536.33008,"9":4536.12012,"10":4535.43018,"11":4536.12012,"12":4533.75,"13":4532.87012,"14":4532.29004,"15":4529.85986,"16":4530.24023,"17":4529.37988,"18":4530.47021,"19":4531.93018,"20":4530.77979,"21":4528.66016,"22":4529.6499,"23":4525.9502,"24":4529.18018,"25":4528.7998},"high":{"0":4526.66992,"1":4528.0,"2":4530.83008,"3":4529.68018,"4":4531.12012,"5":4533.6001,"6":4535.66016,"7":4536.81006,"8":4536.8999,"9":4537.10986,"10":4536.97021,"11":4536.39014,"12":4536.5498,"13":4534.72998,"14":4533.64014,"15":4532.79004,"16":4531.14014,"17":4531.5498,"18":4531.29004,"19":4533.04004,"20":4532.25,"21":4530.95996,"22":4530.12012,"23":4531.52002,"24":4532.27979,"25":4532.00977},"low":{"0":4522.02002,"1":4522.8501,"2":4528.0,"3":4525.39014,"4":4528.70996,"5":4528.35986,"6":4532.85986,"7":4535.37988,"8":4535.47021,"9":4535.9502,"10":4535.22021,"11":4534.8999,"12":4533.5,"13":4532.43994,"14":4531.6001,"15":4529.72998,"16":4528.77979,"17":4529.27979,"18":4527.6001,"19":4528.37012,"20":4530.60986,"21":4528.29004,"22":4527.72998,"23":4525.9502,"24":4524.4502,"25":4526.00977},"close":{"0":4524.08984,"1":4523.89014,"2":4528.0498,"3":4528.91992,"4":4529.68018,"5":4530.89014,"6":4533.33008,"7":4535.60986,"8":4536.68994,"9":4536.35986,"10":4536.12988,"11":4535.41016,"12":4536.08984,"13":4533.77979,"14":4532.83984,"15":4532.27979,"16":4529.8501,"17":4530.22998,"18":4529.39014,"19":4530.52002,"20":4531.93994,"21":4530.74023,"22":4528.56006,"23":4529.5498,"24":4525.7998,"25":4529.06982},"volume":{"0":183710101,"1":78199340,"2":52262580,"3":51431115,"4":41555245,"5":49935749,"6":45489861,"7":41602994,"8":44114622,"9":43715687,"10":41108484,"11":45701483,"12":997601642,"13":56846718,"14":48577125,"15":50077340,"16":795273827,"17":54173368,"18":69213548,"19":63432535,"20":557489958,"21":71120460,"22":64855710,"23":85580390,"24":268541911,"25":108705153}}