{"datetime":{"0":1644615900000,"1":1644615000000,"2":1644614100000,"3":1644613200000,"4":1644612300000,"5":1644611400000,"6":1644610500000,"7":1644609600000,"8":1644608700000,"9":1644607800000,"10":1644606900000,"11":1644606000000,"12":1644605100000,"13":1644604200000,"14":1644603300000,"15":1644602400000,"16":1644601500000,"17":1644600600000,"18":1644599700000,"19":1644598800000,"20":1644597900000,"21":1644597000000,"22":1644596100000,"23":1644595200000,"24":1644594300000,"25":1644593400000},"open":{"0":4411.08984,"1":4422.56006,"2":4421.25,"3":4420.49023,"4":4423.41016,"5":4422.91016,"6":4434.79004,"7":4429.50977,"8":4437.81982,"9":4468.99023,"10":4480.87988,"11":4478.08984,"12":4487.79004,"13":4490.77979,"14":4494.62988,"15":4490.6499,"16":4482.35986,"17":4492.95996,"18":4496.22998,"19":4501.18018,"20":4510.66992,"21":4509.00977,"22":4501.18018,"23":4503.31982,"24":4506.7998,"25":4506.27002},"high":{"0":4435.66016,"1":4423.41992,"2":4431.41016,"3":4438.12012,"4":4425.2002,"5":4440.25977,"6":4449.06006,"7":4436.14014,"8":4440.8999,"9":4468.99023,"10":4481.83008,"11":4487.31006,"12":4487.8501,"13":4493.9502,"14":4494.93018,"15":4497.52979,"16":4493.02979,"17":4496.7002,"18":4498.87988,"19":4512.43018,"20":4513.83984,"21":4515.7002,"22":4512.58984,"23":4518.58984,"24":4526.33008,"25":4515.2002},"low":{"0":4410.6499,"1":4401.41016,"2":4412.18018,"3":4417.91016,"4":4406.1001,"5":4421.24023,"6":4421.27979,"7":4417.20996,"8":4422.22998,"9":4435.3999,"10":4469.02002,"11":4476.18018,"12":4475.87988,"13":4487.41016,"14":4484.5498,"15":4487.3501,"16":4481.45996,"17":4480.02979,"18":4490.22021,"19":4494.87012,"20":4499.25977,"21":4502.31006,"22":4494.68018,"23":4497.08008,"24":4500.39014,"25":4501.52979},"close":{"0":4416.85986,"1":4411.18018,"2":4422.79004,"3":4421.27979,"4":4420.45996,"5":4423.33984,"6":4422.58984,"7":4434.20996,"8":4429.66992,"9":4438.16992,"10":4469.02002,"11":4480.83984,"12":4478.12988,"13":4487.81982,"14":4490.72998,"15":4494.66016,"16":4490.72021,"17":4482.27979,"18":4493.08008,"19":4496.33008,"20":4501.12012,"21":4510.70996,"22":4509.08984,"23":4501.22998,"24":4503.18994,"25":4506.87988},"volume":{"0":283227376,"1":137502674,"2":105722698,"3":103080791,"4":91704268,"5":87083641,"6":99506296,"7":122802096,"8":115223419,"9":111497208,"10":51536478,"11":51600587,"12":53400481,"13":44337189,"14":45347947,"15":50114501,"16":56460145,"17":68143699,"18":71231334,"19":70057648,"20":681613669,"21":74929565,"22":84998333,"23":92520762,"24":108916683,"25":110483446}}