{"datetime":{"0":1633729500000,"1":1633728600000,"2":1633727700000,"3":1633726800000,"4":1633725900000,"5":1633725000000,"6":1633724100000,"7":1633723200000,"8":1633722300000,"9":1633721400000,"10":1633720500000,"11":1633719600000,"12":1633718700000,"13":1633717800000,"14":1633716900000,"15":1633716000000,"16":1633715100000,"17":1633714200000,"18":1633713300000,"19":1633712400000,"20":1633711500000,"21":1633710600000,"22":1633709700000,"23":1633708800000,"24":1633707900000,"25":1633707000000},"open":{"0":4394.00977,"1":4402.22021,"2":4403.81006,"3":4401.18018,"4":4401.99023,"5":4405.02979,"6":4397.33008,"7":4394.08984,"8":4387.5,"9":4388.45996,"10":4395.52002,"11":4396.02002,"12":4399.27979,"13":4392.52002,"14":4399.50977,"15":4397.12988,"16":4399.0498,"17":4404.1499,"18":4405.83008,"19":4401.81982,"20":4398.1001,"21":4404.0498,"22":4407.20996,"23":4398.43018,"24":4402.85986,"25":4406.50977},"high":{"0":4395.43018,"1":4402.37988,"2":4403.97998,"3":4404.7998,"4":4402.75977,"5":4406.27979,"6":4405.33008,"7":4398.4502,"8":4394.50977,"9":4390.75,"10":4395.5498,"11":4397.62012,"12":4399.52979,"13":4400.1499,"14":4399.50977,"15":4400.18994,"16":4400.16016,"17":4404.33008,"18":4407.6499,"19":4405.91016,"20":4405.12988,"21":4407.27979,"22":4409.91016,"23":4409.7002,"24":4406.41016,"25":4412.02002},"low":{"0":4388.62012,"1":4393.47021,"2":4400.91016,"3":4400.16992,"4":4400.31006,"5":4401.79004,"6":4396.50977,"7":4393.75977,"8":4387.39014,"9":4387.08984,"10":4386.22021,"11":4393.43994,"12":4396.06006,"13":4392.02002,"14":4392.33984,"15":4395.24023,"16":4396.29004,"17":4398.56982,"18":4402.0498,"19":4397.56006,"20":4397.25,"21":4394.43994,"22":4403.83984,"23":4398.27002,"24":4395.12988,"25":4394.8501},"close":{"0":4390.95996,"1":4394.06006,"2":4402.24023,"3":4403.79004,"4":4401.20996,"5":4402.00977,"6":4405.02979,"7":4397.33008,"8":4394.02002,"9":4387.5,"10":4388.47021,"11":4395.56006,"12":4396.06006,"13":4399.27979,"14":4392.49023,"15":4399.47998,"16":4397.12012,"17":4399.00977,"18":4404.22021,"19":4405.7998,"20":4401.7002,"21":4398.0498,"22":4404.0,"23":4407.22021,"24":4398.49023,"25":4403.37012},"volume":{"0":154138549,"1":72890288,"2":47632266,"3":42047141,"4":34712364,"5":35571539,"6":36730460,"7":37993204,"8":34432563,"9":34685880,"10":43175103,"11":33031971,"12":33239347,"13":41051237,"14":42484913,"15":39465898,"16":687127008,"17":48527651,"18":47041329,"19":54420138,"20":58722355,"21":72411341,"22":61360407,"23":74640203,"24":86489202,"25":101171557}}