{"datetime":{"0":1633643100000,"1":1633642200000,"2":1633641300000,"3":1633640400000,"4":1633639500000,"5":1633638600000,"6":1633637700000,"7":1633636800000,"8":1633635900000,"9":1633635000000,"10":1633634100000,"11":1633633200000,"12":1633632300000,"13":1633631400000,"14":1633630500000,"15":1633629600000,"16":1633628700000,"17":1633627800000,"18":1633626900000,"19":1633626000000,"20":1633625100000,"21":1633624200000,"22":1633623300000,"23":1633622400000,"24":1633621500000,"25":1633620600000},"open":{"0":4401.31982,"1":4410.24023,"2":4412.06006,"3":4405.27002,"4":4408.2002,"5":4413.31982,"6":4416.68018,"7":4419.8501,"8":4423.75,"9":4425.66992,"10":4423.12012,"11":4425.31982,"12":4424.08984,"13":4424.16992,"14":4423.41016,"15":4427.47998,"16":4426.1001,"17":4422.43018,"18":4423.41016,"19":4427.14014,"20":4424.77002,"21":4427.7998,"22":4426.31982,"23":4420.52002,"24":4409.56006,"25":4383.72998},"high":{"0":4404.77979,"1":4410.83008,"2":4413.58008,"3":4412.24023,"4":4408.4502,"5":4414.31006,"6":4417.16016,"7":4420.12988,"8":4423.8999,"9":4425.81982,"10":4425.64014,"11":4425.31982,"12":4425.35986,"13":4426.77979,"14":4425.49023,"15":4428.97998,"16":4427.83984,"17":4426.45996,"18":4423.83008,"19":4427.7002,"20":4428.35986,"21":4429.54004,"22":4429.97021,"23":4426.77002,"24":4420.39014,"25":4414.68018},"low":{"0":4396.2998,"1":4401.43018,"2":4408.22998,"3":4402.81006,"4":4404.3999,"5":4407.74023,"6":4412.66992,"7":4413.66992,"8":4419.24023,"9":4422.79004,"10":4422.56006,"11":4421.6499,"12":4421.29004,"13":4423.3999,"14":4422.0498,"15":4422.56006,"16":4423.91016,"17":4421.97021,"18":4418.99023,"19":4422.52002,"20":4424.24023,"21":4422.7998,"22":4425.68994,"23":4419.62988,"24":4406.39014,"25":4383.72998},"close":{"0":4399.52979,"1":4401.43018,"2":4410.33008,"3":4412.06982,"4":4405.27979,"5":4408.20996,"6":4413.31006,"7":4416.68994,"8":4419.8501,"9":4423.75,"10":4425.64014,"11":4423.1001,"12":4425.31006,"13":4424.04004,"14":4424.16016,"15":4423.35986,"16":4427.45996,"17":4426.06006,"18":4422.3999,"19":4423.3999,"20":4427.06006,"21":4424.64014,"22":4427.58984,"23":4426.39014,"24":4420.39014,"25":4409.29004},"volume":{"0":168682808,"1":79297546,"2":55815262,"3":54478723,"4":1298885507,"5":44228845,"6":41492109,"7":49850176,"8":39314831,"9":38262363,"10":39972999,"11":42299302,"12":40507748,"13":41311093,"14":43282102,"15":45535702,"16":45784782,"17":54975748,"18":53150430,"19":56138454,"20":60349618,"21":70408756,"22":78704365,"23":91293836,"24":93896706,"25":124807198}}