{"datetime":{"0":1630014300000,"1":1630013400000,"2":1630012500000,"3":1630011600000,"4":1630010700000,"5":1630009800000,"6":1630008900000,"7":1630008000000,"8":1630007100000,"9":1630006200000,"10":1630005300000,"11":1630004400000,"12":1630003500000,"13":1630002600000,"14":1630001700000,"15":1630000800000,"16":1629999900000,"17":1629999000000,"18":1629998100000,"19":1629997200000,"20":1629996300000,"21":1629995400000,"22":1629994500000,"23":1629993600000,"24":1629992700000,"25":1629991800000},"open":{"0":4472.2002,"1":4473.1001,"2":4471.37012,"3":4474.43018,"4":4477.16992,"5":4477.89014,"6":4475.8999,"7":4482.47021,"8":4484.54004,"9":4481.27979,"10":4485.97998,"11":4484.58008,"12":4485.52002,"13":4486.91016,"14":4486.89014,"15":4481.87012,"16":4480.06982,"17":4482.1001,"18":4480.41992,"19":4476.24023,"20":4477.02002,"21":4482.7002,"22":4492.08008,"23":4489.85986,"24":4492.31006,"25":4493.75},"high":{"0":4474.8501,"1":4476.6001,"2":4476.33008,"3":4474.43018,"4":4478.31006,"5":4479.20996,"6":4478.9502,"7":4482.47021,"8":4484.64014,"9":4484.87988,"10":4486.27002,"11":4486.02002,"12":4485.91016,"13":4487.62012,"14":4487.81982,"15":4487.18994,"16":4482.54004,"17":4484.66016,"18":4485.50977,"19":4481.56982,"20":4479.8999,"21":4485.41992,"22":4492.33008,"23":4492.89014,"24":4495.29004,"25":4495.8999},"low":{"0":4469.70996,"1":4471.49023,"2":4470.02002,"3":4468.99023,"4":4474.12012,"5":4476.68994,"6":4475.72998,"7":4475.8999,"8":4481.68994,"9":4480.93994,"10":4479.02979,"11":4483.20996,"12":4482.75977,"13":4484.91992,"14":4486.45996,"15":4481.87012,"16":4478.6499,"17":4479.06982,"18":4480.3999,"19":4469.45996,"20":4472.70996,"21":4474.89014,"22":4474.52979,"23":4489.02979,"24":4489.7002,"25":4491.16016},"close":{"0":4469.70996,"1":4472.20996,"2":4473.12012,"3":4471.37012,"4":4474.39014,"5":4477.18018,"6":4477.8999,"7":4475.93994,"8":4482.56006,"9":4484.56982,"10":4481.25977,"11":4485.97998,"12":4484.64014,"13":4485.52979,"14":4486.93018,"15":4486.8501,"16":4481.93018,"17":4480.02979,"18":4482.12012,"19":4480.43994,"20":4476.04004,"21":4477.12012,"22":4482.62988,"23":4492.08984,"24":4489.93018,"25":4492.27002},"volume":{"0":172596491,"1":69505248,"2":54448232,"3":52266102,"4":44211559,"5":40492582,"6":40016644,"7":39476833,"8":29375833,"9":34539039,"10":37454293,"11":30877532,"12":36166620,"13":32319605,"14":35292808,"15":37881800,"16":37759117,"17":42665610,"18":47010203,"19":61590897,"20":64314619,"21":468977298,"22":73387234,"23":69134724,"24":91296547,"25":97959062}}