{"datetime":{"0":1631137500000,"1":1631136600000,"2":1631135700000,"3":1631134800000,"4":1631133900000,"5":1631133000000,"6":1631132100000,"7":1631131200000,"8":1631130300000,"9":1631129400000,"10":1631128500000,"11":1631127600000,"12":1631126700000,"13":1631125800000,"14":1631124900000,"15":1631124000000,"16":1631123100000,"17":1631122200000,"18":1631121300000,"19":1631120400000,"20":1631119500000,"21":1631118600000,"22":1631117700000,"23":1631116800000,"24":1631115900000,"25":1631115000000},"open":{"0":4511.70996,"1":4512.49023,"2":4515.41016,"3":4512.8999,"4":4512.81982,"5":4512.08008,"6":4514.2002,"7":4508.31982,"8":4511.7998,"9":4510.54004,"10":4506.52979,"11":4507.81006,"12":4509.5498,"13":4512.50977,"14":4508.3999,"15":4499.0,"16":4500.52979,"17":4505.87988,"18":4507.2998,"19":4499.72021,"20":4497.70996,"21":4513.41016,"22":4519.52002,"23":4517.83984,"24":4515.60986,"25":4518.08984},"high":{"0":4514.0,"1":4512.75977,"2":4515.97998,"3":4515.62988,"4":4513.10986,"5":4512.87988,"6":4514.37988,"7":4515.08984,"8":4512.4502,"9":4511.9502,"10":4510.54004,"11":4511.02979,"12":4509.6499,"13":4512.77979,"14":4513.47021,"15":4509.37012,"16":4503.58984,"17":4507.10986,"18":4508.8501,"19":4507.4502,"20":4502.56982,"21":4513.50977,"22":4519.75,"23":4521.79004,"24":4519.56006,"25":4518.08984},"low":{"0":4510.25977,"1":4509.2998,"2":4512.4502,"3":4512.10986,"4":4510.49023,"5":4510.47998,"6":4510.02002,"7":4508.31982,"8":4508.18018,"9":4508.85986,"10":4506.10986,"11":4506.29004,"12":4507.33008,"13":4509.12012,"14":4508.24023,"15":4496.9502,"16":4496.91016,"17":4500.41016,"18":4504.43994,"19":4499.18018,"20":4493.9502,"21":4496.75,"22":4512.6499,"23":4517.31006,"24":4513.27979,"25":4508.87012},"close":{"0":4514.0,"1":4511.7002,"2":4512.5,"3":4515.43994,"4":4512.93018,"5":4512.7998,"6":4511.99023,"7":4514.22998,"8":4508.33008,"9":4511.77002,"10":4510.50977,"11":4506.47998,"12":4507.81006,"13":4509.54004,"14":4512.43994,"15":4508.3999,"16":4499.02002,"17":4500.52002,"18":4505.87012,"19":4507.2002,"20":4499.77979,"21":4497.68018,"22":4513.4502,"23":4519.5498,"24":4517.31006,"25":4515.93994},"volume":{"0":138434131,"1":73773373,"2":49351295,"3":41257580,"4":1230649664,"5":34835837,"6":36860747,"7":43307078,"8":34797503,"9":35488731,"10":32710749,"11":36304690,"12":36338839,"13":35291654,"14":41245153,"15":52191491,"16":47514716,"17":47935404,"18":55062314,"19":69964889,"20":82013402,"21":84042292,"22":69470457,"23":79717893,"24":89113499,"25":113912602}}