{"datetime":{"0":1690235100000,"1":1690234200000,"2":1690233300000,"3":1690232400000,"4":1690231500000,"5":1690230600000,"6":1690229700000,"7":1690228800000,"8":1690227900000,"9":1690227000000,"10":1690226100000,"11":1690225200000,"12":1690224300000,"13":1690223400000,"14":1690222500000,"15":1690221600000,"16":1690220700000,"17":1690219800000,"18":1690218900000,"19":1690218000000,"20":1690217100000,"21":1690216200000,"22":1690215300000,"23":1690214400000,"24":1690213500000,"25":1690212600000},"open":{"0":4552.77979,"1":4547.81006,"2":4553.1001,"3":4556.29004,"4":4552.81006,"5":4559.37012,"6":4561.00977,"7":4560.93994,"8":4558.37988,"9":4557.7998,"10":4556.3501,"11":4556.27002,"12":4556.60986,"13":4558.2998,"14":4559.12012,"15":4558.25,"16":4553.77002,"17":4556.14014,"18":4557.04004,"19":4555.77979,"20":4553.72998,"21":4554.79004,"22":4551.56006,"23":4545.47998,"24":4556.29004,"25":4543.39014},"high":{"0":4555.25,"1":4552.81982,"2":4555.02002,"3":4557.33008,"4":4556.43018,"5":4559.41992,"6":4561.3999,"7":4563.41016,"8":4561.37012,"9":4559.81982,"10":4557.81006,"11":4557.27002,"12":4557.12988,"13":4559.79004,"14":4560.49023,"15":4559.6001,"16":4558.31006,"17":4556.5498,"18":4559.22998,"19":4557.33984,"20":4556.60986,"21":4556.52979,"22":4556.12988,"23":4551.66992,"24":4556.64014,"25":4557.58984},"low":{"0":4550.7002,"1":4547.77979,"2":4547.45996,"3":4553.10986,"4":4551.6499,"5":4551.87988,"6":4559.16992,"7":4560.7998,"8":4558.31006,"9":4555.75,"10":4554.8999,"11":4553.49023,"12":4553.47998,"13":4555.25977,"14":4555.1001,"15":4556.93994,"16":4553.54004,"17":4551.04004,"18":4556.06006,"19":4551.12988,"20":4551.56006,"21":4551.20996,"22":4550.89014,"23":4542.97998,"24":4541.50977,"25":4543.39014},"close":{"0":4555.06006,"1":4552.70996,"2":4547.77979,"3":4553.12012,"4":4556.27979,"5":4552.83984,"6":4559.43018,"7":4560.87012,"8":4560.9502,"9":4558.39014,"10":4557.81006,"11":4556.39014,"12":4556.22998,"13":4556.54004,"14":4558.25977,"15":4559.0498,"16":4558.1001,"17":4553.62988,"18":4556.2998,"19":4557.16016,"20":4555.83008,"21":4553.68018,"22":4554.62988,"23":4551.49023,"24":4545.41016,"25":4556.39014},"volume":{"0":159692320,"1":86296066,"2":62073924,"3":53184884,"4":48009449,"5":47854819,"6":43314537,"7":48059766,"8":44371109,"9":45161524,"10":44532465,"11":50270741,"12":52630120,"13":46907530,"14":48626839,"15":57223873,"16":56966654,"17":60945953,"18":69228458,"19":653710681,"20":591774878,"21":74690214,"22":83727966,"23":93678909,"24":345478724,"25":109378485}}