{"datetime":{"0":1667943900000,"1":1667943000000,"2":1667942100000,"3":1667941200000,"4":1667940300000,"5":1667939400000,"6":1667938500000,"7":1667937600000,"8":1667936700000,"9":1667935800000,"10":1667934900000,"11":1667934000000,"12":1667933100000,"13":1667932200000,"14":1667931300000,"15":1667930400000,"16":1667929500000,"17":1667928600000,"18":1667927700000,"19":1667926800000,"20":1667925900000,"21":1667925000000,"22":1667924100000,"23":1667923200000,"24":1667922300000,"25":1667921400000},"open":{"0":3838.43994,"1":3837.33008,"2":3825.86011,"3":3815.01001,"4":3813.58008,"5":3789.88989,"6":3815.21997,"7":3816.18994,"8":3831.44995,"9":3826.78003,"10":3856.98999,"11":3853.5,"12":3855.67993,"13":3852.1001,"14":3850.81006,"15":3853.81006,"16":3855.3501,"17":3849.06006,"18":3844.37988,"19":3837.87012,"20":3838.87012,"21":3827.90991,"22":3819.41992,"23":3814.33008,"24":3808.71997,"25":3817.02002},"high":{"0":3845.0,"1":3849.0,"2":3837.41992,"3":3827.1001,"4":3821.31006,"5":3814.81006,"6":3817.1499,"7":3820.90991,"8":3833.22998,"9":3833.59009,"10":3857.03003,"11":3858.55005,"12":3856.0,"13":3856.26001,"14":3852.33008,"15":3855.83008,"16":3855.92993,"17":3859.3999,"18":3849.78003,"19":3844.79004,"20":3841.3999,"21":3839.95996,"22":3831.05005,"23":3821.90991,"24":3819.53003,"25":3819.92993},"low":{"0":3826.38989,"1":3836.98999,"2":3824.37012,"3":3814.18994,"4":3811.20996,"5":3786.28003,"6":3789.87012,"7":3808.01001,"8":3813.82007,"9":3818.93994,"10":3825.22998,"11":3852.16992,"12":3850.17993,"13":3848.91992,"14":3848.19995,"15":3850.83008,"16":3849.34009,"17":3849.0,"18":3843.84009,"19":3834.12988,"20":3836.07007,"21":3827.88989,"22":3819.18994,"23":3812.68994,"24":3804.1499,"25":3803.78003},"close":{"0":3828.34009,"1":3838.43994,"2":3837.33008,"3":3825.80005,"4":3815.03003,"5":3813.77002,"6":3789.88989,"7":3815.19995,"8":3816.19995,"9":3831.5,"10":3826.90991,"11":3856.98999,"12":3853.55005,"13":3855.57007,"14":3852.1001,"15":3850.83008,"16":3853.79004,"17":3855.37988,"18":3849.51001,"19":3844.3999,"20":3837.80005,"21":3838.90991,"22":3827.62988,"23":3819.5,"24":3814.98999,"25":3808.87988},"volume":{"0":178012526,"1":114157986,"2":80343130,"3":76311826,"4":64569198,"5":81294026,"6":79640921,"7":64259701,"8":68860311,"9":70005741,"10":71351277,"11":55500220,"12":51367962,"13":56795320,"14":60005890,"15":60727753,"16":66375456,"17":74347069,"18":78947693,"19":758647528,"20":732804155,"21":91452072,"22":90067448,"23":109020679,"24":125584603,"25":127458029}}