{"datetime":{"0":1680558300000,"1":1680557400000,"2":1680556500000,"3":1680555600000,"4":1680554700000,"5":1680553800000,"6":1680552900000,"7":1680552000000,"8":1680551100000,"9":1680550200000,"10":1680549300000,"11":1680548400000,"12":1680547500000,"13":1680546600000,"14":1680545700000,"15":1680544800000,"16":1680543900000,"17":1680543000000,"18":1680542100000,"19":1680541200000,"20":1680540300000,"21":1680539400000,"22":1680538500000,"23":1680537600000,"24":1680536700000,"25":1680535800000},"open":{"0":4123.7998,"1":4122.6499,"2":4120.49023,"3":4118.22021,"4":4114.83008,"5":4110.31982,"6":4108.18018,"7":4106.52979,"8":4106.2998,"9":4106.74023,"10":4109.81006,"11":4107.18994,"12":4109.12988,"13":4110.93994,"14":4112.14014,"15":4109.14014,"16":4104.68018,"17":4104.99023,"18":4099.91016,"19":4104.25977,"20":4117.22998,"21":4126.2002,"22":4121.60986,"23":4115.83008,"24":4111.31006,"25":4102.2002},"high":{"0":4126.22021,"1":4125.72998,"2":4124.1499,"3":4121.70996,"4":4118.91016,"5":4116.1001,"6":4110.62988,"7":4108.91016,"8":4107.1499,"9":4110.10986,"10":4111.72998,"11":4110.81982,"12":4111.85986,"13":4111.7998,"14":4113.2002,"15":4112.25977,"16":4109.1001,"17":4107.33984,"18":4105.68994,"19":4106.35986,"20":4117.93994,"21":4127.66016,"22":4127.43018,"23":4122.85986,"24":4121.56982,"25":4113.83984},"low":{"0":4120.66992,"1":4119.81982,"2":4119.04004,"3":4117.5498,"4":4114.83008,"5":4110.08008,"6":4106.18994,"7":4105.54004,"8":4103.56006,"9":4105.54004,"10":4106.77979,"11":4104.18018,"12":4106.85986,"13":4108.9502,"14":4109.5,"15":4108.33984,"16":4104.33008,"17":4104.33984,"18":4099.0498,"19":4098.79004,"20":4104.24023,"21":4116.97021,"22":4121.06982,"23":4115.70996,"24":4111.16016,"25":4099.72998},"close":{"0":4124.25,"1":4123.77002,"2":4122.64014,"3":4120.52979,"4":4118.25,"5":4114.81982,"6":4110.33984,"7":4108.16016,"8":4106.54004,"9":4106.2998,"10":4106.7998,"11":4109.83008,"12":4107.16992,"13":4109.08984,"14":4110.91992,"15":4112.08984,"16":4108.97021,"17":4104.89014,"18":4105.04004,"19":4099.8999,"20":4104.24023,"21":4117.29004,"22":4126.12012,"23":4121.56982,"24":4115.8999,"25":4111.41016},"volume":{"0":227122998,"1":99944544,"2":69534448,"3":65100917,"4":56158987,"5":55066372,"6":47615631,"7":49407816,"8":46407766,"9":49269758,"10":47710407,"11":52149113,"12":43838338,"13":42153266,"14":47826987,"15":49240196,"16":54486397,"17":59924072,"18":59342533,"19":785138418,"20":739826784,"21":80329695,"22":89009027,"23":103720818,"24":114211885,"25":137311470}}