{"datetime":{"0":1670449500000,"1":1670448600000,"2":1670447700000,"3":1670446800000,"4":1670445900000,"5":1670445000000,"6":1670444100000,"7":1670443200000,"8":1670442300000,"9":1670441400000,"10":1670440500000,"11":1670439600000,"12":1670438700000,"13":1670437800000,"14":1670436900000,"15":1670436000000,"16":1670435100000,"17":1670434200000,"18":1670433300000,"19":1670432400000,"20":1670431500000,"21":1670430600000,"22":1670429700000,"23":1670428800000,"24":1670427900000,"25":1670427000000},"open":{"0":3929.37012,"1":3929.36011,"2":3928.26001,"3":3930.84009,"4":3936.3999,"5":3933.1001,"6":3934.8501,"7":3932.3999,"8":3940.01001,"9":3943.63989,"10":3944.59009,"11":3939.02002,"12":3938.93994,"13":3931.09009,"14":3933.87988,"15":3935.96997,"16":3933.82007,"17":3928.46997,"18":3943.82007,"19":3954.52002,"20":3940.86011,"21":3948.51001,"22":3939.17993,"23":3929.91992,"24":3941.90991,"25":3933.28003},"high":{"0":3936.27002,"1":3933.68994,"2":3930.78003,"3":3935.33008,"4":3936.67993,"5":3938.80005,"6":3935.29004,"7":3934.96997,"8":3940.78003,"9":3943.63989,"10":3947.12012,"11":3945.12012,"12":3941.8999,"13":3940.18994,"14":3938.43994,"15":3938.33008,"16":3937.46997,"17":3934.32007,"18":3946.51001,"19":3957.57007,"20":3955.62988,"21":3952.1499,"22":3948.62988,"23":3944.38989,"24":3945.11011,"25":3954.31006},"low":{"0":3928.8501,"1":3928.92993,"2":3923.0,"3":3925.71997,"4":3929.09009,"5":3931.06006,"6":3927.33008,"7":3925.67993,"8":3931.20996,"9":3938.21997,"10":3941.80005,"11":3935.27002,"12":3937.78003,"13":3929.25,"14":3930.54004,"15":3930.1499,"16":3929.21997,"17":3925.97998,"18":3927.44995,"19":3942.86011,"20":3940.86011,"21":3934.94995,"22":3934.08008,"23":3922.67993,"24":3926.15991,"25":3929.16992},"close":{"0":3933.44995,"1":3929.45996,"2":3929.37012,"3":3928.23999,"4":3930.79004,"5":3936.3999,"6":3933.08008,"7":3934.80005,"8":3932.43994,"9":3940.02002,"10":3943.65991,"11":3944.58008,"12":3939.02002,"13":3938.96997,"14":3931.08008,"15":3933.87012,"16":3936.12012,"17":3933.76001,"18":3928.61011,"19":3943.69995,"20":3953.15991,"21":3940.8501,"22":3948.48999,"23":3938.93994,"24":3929.77002,"25":3942.06006},"volume":{"0":167389122,"1":85063558,"2":65483062,"3":55475136,"4":45741041,"5":47557922,"6":44278411,"7":48018835,"8":44306692,"9":45753660,"10":46297992,"11":48638095,"12":45854851,"13":46221406,"14":44805667,"15":55368101,"16":56221391,"17":55767018,"18":67972642,"19":675949235,"20":68192028,"21":73153191,"22":79898648,"23":122146378,"24":95317436,"25":102503527}}