{"datetime":{"0":1675460700000,"1":1675459800000,"2":1675458900000,"3":1675458000000,"4":1675457100000,"5":1675456200000,"6":1675455300000,"7":1675454400000,"8":1675453500000,"9":1675452600000,"10":1675451700000,"11":1675450800000,"12":1675449900000,"13":1675449000000,"14":1675448100000,"15":1675447200000,"16":1675446300000,"17":1675445400000,"18":1675444500000,"19":1675443600000,"20":1675442700000,"21":1675441800000,"22":1675440900000,"23":1675440000000,"24":1675439100000,"25":1675438200000},"open":{"0":4132.2002,"1":4136.14014,"2":4135.0,"3":4130.62988,"4":4137.6001,"5":4137.43018,"6":4141.14014,"7":4141.97998,"8":4134.47998,"9":4142.4502,"10":4146.02002,"11":4153.5,"12":4173.91992,"13":4174.37988,"14":4171.18018,"15":4160.12012,"16":4173.85986,"17":4176.35986,"18":4176.08008,"19":4169.43994,"20":4176.83008,"21":4162.99023,"22":4157.97021,"23":4149.16992,"24":4148.00977,"25":4136.68994},"high":{"0":4139.0,"1":4140.3999,"2":4141.83008,"3":4135.41016,"4":4138.08008,"5":4144.02979,"6":4141.31982,"7":4144.1001,"8":4146.4502,"9":4143.60986,"10":4149.54004,"11":4154.83008,"12":4175.85986,"13":4177.27979,"14":4176.4502,"15":4171.33984,"16":4175.35986,"17":4182.35986,"18":4178.64014,"19":4176.35986,"20":4178.33008,"21":4179.33008,"22":4172.02002,"23":4157.97998,"24":4157.43018,"25":4150.58984},"low":{"0":4128.22998,"1":4130.56982,"2":4132.43018,"3":4123.35986,"4":4128.35986,"5":4130.49023,"6":4131.5,"7":4135.24023,"8":4129.6499,"9":4134.02002,"10":4142.16016,"11":4139.47021,"12":4152.33984,"13":4173.25977,"14":4169.93018,"15":4158.68994,"16":4159.22998,"17":4169.75,"18":4169.62988,"19":4169.27979,"20":4164.16016,"21":4161.4502,"22":4155.41992,"23":4137.85986,"24":4143.54004,"25":4128.3999},"close":{"0":4136.52002,"1":4132.66016,"2":4136.14014,"3":4135.00977,"4":4130.66992,"5":4137.62012,"6":4137.45996,"7":4141.16992,"8":4142.06982,"9":4134.52002,"10":4142.39014,"11":4146.02002,"12":4153.41016,"13":4173.97021,"14":4174.33984,"15":4171.31006,"16":4160.16016,"17":4173.75977,"18":4176.37988,"19":4175.95996,"20":4169.64014,"21":4176.79004,"22":4163.08984,"23":4157.97998,"24":4149.72998,"25":4147.83008},"volume":{"0":264510434,"1":105072383,"2":79191314,"3":77738950,"4":63605728,"5":65086123,"6":62322953,"7":66233246,"8":73667780,"9":74239761,"10":61627398,"11":74682102,"12":65655846,"13":55282080,"14":57657957,"15":63442398,"16":75384146,"17":86395821,"18":78973411,"19":83810196,"20":104522811,"21":111382626,"22":125019649,"23":151186809,"24":159270908,"25":165984271}}