{"datetime":{"0":1628113500000,"1":1628112600000,"2":1628111700000,"3":1628110800000,"4":1628109900000,"5":1628109000000,"6":1628108100000,"7":1628107200000,"8":1628106300000,"9":1628105400000,"10":1628104500000,"11":1628103600000,"12":1628102700000,"13":1628101800000,"14":1628100900000,"15":1628100000000,"16":1628099100000,"17":1628098200000,"18":1628097300000,"19":1628096400000,"20":1628095500000,"21":1628094600000,"22":1628093700000,"23":1628092800000,"24":1628091900000,"25":1628091000000},"open":{"0":4409.49023,"1":4408.85986,"2":4407.0498,"3":4408.93018,"4":4413.52002,"5":4412.41016,"6":4412.99023,"7":4410.22021,"8":4409.02979,"9":4410.66016,"10":4411.75,"11":4407.52002,"12":4404.66992,"13":4405.10986,"14":4408.2002,"15":4406.27979,"16":4402.18018,"17":4404.3999,"18":4409.22998,"19":4406.33008,"20":4410.20996,"21":4409.50977,"22":4413.1499,"23":4411.81006,"24":4409.24023,"25":4415.9502},"high":{"0":4410.50977,"1":4409.66992,"2":4408.9502,"3":4410.37012,"4":4413.52002,"5":4414.68994,"6":4413.49023,"7":4413.31006,"8":4411.54004,"9":4411.31982,"10":4412.9502,"11":4411.93994,"12":4407.72021,"13":4406.29004,"14":4408.93994,"15":4408.5,"16":4406.72998,"17":4406.5498,"18":4410.5,"19":4411.24023,"20":4412.54004,"21":4412.1001,"22":4413.47998,"23":4416.16992,"24":4413.87012,"25":4415.9502},"low":{"0":4402.2998,"1":4407.0,"2":4405.6499,"3":4406.52002,"4":4407.74023,"5":4411.64014,"6":4411.72021,"7":4410.12988,"8":4408.16992,"9":4408.93018,"10":4410.22998,"11":4407.43018,"12":4404.6499,"13":4404.02002,"14":4404.18018,"15":4405.49023,"16":4402.18018,"17":4400.22998,"18":4403.87988,"19":4405.08008,"20":4405.99023,"21":4403.14014,"22":4409.08008,"23":4410.8501,"24":4408.2002,"25":4406.99023},"close":{"0":4402.43994,"1":4409.5,"2":4408.83984,"3":4407.0498,"4":4408.97998,"5":4413.52979,"6":4412.3999,"7":4412.97021,"8":4410.18018,"9":4409.06006,"10":4410.58984,"11":4411.75977,"12":4407.49023,"13":4404.66016,"14":4405.08984,"15":4408.27002,"16":4406.27002,"17":4402.14014,"18":4404.33008,"19":4409.24023,"20":4406.35986,"21":4410.16016,"22":4409.47021,"23":4413.18018,"24":4411.75977,"25":4409.24023},"volume":{"0":168069154,"1":90026191,"2":67341928,"3":58837095,"4":58707112,"5":53580615,"6":50444917,"7":51766039,"8":52033083,"9":51572094,"10":50503288,"11":51504377,"12":47072948,"13":56220792,"14":58771573,"15":60193459,"16":63134701,"17":77870238,"18":79534338,"19":81699362,"20":82756309,"21":94709832,"22":93308925,"23":111653524,"24":129100229,"25":153988478}}