{"datetime":{"0":1661895900000,"1":1661895000000,"2":1661894100000,"3":1661893200000,"4":1661892300000,"5":1661891400000,"6":1661890500000,"7":1661889600000,"8":1661888700000,"9":1661887800000,"10":1661886900000,"11":1661886000000,"12":1661885100000,"13":1661884200000,"14":1661883300000,"15":1661882400000,"16":1661881500000,"17":1661880600000,"18":1661879700000,"19":1661878800000,"20":1661877900000,"21":1661877000000,"22":1661876100000,"23":1661875200000,"24":1661874300000,"25":1661873400000},"open":{"0":3988.69995,"1":3989.43994,"2":3994.56006,"3":3977.71997,"4":3974.76001,"5":3974.45996,"6":3982.18994,"7":3978.75,"8":3966.20996,"9":3976.01001,"10":3974.69995,"11":3984.78003,"12":3982.21997,"13":3991.93994,"14":3997.61011,"15":3991.91992,"16":3992.61011,"17":3992.03003,"18":3986.45996,"19":3987.88989,"20":3980.70996,"21":4005.79004,"22":4008.69995,"23":4023.16992,"24":4029.87988,"25":4041.25},"high":{"0":3989.6001,"1":3992.42993,"2":3996.06006,"3":3997.82007,"4":3980.41992,"5":3982.44995,"6":3984.59009,"7":3984.63989,"8":3982.12988,"9":3979.40991,"10":3977.19995,"11":3987.90991,"12":3988.03003,"13":3992.26001,"14":4003.07007,"15":3998.43994,"16":3995.69995,"17":3999.83008,"18":3996.96997,"19":3995.67993,"20":3987.62988,"21":4007.01001,"22":4010.31006,"23":4027.40991,"24":4031.34009,"25":4044.97998},"low":{"0":3975.62012,"1":3979.28003,"2":3988.57007,"3":3977.06006,"4":3973.41992,"5":3974.07007,"6":3974.45996,"7":3975.37988,"8":3965.20996,"9":3966.44995,"10":3970.70996,"11":3974.57007,"12":3979.21997,"13":3982.08008,"14":3988.57007,"15":3990.59009,"16":3985.71997,"17":3987.91992,"18":3983.71997,"19":3983.18994,"20":3968.8999,"21":3979.8999,"22":4001.37012,"23":4004.77002,"24":4020.93994,"25":4029.36011},"close":{"0":3986.13989,"1":3988.51001,"2":3989.54004,"3":3994.37988,"4":3977.61011,"5":3974.78003,"6":3975.18994,"7":3982.04004,"8":3978.77002,"9":3966.44995,"10":3975.77002,"11":3974.76001,"12":3984.77002,"13":3982.28003,"14":3991.95996,"15":3997.6001,"16":3991.96997,"17":3993.11011,"18":3991.93994,"19":3986.42993,"20":3987.62988,"21":3980.78003,"22":4005.80005,"23":4008.68994,"24":4022.20996,"25":4029.78003},"volume":{"0":162660361,"1":86708132,"2":62818762,"3":67483354,"4":47371967,"5":48340867,"6":49422002,"7":45886502,"8":48673148,"9":46675104,"10":44472958,"11":49985467,"12":45821638,"13":46245441,"14":50729297,"15":47425066,"16":45178616,"17":53790552,"18":60358565,"19":70459465,"20":82164619,"21":90990060,"22":64258972,"23":105492634,"24":80704469,"25":155125914}}