{"datetime":{"0":1634766300000,"1":1634765400000,"2":1634764500000,"3":1634763600000,"4":1634762700000,"5":1634761800000,"6":1634760900000,"7":1634760000000,"8":1634759100000,"9":1634758200000,"10":1634757300000,"11":1634756400000,"12":1634755500000,"13":1634754600000,"14":1634753700000,"15":1634752800000,"16":1634751900000,"17":1634751000000,"18":1634750100000,"19":1634749200000,"20":1634748300000,"21":1634747400000,"22":1634746500000,"23":1634745600000,"24":1634744700000,"25":1634743800000},"open":{"0":4532.8501,"1":4533.83008,"2":4536.56006,"3":4535.8999,"4":4534.37012,"5":4534.89014,"6":4535.49023,"7":4531.87988,"8":4531.33984,"9":4531.58008,"10":4533.58984,"11":4538.62012,"12":4537.33984,"13":4536.83008,"14":4537.75,"15":4538.87988,"16":4534.70996,"17":4534.06006,"18":4534.31982,"19":4534.08008,"20":4538.70996,"21":4538.25977,"22":4533.72021,"23":4529.5498,"24":4526.64014,"25":4524.41992},"high":{"0":4536.60986,"1":4533.83008,"2":4536.64014,"3":4538.56982,"4":4537.33984,"5":4536.4502,"6":4536.66992,"7":4535.77002,"8":4532.3501,"9":4532.50977,"10":4533.58984,"11":4538.87012,"12":4538.97021,"13":4539.06982,"14":4537.79004,"15":4539.18018,"16":4539.06982,"17":4535.1499,"18":4537.16992,"19":4535.81982,"20":4539.58008,"21":4540.87012,"22":4538.27002,"23":4534.60986,"24":4533.64014,"25":4528.52002},"low":{"0":4531.85986,"1":4530.27002,"2":4533.72998,"3":4535.8999,"4":4534.29004,"5":4534.50977,"6":4533.68994,"7":4531.22998,"8":4530.39014,"9":4529.12988,"10":4524.3999,"11":4532.89014,"12":4536.83008,"13":4536.81982,"14":4535.87012,"15":4537.02002,"16":4534.7002,"17":4532.25977,"18":4533.22021,"19":4531.97021,"20":4534.0,"21":4537.74023,"22":4531.47998,"23":4527.2998,"24":4526.64014,"25":4524.41992},"close":{"0":4536.60986,"1":4532.87012,"2":4533.83984,"3":4536.58008,"4":4535.89014,"5":4534.50977,"6":4534.85986,"7":4535.45996,"8":4531.8999,"9":4531.2998,"10":4531.56006,"11":4533.58008,"12":4538.6001,"13":4537.3501,"14":4536.83984,"15":4537.75977,"16":4538.87012,"17":4534.74023,"18":4534.1499,"19":4534.39014,"20":4534.1001,"21":4538.72021,"22":4538.27002,"23":4533.79004,"24":4529.52002,"25":4526.62988},"volume":{"0":196139730,"1":78420824,"2":52691837,"3":46532331,"4":37274101,"5":38952682,"6":38056896,"7":41089671,"8":38246710,"9":38085909,"10":48240986,"11":46929747,"12":40940453,"13":40315383,"14":40565150,"15":40065347,"16":48274953,"17":55842844,"18":55397679,"19":60821785,"20":67425939,"21":74812746,"22":74047532,"23":88646180,"24":89870812,"25":100481376}}