{"datetime":{"0":1662155100000,"1":1662154200000,"2":1662153300000,"3":1662152400000,"4":1662151500000,"5":1662150600000,"6":1662149700000,"7":1662148800000,"8":1662147900000,"9":1662147000000,"10":1662146100000,"11":1662145200000,"12":1662144300000,"13":1662143400000,"14":1662142500000,"15":1662141600000,"16":1662140700000,"17":1662139800000,"18":1662138900000,"19":1662138000000,"20":1662137100000,"21":1662136200000,"22":1662135300000,"23":1662134400000,"24":1662133500000,"25":1662132600000},"open":{"0":3906.42993,"1":3929.12988,"2":3935.84009,"3":3928.8501,"4":3942.1001,"5":3939.5,"6":3930.44995,"7":3926.38989,"8":3942.37012,"9":3937.48999,"10":3955.08008,"11":3968.09009,"12":3971.17993,"13":3988.36011,"14":4008.29004,"15":4014.41992,"16":4008.06006,"17":4011.68994,"18":4011.63989,"19":4006.43994,"20":4015.75,"21":4006.23999,"22":3995.05005,"23":3983.5,"24":3982.6499,"25":3994.65991},"high":{"0":3927.09009,"1":3929.12988,"2":3939.88989,"3":3942.03003,"4":3942.1001,"5":3942.25,"6":3940.38989,"7":3935.02002,"8":3946.37012,"9":3943.61011,"10":3960.0,"11":3968.09009,"12":3972.96997,"13":3989.47998,"14":4008.29004,"15":4016.16992,"16":4016.21997,"17":4015.69995,"18":4013.98999,"19":4014.86011,"20":4016.54004,"21":4018.42993,"22":4006.06006,"23":3996.6499,"24":3994.17993,"25":4006.23999},"low":{"0":3906.20996,"1":3906.51001,"2":3923.87988,"3":3927.67993,"4":3927.8999,"5":3933.6001,"6":3928.15991,"7":3925.92993,"8":3925.45996,"9":3933.82007,"10":3935.88989,"11":3950.46997,"12":3961.12012,"13":3971.06006,"14":3987.78003,"15":4007.40991,"16":4008.06006,"17":4004.37988,"18":4008.08008,"19":4005.12012,"20":4001.76001,"21":4006.23999,"22":3994.55005,"23":3973.86011,"24":3982.63989,"25":3980.5},"close":{"0":3925.29004,"1":3906.51001,"2":3929.1001,"3":3935.88989,"4":3928.91992,"5":3942.13989,"6":3938.86011,"7":3930.3999,"8":3926.41992,"9":3942.82007,"10":3937.55005,"11":3955.01001,"12":3968.12012,"13":3971.17993,"14":3988.42993,"15":4008.29004,"16":4014.42993,"17":4008.03003,"18":4011.71997,"19":4011.62988,"20":4006.37988,"21":4015.83008,"22":4006.06006,"23":3995.06006,"24":3983.57007,"25":3982.72998},"volume":{"0":179990462,"1":1695966965,"2":63583676,"3":51656345,"4":46148658,"5":1372764349,"6":45031816,"7":49752710,"8":59920710,"9":50486394,"10":57462340,"11":58290393,"12":59401788,"13":956437326,"14":58308146,"15":43540208,"16":47022685,"17":54376042,"18":54204439,"19":71405639,"20":74696090,"21":78037152,"22":71710283,"23":99041449,"24":82149779,"25":98946513}}