{"datetime":{"0":1626990300000,"1":1626989400000,"2":1626988500000,"3":1626987600000,"4":1626986700000,"5":1626985800000,"6":1626984900000,"7":1626984000000,"8":1626983100000,"9":1626982200000,"10":1626981300000,"11":1626980400000,"12":1626979500000,"13":1626978600000,"14":1626977700000,"15":1626976800000,"16":1626975900000,"17":1626975000000,"18":1626974100000,"19":1626973200000,"20":1626972300000,"21":1626971400000,"22":1626970500000,"23":1626969600000,"24":1626968700000,"25":1626967800000},"open":{"0":4365.99023,"1":4368.31982,"2":4367.75,"3":4369.62988,"4":4367.08008,"5":4367.43018,"6":4368.02002,"7":4365.2998,"8":4364.27979,"9":4363.08008,"10":4362.97998,"11":4360.91016,"12":4358.49023,"13":4355.1499,"14":4351.95996,"15":4358.06006,"16":4355.52002,"17":4359.83008,"18":4359.9502,"19":4363.58008,"20":4365.16016,"21":4360.04004,"22":4360.97998,"23":4356.68994,"24":4362.18994,"25":4361.27002},"high":{"0":4368.33008,"1":4368.31982,"2":4368.85986,"3":4369.77002,"4":4369.87012,"5":4367.75,"6":4368.79004,"7":4368.02979,"8":4365.35986,"9":4364.52002,"10":4363.6001,"11":4363.25977,"12":4361.08984,"13":4358.85986,"14":4355.47021,"15":4359.1001,"16":4358.81982,"17":4360.97998,"18":4362.66992,"19":4364.60986,"20":4365.49023,"21":4366.37988,"22":4361.60986,"23":4361.56006,"24":4363.08008,"25":4364.37012},"low":{"0":4365.95996,"1":4364.16992,"2":4367.22998,"3":4367.00977,"4":4366.97021,"5":4366.33008,"6":4366.31982,"7":4364.72998,"8":4363.02979,"9":4362.8501,"10":4361.83984,"11":4360.10986,"12":4355.83984,"13":4354.37012,"14":4350.06006,"15":4350.5498,"16":4355.16992,"17":4355.47021,"18":4357.37988,"19":4359.14014,"20":4363.4502,"21":4359.97998,"22":4357.50977,"23":4354.02002,"24":4353.02979,"25":4353.58008},"close":{"0":4367.37012,"1":4365.97021,"2":4368.33984,"3":4367.75977,"4":4369.68994,"5":4367.06982,"6":4367.43994,"7":4368.00977,"8":4365.2998,"9":4364.2998,"10":4363.08008,"11":4362.97021,"12":4360.91992,"13":4358.47998,"14":4355.1499,"15":4351.93994,"16":4358.0498,"17":4355.47021,"18":4359.8999,"19":4359.97021,"20":4363.5498,"21":4365.1499,"22":4360.10986,"23":4360.70996,"24":4356.24023,"25":4362.16992},"volume":{"0":184223010,"1":79217857,"2":51748628,"3":41084966,"4":41478814,"5":39132313,"6":37165494,"7":41300076,"8":1124386069,"9":32511640,"10":38662655,"11":40383146,"12":976176643,"13":42216759,"14":44127348,"15":46659162,"16":802552543,"17":50525552,"18":58559553,"19":61131652,"20":62372473,"21":65700400,"22":72794091,"23":85434932,"24":122127980,"25":127400931}}