{"datetime":{"0":1600897500000,"1":1600896600000,"2":1600895700000,"3":1600894800000,"4":1600893900000,"5":1600893000000,"6":1600892100000,"7":1600891200000,"8":1600890300000,"9":1600889400000,"10":1600888500000,"11":1600887600000,"12":1600886700000,"13":1600885800000,"14":1600884900000,"15":1600884000000,"16":1600883100000,"17":1600882200000,"18":1600881300000,"19":1600880400000,"20":1600879500000,"21":1600878600000,"22":1600877700000,"23":1600876800000,"24":1600875900000,"25":1600875000000},"open":{"0":3248.71997,"1":3247.82007,"2":3249.71997,"3":3247.62012,"4":3256.38989,"5":3260.78003,"6":3275.87988,"7":3281.3501,"8":3284.46997,"9":3290.55005,"10":3295.37988,"11":3298.15991,"12":3297.32007,"13":3290.6001,"14":3291.09009,"15":3287.0,"16":3298.38989,"17":3298.1001,"18":3304.87988,"19":3302.41992,"20":3306.12012,"21":3307.59009,"22":3307.8999,"23":3310.40991,"24":3320.5,"25":3320.11011},"high":{"0":3249.83008,"1":3250.92993,"2":3249.71997,"3":3251.25,"4":3258.67993,"5":3263.17993,"6":3275.87988,"7":3281.3501,"8":3286.71997,"9":3291.61011,"10":3297.62012,"11":3298.40991,"12":3298.1499,"13":3297.3501,"14":3293.08008,"15":3292.86011,"16":3298.40991,"17":3299.6499,"18":3307.78003,"19":3307.55005,"20":3309.22998,"21":3309.62988,"22":3308.96997,"23":3314.26001,"24":3323.3501,"25":3321.8501},"low":{"0":3232.57007,"1":3244.21997,"2":3238.8999,"3":3236.90991,"4":3246.33008,"5":3254.87012,"6":3258.31006,"7":3272.66992,"8":3278.27002,"9":3284.54004,"10":3290.23999,"11":3293.04004,"12":3294.78003,"13":3288.52002,"14":3283.26001,"15":3285.04004,"16":3286.33008,"17":3293.45996,"18":3296.91992,"19":3299.92993,"20":3299.95996,"21":3297.36011,"22":3301.18994,"23":3304.29004,"24":3309.44995,"25":3316.29004},"close":{"0":3236.97998,"1":3248.6499,"2":3248.05005,"3":3249.77002,"4":3247.6499,"5":3256.36011,"6":3261.05005,"7":3275.82007,"8":3281.34009,"9":3284.54004,"10":3290.53003,"11":3295.33008,"12":3298.1499,"13":3297.30005,"14":3290.63989,"15":3290.91992,"16":3287.16992,"17":3298.41992,"18":3298.3999,"19":3304.86011,"20":3302.43994,"21":3306.18994,"22":3307.57007,"23":3307.84009,"24":3310.25,"25":3320.61011},"volume":{"0":270805280,"1":115942759,"2":106667498,"3":97288807,"4":80197139,"5":68890312,"6":91007229,"7":57307758,"8":57912234,"9":47680863,"10":43640388,"11":45615992,"12":47969075,"13":49892137,"14":55829361,"15":51255670,"16":58643925,"17":59135941,"18":63696799,"19":63250006,"20":67317525,"21":77392979,"22":76467700,"23":87831932,"24":108820280,"25":137160369}}