{"datetime":{"0":1605563100000,"1":1605562200000,"2":1605561300000,"3":1605560400000,"4":1605559500000,"5":1605558600000,"6":1605557700000,"7":1605556800000,"8":1605555900000,"9":1605555000000,"10":1605554100000,"11":1605553200000,"12":1605552300000,"13":1605551400000,"14":1605550500000,"15":1605549600000,"16":1605548700000,"17":1605547800000,"18":1605546900000,"19":1605546000000,"20":1605545100000,"21":1605544200000,"22":1605543300000,"23":1605542400000,"24":1605541500000,"25":1605540600000},"open":{"0":3618.8999,"1":3613.59009,"2":3610.28003,"3":3614.18994,"4":3614.83008,"5":3615.17993,"6":3613.3501,"7":3610.90991,"8":3604.30005,"9":3606.37988,"10":3613.68994,"11":3615.93994,"12":3618.92993,"13":3616.95996,"14":3620.32007,"15":3622.86011,"16":3623.57007,"17":3625.18994,"18":3625.12988,"19":3624.70996,"20":3621.3999,"21":3619.45996,"22":3610.75,"23":3609.05005,"24":3610.55005,"25":3600.15991},"high":{"0":3628.51001,"1":3619.79004,"2":3617.45996,"3":3614.48999,"4":3616.32007,"5":3616.8999,"6":3615.23999,"7":3613.3501,"8":3612.30005,"9":3611.29004,"10":3614.71997,"11":3615.93994,"12":3619.13989,"13":3619.07007,"14":3620.51001,"15":3624.59009,"16":3624.1001,"17":3625.18994,"18":3627.16992,"19":3625.82007,"20":3623.94995,"21":3621.6499,"22":3619.46997,"23":3612.09009,"24":3614.81006,"25":3616.12012},"low":{"0":3615.80005,"1":3612.93994,"2":3609.52002,"3":3608.02002,"4":3612.31006,"5":3613.19995,"6":3612.12012,"7":3607.70996,"8":3604.09009,"9":3602.27002,"10":3606.09009,"11":3612.3999,"12":3613.37988,"13":3615.70996,"14":3615.69995,"15":3620.03003,"16":3621.53003,"17":3622.26001,"18":3624.61011,"19":3623.63989,"20":3618.87012,"21":3618.61011,"22":3610.6499,"23":3606.95996,"24":3600.8501,"25":3600.15991},"close":{"0":3628.51001,"1":3618.93994,"2":3613.56006,"3":3610.62988,"4":3614.19995,"5":3614.80005,"6":3615.17993,"7":3613.3501,"8":3610.8999,"9":3604.28003,"10":3606.37012,"11":3613.66992,"12":3616.01001,"13":3618.91992,"14":3616.98999,"15":3620.34009,"16":3622.8501,"17":3623.54004,"18":3625.20996,"19":3625.1499,"20":3623.65991,"21":3621.42993,"22":3619.40991,"23":3610.66992,"24":3608.42993,"25":3610.56006},"volume":{"0":2498789949,"1":109011485,"2":85639918,"3":72181210,"4":1940211740,"5":65257589,"6":52519379,"7":59134457,"8":1701262179,"9":64506808,"10":60751734,"11":52974166,"12":1461555354,"13":55637625,"14":57734916,"15":68267253,"16":1221054448,"17":75077680,"18":86165403,"19":76646082,"20":89254837,"21":95626512,"22":106794632,"23":120647203,"24":155276205,"25":217599064}}