{"datetime":{"0":1677015900000,"1":1677015000000,"2":1677014100000,"3":1677013200000,"4":1677012300000,"5":1677011400000,"6":1677010500000,"7":1677009600000,"8":1677008700000,"9":1677007800000,"10":1677006900000,"11":1677006000000,"12":1677005100000,"13":1677004200000,"14":1677003300000,"15":1677002400000,"16":1677001500000,"17":1677000600000,"18":1676999700000,"19":1676998800000,"20":1676997900000,"21":1676997000000,"22":1676996100000,"23":1676995200000,"24":1676994300000,"25":1676993400000},"open":{"0":4004.0,"1":4002.23999,"2":4001.12012,"3":4003.70996,"4":4005.55005,"5":3999.6001,"6":3998.09009,"7":4003.20996,"8":4005.0,"9":4007.05005,"10":4010.16992,"11":4015.83008,"12":4012.27002,"13":4009.61011,"14":4010.44995,"15":4011.78003,"16":4015.25,"17":4014.45996,"18":4018.90991,"19":4020.37012,"20":4026.86011,"21":4023.86011,"22":4024.34009,"23":4032.3501,"24":4046.90991,"25":4052.3501},"high":{"0":4006.31006,"1":4007.86011,"2":4003.93994,"3":4007.56006,"4":4007.12012,"5":4005.78003,"6":4000.63989,"7":4003.26001,"8":4007.29004,"9":4007.08008,"10":4011.81006,"11":4016.26001,"12":4016.06006,"13":4014.15991,"14":4013.06006,"15":4014.40991,"16":4017.19995,"17":4016.59009,"18":4019.73999,"19":4023.76001,"20":4028.18994,"21":4031.94995,"22":4028.92993,"23":4035.3999,"24":4047.1001,"25":4052.3501},"low":{"0":3996.15991,"1":4001.03003,"2":3999.3999,"3":4000.25,"4":4001.44995,"5":3998.62012,"6":3995.18994,"7":3997.3501,"8":4001.93994,"9":4002.45996,"10":4005.67993,"11":4009.55005,"12":4010.3501,"13":4008.26001,"14":4008.32007,"15":4009.45996,"16":4010.06006,"17":4010.86011,"18":4013.6001,"19":4016.20996,"20":4019.65991,"21":4022.12988,"22":4022.1499,"23":4023.67993,"24":4030.37012,"25":4039.01001},"close":{"0":3997.23999,"1":4004.01001,"2":4002.21997,"3":4001.15991,"4":4003.69995,"5":4005.52002,"6":3999.66992,"7":3998.11011,"8":4003.1499,"9":4004.87988,"10":4007.02002,"11":4010.12012,"12":4015.90991,"13":4012.23999,"14":4009.62012,"15":4010.47998,"16":4011.88989,"17":4015.22998,"18":4014.47998,"19":4018.86011,"20":4020.31006,"21":4026.96997,"22":4023.88989,"23":4024.29004,"24":4032.42993,"25":4046.58008},"volume":{"0":245720590,"1":95987379,"2":67381767,"3":57898748,"4":51838007,"5":59113360,"6":54705336,"7":51837343,"8":46737702,"9":49639394,"10":49014085,"11":48629506,"12":51552398,"13":50131235,"14":53413571,"15":61734400,"16":56018938,"17":61268972,"18":64220808,"19":61212093,"20":62561699,"21":75835659,"22":82871499,"23":89151693,"24":110886984,"25":114404834}}