{"datetime":{"0":1604612700000,"1":1604611800000,"2":1604610900000,"3":1604610000000,"4":1604609100000,"5":1604608200000,"6":1604607300000,"7":1604606400000,"8":1604605500000,"9":1604604600000,"10":1604603700000,"11":1604602800000,"12":1604601900000,"13":1604601000000,"14":1604600100000,"15":1604599200000,"16":1604598300000,"17":1604597400000,"18":1604596500000,"19":1604595600000,"20":1604594700000,"21":1604593800000,"22":1604592900000,"23":1604592000000,"24":1604591100000,"25":1604590200000},"open":{"0":3507.29004,"1":3518.07007,"2":3515.23999,"3":3524.01001,"4":3526.61011,"5":3521.36011,"6":3517.97998,"7":3518.11011,"8":3520.01001,"9":3515.17993,"10":3516.57007,"11":3511.66992,"12":3506.26001,"13":3497.91992,"14":3510.91992,"15":3509.78003,"16":3513.63989,"17":3517.8501,"18":3517.34009,"19":3523.55005,"20":3518.55005,"21":3516.75,"22":3517.58008,"23":3506.33008,"24":3503.86011,"25":3485.73999},"high":{"0":3514.17993,"1":3518.38989,"2":3519.11011,"3":3524.41992,"4":3526.91992,"5":3527.01001,"6":3521.94995,"7":3522.92993,"8":3520.01001,"9":3520.15991,"10":3517.63989,"11":3518.44995,"12":3511.77002,"13":3506.73999,"14":3511.28003,"15":3514.68994,"16":3515.70996,"17":3520.19995,"18":3520.37012,"19":3525.97998,"20":3523.54004,"21":3522.11011,"22":3529.05005,"23":3519.15991,"24":3514.27002,"25":3505.66992},"low":{"0":3502.28003,"1":3505.5,"2":3513.18994,"3":3515.01001,"4":3518.52002,"5":3517.29004,"6":3517.63989,"7":3516.70996,"8":3515.98999,"9":3514.83008,"10":3513.8501,"11":3511.66992,"12":3506.26001,"13":3496.97998,"14":3496.51001,"15":3507.94995,"16":3509.69995,"17":3512.51001,"18":3516.70996,"19":3511.80005,"20":3515.78003,"21":3514.52002,"22":3517.02002,"23":3506.30005,"24":3503.41992,"25":3485.73999},"close":{"0":3510.61011,"1":3507.3999,"2":3517.97998,"3":3515.29004,"4":3523.98999,"5":3526.71997,"6":3521.51001,"7":3517.96997,"8":3518.08008,"9":3519.98999,"10":3515.19995,"11":3516.6499,"12":3511.62988,"13":3506.27002,"14":3497.90991,"15":3510.79004,"16":3509.8501,"17":3513.65991,"18":3517.81006,"19":3517.37012,"20":3523.52002,"21":3518.77002,"22":3517.02002,"23":3517.48999,"24":3506.27002,"25":3503.82007},"volume":{"0":261636390,"1":109282422,"2":73678416,"3":1864724311,"4":62706895,"5":69308682,"6":53058698,"7":61054980,"8":50997984,"9":53356499,"10":51432067,"11":1398119316,"12":59083395,"13":65510741,"14":66993730,"15":64119476,"16":65003804,"17":73063559,"18":68107025,"19":882994311,"20":81364454,"21":92287906,"22":129945849,"23":115325201,"24":133366703,"25":157620865}}