{"datetime":{"0":1646862300000,"1":1646861400000,"2":1646860500000,"3":1646859600000,"4":1646858700000,"5":1646857800000,"6":1646856900000,"7":1646856000000,"8":1646855100000,"9":1646854200000,"10":1646853300000,"11":1646852400000,"12":1646851500000,"13":1646850600000,"14":1646849700000,"15":1646848800000,"16":1646847900000,"17":1646847000000,"18":1646846100000,"19":1646845200000,"20":1646844300000,"21":1646843400000,"22":1646842500000,"23":1646841600000,"24":1646840700000,"25":1646839800000},"open":{"0":4291.33984,"1":4292.56006,"2":4292.33984,"3":4278.43994,"4":4282.33984,"5":4277.18018,"6":4276.33984,"7":4272.22021,"8":4275.54004,"9":4287.93994,"10":4285.66016,"11":4288.43018,"12":4286.02002,"13":4280.66016,"14":4280.3501,"15":4278.66992,"16":4274.1001,"17":4259.1001,"18":4257.41016,"19":4271.06982,"20":4262.56982,"21":4262.56982,"22":4262.25977,"23":4246.58984,"24":4249.33984,"25":4223.1001},"high":{"0":4294.20996,"1":4299.3999,"2":4295.39014,"3":4294.18018,"4":4285.37988,"5":4284.81982,"6":4279.95996,"7":4282.1499,"8":4276.93994,"9":4288.12988,"10":4288.22021,"11":4288.43018,"12":4289.8999,"13":4291.56982,"14":4283.62988,"15":4282.45996,"16":4279.49023,"17":4274.8999,"18":4266.56982,"19":4272.25977,"20":4273.74023,"21":4268.02979,"22":4267.47021,"23":4264.47998,"24":4256.14014,"25":4261.06006},"low":{"0":4271.93994,"1":4288.54004,"2":4287.43018,"3":4278.43994,"4":4276.43994,"5":4277.18018,"6":4271.58984,"7":4271.58008,"8":4268.6001,"9":4275.37988,"10":4283.6499,"11":4278.29004,"12":4284.08984,"13":4280.66016,"14":4274.22021,"15":4275.2002,"16":4270.77002,"17":4259.1001,"18":4253.3501,"19":4257.08984,"20":4260.87012,"21":4257.0,"22":4253.95996,"23":4245.27002,"24":4234.87988,"25":4223.1001},"close":{"0":4277.5498,"1":4291.39014,"2":4292.7002,"3":4292.25977,"4":4278.54004,"5":4282.35986,"6":4277.14014,"7":4276.31982,"8":4272.22021,"9":4275.49023,"10":4287.87988,"11":4285.62012,"12":4288.3999,"13":4285.99023,"14":4281.02979,"15":4280.39014,"16":4278.56006,"17":4274.04004,"18":4258.91992,"19":4257.43018,"20":4271.06006,"21":4262.35986,"22":4262.72021,"23":4262.0498,"24":4245.95996,"25":4249.2002},"volume":{"0":216117437,"1":121137133,"2":86252362,"3":80380785,"4":70468372,"5":70297520,"6":66084172,"7":72285623,"8":65888169,"9":70176477,"10":63334939,"11":78233926,"12":74963798,"13":91244086,"14":69906601,"15":73778805,"16":1197482262,"17":94845218,"18":85321117,"19":96803871,"20":847588531,"21":103748217,"22":113172867,"23":111264499,"24":141181824,"25":195064022}}