{"datetime":{"0":1647377100000,"1":1647376200000,"2":1647375300000,"3":1647374400000,"4":1647373500000,"5":1647372600000,"6":1647371700000,"7":1647370800000,"8":1647369900000,"9":1647369000000,"10":1647368100000,"11":1647367200000,"12":1647366300000,"13":1647365400000,"14":1647364500000,"15":1647363600000,"16":1647362700000,"17":1647361800000,"18":1647360900000,"19":1647360000000,"20":1647359100000,"21":1647358200000,"22":1647357300000,"23":1647356400000,"24":1647355500000,"25":1647354600000},"open":{"0":4261.81982,"1":4260.83984,"2":4250.52979,"3":4249.37988,"4":4234.14014,"5":4224.2998,"6":4227.8501,"7":4235.31006,"8":4229.39014,"9":4225.1001,"10":4228.3999,"11":4238.5,"12":4239.43994,"13":4243.77002,"14":4234.2998,"15":4228.56006,"16":4239.24023,"17":4234.6001,"18":4226.08008,"19":4220.8501,"20":4226.33008,"21":4219.93994,"22":4197.2998,"23":4206.16992,"24":4188.50977,"25":4188.81982},"high":{"0":4271.0498,"1":4267.97998,"2":4263.12988,"3":4253.62012,"4":4250.04004,"5":4234.6001,"6":4228.18018,"7":4236.77002,"8":4236.5498,"9":4232.04004,"10":4235.99023,"11":4243.93994,"12":4242.04004,"13":4246.74023,"14":4245.2998,"15":4235.45996,"16":4244.9502,"17":4241.22998,"18":4234.54004,"19":4227.9502,"20":4230.04004,"21":4228.20996,"22":4220.20996,"23":4212.72021,"24":4207.7998,"25":4214.0498},"low":{"0":4257.12012,"1":4258.06982,"2":4250.52979,"3":4246.93994,"4":4233.72998,"5":4220.29004,"6":4217.54004,"7":4224.91016,"8":4227.1499,"9":4222.54004,"10":4225.12012,"11":4228.35986,"12":4229.47021,"13":4239.45996,"14":4233.16016,"15":4219.49023,"16":4222.83008,"17":4233.2998,"18":4221.27002,"19":4220.7002,"20":4218.33008,"21":4219.5498,"22":4195.54004,"23":4194.41016,"24":4187.8999,"25":4188.14014},"close":{"0":4262.66016,"1":4261.52979,"2":4261.0498,"3":4250.41992,"4":4249.68018,"5":4234.18994,"6":4224.31006,"7":4227.93018,"8":4235.27979,"9":4229.47021,"10":4225.20996,"11":4228.39014,"12":4238.43994,"13":4239.45996,"14":4243.77979,"15":4234.33984,"16":4228.6499,"17":4239.24023,"18":4234.54004,"19":4226.50977,"20":4220.58008,"21":4226.3501,"22":4219.83008,"23":4197.2998,"24":4205.79004,"25":4188.31006},"volume":{"0":199325567,"1":116390771,"2":84434999,"3":67946267,"4":1731276507,"5":55932213,"6":55612159,"7":54820813,"8":49035221,"9":52409409,"10":51573865,"11":55931407,"12":52038621,"13":55007918,"14":61618354,"15":66583134,"16":81874330,"17":70636584,"18":69210908,"19":75482781,"20":87453205,"21":99472011,"22":98719084,"23":104699072,"24":366819979,"25":194621675}}