{"datetime":{"0":1685569500000,"1":1685568600000,"2":1685567700000,"3":1685566800000,"4":1685565900000,"5":1685565000000,"6":1685564100000,"7":1685563200000,"8":1685562300000,"9":1685561400000,"10":1685560500000,"11":1685559600000,"12":1685558700000,"13":1685557800000,"14":1685556900000,"15":1685556000000,"16":1685555100000,"17":1685554200000,"18":1685553300000,"19":1685552400000,"20":1685551500000,"21":1685550600000,"22":1685549700000,"23":1685548800000,"24":1685547900000,"25":1685547000000},"open":{"0":4192.93018,"1":4186.02002,"2":4183.8999,"3":4185.08008,"4":4188.75,"5":4189.68018,"6":4189.74023,"7":4187.10986,"8":4185.81982,"9":4179.75977,"10":4175.89014,"11":4174.27979,"12":4173.2998,"13":4171.41992,"14":4172.89014,"15":4171.22998,"16":4170.41016,"17":4166.64014,"18":4168.49023,"19":4172.25,"20":4170.22021,"21":4172.25,"22":4177.83984,"23":4184.70996,"24":4192.24023,"25":4190.74023},"high":{"0":4194.91992,"1":4193.12012,"2":4185.99023,"3":4185.7002,"4":4189.7002,"5":4190.37012,"6":4190.66016,"7":4189.75977,"8":4187.16992,"9":4188.35986,"10":4179.60986,"11":4177.77002,"12":4177.25977,"13":4174.5,"14":4174.2998,"15":4175.5,"16":4174.33008,"17":4171.41016,"18":4171.2002,"19":4174.0498,"20":4175.45996,"21":4173.37988,"22":4178.62988,"23":4186.60986,"24":4195.43994,"25":4192.6499},"low":{"0":4179.0,"1":4184.3999,"2":4182.16016,"3":4181.27979,"4":4180.02979,"5":4186.37988,"6":4186.25,"7":4184.24023,"8":4181.5498,"9":4178.66992,"10":4174.60986,"11":4172.97998,"12":4168.49023,"13":4170.31982,"14":4171.1499,"15":4169.47021,"16":4169.20996,"17":4166.1499,"18":4166.75,"19":4168.31006,"20":4170.16016,"21":4167.20996,"22":4169.0,"23":4177.43994,"24":4184.68994,"25":4184.54004},"close":{"0":4181.75977,"1":4192.45996,"2":4185.8999,"3":4184.0,"4":4185.06982,"5":4188.6001,"6":4189.72998,"7":4189.72998,"8":4187.12988,"9":4185.83008,"10":4179.60986,"11":4175.83984,"12":4174.29004,"13":4173.25977,"14":4171.43018,"15":4172.93018,"16":4171.20996,"17":4170.41992,"18":4166.75,"19":4168.58008,"20":4172.37012,"21":4170.22021,"22":4172.27979,"23":4177.81982,"24":4185.02002,"25":4192.39014},"volume":{"0":334196863,"1":117473304,"2":76589414,"3":73952859,"4":70491200,"5":61485149,"6":63707221,"7":61974580,"8":57143239,"9":70268000,"10":1340595279,"11":48848897,"12":56132733,"13":57175088,"14":58254422,"15":57585755,"16":66886751,"17":71547411,"18":77363885,"19":84425640,"20":91168214,"21":98400126,"22":116230350,"23":109790136,"24":118357547,"25":123164683}}