{"datetime":{"0":1660081500000,"1":1660080600000,"2":1660079700000,"3":1660078800000,"4":1660077900000,"5":1660077000000,"6":1660076100000,"7":1660075200000,"8":1660074300000,"9":1660073400000,"10":1660072500000,"11":1660071600000,"12":1660070700000,"13":1660069800000,"14":1660068900000,"15":1660068000000,"16":1660067100000,"17":1660066200000,"18":1660065300000,"19":1660064400000,"20":1660063500000,"21":1660062600000,"22":1660061700000,"23":1660060800000,"24":1660059900000,"25":1660059000000},"open":{"0":4119.58008,"1":4124.56982,"2":4117.9502,"3":4119.9502,"4":4114.7002,"5":4113.00977,"6":4121.97998,"7":4122.56006,"8":4116.02002,"9":4121.43994,"10":4119.72998,"11":4118.31006,"12":4116.93018,"13":4115.31982,"14":4120.93018,"15":4123.22021,"16":4125.77002,"17":4129.02979,"18":4126.12012,"19":4123.06006,"20":4127.27002,"21":4126.27002,"22":4122.6499,"23":4120.89014,"24":4134.06006,"25":4133.10986},"high":{"0":4124.95996,"1":4125.91992,"2":4126.74023,"3":4121.79004,"4":4123.43018,"5":4115.66016,"6":4121.99023,"7":4124.97021,"8":4124.27002,"9":4121.70996,"10":4122.41016,"11":4121.08984,"12":4118.3999,"13":4118.52002,"14":4122.22998,"15":4125.1499,"16":4128.31006,"17":4129.83008,"18":4132.5,"19":4125.9502,"20":4130.81982,"21":4129.95996,"22":4127.56982,"23":4124.1001,"24":4136.3501,"25":4137.2998},"low":{"0":4117.83008,"1":4119.47021,"2":4117.91016,"3":4117.64014,"4":4114.66992,"5":4112.20996,"6":4112.08984,"7":4121.33984,"8":4113.9502,"9":4113.5,"10":4118.66016,"11":4115.58984,"12":4114.1499,"13":4114.97998,"14":4114.75,"15":4120.08008,"16":4122.0,"17":4125.22021,"18":4125.25,"19":4113.81982,"20":4121.83008,"21":4124.16992,"22":4119.27979,"23":4117.43018,"24":4118.9502,"25":4125.93994},"close":{"0":4122.83984,"1":4119.52979,"2":4124.49023,"3":4117.7998,"4":4119.97998,"5":4114.7002,"6":4113.04004,"7":4121.97998,"8":4122.5498,"9":4116.12012,"10":4121.47021,"11":4119.72021,"12":4118.31982,"13":4117.02002,"14":4115.35986,"15":4120.87988,"16":4123.2002,"17":4125.81006,"18":4129.06006,"19":4125.9502,"20":4123.0498,"21":4127.31982,"22":4126.24023,"23":4122.91992,"24":4120.89014,"25":4133.93994},"volume":{"0":161939199,"1":80787364,"2":60932014,"3":51191951,"4":52419379,"5":48064319,"6":49767247,"7":47245632,"8":45425940,"9":42523820,"10":42886440,"11":41405542,"12":39339478,"13":45150551,"14":47221487,"15":55048807,"16":51014357,"17":53818667,"18":58695657,"19":66539433,"20":60818418,"21":68131956,"22":80646888,"23":87172135,"24":96356207,"25":126044902}}