{"datetime":{"0":1638395100000,"1":1638394200000,"2":1638393300000,"3":1638392400000,"4":1638391500000,"5":1638390600000,"6":1638389700000,"7":1638388800000,"8":1638387900000,"9":1638387000000,"10":1638386100000,"11":1638385200000,"12":1638384300000,"13":1638383400000,"14":1638382500000,"15":1638381600000,"16":1638380700000,"17":1638379800000,"18":1638378900000,"19":1638378000000,"20":1638377100000,"21":1638376200000,"22":1638375300000,"23":1638374400000,"24":1638373500000,"25":1638372600000},"open":{"0":4558.39014,"1":4544.81982,"2":4567.99023,"3":4580.8999,"4":4586.31982,"5":4593.54004,"6":4582.91016,"7":4597.5,"8":4597.2002,"9":4609.0498,"10":4601.99023,"11":4611.08984,"12":4632.68018,"13":4632.25,"14":4639.5,"15":4633.12988,"16":4645.20996,"17":4648.97021,"18":4649.66016,"19":4640.56982,"20":4630.45996,"21":4630.1001,"22":4632.43994,"23":4620.52002,"24":4618.24023,"25":4602.81982},"high":{"0":4559.7002,"1":4558.7998,"2":4567.99023,"3":4583.68018,"4":4594.12012,"5":4599.0498,"6":4594.58984,"7":4598.72998,"8":4598.81982,"9":4610.12988,"10":4609.93018,"11":4617.45996,"12":4633.72021,"13":4636.1001,"14":4644.20996,"15":4639.83008,"16":4645.20996,"17":4651.12988,"18":4652.93994,"19":4649.70996,"20":4641.74023,"21":4635.14014,"22":4637.97998,"23":4636.39014,"24":4622.5,"25":4622.89014},"low":{"0":4510.27002,"1":4538.5498,"2":4538.37012,"3":4562.75,"4":4580.16016,"5":4584.60986,"6":4575.41992,"7":4577.04004,"8":4580.7002,"9":4593.02979,"10":4594.93994,"11":4597.0,"12":4610.20996,"13":4630.31982,"14":4631.79004,"15":4630.64014,"16":4629.58008,"17":4644.56982,"18":4647.77002,"19":4638.54004,"20":4630.33008,"21":4619.66016,"22":4630.10986,"23":4620.52002,"24":4613.43018,"25":4602.81982},"close":{"0":4511.14014,"1":4558.35986,"2":4545.1499,"3":4568.02979,"4":4580.91016,"5":4586.35986,"6":4593.5498,"7":4583.02979,"8":4597.49023,"9":4597.43994,"10":4609.02002,"11":4602.14014,"12":4611.10986,"13":4632.70996,"14":4631.89014,"15":4639.47021,"16":4633.27979,"17":4645.22998,"18":4649.0,"19":4649.70996,"20":4640.1499,"21":4630.43018,"22":4630.10986,"23":4632.27002,"24":4620.52979,"25":4618.6001},"volume":{"0":272340673,"1":140183448,"2":125970451,"3":93987708,"4":2057148808,"5":79481363,"6":96395727,"7":86075710,"8":90862580,"9":75076965,"10":70295778,"11":87323323,"12":1398679118,"13":64469791,"14":66789110,"15":72450746,"16":90327714,"17":90902270,"18":78231275,"19":76216046,"20":776444998,"21":92158301,"22":99546284,"23":112515641,"24":384211593,"25":144141442}}