{"datetime":{"0":1687470300000,"1":1687469400000,"2":1687468500000,"3":1687467600000,"4":1687466700000,"5":1687465800000,"6":1687464900000,"7":1687464000000,"8":1687463100000,"9":1687462200000,"10":1687461300000,"11":1687460400000,"12":1687459500000,"13":1687458600000,"14":1687457700000,"15":1687456800000,"16":1687455900000,"17":1687455000000,"18":1687454100000,"19":1687453200000,"20":1687452300000,"21":1687451400000,"22":1687450500000,"23":1687449600000,"24":1687448700000,"25":1687447800000},"open":{"0":4376.97998,"1":4372.25,"2":4378.35986,"3":4380.12012,"4":4376.99023,"5":4375.58984,"6":4373.3501,"7":4372.7002,"8":4370.85986,"9":4366.18994,"10":4363.68994,"11":4368.68018,"12":4369.39014,"13":4368.58008,"14":4366.62012,"15":4371.87988,"16":4373.62012,"17":4364.52979,"18":4365.12012,"19":4361.37012,"20":4360.47998,"21":4372.3999,"22":4373.37988,"23":4363.8501,"24":4358.25977,"25":4355.3999},"high":{"0":4382.25,"1":4377.25977,"2":4379.04004,"3":4380.72998,"4":4380.4502,"5":4378.6001,"6":4375.77979,"7":4374.43994,"8":4372.97021,"9":4370.83984,"10":4366.87012,"11":4368.83984,"12":4370.66992,"13":4372.68018,"14":4370.50977,"15":4371.97998,"16":4374.20996,"17":4374.58008,"18":4369.04004,"19":4369.95996,"20":4363.81006,"21":4374.47998,"22":4376.06982,"23":4373.50977,"24":4366.62988,"25":4357.91016},"low":{"0":4376.18018,"1":4370.00977,"2":4372.06006,"3":4376.52002,"4":4374.66016,"5":4373.3501,"6":4371.31982,"7":4371.89014,"8":4369.58008,"9":4364.52979,"10":4361.85986,"11":4360.83984,"12":4366.54004,"13":4367.8999,"14":4365.58008,"15":4365.77002,"16":4369.79004,"17":4363.54004,"18":4363.56006,"19":4361.37012,"20":4357.72021,"21":4357.2002,"22":4368.66016,"23":4361.66992,"24":4356.3999,"25":4351.81982},"close":{"0":4381.54004,"1":4376.9502,"2":4372.22021,"3":4378.41016,"4":4380.10986,"5":4376.9502,"6":4375.56006,"7":4373.35986,"8":4372.56982,"9":4370.83984,"10":4366.18994,"11":4363.81982,"12":4368.68018,"13":4369.41992,"14":4368.52979,"15":4366.60986,"16":4371.89014,"17":4373.58984,"18":4364.52979,"19":4365.02979,"20":4361.41016,"21":4360.0,"22":4372.43994,"23":4373.37988,"24":4363.31006,"25":4357.91016},"volume":{"0":198737714,"1":87150750,"2":64433072,"3":51517113,"4":52287426,"5":47848359,"6":43888562,"7":44142140,"8":39255464,"9":46504064,"10":44640671,"11":47153270,"12":39546027,"13":46330110,"14":46340874,"15":51267830,"16":56317897,"17":58880765,"18":60345087,"19":65660953,"20":639042831,"21":77824327,"22":76261523,"23":93252300,"24":97919660,"25":119052449}}