{"datetime":{"0":1654033500000,"1":1654032600000,"2":1654031700000,"3":1654030800000,"4":1654029900000,"5":1654029000000,"6":1654028100000,"7":1654027200000,"8":1654026300000,"9":1654025400000,"10":1654024500000,"11":1654023600000,"12":1654022700000,"13":1654021800000,"14":1654020900000,"15":1654020000000,"16":1654019100000,"17":1654018200000,"18":1654017300000,"19":1654016400000,"20":1654015500000,"21":1654014600000,"22":1654013700000,"23":1654012800000,"24":1654011900000,"25":1654011000000},"open":{"0":4143.9502,"1":4147.81982,"2":4139.20996,"3":4134.83984,"4":4147.18018,"5":4157.8999,"6":4163.54004,"7":4166.62012,"8":4155.9502,"9":4144.1499,"10":4153.62988,"11":4155.8501,"12":4157.2002,"13":4147.22998,"14":4147.85986,"15":4149.95996,"16":4131.77979,"17":4121.66992,"18":4120.9502,"19":4134.04004,"20":4134.52002,"21":4121.99023,"22":4115.43994,"23":4116.25,"24":4108.33008,"25":4151.08984},"high":{"0":4154.62012,"1":4156.89014,"2":4149.25977,"3":4139.6499,"4":4147.18018,"5":4160.33008,"6":4167.16992,"7":4168.33984,"8":4167.02002,"9":4156.0498,"10":4153.66016,"11":4160.16992,"12":4161.4502,"13":4160.47998,"14":4148.79004,"15":4159.47998,"16":4152.25,"17":4133.33984,"18":4125.68018,"19":4139.97998,"20":4138.52979,"21":4135.97998,"22":4133.91016,"23":4119.43018,"24":4122.3999,"25":4151.08984},"low":{"0":4128.97998,"1":4143.93994,"2":4139.20996,"3":4125.60986,"4":4127.45996,"5":4147.04004,"6":4154.77002,"7":4159.49023,"8":4152.3501,"9":4143.22998,"10":4140.89014,"11":4147.37988,"12":4154.66992,"13":4145.68018,"14":4139.75,"15":4147.93994,"16":4131.77979,"17":4117.4502,"18":4119.02002,"19":4120.8501,"20":4130.54004,"21":4121.24023,"22":4115.2998,"23":4104.87988,"24":4108.24023,"25":4106.66992},"close":{"0":4133.72021,"1":4143.97998,"2":4148.04004,"3":4139.12012,"4":4134.91016,"5":4147.27979,"6":4157.72021,"7":4163.54004,"8":4166.97021,"9":4156.0,"10":4144.37988,"11":4153.5498,"12":4155.93018,"13":4157.22998,"14":4147.12012,"15":4147.93994,"16":4149.97998,"17":4131.7998,"18":4121.87988,"19":4121.00977,"20":4133.97021,"21":4134.24023,"22":4121.70996,"23":4115.1001,"24":4116.75977,"25":4108.68994},"volume":{"0":360894058,"1":121298906,"2":82881849,"3":70176951,"4":72758981,"5":54908580,"6":59700327,"7":58106764,"8":55011189,"9":50783756,"10":47048736,"11":47916458,"12":43965662,"13":45851598,"14":50386845,"15":54543564,"16":57865378,"17":56478568,"18":56802798,"19":65949355,"20":65685532,"21":78874985,"22":83653452,"23":94721117,"24":128265634,"25":133643788}}