{"datetime":{"0":1646257500000,"1":1646256600000,"2":1646255700000,"3":1646254800000,"4":1646253900000,"5":1646253000000,"6":1646252100000,"7":1646251200000,"8":1646250300000,"9":1646249400000,"10":1646248500000,"11":1646247600000,"12":1646246700000,"13":1646245800000,"14":1646244900000,"15":1646244000000,"16":1646243100000,"17":1646242200000,"18":1646241300000,"19":1646240400000,"20":1646239500000,"21":1646238600000,"22":1646237700000,"23":1646236800000,"24":1646235900000,"25":1646235000000},"open":{"0":4394.12012,"1":4394.0498,"2":4387.47998,"3":4386.7998,"4":4397.99023,"5":4391.1499,"6":4397.99023,"7":4394.25,"8":4396.49023,"9":4392.18018,"10":4395.29004,"11":4384.56006,"12":4385.72021,"13":4381.66992,"14":4383.37988,"15":4377.75,"16":4370.64014,"17":4374.72021,"18":4376.5,"19":4351.49023,"20":4353.60986,"21":4350.93994,"22":4325.56006,"23":4342.62012,"24":4345.08008,"25":4322.56006},"high":{"0":4401.47998,"1":4399.08008,"2":4395.1001,"3":4396.39014,"4":4398.7998,"5":4397.99023,"6":4401.14014,"7":4401.08984,"8":4396.91016,"9":4399.68018,"10":4396.45996,"11":4397.6001,"12":4387.1001,"13":4387.25,"14":4385.58008,"15":4386.39014,"16":4378.68018,"17":4388.77979,"18":4381.08984,"19":4376.81006,"20":4357.37988,"21":4361.72021,"22":4356.0,"23":4352.4502,"24":4353.4502,"25":4346.25977},"low":{"0":4384.0498,"1":4391.8999,"2":4384.91016,"3":4386.1499,"4":4384.18018,"5":4387.58984,"6":4386.66016,"7":4392.37012,"8":4389.87988,"9":4392.18018,"10":4390.72021,"11":4384.56006,"12":4378.62988,"13":4380.83984,"14":4373.85986,"15":4373.02002,"16":4370.3501,"17":4370.50977,"18":4366.77002,"19":4343.89014,"20":4341.16016,"21":4342.2002,"22":4323.81006,"23":4323.7002,"24":4337.99023,"25":4322.56006},"close":{"0":4385.62012,"1":4394.10986,"2":4394.12012,"3":4387.45996,"4":4386.72998,"5":4397.93018,"6":4391.20996,"7":4397.99023,"8":4394.27002,"9":4396.47021,"10":4392.22998,"11":4395.49023,"12":4384.5,"13":4385.68018,"14":4381.58008,"15":4383.3501,"16":4377.81982,"17":4370.54004,"18":4374.72021,"19":4376.7002,"20":4351.43018,"21":4353.18994,"22":4350.70996,"23":4325.47998,"24":4344.24023,"25":4345.58008},"volume":{"0":285488639,"1":115013426,"2":83267939,"3":74976456,"4":72323095,"5":60968064,"6":67418862,"7":60188764,"8":58829918,"9":61662929,"10":56775963,"11":69957230,"12":56215215,"13":65761403,"14":67243145,"15":75105132,"16":71128130,"17":96132552,"18":89772429,"19":116071022,"20":92154742,"21":113118412,"22":116494073,"23":121848891,"24":147597752,"25":171934221}}