{"datetime":{"0":1659044700000,"1":1659043800000,"2":1659042900000,"3":1659042000000,"4":1659041100000,"5":1659040200000,"6":1659039300000,"7":1659038400000,"8":1659037500000,"9":1659036600000,"10":1659035700000,"11":1659034800000,"12":1659033900000,"13":1659033000000,"14":1659032100000,"15":1659031200000,"16":1659030300000,"17":1659029400000,"18":1659028500000,"19":1659027600000,"20":1659026700000,"21":1659025800000,"22":1659024900000,"23":1659024000000,"24":1659023100000,"25":1659022200000},"open":{"0":4069.56006,"1":4076.08008,"2":4073.75,"3":4073.48999,"4":4071.57007,"5":4069.41992,"6":4066.82007,"7":4073.23999,"8":4069.66992,"9":4061.78003,"10":4056.32007,"11":4052.05005,"12":4051.8501,"13":4053.54004,"14":4051.36011,"15":4047.95996,"16":4053.47998,"17":4049.13989,"18":4035.68994,"19":4026.84009,"20":4008.95996,"21":3998.47998,"22":4000.52002,"23":4004.76001,"24":4014.75,"25":4026.12988},"high":{"0":4075.23999,"1":4076.08008,"2":4076.43994,"3":4078.94995,"4":4074.12012,"5":4072.3501,"6":4071.15991,"7":4073.36011,"8":4075.19995,"9":4072.05005,"10":4062.08008,"11":4056.69995,"12":4055.12012,"13":4054.33008,"14":4054.40991,"15":4052.34009,"16":4055.93994,"17":4053.62988,"18":4049.17993,"19":4035.6001,"20":4026.96997,"21":4010.17993,"22":4005.68994,"23":4011.41992,"24":4015.05005,"25":4038.46997},"low":{"0":4066.98999,"1":4067.67993,"2":4070.02002,"3":4071.17993,"4":4070.09009,"5":4067.44995,"6":4066.82007,"7":4065.43994,"8":4068.29004,"9":4061.33008,"10":4053.52002,"11":4047.66992,"12":4049.86011,"13":4048.28003,"14":4044.91992,"15":4047.5,"16":4047.95996,"17":4043.17993,"18":4033.16992,"19":4025.36011,"20":4008.42993,"21":3994.87012,"22":3992.96997,"23":3995.84009,"24":3995.04004,"25":4014.61011},"close":{"0":4071.32007,"1":4069.54004,"2":4076.04004,"3":4073.63989,"4":4073.53003,"5":4071.58008,"6":4069.3501,"7":4066.78003,"8":4073.25,"9":4069.71997,"10":4061.75,"11":4056.45996,"12":4052.19995,"13":4051.86011,"14":4053.48999,"15":4051.38989,"16":4048.12988,"17":4053.59009,"18":4049.11011,"19":4035.6001,"20":4026.83008,"21":4008.98999,"22":3998.52002,"23":4000.59009,"24":4004.65991,"25":4014.66992},"volume":{"0":255372966,"1":100741040,"2":76430288,"3":74038705,"4":71052201,"5":52011326,"6":53668541,"7":58485400,"8":53254759,"9":56981175,"10":55558766,"11":52946122,"12":48511627,"13":52132684,"14":58442825,"15":58846622,"16":68591056,"17":72858313,"18":75807113,"19":81461491,"20":86286048,"21":87831063,"22":93004040,"23":118753789,"24":138988037,"25":162018133}}