{"datetime":{"0":1614116700000,"1":1614115800000,"2":1614114900000,"3":1614114000000,"4":1614113100000,"5":1614112200000,"6":1614111300000,"7":1614110400000,"8":1614109500000,"9":1614108600000,"10":1614107700000,"11":1614106800000,"12":1614105900000,"13":1614105000000,"14":1614104100000,"15":1614103200000,"16":1614102300000,"17":1614101400000,"18":1614100500000,"19":1614099600000,"20":1614098700000,"21":1614097800000,"22":1614096900000,"23":1614096000000,"24":1614095100000,"25":1614094200000},"open":{"0":3889.04004,"1":3895.56006,"2":3885.1001,"3":3872.96997,"4":3862.5,"5":3864.5,"6":3861.6001,"7":3857.47998,"8":3854.45996,"9":3856.5,"10":3847.94995,"11":3834.30005,"12":3836.75,"13":3847.5,"14":3837.67993,"15":3845.63989,"16":3846.5,"17":3854.32007,"18":3863.57007,"19":3859.48999,"20":3852.78003,"21":3849.97998,"22":3836.84009,"23":3827.79004,"24":3827.5,"25":3852.3501},"high":{"0":3892.04004,"1":3896.06006,"2":3895.80005,"3":3886.02002,"4":3873.96997,"5":3866.61011,"6":3866.53003,"7":3863.93994,"8":3860.93994,"9":3858.91992,"10":3858.17993,"11":3849.17993,"12":3844.83008,"13":3852.67993,"14":3849.59009,"15":3845.63989,"16":3850.75,"17":3860.69995,"18":3865.09009,"19":3867.93994,"20":3863.55005,"21":3853.1499,"22":3849.47998,"23":3844.11011,"24":3832.0,"25":3852.8501},"low":{"0":3879.0,"1":3887.80005,"2":3884.80005,"3":3871.80005,"4":3862.0,"5":3854.30005,"6":3859.8999,"7":3855.0,"8":3850.97998,"9":3853.0,"10":3847.69995,"11":3831.0,"12":3832.48999,"13":3836.5,"14":3834.30005,"15":3836.80005,"16":3844.30005,"17":3846.30005,"18":3848.30005,"19":3856.5,"20":3852.5,"21":3843.0,"22":3833.5,"23":3821.20996,"24":3808.12012,"25":3827.63989},"close":{"0":3879.0,"1":3889.54004,"2":3895.31006,"3":3885.30005,"4":3873.46997,"5":3863.23999,"6":3864.30005,"7":3861.21997,"8":3857.30005,"9":3853.5,"10":3856.80005,"11":3847.69995,"12":3834.48999,"13":3837.37012,"14":3847.80005,"15":3838.92993,"16":3846.76001,"17":3847.0,"18":3854.07007,"19":3862.07007,"20":3858.98999,"21":3852.30005,"22":3849.47998,"23":3838.69995,"24":3826.90991,"25":3827.77002},"volume":{"0":0,"1":0,"2":0,"3":0,"4":0,"5":0,"6":0,"7":0,"8":0,"9":0,"10":0,"11":0,"12":0,"13":0,"14":0,"15":0,"16":0,"17":0,"18":0,"19":0,"20":0,"21":0,"22":0,"23":0,"24":0,"25":0}}