{"datetime":{"0":1639086300000,"1":1639085400000,"2":1639084500000,"3":1639083600000,"4":1639082700000,"5":1639081800000,"6":1639080900000,"7":1639080000000,"8":1639079100000,"9":1639078200000,"10":1639077300000,"11":1639076400000,"12":1639075500000,"13":1639074600000,"14":1639073700000,"15":1639072800000,"16":1639071900000,"17":1639071000000,"18":1639070100000,"19":1639069200000,"20":1639068300000,"21":1639067400000,"22":1639066500000,"23":1639065600000,"24":1639064700000,"25":1639063800000},"open":{"0":4677.70996,"1":4672.47021,"2":4673.24023,"3":4678.99023,"4":4682.97021,"5":4685.66992,"6":4686.49023,"7":4689.12012,"8":4688.81006,"9":4689.70996,"10":4691.24023,"11":4693.93018,"12":4690.16992,"13":4686.02979,"14":4686.06006,"15":4684.45996,"16":4687.56006,"17":4690.89014,"18":4683.87012,"19":4686.43994,"20":4682.18994,"21":4679.6001,"22":4688.22998,"23":4687.33008,"24":4692.27002,"25":4691.0},"high":{"0":4681.00977,"1":4680.16016,"2":4674.81982,"3":4684.06006,"4":4683.56006,"5":4686.75977,"6":4691.52002,"7":4690.70996,"8":4690.77979,"9":4695.25977,"10":4693.68018,"11":4693.9502,"12":4694.14014,"13":4691.16992,"14":4687.97998,"15":4686.56006,"16":4687.56006,"17":4692.62988,"18":4691.02002,"19":4687.33008,"20":4687.12012,"21":4682.6499,"22":4691.79004,"23":4692.45996,"24":4694.58984,"25":4694.56982},"low":{"0":4665.97998,"1":4672.08984,"2":4668.22021,"3":4670.87988,"4":4676.74023,"5":4681.43018,"6":4684.93994,"7":4685.16992,"8":4683.74023,"9":4688.79004,"10":4689.0498,"11":4689.75,"12":4689.8501,"13":4684.97998,"14":4683.91992,"15":4681.02002,"16":4683.02002,"17":4687.18994,"18":4680.72021,"19":4682.93018,"20":4682.18994,"21":4675.33984,"22":4679.50977,"23":4685.31006,"24":4683.18018,"25":4683.58008},"close":{"0":4667.62988,"1":4677.6001,"2":4672.66016,"3":4673.22998,"4":4679.04004,"5":4683.00977,"6":4685.64014,"7":4686.43994,"8":4689.18018,"9":4688.79004,"10":4689.70996,"11":4691.24023,"12":4693.97021,"13":4690.18018,"14":4686.06006,"15":4685.95996,"16":4684.4502,"17":4687.5498,"18":4690.97021,"19":4683.81006,"20":4686.27979,"21":4682.12012,"22":4679.6001,"23":4688.06006,"24":4687.52002,"25":4692.2002},"volume":{"0":146850126,"1":82397737,"2":61548987,"3":59152002,"4":47138794,"5":46277273,"6":45856367,"7":44364434,"8":44942135,"9":40979865,"10":39201940,"11":44091577,"12":913284602,"13":43342040,"14":41680855,"15":47243199,"16":47267300,"17":52548032,"18":52257571,"19":53909500,"20":58510947,"21":69993996,"22":67182702,"23":79828212,"24":91541829,"25":107466974}}