{"datetime":{"0":1684532700000,"1":1684531800000,"2":1684530900000,"3":1684530000000,"4":1684529100000,"5":1684528200000,"6":1684527300000,"7":1684526400000,"8":1684525500000,"9":1684524600000,"10":1684523700000,"11":1684522800000,"12":1684521900000,"13":1684521000000,"14":1684520100000,"15":1684519200000,"16":1684518300000,"17":1684517400000,"18":1684516500000,"19":1684515600000,"20":1684514700000,"21":1684513800000,"22":1684512900000,"23":1684512000000,"24":1684511100000,"25":1684510200000},"open":{"0":4192.47021,"1":4187.7998,"2":4192.81006,"3":4192.52002,"4":4187.9502,"5":4184.68018,"6":4184.43018,"7":4185.99023,"8":4190.75977,"9":4193.64014,"10":4193.16992,"11":4192.56982,"12":4190.00977,"13":4188.5498,"14":4188.75977,"15":4191.12988,"16":4186.68994,"17":4191.72021,"18":4201.79004,"19":4209.02979,"20":4207.54004,"21":4211.37988,"22":4209.2998,"23":4211.47021,"24":4210.85986,"25":4204.1499},"high":{"0":4195.43018,"1":4192.62988,"2":4192.81006,"3":4192.81982,"4":4192.60986,"5":4188.2002,"6":4189.9502,"7":4187.5,"8":4191.5498,"9":4194.47021,"10":4195.41992,"11":4196.25,"12":4194.79004,"13":4190.16992,"14":4194.1001,"15":4193.3999,"16":4196.75977,"17":4192.31982,"18":4203.99023,"19":4211.56982,"20":4209.3501,"21":4212.91016,"22":4212.29004,"23":4211.83008,"24":4212.79004,"25":4212.68994},"low":{"0":4189.29004,"1":4186.14014,"2":4187.52002,"3":4188.16992,"4":4184.41992,"5":4183.08008,"6":4181.04004,"7":4183.93994,"8":4185.91992,"9":4189.58984,"10":4191.72021,"11":4191.62012,"12":4189.8501,"13":4181.16016,"14":4185.6499,"15":4188.02002,"16":4186.4502,"17":4180.2002,"18":4191.7998,"19":4199.5,"20":4204.8501,"21":4206.47021,"22":4208.93018,"23":4204.93994,"24":4208.02979,"25":4204.08008},"close":{"0":4191.97021,"1":4192.43018,"2":4187.79004,"3":4192.7998,"4":4192.5498,"5":4187.8501,"6":4184.6499,"7":4184.43018,"8":4185.97998,"9":4190.77002,"10":4193.64014,"11":4193.16992,"12":4192.52979,"13":4189.9502,"14":4188.60986,"15":4188.81006,"16":4191.1499,"17":4186.56982,"18":4191.7998,"19":4201.95996,"20":4209.02002,"21":4207.58008,"22":4211.45996,"23":4209.25,"24":4211.2998,"25":4210.87988},"volume":{"0":208636225,"1":80513934,"2":60749200,"3":51585625,"4":48180081,"5":44404847,"6":51895341,"7":45112344,"8":40567353,"9":49471440,"10":51408781,"11":46507484,"12":46472195,"13":53609269,"14":63531469,"15":52967232,"16":66257095,"17":80998794,"18":85430023,"19":75321351,"20":65684240,"21":73080770,"22":79552474,"23":87867784,"24":96773219,"25":115243372}}