{"datetime":{"0":1657662300000,"1":1657661400000,"2":1657660500000,"3":1657659600000,"4":1657658700000,"5":1657657800000,"6":1657656900000,"7":1657656000000,"8":1657655100000,"9":1657654200000,"10":1657653300000,"11":1657652400000,"12":1657651500000,"13":1657650600000,"14":1657649700000,"15":1657648800000,"16":1657647900000,"17":1657647000000,"18":1657646100000,"19":1657645200000,"20":1657644300000,"21":1657643400000,"22":1657642500000,"23":1657641600000,"24":1657640700000,"25":1657639800000},"open":{"0":3809.23999,"1":3814.5,"2":3824.1001,"3":3836.80005,"4":3845.13989,"5":3849.86011,"6":3852.63989,"7":3855.8999,"8":3854.03003,"9":3852.47998,"10":3852.41992,"11":3860.31006,"12":3861.07007,"13":3858.38989,"14":3856.66992,"15":3855.1001,"16":3853.18994,"17":3862.41992,"18":3859.92993,"19":3852.17993,"20":3849.27002,"21":3841.01001,"22":3845.51001,"23":3849.44995,"24":3864.62988,"25":3851.94995},"high":{"0":3822.05005,"1":3815.94995,"2":3824.26001,"3":3836.80005,"4":3846.19995,"5":3850.94995,"6":3853.34009,"7":3856.62012,"8":3857.57007,"9":3855.12012,"10":3853.21997,"11":3865.09009,"12":3862.77002,"13":3863.79004,"14":3858.58008,"15":3858.47998,"16":3855.15991,"17":3864.71997,"18":3863.08008,"19":3862.88989,"20":3853.77002,"21":3853.34009,"22":3850.37012,"23":3849.44995,"24":3866.51001,"25":3873.40991},"low":{"0":3808.79004,"1":3802.36011,"2":3813.53003,"3":3817.06006,"4":3836.77002,"5":3843.68994,"6":3848.76001,"7":3849.80005,"8":3851.61011,"9":3852.21997,"10":3848.81006,"11":3851.83008,"12":3856.16992,"13":3857.16992,"14":3854.26001,"15":3851.43994,"16":3850.98999,"17":3851.48999,"18":3852.87012,"19":3847.44995,"20":3844.37988,"21":3841.0,"22":3839.67993,"23":3837.87012,"24":3848.77002,"25":3849.59009},"close":{"0":3820.09009,"1":3809.25,"2":3814.56006,"3":3824.20996,"4":3836.79004,"5":3845.13989,"6":3849.8501,"7":3852.70996,"8":3855.87012,"9":3854.01001,"10":3852.45996,"11":3852.34009,"12":3860.32007,"13":3861.01001,"14":3858.53003,"15":3856.6499,"16":3855.11011,"17":3853.20996,"18":3862.3501,"19":3859.96997,"20":3852.22998,"21":3849.3501,"22":3840.86011,"23":3845.51001,"24":3849.40991,"25":3864.6001},"volume":{"0":178856962,"1":94263638,"2":71562895,"3":71043877,"4":52743393,"5":44923809,"6":45258920,"7":49450788,"8":38790265,"9":40239447,"10":41711141,"11":47592377,"12":42087750,"13":45434035,"14":43519923,"15":47594100,"16":49454270,"17":58075689,"18":60160513,"19":72112424,"20":66096684,"21":74189773,"22":90884898,"23":99657671,"24":119771978,"25":111926152}}