{"datetime":{"0":1674510300000,"1":1674509400000,"2":1674508500000,"3":1674507600000,"4":1674506700000,"5":1674505800000,"6":1674504900000,"7":1674504000000,"8":1674503100000,"9":1674502200000,"10":1674501300000,"11":1674500400000,"12":1674499500000,"13":1674498600000,"14":1674497700000,"15":1674496800000,"16":1674495900000,"17":1674495000000,"18":1674494100000,"19":1674493200000,"20":1674492300000,"21":1674491400000,"22":1674490500000,"23":1674489600000,"24":1674488700000,"25":1674487800000},"open":{"0":4013.48999,"1":4011.33008,"2":4012.91992,"3":4008.28003,"4":4013.47998,"5":4019.6499,"6":4026.98999,"7":4033.16992,"8":4036.68994,"9":4031.78003,"10":4029.84009,"11":4028.17993,"12":4025.03003,"13":4023.37988,"14":4018.16992,"15":4028.38989,"16":4024.66992,"17":4021.66992,"18":4026.42993,"19":4012.20996,"20":4006.80005,"21":4005.3999,"22":3997.75,"23":3992.04004,"24":3978.93994,"25":3978.13989},"high":{"0":4022.68994,"1":4013.8501,"2":4015.26001,"3":4014.04004,"4":4013.47998,"5":4023.16992,"6":4027.6001,"7":4033.16992,"8":4039.31006,"9":4036.88989,"10":4033.22998,"11":4030.96997,"12":4028.87012,"13":4025.45996,"14":4023.80005,"15":4028.38989,"16":4028.97998,"17":4025.48999,"18":4033.11011,"19":4029.75,"20":4015.23999,"21":4009.02002,"22":4007.30005,"23":4000.34009,"24":3995.62988,"25":3981.62012},"low":{"0":4012.65991,"1":4008.16992,"2":4007.09009,"3":4003.97998,"4":4000.83008,"5":4012.84009,"6":4018.62988,"7":4024.67993,"8":4032.34009,"9":4031.59009,"10":4029.44995,"11":4027.19995,"12":4021.73999,"13":4021.97998,"14":4017.92993,"15":4017.33008,"16":4023.66992,"17":4020.23999,"18":4021.62988,"19":4012.20996,"20":4005.95996,"21":4004.3999,"22":3997.66992,"23":3989.94995,"24":3978.93994,"25":3971.63989},"close":{"0":4019.52002,"1":4013.46997,"2":4011.32007,"3":4012.94995,"4":4008.30005,"5":4013.5,"6":4019.71997,"7":4027.0,"8":4033.20996,"9":4036.72998,"10":4031.79004,"11":4029.83008,"12":4028.31006,"13":4025.01001,"14":4023.37988,"15":4018.25,"16":4028.37012,"17":4024.68994,"18":4021.62988,"19":4026.44995,"20":4012.25,"21":4006.70996,"22":4005.37988,"23":3997.80005,"24":3992.15991,"25":3979.15991},"volume":{"0":247724334,"1":98459397,"2":80155850,"3":74914418,"4":79958011,"5":64741757,"6":62498484,"7":61757695,"8":61563148,"9":63599743,"10":58136340,"11":55402280,"12":63314963,"13":49441865,"14":55258097,"15":64649101,"16":62287811,"17":68927897,"18":80029043,"19":85111648,"20":80126851,"21":75082082,"22":83817794,"23":99187586,"24":114108064,"25":118848441}}