{"datetime":{"0":1633124700000,"1":1633123800000,"2":1633122900000,"3":1633122000000,"4":1633121100000,"5":1633120200000,"6":1633119300000,"7":1633118400000,"8":1633117500000,"9":1633116600000,"10":1633115700000,"11":1633114800000,"12":1633113900000,"13":1633113000000,"14":1633112100000,"15":1633111200000,"16":1633110300000,"17":1633109400000,"18":1633108500000,"19":1633107600000,"20":1633106700000,"21":1633105800000,"22":1633104900000,"23":1633104000000,"24":1633103100000,"25":1633102200000},"open":{"0":4362.43018,"1":4364.02002,"2":4372.91992,"3":4362.81006,"4":4355.7002,"5":4355.99023,"6":4352.47998,"7":4348.3999,"8":4345.97021,"9":4337.68994,"10":4336.33984,"11":4329.77979,"12":4331.52002,"13":4330.52979,"14":4327.02979,"15":4329.58984,"16":4333.37012,"17":4319.8501,"18":4318.91016,"19":4307.10986,"20":4291.62012,"21":4293.25977,"22":4311.70996,"23":4309.89014,"24":4309.16992,"25":4317.16016},"high":{"0":4368.66016,"1":4365.10986,"2":4375.18994,"3":4372.8999,"4":4364.41992,"5":4359.8999,"6":4358.56982,"7":4355.52979,"8":4353.72998,"9":4345.97021,"10":4339.41016,"11":4338.16016,"12":4334.2002,"13":4334.2998,"14":4332.5498,"15":4332.12012,"16":4335.85986,"17":4334.1499,"18":4324.93994,"19":4320.04004,"20":4307.4502,"21":4297.70996,"22":4311.70996,"23":4318.08984,"24":4313.56006,"25":4330.83008},"low":{"0":4352.18994,"1":4360.25977,"2":4363.95996,"3":4362.81006,"4":4355.7002,"5":4355.7002,"6":4352.47998,"7":4348.3999,"8":4345.2002,"9":4337.68994,"10":4335.66016,"11":4326.27979,"12":4327.54004,"13":4328.52979,"14":4323.39014,"15":4325.66016,"16":4327.08984,"17":4319.6499,"18":4316.7998,"19":4298.68994,"20":4289.18018,"21":4289.62012,"22":4288.52979,"23":4306.37988,"24":4304.2998,"25":4309.66992},"close":{"0":4355.00977,"1":4362.39014,"2":4364.02002,"3":4372.8999,"4":4362.87988,"5":4355.7002,"6":4356.04004,"7":4352.4502,"8":4348.3501,"9":4345.93994,"10":4337.68018,"11":4336.24023,"12":4329.91016,"13":4331.5,"14":4330.47021,"15":4327.04004,"16":4329.56006,"17":4333.77002,"18":4320.0,"19":4319.02002,"20":4306.95996,"21":4291.75,"22":4293.22998,"23":4312.4502,"24":4309.7002,"25":4309.66992},"volume":{"0":1894118599,"1":82638579,"2":63584831,"3":53805856,"4":1472464215,"5":44464300,"6":47971664,"7":51225811,"8":53763339,"9":47599685,"10":41151194,"11":42792615,"12":41626324,"13":43645566,"14":43760047,"15":47042937,"16":50331722,"17":58865763,"18":59243877,"19":74064110,"20":72513473,"21":81598907,"22":98283492,"23":103593242,"24":112211307,"25":138614302}}