{"datetime":{"0":1636753500000,"1":1636752600000,"2":1636751700000,"3":1636750800000,"4":1636749900000,"5":1636749000000,"6":1636748100000,"7":1636747200000,"8":1636746300000,"9":1636745400000,"10":1636744500000,"11":1636743600000,"12":1636742700000,"13":1636741800000,"14":1636740900000,"15":1636740000000,"16":1636739100000,"17":1636738200000,"18":1636737300000,"19":1636736400000,"20":1636735500000,"21":1636734600000,"22":1636733700000,"23":1636732800000,"24":1636731900000,"25":1636731000000},"open":{"0":4683.70996,"1":4682.68018,"2":4679.2998,"3":4676.95996,"4":4676.0498,"5":4675.45996,"6":4678.93018,"7":4679.77979,"8":4678.31982,"9":4676.70996,"10":4676.39014,"11":4677.99023,"12":4679.47998,"13":4681.95996,"14":4682.43018,"15":4681.2998,"16":4678.6499,"17":4678.39014,"18":4671.35986,"19":4663.43994,"20":4657.56006,"21":4655.54004,"22":4655.5,"23":4652.97021,"24":4654.52979,"25":4661.2998},"high":{"0":4683.87012,"1":4688.47021,"2":4682.74023,"3":4679.31982,"4":4678.43994,"5":4676.3501,"6":4679.87012,"7":4680.00977,"8":4679.91992,"9":4679.56982,"10":4677.62012,"11":4678.24023,"12":4680.10986,"13":4682.16016,"14":4683.08984,"15":4683.5498,"16":4682.54004,"17":4681.1001,"18":4680.58984,"19":4671.5,"20":4663.56006,"21":4657.75977,"22":4659.68018,"23":4658.22021,"24":4657.16016,"25":4662.85986},"low":{"0":4680.37012,"1":4682.68018,"2":4678.37012,"3":4676.16992,"4":4676.0498,"5":4673.2002,"6":4675.16016,"7":4677.41016,"8":4676.50977,"9":4676.70996,"10":4674.91992,"11":4674.45996,"12":4677.35986,"13":4679.47021,"14":4680.64014,"15":4679.20996,"16":4676.54004,"17":4677.87988,"18":4671.2998,"19":4663.43994,"20":4656.75977,"21":4652.18994,"22":4654.18994,"23":4652.3999,"24":4651.85986,"25":4650.77002},"close":{"0":4682.95996,"1":4683.62988,"2":4682.7002,"3":4679.27979,"4":4677.00977,"5":4676.0,"6":4675.45996,"7":4678.91016,"8":4679.77002,"9":4678.20996,"10":4676.7002,"11":4676.3999,"12":4677.97021,"13":4679.5,"14":4681.9502,"15":4682.5,"16":4681.31982,"17":4678.62988,"18":4678.39014,"19":4671.33984,"20":4663.35986,"21":4657.62012,"22":4655.5,"23":4655.5,"24":4653.64014,"25":4654.52002},"volume":{"0":190515277,"1":82586802,"2":51319357,"3":42805584,"4":1246510231,"5":40816244,"6":41905737,"7":37562855,"8":1086844504,"9":38337275,"10":38644332,"11":46010365,"12":931090172,"13":41258322,"14":44917054,"15":49323149,"16":52043862,"17":54871323,"18":62526356,"19":62302029,"20":54977717,"21":60741470,"22":65594090,"23":74883485,"24":112324963,"25":92455888}}