{"datetime":{"0":1665524700000,"1":1665523800000,"2":1665522900000,"3":1665522000000,"4":1665521100000,"5":1665520200000,"6":1665519300000,"7":1665518400000,"8":1665517500000,"9":1665516600000,"10":1665515700000,"11":1665514800000,"12":1665513900000,"13":1665513000000,"14":1665512100000,"15":1665511200000,"16":1665510300000,"17":1665509400000,"18":1665508500000,"19":1665507600000,"20":1665506700000,"21":1665505800000,"22":1665504900000,"23":1665504000000,"24":1665503100000,"25":1665502200000},"open":{"0":3588.38989,"1":3581.65991,"2":3575.55005,"3":3584.33008,"4":3616.53003,"5":3623.37988,"6":3620.12012,"7":3629.88989,"8":3627.57007,"9":3624.88989,"10":3630.36011,"11":3632.56006,"12":3637.18994,"13":3623.53003,"14":3615.11011,"15":3618.31006,"16":3618.37012,"17":3603.97998,"18":3599.18994,"19":3586.12012,"20":3592.81006,"21":3578.53003,"22":3578.79004,"23":3576.37012,"24":3586.3999,"25":3595.86011},"high":{"0":3592.84009,"1":3590.58008,"2":3585.3999,"3":3586.30005,"4":3617.16992,"5":3628.51001,"6":3625.15991,"7":3631.66992,"8":3631.96997,"9":3628.55005,"10":3633.08008,"11":3634.51001,"12":3640.65991,"13":3637.28003,"14":3627.57007,"15":3618.67993,"16":3625.3999,"17":3618.32007,"18":3605.83008,"19":3605.15991,"20":3596.52002,"21":3595.67993,"22":3584.45996,"23":3579.28003,"24":3590.92993,"25":3598.1499},"low":{"0":3580.51001,"1":3575.71997,"2":3568.65991,"3":3571.04004,"4":3583.36011,"5":3622.33008,"6":3616.28003,"7":3618.31006,"8":3625.18994,"9":3620.29004,"10":3622.8999,"11":3628.53003,"12":3630.95996,"13":3623.53003,"14":3614.01001,"15":3606.19995,"16":3616.5,"17":3603.3999,"18":3598.19995,"19":3585.79004,"20":3585.98999,"21":3573.67993,"22":3575.71997,"23":3568.44995,"24":3575.93994,"25":3582.51001},"close":{"0":3587.22,"1":3588.16992,"2":3581.6499,"3":3575.62988,"4":3584.33008,"5":3623.81006,"6":3622.73999,"7":3622.45996,"8":3629.8999,"9":3627.56006,"10":3624.84009,"11":3630.33008,"12":3632.54004,"13":3637.09009,"14":3623.51001,"15":3615.09009,"16":3618.27002,"17":3618.32007,"18":3603.70996,"19":3599.19995,"20":3586.1499,"21":3592.8501,"22":3578.53003,"23":3578.68994,"24":3576.3999,"25":3586.1001},"volume":{"0":196094295,"1":116088931,"2":103685075,"3":97016342,"4":1782534988,"5":56770061,"6":54654626,"7":59653181,"8":1524455706,"9":1483434640,"10":64806620,"11":58495036,"12":1299164682,"13":1210345681,"14":63294125,"15":64299998,"16":2018409022,"17":83724269,"18":892433033,"19":784271465,"20":81526347,"21":103570988,"22":91417335,"23":476858813,"24":124504439,"25":129743642}}