{"datetime":{"0":1643751900000,"1":1643751000000,"2":1643750100000,"3":1643749200000,"4":1643748300000,"5":1643747400000,"6":1643746500000,"7":1643745600000,"8":1643744700000,"9":1643743800000,"10":1643742900000,"11":1643742000000,"12":1643741100000,"13":1643740200000,"14":1643739300000,"15":1643738400000,"16":1643737500000,"17":1643736600000,"18":1643735700000,"19":1643734800000,"20":1643733900000,"21":1643733000000,"22":1643732100000,"23":1643731200000,"24":1643730300000,"25":1643729400000},"open":{"0":4540.12988,"1":4537.33984,"2":4530.47998,"3":4518.3501,"4":4517.74023,"5":4515.54004,"6":4516.8999,"7":4518.39014,"8":4519.6499,"9":4517.58008,"10":4512.0,"11":4518.72998,"12":4509.99023,"13":4514.72998,"14":4513.52002,"15":4521.0498,"16":4515.2002,"17":4512.91992,"18":4521.9502,"19":4513.97021,"20":4497.2002,"21":4501.97021,"22":4503.7998,"23":4512.18994,"24":4506.18994,"25":4519.56982},"high":{"0":4550.49023,"1":4542.27979,"2":4538.02979,"3":4532.1001,"4":4519.97998,"5":4518.72021,"6":4519.1001,"7":4522.60986,"8":4520.83984,"9":4520.41992,"10":4517.93994,"11":4518.81006,"12":4518.77979,"13":4515.06982,"14":4518.77979,"15":4522.7998,"16":4523.93994,"17":4518.37988,"18":4522.2002,"19":4522.27002,"20":4514.00977,"21":4510.2998,"22":4513.8999,"23":4513.00977,"24":4515.16992,"25":4525.56006},"low":{"0":4539.58008,"1":4532.97021,"2":4527.91992,"3":4516.97021,"4":4513.62012,"5":4512.97998,"6":4509.43994,"7":4514.04004,"8":4513.70996,"9":4510.58008,"10":4510.81006,"11":4510.1001,"12":4506.35986,"13":4504.4502,"14":4510.50977,"15":4511.18994,"16":4515.2002,"17":4504.54004,"18":4509.45996,"19":4509.75977,"20":4493.77979,"21":4495.0498,"22":4496.35986,"23":4483.52979,"24":4501.72998,"25":4503.72998},"close":{"0":4544.9502,"1":4540.12988,"2":4537.45996,"3":4530.47998,"4":4518.33008,"5":4517.72998,"6":4515.5,"7":4516.72021,"8":4518.43018,"9":4519.60986,"10":4517.58008,"11":4511.95996,"12":4518.72998,"13":4510.0,"14":4514.74023,"15":4513.5,"16":4521.02002,"17":4515.24023,"18":4512.87988,"19":4522.0,"20":4513.87012,"21":4497.12012,"22":4501.9502,"23":4503.93994,"24":4511.60986,"25":4506.27002},"volume":{"0":265281429,"1":108417460,"2":79056646,"3":78219475,"4":57137916,"5":59660833,"6":59970576,"7":57517534,"8":52764211,"9":63299079,"10":45134597,"11":53049615,"12":49259170,"13":60482706,"14":54096303,"15":63045727,"16":67588586,"17":77276319,"18":74873212,"19":85366889,"20":85752312,"21":103357629,"22":108485991,"23":126599984,"24":128635824,"25":160426886}}