{"datetime":{"0":1607377500000,"1":1607376600000,"2":1607375700000,"3":1607374800000,"4":1607373900000,"5":1607373000000,"6":1607372100000,"7":1607371200000,"8":1607370300000,"9":1607369400000,"10":1607368500000,"11":1607367600000,"12":1607366700000,"13":1607365800000,"14":1607364900000,"15":1607364000000,"16":1607363100000,"17":1607362200000,"18":1607361300000,"19":1607360400000,"20":1607359500000,"21":1607358600000,"22":1607357700000,"23":1607356800000,"24":1607355900000,"25":1607355000000},"open":{"0":3683.6499,"1":3688.36011,"2":3683.96997,"3":3685.19995,"4":3688.34009,"5":3685.3999,"6":3683.19995,"7":3684.8999,"8":3683.05005,"9":3687.06006,"10":3684.8999,"11":3690.5,"12":3693.41992,"13":3693.76001,"14":3694.54004,"15":3695.94995,"16":3694.97998,"17":3696.26001,"18":3695.80005,"19":3694.84009,"20":3695.36011,"21":3695.26001,"22":3695.42993,"23":3696.0,"24":3693.62988,"25":3694.72998},"high":{"0":3693.34009,"1":3691.19995,"2":3689.59009,"3":3686.45996,"4":3688.6001,"5":3688.09009,"6":3686.48999,"7":3685.53003,"8":3686.3999,"9":3688.69995,"10":3688.27002,"11":3690.5,"12":3693.48999,"13":3693.98999,"14":3694.6001,"15":3696.01001,"16":3697.08008,"17":3696.47998,"18":3696.52002,"19":3696.73999,"20":3697.40991,"21":3697.18994,"22":3696.18994,"23":3696.1001,"24":3695.83008,"25":3694.72998},"low":{"0":3679.03003,"1":3681.8999,"2":3683.69995,"3":3683.3999,"4":3684.19995,"5":3685.3999,"6":3681.19995,"7":3680.19995,"8":3681.69995,"9":3682.82007,"10":3684.23999,"11":3684.62988,"12":3690.55005,"13":3692.16992,"14":3692.82007,"15":3693.05005,"16":3692.0,"17":3694.70996,"18":3694.13989,"19":3694.09009,"20":3694.1499,"21":3695.15991,"22":3694.0,"23":3692.34009,"24":3690.42993,"25":3690.61011},"close":{"0":3691.8999,"1":3683.3999,"2":3688.61011,"3":3683.8999,"4":3684.8999,"5":3688.09009,"6":3685.69995,"7":3683.79004,"8":3685.19995,"9":3682.8999,"10":3687.05005,"11":3684.8999,"12":3690.55005,"13":3693.41992,"14":3693.71997,"15":3694.55005,"16":3695.95996,"17":3694.96997,"18":3696.23999,"19":3695.80005,"20":3694.81006,"21":3695.38989,"22":3695.32007,"23":3695.45996,"24":3695.83008,"25":3693.70996},"volume":{"0":0,"1":0,"2":0,"3":0,"4":0,"5":0,"6":0,"7":0,"8":0,"9":0,"10":42178909,"11":53673217,"12":1114393466,"13":46981483,"14":48643463,"15":56842199,"16":916816808,"17":67457726,"18":63266642,"19":67256993,"20":646392133,"21":82240363,"22":80200611,"23":93175984,"24":110301701,"25":143186272}}