{"datetime":{"0":1674683100000,"1":1674682200000,"2":1674681300000,"3":1674680400000,"4":1674679500000,"5":1674678600000,"6":1674677700000,"7":1674676800000,"8":1674675900000,"9":1674675000000,"10":1674674100000,"11":1674673200000,"12":1674672300000,"13":1674671400000,"14":1674670500000,"15":1674669600000,"16":1674668700000,"17":1674667800000,"18":1674666900000,"19":1674666000000,"20":1674665100000,"21":1674664200000,"22":1674663300000,"23":1674662400000,"24":1674661500000,"25":1674660600000},"open":{"0":4010.42993,"1":4012.40991,"2":4014.02002,"3":4010.66992,"4":4006.72998,"5":4006.04004,"6":4008.37988,"7":4002.5,"8":3999.0,"9":4000.54004,"10":3994.27002,"11":3984.87988,"12":3984.75,"13":3979.30005,"14":3983.11011,"15":3984.8999,"16":3974.93994,"17":3973.76001,"18":3966.88989,"19":3961.78003,"20":3955.53003,"21":3961.16992,"22":3960.62012,"23":3956.68994,"24":3974.17993,"25":3982.70996},"high":{"0":4016.15991,"1":4015.09009,"2":4015.1001,"3":4019.55005,"4":4013.07007,"5":4007.05005,"6":4014.53003,"7":4009.12988,"8":4005.87988,"9":4001.72998,"10":4001.34009,"11":3995.25,"12":3987.18994,"13":3986.54004,"14":3985.31006,"15":3987.0,"16":3989.72998,"17":3978.71997,"18":3976.47998,"19":3966.98999,"20":3962.62988,"21":3966.07007,"22":3967.12012,"23":3970.90991,"24":3974.77002,"25":3982.70996},"low":{"0":4005.28003,"1":4008.37988,"2":4008.63989,"3":4010.66992,"4":4004.59009,"5":4000.87012,"6":4004.17993,"7":3999.81006,"8":3999.0,"9":3997.04004,"10":3994.21997,"11":3984.19995,"12":3983.63989,"13":3979.28003,"14":3978.27002,"15":3981.19995,"16":3973.75,"17":3972.86011,"18":3964.72998,"19":3960.15991,"20":3951.92993,"21":3949.06006,"22":3957.44995,"23":3955.78003,"24":3956.16992,"25":3964.94995},"close":{"0":4015.69995,"1":4010.3999,"2":4012.42993,"3":4014.02002,"4":4010.65991,"5":4006.76001,"6":4005.94995,"7":4008.32007,"8":4002.51001,"9":3998.96997,"10":4000.58008,"11":3994.23999,"12":3984.87988,"13":3984.75,"14":3979.25,"15":3983.1499,"16":3984.88989,"17":3974.94995,"18":3973.65991,"19":3966.81006,"20":3961.79004,"21":3955.62012,"22":3961.13989,"23":3960.66992,"24":3956.82007,"25":3974.16992},"volume":{"0":245350443,"1":104999225,"2":77767675,"3":77769780,"4":65556843,"5":58170895,"6":70880877,"7":59531913,"8":58121280,"9":54914757,"10":52455594,"11":55482353,"12":44253741,"13":45264646,"14":47034923,"15":58524461,"16":64215295,"17":66905477,"18":76226309,"19":73946014,"20":78244093,"21":84863255,"22":90431787,"23":109730301,"24":116456139,"25":130936041}}