{"datetime":{"0":1610660700000,"1":1610659800000,"2":1610658900000,"3":1610658000000,"4":1610657100000,"5":1610656200000,"6":1610655300000,"7":1610654400000,"8":1610653500000,"9":1610652600000,"10":1610651700000,"11":1610650800000,"12":1610649900000,"13":1610649000000,"14":1610648100000,"15":1610647200000,"16":1610646300000,"17":1610645400000,"18":1610644500000,"19":1610643600000,"20":1610642700000,"21":1610641800000,"22":1610640900000,"23":1610640000000,"24":1610639100000,"25":1610638200000},"open":{"0":3805.1499,"1":3803.16992,"2":3805.32007,"3":3810.8501,"4":3812.32007,"5":3813.92993,"6":3815.13989,"7":3814.54004,"8":3817.21997,"9":3814.8501,"10":3817.05005,"11":3818.62988,"12":3812.76001,"13":3815.94995,"14":3816.12012,"15":3815.65991,"16":3817.58008,"17":3817.82007,"18":3820.56006,"19":3820.05005,"20":3821.37012,"21":3822.15991,"22":3819.62012,"23":3820.98999,"24":3818.83008,"25":3814.97998},"high":{"0":3805.76001,"1":3806.62012,"2":3806.1001,"3":3812.42993,"4":3812.62012,"5":3814.79004,"6":3817.21997,"7":3816.57007,"8":3817.72998,"9":3818.01001,"10":3817.31006,"11":3818.90991,"12":3819.41992,"13":3816.84009,"14":3816.84009,"15":3817.0,"16":3818.07007,"17":3818.47998,"18":3820.63989,"19":3820.67993,"20":3821.83008,"21":3823.38989,"22":3823.6001,"23":3822.96997,"24":3821.67993,"25":3820.40991},"low":{"0":3792.86011,"1":3801.66992,"2":3798.06006,"3":3803.87012,"4":3808.6001,"5":3811.77002,"6":3812.36011,"7":3814.38989,"8":3814.37012,"9":3814.06006,"10":3813.03003,"11":3817.06006,"12":3810.55005,"13":3811.67993,"14":3814.59009,"15":3813.3501,"16":3814.6001,"17":3814.56006,"18":3816.52002,"19":3817.43994,"20":3818.62012,"21":3816.20996,"22":3819.53003,"23":3817.05005,"24":3816.78003,"25":3814.29004},"close":{"0":3796.23999,"1":3805.15991,"2":3803.08008,"3":3805.28003,"4":3810.84009,"5":3812.34009,"6":3813.91992,"7":3815.12012,"8":3814.5,"9":3817.23999,"10":3814.83008,"11":3817.08008,"12":3818.66992,"13":3812.75,"14":3815.93994,"15":3816.06006,"16":3815.72998,"17":3817.53003,"18":3817.79004,"19":3820.62012,"20":3820.08008,"21":3821.37012,"22":3822.06006,"23":3819.63989,"24":3821.04004,"25":3818.79004},"volume":{"0":2341865454,"1":115546583,"2":104210748,"3":81960019,"4":1765145957,"5":66673618,"6":65375002,"7":62626582,"8":1500182060,"9":64083368,"10":58745945,"11":59766094,"12":1256591538,"13":65035556,"14":58080542,"15":69662489,"16":63565920,"17":73268931,"18":73240028,"19":80275171,"20":713738559,"21":94969547,"22":99417925,"23":105932408,"24":344653875,"25":137690118}}