{"datetime":{"0":1636580700000,"1":1636579800000,"2":1636578900000,"3":1636578000000,"4":1636577100000,"5":1636576200000,"6":1636575300000,"7":1636574400000,"8":1636573500000,"9":1636572600000,"10":1636571700000,"11":1636570800000,"12":1636569900000,"13":1636569000000,"14":1636568100000,"15":1636567200000,"16":1636566300000,"17":1636565400000,"18":1636564500000,"19":1636563600000,"20":1636562700000,"21":1636561800000,"22":1636560900000,"23":1636560000000,"24":1636559100000,"25":1636558200000},"open":{"0":4641.68994,"1":4648.97021,"2":4644.89014,"3":4637.83984,"4":4631.54004,"5":4638.3501,"6":4647.52979,"7":4653.02979,"8":4658.62988,"9":4660.95996,"10":4659.58984,"11":4671.08008,"12":4668.6499,"13":4671.35986,"14":4675.25977,"15":4678.7002,"16":4673.45996,"17":4678.02979,"18":4681.58984,"19":4678.41992,"20":4678.27979,"21":4679.87988,"22":4681.4502,"23":4681.49023,"24":4671.33008,"25":4670.25977},"high":{"0":4653.04004,"1":4650.43994,"2":4651.06006,"3":4646.00977,"4":4643.93018,"5":4641.83008,"6":4651.35986,"7":4653.02979,"8":4659.99023,"9":4664.25,"10":4662.43018,"11":4672.02002,"12":4671.5,"13":4674.43018,"14":4675.56982,"15":4679.75,"16":4680.12988,"17":4679.37012,"18":4682.6001,"19":4682.77002,"20":4681.83008,"21":4682.33984,"22":4684.8501,"23":4683.41016,"24":4682.49023,"25":4673.77979},"low":{"0":4640.49023,"1":4641.54004,"2":4644.56982,"3":4635.33984,"4":4630.85986,"5":4631.43994,"6":4638.41016,"7":4646.62012,"8":4649.77979,"9":4658.12988,"10":4655.58008,"11":4659.02002,"12":4666.27002,"13":4667.83008,"14":4671.31982,"15":4674.3501,"16":4673.12988,"17":4673.12988,"18":4677.79004,"19":4678.41992,"20":4678.24023,"21":4677.95996,"22":4679.24023,"23":4678.31982,"24":4671.33008,"25":4663.24023},"close":{"0":4646.56006,"1":4641.72021,"2":4648.95996,"3":4644.93994,"4":4637.68994,"5":4631.77002,"6":4638.45996,"7":4647.5498,"8":4653.0498,"9":4658.64014,"10":4660.93018,"11":4659.5,"12":4671.12012,"13":4668.66016,"14":4671.31982,"15":4675.27002,"16":4678.70996,"17":4673.43994,"18":4678.04004,"19":4681.6001,"20":4678.58008,"21":4678.2998,"22":4680.06006,"23":4681.6001,"24":4681.35986,"25":4671.14014},"volume":{"0":208791649,"1":89669780,"2":68324242,"3":64515825,"4":69706891,"5":66832821,"6":62234213,"7":58071082,"8":63709157,"9":45281397,"10":65588368,"11":64677235,"12":46019103,"13":42417838,"14":47268483,"15":52485537,"16":50707787,"17":55003771,"18":50413536,"19":646008869,"20":62165982,"21":65964084,"22":76069505,"23":85928177,"24":110902881,"25":114680053}}