{"datetime":{"0":1674078300000,"1":1674077400000,"2":1674076500000,"3":1674075600000,"4":1674074700000,"5":1674073800000,"6":1674072900000,"7":1674072000000,"8":1674071100000,"9":1674070200000,"10":1674069300000,"11":1674068400000,"12":1674067500000,"13":1674066600000,"14":1674065700000,"15":1674064800000,"16":1674063900000,"17":1674063000000,"18":1674062100000,"19":1674061200000,"20":1674060300000,"21":1674059400000,"22":1674058500000,"23":1674057600000,"24":1674056700000,"25":1674055800000},"open":{"0":3931.62988,"1":3941.73999,"2":3945.01001,"3":3944.8501,"4":3948.47998,"5":3950.67993,"6":3948.3999,"7":3949.34009,"8":3951.03003,"9":3946.43994,"10":3940.5,"11":3946.83008,"12":3950.58008,"13":3950.3999,"14":3961.3999,"15":3962.04004,"16":3957.56006,"17":3967.30005,"18":3975.59009,"19":3985.47998,"20":3989.34009,"21":4007.6001,"22":4008.56006,"23":4009.05005,"24":4002.88989,"25":4002.25},"high":{"0":3934.0,"1":3941.77002,"2":3947.13989,"3":3948.97998,"4":3949.12012,"5":3952.48999,"6":3951.05005,"7":3950.37012,"8":3953.6499,"9":3951.28003,"10":3946.51001,"11":3949.1001,"12":3952.69995,"13":3954.06006,"14":3961.3999,"15":3963.62988,"16":3962.66992,"17":3967.30005,"18":3975.6001,"19":3987.20996,"20":3993.0,"21":4008.07007,"22":4011.81006,"23":4014.15991,"24":4009.6001,"25":4009.93994},"low":{"0":3926.59009,"1":3930.84009,"2":3941.29004,"3":3940.93994,"4":3944.28003,"5":3946.28003,"6":3944.62012,"7":3944.66992,"8":3948.86011,"9":3944.20996,"10":3939.13989,"11":3939.08008,"12":3945.5,"13":3948.30005,"14":3949.23999,"15":3956.3501,"16":3955.95996,"17":3956.16992,"18":3963.21997,"19":3972.43994,"20":3978.78003,"21":3987.58008,"22":3999.83008,"23":4007.58008,"24":4000.3999,"25":3997.8501},"close":{"0":3928.87988,"1":3931.67993,"2":3941.75,"3":3945.01001,"4":3944.87012,"5":3948.52002,"6":3950.66992,"7":3948.36011,"8":3949.33008,"9":3951.02002,"10":3946.44995,"11":3940.47998,"12":3946.76001,"13":3950.57007,"14":3950.40991,"15":3961.40991,"16":3961.96997,"17":3957.16992,"18":3967.62012,"19":3975.48999,"20":3985.52002,"21":3989.3501,"22":4007.55005,"23":4008.57007,"24":4009.0,"25":4002.77002},"volume":{"0":210420195,"1":104933714,"2":71254622,"3":69505475,"4":51961097,"5":52458431,"6":49153246,"7":53234097,"8":51191071,"9":57525514,"10":57382712,"11":62206048,"12":53304960,"13":50509364,"14":58986891,"15":60982640,"16":64090156,"17":73359467,"18":82632379,"19":85482611,"20":94727059,"21":98619789,"22":92640566,"23":105249975,"24":104583696,"25":129793578}}