{"datetime":{"0":1640900700000,"1":1640899800000,"2":1640898900000,"3":1640898000000,"4":1640897100000,"5":1640896200000,"6":1640895300000,"7":1640894400000,"8":1640893500000,"9":1640892600000,"10":1640891700000,"11":1640890800000,"12":1640889900000,"13":1640889000000,"14":1640888100000,"15":1640887200000,"16":1640886300000,"17":1640885400000,"18":1640884500000,"19":1640883600000,"20":1640882700000,"21":1640881800000,"22":1640880900000,"23":1640880000000,"24":1640879100000,"25":1640878200000},"open":{"0":4788.7002,"1":4794.58008,"2":4795.22021,"3":4799.97021,"4":4801.58984,"5":4800.2998,"6":4797.87012,"7":4801.70996,"8":4800.49023,"9":4799.27979,"10":4799.75977,"11":4802.06982,"12":4800.77979,"13":4798.75,"14":4799.56982,"15":4801.02002,"16":4799.83984,"17":4801.83984,"18":4801.31006,"19":4800.33984,"20":4804.22021,"21":4806.60986,"22":4806.6499,"23":4800.41016,"24":4798.41016,"25":4794.22998},"high":{"0":4789.66992,"1":4795.87012,"2":4797.45996,"3":4799.99023,"4":4801.6001,"5":4801.64014,"6":4800.33008,"7":4801.70996,"8":4802.58984,"9":4800.77002,"10":4800.12988,"11":4802.12988,"12":4802.22998,"13":4800.79004,"14":4799.7002,"15":4802.79004,"16":4801.06982,"17":4802.56006,"18":4802.72998,"19":4801.62012,"20":4804.74023,"21":4807.02002,"22":4808.93018,"23":4806.7002,"24":4802.06982,"25":4806.3999},"low":{"0":4775.33008,"1":4787.7998,"2":4794.56006,"3":4794.54004,"4":4798.81006,"5":4799.1001,"6":4797.87012,"7":4796.64014,"8":4800.49023,"9":4799.25977,"10":4798.33008,"11":4799.68994,"12":4800.2998,"13":4797.64014,"14":4796.68018,"15":4799.35986,"16":4799.06006,"17":4799.33984,"18":4799.25,"19":4798.62012,"20":4800.0498,"21":4802.66992,"22":4805.2998,"23":4798.52979,"24":4796.7998,"25":4794.16992},"close":{"0":4779.27979,"1":4788.74023,"2":4794.56006,"3":4795.25,"4":4799.8999,"5":4801.64014,"6":4800.33008,"7":4797.83008,"8":4801.7002,"9":4800.47021,"10":4799.25,"11":4799.81006,"12":4802.06006,"13":4800.79004,"14":4798.74023,"15":4799.56006,"16":4801.02002,"17":4799.81006,"18":4801.83984,"19":4801.24023,"20":4800.35986,"21":4804.25977,"22":4806.64014,"23":4806.66016,"24":4800.33008,"25":4798.41992},"volume":{"0":131459829,"1":58862670,"2":37732001,"3":38035245,"4":29037214,"5":29064338,"6":30169397,"7":33108321,"8":28169118,"9":26825811,"10":27175007,"11":32437966,"12":33894102,"13":38426123,"14":41977009,"15":33509273,"16":32064259,"17":37656412,"18":37246806,"19":39645949,"20":44481451,"21":44861510,"22":49594863,"23":53965779,"24":57638403,"25":96989024}}