{"datetime":{"0":1644443100000,"1":1644442200000,"2":1644441300000,"3":1644440400000,"4":1644439500000,"5":1644438600000,"6":1644437700000,"7":1644436800000,"8":1644435900000,"9":1644435000000,"10":1644434100000,"11":1644433200000,"12":1644432300000,"13":1644431400000,"14":1644430500000,"15":1644429600000,"16":1644428700000,"17":1644427800000,"18":1644426900000,"19":1644426000000,"20":1644425100000,"21":1644424200000,"22":1644423300000,"23":1644422400000,"24":1644421500000,"25":1644420600000},"open":{"0":4580.77979,"1":4582.22021,"2":4573.37012,"3":4579.0498,"4":4586.5,"5":4586.06982,"6":4585.56006,"7":4579.89014,"8":4579.52002,"9":4577.87012,"10":4573.89014,"11":4578.93018,"12":4577.8501,"13":4573.62988,"14":4570.49023,"15":4571.27979,"16":4572.72021,"17":4574.52002,"18":4572.04004,"19":4579.62988,"20":4572.79004,"21":4571.60986,"22":4569.33008,"23":4565.83984,"24":4573.16016,"25":4547.0},"high":{"0":4590.02979,"1":4589.4502,"2":4582.22998,"3":4579.37988,"4":4587.12988,"5":4587.9502,"6":4586.52002,"7":4586.14014,"8":4580.04004,"9":4579.83984,"10":4578.08984,"11":4580.54004,"12":4579.1001,"13":4578.52979,"14":4575.18994,"15":4572.8999,"16":4576.58984,"17":4576.97021,"18":4577.08984,"19":4582.18994,"20":4579.54004,"21":4578.56982,"22":4574.14014,"23":4575.77979,"24":4575.8501,"25":4575.33984},"low":{"0":4579.49023,"1":4577.24023,"2":4570.22021,"3":4572.91016,"4":4578.8999,"5":4584.50977,"6":4584.31006,"7":4579.89014,"8":4578.16016,"9":4575.8999,"10":4573.81006,"11":4573.66992,"12":4575.62012,"13":4570.89014,"14":4569.83008,"15":4566.47021,"16":4568.12988,"17":4572.2002,"18":4571.04004,"19":4570.60986,"20":4572.1499,"21":4571.22998,"22":4564.66992,"23":4565.83984,"24":4565.49023,"25":4547.0},"close":{"0":4586.8501,"1":4580.62012,"2":4582.22998,"3":4573.37012,"4":4579.06982,"5":4586.52979,"6":4586.06006,"7":4585.54004,"8":4579.87988,"9":4579.52002,"10":4577.8501,"11":4573.87012,"12":4578.9502,"13":4577.85986,"14":4575.1499,"15":4570.41016,"16":4571.29004,"17":4572.75977,"18":4574.47998,"19":4572.0498,"20":4579.54004,"21":4573.08008,"22":4571.47021,"23":4569.25,"24":4566.85986,"25":4573.06006},"volume":{"0":2086346231,"1":108530450,"2":74018403,"3":71199479,"4":1594375965,"5":58078692,"6":58317221,"7":56977923,"8":50028469,"9":51723884,"10":48701378,"11":51666337,"12":53663252,"13":57833337,"14":54519600,"15":55961758,"16":59469622,"17":65337126,"18":59775534,"19":81046954,"20":76457512,"21":81048759,"22":89531502,"23":98553214,"24":117613445,"25":145364482}}