{"datetime":{"0":1660859100000,"1":1660858200000,"2":1660857300000,"3":1660856400000,"4":1660855500000,"5":1660854600000,"6":1660853700000,"7":1660852800000,"8":1660851900000,"9":1660851000000,"10":1660850100000,"11":1660849200000,"12":1660848300000,"13":1660847400000,"14":1660846500000,"15":1660845600000,"16":1660844700000,"17":1660843800000,"18":1660842900000,"19":1660842000000,"20":1660841100000,"21":1660840200000,"22":1660839300000,"23":1660838400000,"24":1660837500000,"25":1660836600000},"open":{"0":4290.5498,"1":4290.1001,"2":4287.43994,"3":4283.3501,"4":4280.7002,"5":4280.75,"6":4279.52002,"7":4276.60986,"8":4279.62988,"9":4276.99023,"10":4272.41016,"11":4270.79004,"12":4266.7998,"13":4272.97998,"14":4282.37988,"15":4283.7002,"16":4284.93018,"17":4281.91016,"18":4276.33008,"19":4274.31982,"20":4275.22998,"21":4268.83984,"22":4267.85986,"23":4267.25977,"24":4275.22021,"25":4273.12988},"high":{"0":4290.74023,"1":4292.52979,"2":4291.22998,"3":4287.45996,"4":4285.16992,"5":4280.81006,"6":4281.68994,"7":4281.9502,"8":4279.62988,"9":4280.6001,"10":4278.12012,"11":4277.58984,"12":4271.91992,"13":4273.77002,"14":4283.72998,"15":4285.83008,"16":4288.02979,"17":4286.8999,"18":4283.08984,"19":4277.4502,"20":4280.22021,"21":4277.16016,"22":4273.3501,"23":4268.25,"24":4275.75,"25":4277.24023},"low":{"0":4279.56006,"1":4288.60986,"2":4286.08008,"3":4282.27979,"4":4278.31006,"5":4276.58008,"6":4279.22021,"7":4274.77002,"8":4275.0498,"9":4275.81006,"10":4271.89014,"11":4269.29004,"12":4266.27002,"13":4266.75977,"14":4271.79004,"15":4281.93994,"16":4283.7002,"17":4280.5498,"18":4275.58008,"19":4269.10986,"20":4272.33008,"21":4265.25977,"22":4266.33008,"23":4261.97998,"24":4266.06006,"25":4267.4502},"close":{"0":4284.41992,"1":4290.62988,"2":4290.08984,"3":4286.75,"4":4283.3501,"5":4280.66992,"6":4280.72021,"7":4279.49023,"8":4276.50977,"9":4279.6499,"10":4276.93994,"11":4272.41992,"12":4270.75977,"13":4266.75977,"14":4273.02979,"15":4282.3999,"16":4283.7002,"17":4284.8999,"18":4281.81006,"19":4276.22998,"20":4274.29004,"21":4275.2002,"22":4268.87988,"23":4268.0,"24":4267.33008,"25":4275.06006},"volume":{"0":188150688,"1":73341712,"2":1324711573,"3":45807851,"4":43307927,"5":41881410,"6":37573232,"7":40747547,"8":36656948,"9":37547705,"10":44324394,"11":45343663,"12":38963410,"13":40044341,"14":44722727,"15":42790231,"16":40996567,"17":48736505,"18":51407933,"19":52647202,"20":59465713,"21":435918749,"22":59095617,"23":66708217,"24":83795242,"25":95147847}}