{"datetime":{"0":1618955100000,"1":1618954200000,"2":1618953300000,"3":1618952400000,"4":1618951500000,"5":1618950600000,"6":1618949700000,"7":1618948800000,"8":1618947900000,"9":1618947000000,"10":1618946100000,"11":1618945200000,"12":1618944300000,"13":1618943400000,"14":1618942500000,"15":1618941600000,"16":1618940700000,"17":1618939800000,"18":1618938900000,"19":1618938000000,"20":1618937100000,"21":1618936200000,"22":1618935300000,"23":1618934400000,"24":1618933500000,"25":1618932600000},"open":{"0":4137.7998,"1":4131.7002,"2":4130.70996,"3":4121.2998,"4":4124.2998,"5":4127.5,"6":4132.3999,"7":4131.3999,"8":4126.8999,"9":4125.10986,"10":4130.08984,"11":4132.24023,"12":4129.31006,"13":4133.52002,"14":4132.37988,"15":4126.56982,"16":4126.22021,"17":4127.29004,"18":4133.62988,"19":4135.77002,"20":4140.25977,"21":4151.31006,"22":4150.18018,"23":4155.87012,"24":4155.58008,"25":4159.18018},"high":{"0":4138.62988,"1":4138.0,"2":4132.2998,"3":4130.45996,"4":4127.2998,"5":4127.5,"6":4132.3999,"7":4133.2998,"8":4131.7998,"9":4128.0,"10":4132.22021,"11":4132.25,"12":4132.6499,"13":4134.25977,"14":4135.8999,"15":4132.35986,"16":4128.83008,"17":4127.47021,"18":4134.72021,"19":4136.52002,"20":4140.41992,"21":4151.31006,"22":4154.3999,"23":4157.87988,"24":4158.4502,"25":4159.18018},"low":{"0":4133.27002,"1":4130.43994,"2":4129.45996,"3":4121.2998,"4":4119.2998,"5":4121.95996,"6":4127.47021,"7":4129.99023,"8":4126.12012,"9":4124.3501,"10":4124.60986,"11":4128.56982,"12":4127.08008,"13":4129.18994,"14":4132.31982,"15":4125.5,"16":4124.6001,"17":4118.37988,"18":4123.5,"19":4131.35986,"20":4130.02002,"21":4138.43994,"22":4149.43018,"23":4149.8501,"24":4154.06982,"25":4150.4502},"close":{"0":4133.5,"1":4137.5,"2":4130.9502,"3":4130.45996,"4":4120.8999,"5":4124.18018,"6":4127.47021,"7":4132.5,"8":4131.22998,"9":4126.87012,"10":4124.85986,"11":4130.06982,"12":4132.24023,"13":4129.20996,"14":4133.5,"15":4132.35986,"16":4126.56006,"17":4126.29004,"18":4127.12012,"19":4133.62988,"20":4135.93018,"21":4140.22021,"22":4151.25,"23":4150.22021,"24":4155.87012,"25":4155.75},"volume":{"0":0,"1":0,"2":0,"3":0,"4":0,"5":0,"6":0,"7":0,"8":0,"9":0,"10":51376960,"11":50079120,"12":55959073,"13":56610811,"14":50105147,"15":58299718,"16":65387492,"17":79097494,"18":88512766,"19":79838047,"20":107252601,"21":104260673,"22":85039046,"23":92560054,"24":113361959,"25":125617153}}