{"datetime":{"0":1668203100000,"1":1668202200000,"2":1668201300000,"3":1668200400000,"4":1668199500000,"5":1668198600000,"6":1668197700000,"7":1668196800000,"8":1668195900000,"9":1668195000000,"10":1668194100000,"11":1668193200000,"12":1668192300000,"13":1668191400000,"14":1668190500000,"15":1668189600000,"16":1668188700000,"17":1668187800000,"18":1668186900000,"19":1668186000000,"20":1668185100000,"21":1668184200000,"22":1668183300000,"23":1668182400000,"24":1668181500000,"25":1668180600000},"open":{"0":3996.28003,"1":3993.94995,"2":3984.98999,"3":4000.34009,"4":3999.47998,"5":3996.13989,"6":3990.0,"7":3989.75,"8":3984.53003,"9":3985.44995,"10":3977.13989,"11":3969.90991,"12":3966.01001,"13":3967.46997,"14":3966.72998,"15":3960.16992,"16":3958.25,"17":3952.03003,"18":3959.80005,"19":3971.29004,"20":3972.58008,"21":3978.28003,"22":3971.95996,"23":3959.13989,"24":3949.44995,"25":3963.71997},"high":{"0":4001.28003,"1":3997.37988,"2":3995.12988,"3":4000.79004,"4":4001.47998,"5":4000.08008,"6":3996.61011,"7":3994.1499,"8":3990.98999,"9":3989.54004,"10":3985.57007,"11":3981.29004,"12":3973.90991,"13":3971.82007,"14":3969.86011,"15":3967.78003,"16":3964.31006,"17":3960.58008,"18":3965.25,"19":3978.54004,"20":3981.45996,"21":3979.66992,"22":3983.09009,"23":3974.1001,"24":3968.87012,"25":3966.22998},"low":{"0":3990.15991,"1":3988.08008,"2":3981.92993,"3":3982.27002,"4":3995.55005,"5":3995.09009,"6":3985.18994,"7":3987.26001,"8":3981.59009,"9":3980.90991,"10":3976.46997,"11":3969.63989,"12":3964.73999,"13":3961.53003,"14":3965.84009,"15":3955.07007,"16":3953.51001,"17":3948.75,"18":3952.09009,"19":3958.29004,"20":3970.41992,"21":3966.84009,"22":3971.84009,"23":3946.6001,"24":3949.44995,"25":3944.82007},"close":{"0":3992.20996,"1":3996.30005,"2":3993.93994,"3":3985.02002,"4":4000.37988,"5":3999.46997,"6":3996.33008,"7":3989.83008,"8":3989.75,"9":3984.52002,"10":3985.42993,"11":3977.12988,"12":3969.90991,"13":3965.96997,"14":3967.37012,"15":3966.80005,"16":3960.29004,"17":3958.22998,"18":3952.09009,"19":3959.87012,"20":3971.33008,"21":3972.12988,"22":3978.58008,"23":3971.87012,"24":3959.27002,"25":3949.43994},"volume":{"0":207614239,"1":116666011,"2":98977366,"3":97128571,"4":73243878,"5":74898660,"6":73931903,"7":71313225,"8":69799919,"9":78273464,"10":74109565,"11":68443523,"12":70456594,"13":69904762,"14":68196683,"15":77243218,"16":77774969,"17":91378890,"18":95082926,"19":102855833,"20":952761320,"21":107491190,"22":149111902,"23":136049931,"24":143359374,"25":184665983}}