{"datetime":{"0":1607118300000,"1":1607117400000,"2":1607116500000,"3":1607115600000,"4":1607114700000,"5":1607113800000,"6":1607112900000,"7":1607112000000,"8":1607111100000,"9":1607110200000,"10":1607109300000,"11":1607108400000,"12":1607107500000,"13":1607106600000,"14":1607105700000,"15":1607104800000,"16":1607103900000,"17":1607103000000,"18":1607102100000,"19":1607101200000,"20":1607100300000,"21":1607099400000,"22":1607098500000,"23":1607097600000,"24":1607096700000,"25":1607095800000},"open":{"0":3695.03003,"1":3690.3501,"2":3689.70996,"3":3692.80005,"4":3692.87988,"5":3687.33008,"6":3688.41992,"7":3688.71997,"8":3691.25,"9":3689.96997,"10":3690.52002,"11":3691.30005,"12":3691.38989,"13":3691.3999,"14":3691.36011,"15":3691.34009,"16":3691.72998,"17":3690.95996,"18":3689.69995,"19":3691.46997,"20":3692.18994,"21":3684.6001,"22":3684.13989,"23":3683.20996,"24":3682.56006,"25":3670.93994},"high":{"0":3698.86011,"1":3696.12988,"2":3692.40991,"3":3694.66992,"4":3693.58008,"5":3692.80005,"6":3691.30005,"7":3689.62988,"8":3691.34009,"9":3692.65991,"10":3691.23999,"11":3692.36011,"12":3691.68994,"13":3692.55005,"14":3692.42993,"15":3692.61011,"16":3693.41992,"17":3693.26001,"18":3690.96997,"19":3692.84009,"20":3693.22998,"21":3692.17993,"22":3687.95996,"23":3686.67993,"24":3685.66992,"25":3684.28003},"low":{"0":3692.78003,"1":3690.28003,"2":3688.30005,"3":3689.71997,"4":3691.19995,"5":3687.21997,"6":3686.87988,"7":3688.36011,"8":3688.36011,"9":3689.96997,"10":3689.56006,"11":3690.42993,"12":3690.1001,"13":3690.3999,"14":3690.28003,"15":3691.17993,"16":3691.28003,"17":3690.77002,"18":3688.51001,"19":3688.71997,"20":3690.22998,"21":3684.6001,"22":3683.6499,"23":3681.90991,"24":3681.78003,"25":3670.93994},"close":{"0":3698.6499,"1":3695.02002,"2":3690.27002,"3":3689.71997,"4":3692.79004,"5":3692.80005,"6":3687.28003,"7":3688.3999,"8":3688.75,"9":3691.25,"10":3689.94995,"11":3690.54004,"12":3691.32007,"13":3691.38989,"14":3691.37988,"15":3691.37988,"16":3691.3501,"17":3691.73999,"18":3690.96997,"19":3689.68994,"20":3691.21997,"21":3692.17993,"22":3684.62012,"23":3684.12012,"24":3682.8501,"25":3682.62012},"volume":{"0":236290501,"1":98403579,"2":68801744,"3":61237179,"4":62847598,"5":59440997,"6":56378991,"7":55511302,"8":56886680,"9":53052212,"10":52042345,"11":51668217,"12":52365604,"13":53827441,"14":57802161,"15":60583701,"16":62414519,"17":73003188,"18":71725491,"19":76070632,"20":80701119,"21":95858899,"22":106117722,"23":121931351,"24":125602636,"25":168492006}}