{"datetime":{"0":1678484700000,"1":1678483800000,"2":1678482900000,"3":1678482000000,"4":1678481100000,"5":1678480200000,"6":1678479300000,"7":1678478400000,"8":1678477500000,"9":1678476600000,"10":1678475700000,"11":1678474800000,"12":1678473900000,"13":1678473000000,"14":1678472100000,"15":1678471200000,"16":1678470300000,"17":1678469400000,"18":1678468500000,"19":1678467600000,"20":1678466700000,"21":1678465800000,"22":1678464900000,"23":1678464000000,"24":1678463100000,"25":1678462200000},"open":{"0":3851.42993,"1":3870.04004,"2":3873.59009,"3":3877.03003,"4":3865.92993,"5":3856.6001,"6":3865.96997,"7":3850.87988,"8":3855.13989,"9":3861.87012,"10":3879.92993,"11":3881.12988,"12":3896.25,"13":3891.6499,"14":3890.98999,"15":3900.94995,"16":3921.09009,"17":3926.27002,"18":3909.34009,"19":3915.40991,"20":3889.22998,"21":3891.30005,"22":3900.77002,"23":3894.51001,"24":3887.98999,"25":3912.77002},"high":{"0":3863.17993,"1":3870.3999,"2":3876.91992,"3":3881.07007,"4":3885.76001,"5":3875.82007,"6":3867.16992,"7":3876.37988,"8":3856.55005,"9":3863.01001,"10":3879.92993,"11":3886.27002,"12":3898.13989,"13":3904.27002,"14":3894.37012,"15":3905.06006,"16":3921.87988,"17":3934.05005,"18":3927.79004,"19":3917.69995,"20":3914.51001,"21":3904.02002,"22":3901.04004,"23":3908.36011,"24":3898.91992,"25":3914.34009},"low":{"0":3849.70996,"1":3850.47998,"2":3861.8501,"3":3865.72998,"4":3865.92993,"5":3856.37988,"6":3855.53003,"7":3850.71997,"8":3846.32007,"9":3852.76001,"10":3858.43994,"11":3879.82007,"12":3880.33008,"13":3890.1499,"14":3886.21997,"15":3887.31006,"16":3900.12012,"17":3920.33008,"18":3904.98999,"19":3908.42993,"20":3887.77002,"21":3888.97998,"22":3887.33008,"23":3894.42993,"24":3878.01001,"25":3886.20996},"close":{"0":3861.67993,"1":3852.09009,"2":3870.82007,"3":3873.79004,"4":3876.79004,"5":3865.93994,"6":3856.67993,"7":3865.97998,"8":3850.73999,"9":3855.01001,"10":3862.06006,"11":3880.03003,"12":3881.13989,"13":3896.40991,"14":3891.5,"15":3891.12988,"16":3900.98999,"17":3921.13989,"18":3926.22998,"19":3909.42993,"20":3914.44995,"21":3889.22998,"22":3891.53003,"23":3901.11011,"24":3894.80005,"25":3887.88989},"volume":{"0":190623005,"1":127746348,"2":98436764,"3":90532038,"4":90283064,"5":86281851,"6":77073588,"7":98047818,"8":79415645,"9":79756165,"10":88983421,"11":62451156,"12":65223093,"13":74432578,"14":70840045,"15":80550654,"16":92939704,"17":103811242,"18":103324925,"19":100365463,"20":109823633,"21":113981102,"22":123102988,"23":139704117,"24":170349411,"25":177022177}}