{"datetime":{"0":1608673500000,"1":1608672600000,"2":1608671700000,"3":1608670800000,"4":1608669900000,"5":1608669000000,"6":1608668100000,"7":1608667200000,"8":1608666300000,"9":1608665400000,"10":1608664500000,"11":1608663600000,"12":1608662700000,"13":1608661800000,"14":1608660900000,"15":1608660000000,"16":1608659100000,"17":1608658200000,"18":1608657300000,"19":1608656400000,"20":1608655500000,"21":1608654600000,"22":1608653700000,"23":1608652800000,"24":1608651900000,"25":1608651000000},"open":{"0":3685.06006,"1":3684.87988,"2":3687.98999,"3":3690.65991,"4":3689.19995,"5":3694.86011,"6":3694.27002,"7":3695.43994,"8":3693.8501,"9":3693.54004,"10":3692.65991,"11":3689.59009,"12":3690.92993,"13":3686.04004,"14":3689.34009,"15":3685.70996,"16":3678.57007,"17":3691.65991,"18":3692.86011,"19":3692.62012,"20":3695.3999,"21":3694.52002,"22":3687.05005,"23":3693.97998,"24":3694.25,"25":3694.26001},"high":{"0":3688.01001,"1":3686.33008,"2":3688.40991,"3":3691.8501,"4":3692.43994,"5":3694.90991,"6":3696.04004,"7":3696.51001,"8":3697.6001,"9":3696.53003,"10":3694.17993,"11":3693.05005,"12":3691.45996,"13":3690.96997,"14":3690.45996,"15":3689.51001,"16":3686.0,"17":3691.98999,"18":3695.86011,"19":3694.54004,"20":3696.76001,"21":3698.26001,"22":3694.47998,"23":3696.61011,"24":3695.98999,"25":3695.0},"low":{"0":3682.77002,"1":3681.09009,"2":3684.61011,"3":3685.47998,"4":3687.84009,"5":3688.02002,"6":3693.57007,"7":3693.21997,"8":3693.8501,"9":3693.54004,"10":3692.62988,"11":3689.59009,"12":3688.5,"13":3686.04004,"14":3686.1001,"15":3684.88989,"16":3677.17993,"17":3676.15991,"18":3690.42993,"19":3688.26001,"20":3689.40991,"21":3693.66992,"22":3686.82007,"23":3686.29004,"24":3690.75,"25":3688.3501},"close":{"0":3686.94995,"1":3685.05005,"2":3684.91992,"3":3688.1499,"4":3690.6499,"5":3689.18994,"6":3694.87012,"7":3694.38989,"8":3695.48999,"9":3693.80005,"10":3693.53003,"11":3692.65991,"12":3689.47998,"13":3690.91992,"14":3686.12012,"15":3689.27002,"16":3685.6001,"17":3678.47998,"18":3691.61011,"19":3692.79004,"20":3692.63989,"21":3695.37988,"22":3694.47998,"23":3687.12012,"24":3693.55005,"25":3694.36011},"volume":{"0":199019265,"1":85565804,"2":58571066,"3":51869941,"4":1395007377,"5":49826970,"6":42392017,"7":43097530,"8":1212754846,"9":46317633,"10":41867672,"11":44459172,"12":1038099189,"13":46911932,"14":44591311,"15":51653315,"16":847264909,"17":76547902,"18":747286866,"19":63357706,"20":597522363,"21":63110225,"22":70785228,"23":94045567,"24":322392655,"25":112901829}}