{"datetime":{"0":1691012700000,"1":1691011800000,"2":1691010900000,"3":1691010000000,"4":1691009100000,"5":1691008200000,"6":1691007300000,"7":1691006400000,"8":1691005500000,"9":1691004600000,"10":1691003700000,"11":1691002800000,"12":1691001900000,"13":1691001000000,"14":1691000100000,"15":1690999200000,"16":1690998300000,"17":1690997400000,"18":1690996500000,"19":1690995600000,"20":1690994700000,"21":1690993800000,"22":1690992900000,"23":1690992000000,"24":1690991100000,"25":1690990200000},"open":{"0":4513.56006,"1":4506.22998,"2":4513.37988,"3":4518.16016,"4":4515.50977,"5":4520.0,"6":4521.02002,"7":4517.97998,"8":4520.93994,"9":4522.93994,"10":4521.12988,"11":4520.75977,"12":4521.56982,"13":4514.02979,"14":4513.99023,"15":4515.18994,"16":4523.00977,"17":4523.08984,"18":4522.85986,"19":4518.10986,"20":4527.56982,"21":4531.95996,"22":4531.97998,"23":4541.85986,"24":4543.16016,"25":4550.93018},"high":{"0":4518.6499,"1":4514.3501,"2":4514.41992,"3":4520.79004,"4":4519.87988,"5":4521.02002,"6":4522.72021,"7":4521.22021,"8":4522.81006,"9":4526.25977,"10":4522.97998,"11":4523.70996,"12":4522.99023,"13":4521.93018,"14":4518.3999,"15":4516.25977,"16":4524.56006,"17":4528.27979,"18":4524.83008,"19":4523.8501,"20":4527.56982,"21":4534.83008,"22":4535.60986,"23":4542.52979,"24":4545.02979,"25":4550.93018},"low":{"0":4512.66992,"1":4505.75,"2":4506.14014,"3":4512.85986,"4":4515.1499,"5":4515.5498,"6":4518.5498,"7":4517.56006,"8":4516.49023,"9":4520.66016,"10":4519.18018,"11":4520.37012,"12":4517.25,"13":4512.74023,"14":4512.16992,"15":4511.50977,"16":4515.24023,"17":4521.9502,"18":4517.02979,"19":4517.79004,"20":4516.68018,"21":4527.00977,"22":4528.49023,"23":4531.54004,"24":4538.49023,"25":4535.29004},"close":{"0":4513.75977,"1":4513.5,"2":4506.2998,"3":4513.25,"4":4518.1499,"5":4515.58984,"6":4519.99023,"7":4521.00977,"8":4518.02979,"9":4520.95996,"10":4522.97998,"11":4521.08984,"12":4520.64014,"13":4521.56006,"14":4513.97998,"15":4514.04004,"16":4515.27002,"17":4523.08008,"18":4523.25,"19":4522.8999,"20":4518.16992,"21":4527.5498,"22":4532.04004,"23":4531.93994,"24":4541.87012,"25":4543.33984},"volume":{"0":239785716,"1":99978911,"2":77420520,"3":59889522,"4":50456907,"5":50184266,"6":46197313,"7":49640377,"8":47772526,"9":49118644,"10":47564965,"11":50874434,"12":50503010,"13":60686999,"14":64264810,"15":72866707,"16":70359143,"17":66512789,"18":76259023,"19":79502031,"20":88183906,"21":79381503,"22":93409339,"23":104617870,"24":104919274,"25":165745381}}