{"datetime":{"0":1614030300000,"1":1614029400000,"2":1614028500000,"3":1614027600000,"4":1614026700000,"5":1614025800000,"6":1614024900000,"7":1614024000000,"8":1614023100000,"9":1614022200000,"10":1614021300000,"11":1614020400000,"12":1614019500000,"13":1614018600000,"14":1614017700000,"15":1614016800000,"16":1614015900000,"17":1614015000000,"18":1614014100000,"19":1614013200000,"20":1614012300000,"21":1614011400000,"22":1614010500000,"23":1614009600000,"24":1614008700000,"25":1614007800000},"open":{"0":3883.5,"1":3883.52002,"2":3888.83008,"3":3895.3999,"4":3897.41992,"5":3899.01001,"6":3896.63989,"7":3901.12988,"8":3901.09009,"9":3898.80005,"10":3893.95996,"11":3894.80005,"12":3891.1499,"13":3887.22998,"14":3884.5,"15":3887.18994,"16":3886.78003,"17":3886.3501,"18":3881.87988,"19":3878.77002,"20":3886.36011,"21":3881.92993,"22":3889.78003,"23":3886.3999,"24":3883.91992,"25":3876.69995},"high":{"0":3885.8999,"1":3887.01001,"2":3891.06006,"3":3896.0,"4":3898.0,"5":3900.30005,"6":3899.8501,"7":3901.80005,"8":3902.81006,"9":3901.5,"10":3899.30005,"11":3895.30005,"12":3895.21997,"13":3892.15991,"14":3888.80005,"15":3887.30005,"16":3888.80005,"17":3889.28003,"18":3887.8999,"19":3882.75,"20":3886.80005,"21":3887.5,"22":3889.78003,"23":3892.5,"24":3888.97998,"25":3887.78003},"low":{"0":3875.97998,"1":3879.97998,"2":3883.27002,"3":3887.84009,"4":3894.16992,"5":3897.17993,"6":3896.63989,"7":3896.76001,"8":3900.30005,"9":3898.79004,"10":3893.70996,"11":3891.92993,"12":3890.3999,"13":3885.0,"14":3882.73999,"15":3882.70996,"16":3884.53003,"17":3883.54004,"18":3879.77002,"19":3876.5,"20":3876.33008,"21":3878.92993,"22":3879.19995,"23":3885.0,"24":3882.69995,"25":3874.06006},"close":{"0":3879.30005,"1":3882.23999,"2":3884.0,"3":3889.30005,"4":3896.0,"5":3897.17993,"6":3899.5,"7":3896.76001,"8":3900.62988,"9":3901.0,"10":3899.30005,"11":3893.45996,"12":3894.47998,"13":3890.8999,"14":3887.48999,"15":3884.30005,"16":3887.19995,"17":3887.5,"18":3885.86011,"19":3882.01001,"20":3879.27002,"21":3886.86011,"22":3882.42993,"23":3890.28003,"24":3887.0,"25":3883.16992},"volume":{"0":0,"1":0,"2":0,"3":0,"4":0,"5":0,"6":0,"7":0,"8":0,"9":0,"10":0,"11":0,"12":0,"13":0,"14":0,"15":0,"16":0,"17":0,"18":0,"19":0,"20":0,"21":0,"22":0,"23":0,"24":0,"25":0}}