{"datetime":{"0":1629236700000,"1":1629235800000,"2":1629234900000,"3":1629234000000,"4":1629233100000,"5":1629232200000,"6":1629231300000,"7":1629230400000,"8":1629229500000,"9":1629228600000,"10":1629227700000,"11":1629226800000,"12":1629225900000,"13":1629225000000,"14":1629224100000,"15":1629223200000,"16":1629222300000,"17":1629221400000,"18":1629220500000,"19":1629219600000,"20":1629218700000,"21":1629217800000,"22":1629216900000,"23":1629216000000,"24":1629215100000,"25":1629214200000},"open":{"0":4439.02979,"1":4440.37012,"2":4440.06982,"3":4439.91992,"4":4430.93994,"5":4432.5,"6":4436.41016,"7":4429.81006,"8":4422.31982,"9":4430.18018,"10":4429.00977,"11":4418.9502,"12":4428.24023,"13":4440.5498,"14":4439.37988,"15":4439.29004,"16":4446.12988,"17":4447.25,"18":4451.37988,"19":4452.6001,"20":4456.56982,"21":4456.06982,"22":4455.18018,"23":4445.72021,"24":4456.3999,"25":4462.12012},"high":{"0":4448.66992,"1":4443.8501,"2":4442.08984,"3":4443.79004,"4":4440.41992,"5":4434.1499,"6":4437.89014,"7":4437.02979,"8":4429.79004,"9":4430.22021,"10":4430.25,"11":4429.12988,"12":4428.68994,"13":4440.5498,"14":4440.60986,"15":4441.2998,"16":4446.91992,"17":4451.27979,"18":4453.75977,"19":4453.41016,"20":4458.39014,"21":4456.7998,"22":4457.12988,"23":4456.27979,"24":4456.45996,"25":4462.12012},"low":{"0":4437.64014,"1":4436.68018,"2":4438.0498,"3":4439.89014,"4":4430.24023,"5":4427.16992,"6":4432.0,"7":4429.5,"8":4419.7002,"9":4420.95996,"10":4423.04004,"11":4417.83008,"12":4418.31982,"13":4425.58984,"14":4434.02002,"15":4436.39014,"16":4438.9502,"17":4444.08008,"18":4446.52002,"19":4447.27979,"20":4452.33008,"21":4450.5498,"22":4449.66992,"23":4442.89014,"24":4442.27002,"25":4444.77002},"close":{"0":4448.18994,"1":4439.0498,"2":4440.37012,"3":4440.16992,"4":4439.97998,"5":4430.8999,"6":4432.37012,"7":4436.39014,"8":4429.79004,"9":4422.33008,"10":4430.12012,"11":4429.08008,"12":4418.97998,"13":4428.25,"14":4440.50977,"15":4439.49023,"16":4438.9502,"17":4446.12988,"18":4447.50977,"19":4451.37988,"20":4452.62012,"21":4456.6001,"22":4456.06006,"23":4455.20996,"24":4445.68994,"25":4456.58984},"volume":{"0":141913450,"1":73180205,"2":53710124,"3":50936386,"4":45399680,"5":40229485,"6":41800881,"7":44093868,"8":42463124,"9":40579370,"10":43532886,"11":54382360,"12":61759035,"13":60028423,"14":45672155,"15":46816312,"16":48063868,"17":55850620,"18":60119754,"19":61793749,"20":63909940,"21":68159624,"22":74750942,"23":91793172,"24":88666754,"25":260078555}}