{"datetime":{"0":1646948700000,"1":1646947800000,"2":1646946900000,"3":1646946000000,"4":1646945100000,"5":1646944200000,"6":1646943300000,"7":1646942400000,"8":1646941500000,"9":1646940600000,"10":1646939700000,"11":1646938800000,"12":1646937900000,"13":1646937000000,"14":1646936100000,"15":1646935200000,"16":1646934300000,"17":1646933400000,"18":1646932500000,"19":1646931600000,"20":1646930700000,"21":1646929800000,"22":1646928900000,"23":1646928000000,"24":1646927100000,"25":1646926200000},"open":{"0":4253.52002,"1":4253.08984,"2":4256.18994,"3":4260.66992,"4":4249.72998,"5":4252.56006,"6":4246.41016,"7":4239.29004,"8":4228.8501,"9":4228.22021,"10":4221.56006,"11":4218.93018,"12":4220.75,"13":4233.56982,"14":4225.0498,"15":4223.68018,"16":4216.99023,"17":4212.1001,"18":4221.52002,"19":4222.52002,"20":4231.99023,"21":4237.37988,"22":4246.43018,"23":4250.81982,"24":4233.0498,"25":4252.5498},"high":{"0":4268.27979,"1":4258.58008,"2":4258.60986,"3":4261.66992,"4":4264.50977,"5":4257.87988,"6":4254.33984,"7":4256.3999,"8":4242.54004,"9":4233.58984,"10":4230.27979,"11":4225.29004,"12":4223.72021,"13":4233.56982,"14":4235.72998,"15":4227.52002,"16":4224.18994,"17":4217.0,"18":4222.64014,"19":4222.52002,"20":4238.7998,"21":4240.52002,"22":4256.58984,"23":4251.20996,"24":4253.93994,"25":4252.5498},"low":{"0":4248.66992,"1":4246.7998,"2":4245.85986,"3":4247.22998,"4":4249.72998,"5":4249.5,"6":4245.41992,"7":4238.25,"8":4228.8501,"9":4225.6001,"10":4220.68994,"11":4215.91016,"12":4216.3999,"13":4219.52979,"14":4223.87988,"15":4222.18994,"16":4212.60986,"17":4209.7998,"18":4210.06982,"19":4215.02002,"20":4220.14014,"21":4226.54004,"22":4237.81982,"23":4239.1001,"24":4226.74023,"25":4226.10986},"close":{"0":4259.18994,"1":4253.56982,"2":4253.14014,"3":4256.22998,"4":4260.64014,"5":4250.12988,"6":4252.58984,"7":4246.41992,"8":4239.31982,"9":4228.79004,"10":4228.22998,"11":4221.58984,"12":4218.8501,"13":4220.7002,"14":4233.54004,"15":4225.08008,"16":4223.77979,"17":4217.0,"18":4212.14014,"19":4221.47998,"20":4222.50977,"21":4231.97021,"22":4237.81982,"23":4246.56006,"24":4250.5,"25":4233.02979},"volume":{"0":200123262,"1":104465996,"2":81751906,"3":72413203,"4":69273903,"5":63460830,"6":57094979,"7":71875027,"8":58521943,"9":53625810,"10":58475979,"11":55420960,"12":54952585,"13":53249797,"14":56061360,"15":54167687,"16":1030590554,"17":78150034,"18":77689743,"19":80589464,"20":81331607,"21":89336694,"22":106050908,"23":104369732,"24":145114614,"25":156743579}}