{"datetime":{"0":1664833500000,"1":1664832600000,"2":1664831700000,"3":1664830800000,"4":1664829900000,"5":1664829000000,"6":1664828100000,"7":1664827200000,"8":1664826300000,"9":1664825400000,"10":1664824500000,"11":1664823600000,"12":1664822700000,"13":1664821800000,"14":1664820900000,"15":1664820000000,"16":1664819100000,"17":1664818200000,"18":1664817300000,"19":1664816400000,"20":1664815500000,"21":1664814600000,"22":1664813700000,"23":1664812800000,"24":1664811900000,"25":1664811000000},"open":{"0":3685.69995,"1":3693.63989,"2":3692.54004,"3":3694.61011,"4":3692.30005,"5":3688.17993,"6":3679.6499,"7":3669.68994,"8":3670.62012,"9":3665.90991,"10":3660.1499,"11":3655.59009,"12":3653.97998,"13":3650.33008,"14":3659.13989,"15":3650.86011,"16":3651.52002,"17":3662.47998,"18":3663.26001,"19":3656.62988,"20":3656.68994,"21":3656.76001,"22":3644.53003,"23":3618.81006,"24":3616.81006,"25":3609.78003},"high":{"0":3687.8501,"1":3695.90991,"2":3695.47998,"3":3696.67993,"4":3698.3501,"5":3692.46997,"6":3688.76001,"7":3680.13989,"8":3674.40991,"9":3673.07007,"10":3668.93994,"11":3661.56006,"12":3655.61011,"13":3655.29004,"14":3659.61011,"15":3662.03003,"16":3655.98999,"17":3664.72998,"18":3665.86011,"19":3667.28003,"20":3662.48999,"21":3659.62012,"22":3660.37988,"23":3649.29004,"24":3628.16992,"25":3626.76001},"low":{"0":3674.29004,"1":3684.62012,"2":3686.12012,"3":3691.21997,"4":3690.62012,"5":3687.0,"6":3678.65991,"7":3669.68994,"8":3668.48999,"9":3665.90991,"10":3658.8999,"11":3655.09009,"12":3648.03003,"13":3647.51001,"14":3649.80005,"15":3650.73999,"16":3648.0,"17":3650.51001,"18":3659.34009,"19":3654.34009,"20":3656.65991,"21":3651.95996,"22":3642.95996,"23":3618.81006,"24":3614.81006,"25":3604.92993},"close":{"0":3677.82007,"1":3685.55005,"2":3693.52002,"3":3692.56006,"4":3694.63989,"5":3692.26001,"6":3688.17993,"7":3679.63989,"8":3669.71997,"9":3670.6001,"10":3665.82007,"11":3660.1001,"12":3655.6001,"13":3653.8501,"14":3650.37988,"15":3659.1001,"16":3650.87988,"17":3651.62012,"18":3662.44995,"19":3663.26001,"20":3656.66992,"21":3656.52002,"22":3656.65991,"23":3644.55005,"24":3618.36011,"25":3616.79004},"volume":{"0":267491322,"1":116885386,"2":93899984,"3":78558953,"4":73510614,"5":3404652935,"6":1665109608,"7":62521890,"8":50044560,"9":55183312,"10":58284405,"11":53089191,"12":1302016562,"13":1216649584,"14":58552188,"15":60163135,"16":64272730,"17":71805673,"18":72965360,"19":81912620,"20":750510585,"21":100030713,"22":96721082,"23":122839612,"24":119927945,"25":157129690}}