{"datetime":{"0":1608327900000,"1":1608327000000,"2":1608326100000,"3":1608325200000,"4":1608324300000,"5":1608323400000,"6":1608322500000,"7":1608321600000,"8":1608320700000,"9":1608319800000,"10":1608318900000,"11":1608318000000,"12":1608317100000,"13":1608316200000,"14":1608315300000,"15":1608314400000,"16":1608313500000,"17":1608312600000,"18":1608311700000,"19":1608310800000,"20":1608309900000,"21":1608309000000,"22":1608308100000,"23":1608307200000,"24":1608306300000,"25":1608305400000},"open":{"0":3696.73999,"1":3688.44995,"2":3691.75,"3":3690.82007,"4":3695.52002,"5":3693.63989,"6":3694.5,"7":3698.55005,"8":3698.01001,"9":3700.8501,"10":3703.12012,"11":3704.6499,"12":3709.30005,"13":3706.02002,"14":3704.30005,"15":3700.80005,"16":3699.63989,"17":3698.83008,"18":3696.0,"19":3705.87012,"20":3703.6001,"21":3703.04004,"22":3708.86011,"23":3711.04004,"24":3714.42993,"25":3723.62988},"high":{"0":3716.6499,"1":3698.30005,"2":3694.80005,"3":3694.75,"4":3696.80005,"5":3697.32007,"6":3696.16992,"7":3698.55005,"8":3699.30005,"9":3700.8501,"10":3703.12012,"11":3704.88989,"12":3709.30005,"13":3711.16992,"14":3707.30005,"15":3704.38989,"16":3703.32007,"17":3700.11011,"18":3701.62012,"19":3707.22998,"20":3707.62988,"21":3705.1001,"22":3709.80005,"23":3711.04004,"24":3714.67993,"25":3726.30005},"low":{"0":3696.43994,"1":3686.93994,"2":3686.05005,"3":3689.28003,"4":3688.58008,"5":3693.63989,"6":3691.5,"7":3692.62988,"8":3696.95996,"9":3695.25,"10":3698.20996,"11":3701.88989,"12":3703.67993,"13":3704.76001,"14":3704.0,"15":3700.30005,"16":3699.38989,"17":3697.0,"18":3692.30005,"19":3696.22998,"20":3700.1001,"21":3699.1001,"22":3700.1001,"23":3701.6499,"24":3705.6001,"25":3713.91992},"close":{"0":3710.56006,"1":3696.23999,"2":3688.19995,"3":3692.0,"4":3691.5,"5":3695.77002,"6":3694.13989,"7":3694.69995,"8":3699.05005,"9":3697.76001,"10":3701.30005,"11":3703.5,"12":3704.63989,"13":3709.80005,"14":3706.30005,"15":3704.38989,"16":3701.32007,"17":3699.0,"18":3699.33008,"19":3696.30005,"20":3705.62012,"21":3704.1001,"22":3703.16992,"23":3708.61011,"24":3711.41992,"25":3713.91992},"volume":{"0":206949260,"1":0,"2":0,"3":0,"4":0,"5":0,"6":0,"7":0,"8":0,"9":0,"10":0,"11":0,"12":0,"13":0,"14":0,"15":0,"16":0,"17":0,"18":0,"19":0,"20":0,"21":0,"22":0,"23":0,"24":0,"25":0}}