{"datetime":{"0":1660167900000,"1":1660167000000,"2":1660166100000,"3":1660165200000,"4":1660164300000,"5":1660163400000,"6":1660162500000,"7":1660161600000,"8":1660160700000,"9":1660159800000,"10":1660158900000,"11":1660158000000,"12":1660157100000,"13":1660156200000,"14":1660155300000,"15":1660154400000,"16":1660153500000,"17":1660152600000,"18":1660151700000,"19":1660150800000,"20":1660149900000,"21":1660149000000,"22":1660148100000,"23":1660147200000,"24":1660146300000,"25":1660145400000},"open":{"0":4210.79004,"1":4203.58984,"2":4198.7998,"3":4194.81006,"4":4202.02979,"5":4201.02002,"6":4201.33008,"7":4204.18994,"8":4203.74023,"9":4200.29004,"10":4202.6499,"11":4200.33984,"12":4199.75,"13":4197.64014,"14":4201.81006,"15":4205.8999,"16":4202.93018,"17":4202.89014,"18":4202.72021,"19":4197.62012,"20":4195.60986,"21":4186.5,"22":4187.6499,"23":4191.75,"24":4192.33008,"25":4181.02002},"high":{"0":4211.02979,"1":4210.91992,"2":4204.02002,"3":4199.08984,"4":4202.47998,"5":4202.91992,"6":4202.52002,"7":4205.79004,"8":4207.58008,"9":4203.72998,"10":4204.45996,"11":4202.95996,"12":4200.54004,"13":4200.6499,"14":4202.24023,"15":4207.58008,"16":4206.14014,"17":4206.2002,"18":4204.64014,"19":4210.27979,"20":4198.25,"21":4196.64014,"22":4188.50977,"23":4196.08008,"24":4198.49023,"25":4194.85986},"low":{"0":4205.68018,"1":4201.75977,"2":4197.43018,"3":4193.68994,"4":4194.8501,"5":4198.52002,"6":4200.6499,"7":4201.33984,"8":4203.08008,"9":4197.47998,"10":4200.33008,"11":4197.20996,"12":4197.24023,"13":4197.12988,"14":4193.47021,"15":4201.35986,"16":4201.47998,"17":4199.79004,"18":4199.31006,"19":4197.62012,"20":4194.20996,"21":4185.54004,"22":4177.25977,"23":4186.18994,"24":4187.00977,"25":4181.02002},"close":{"0":4209.33008,"1":4210.79004,"2":4203.62012,"3":4198.7998,"4":4194.87012,"5":4201.97021,"6":4201.02002,"7":4201.33984,"8":4204.22998,"9":4203.68994,"10":4200.33008,"11":4202.6499,"12":4200.33008,"13":4199.75,"14":4197.58008,"15":4201.87012,"16":4205.93018,"17":4203.00977,"18":4202.75977,"19":4202.75977,"20":4197.62012,"21":4195.41016,"22":4186.87012,"23":4187.72998,"24":4191.75977,"25":4191.99023},"volume":{"0":178192772,"1":92942683,"2":61611113,"3":54924741,"4":51378311,"5":47247394,"6":43392367,"7":48576101,"8":48208672,"9":43328480,"10":42621288,"11":41768145,"12":42883276,"13":44211745,"14":52219415,"15":54283879,"16":52361423,"17":61677794,"18":67434717,"19":87955746,"20":649457163,"21":78194466,"22":76635227,"23":92481033,"24":108849399,"25":140265986}}