{"datetime":{"0":1618609500000,"1":1618608600000,"2":1618607700000,"3":1618606800000,"4":1618605900000,"5":1618605000000,"6":1618604100000,"7":1618603200000,"8":1618602300000,"9":1618601400000,"10":1618600500000,"11":1618599600000,"12":1618598700000,"13":1618597800000,"14":1618596900000,"15":1618596000000,"16":1618595100000,"17":1618594200000,"18":1618593300000,"19":1618592400000,"20":1618591500000,"21":1618590600000,"22":1618589700000,"23":1618588800000,"24":1618587900000,"25":1618587000000},"open":{"0":4188.2002,"1":4187.50977,"2":4186.10986,"3":4186.8999,"4":4184.64014,"5":4183.5,"6":4182.5498,"7":4177.2998,"8":4180.0,"9":4178.06006,"10":4177.16016,"11":4178.5,"12":4180.33008,"13":4179.93994,"14":4179.45996,"15":4176.58984,"16":4176.2998,"17":4176.5,"18":4178.47021,"19":4179.60986,"20":4179.50977,"21":4177.2998,"22":4179.12988,"23":4172.93018,"24":4179.04004,"25":4174.14014},"high":{"0":4191.0,"1":4190.5,"2":4188.0,"3":4187.91016,"4":4187.2998,"5":4185.7998,"6":4184.0,"7":4184.0,"8":4180.5,"9":4179.2998,"10":4179.0,"11":4179.2998,"12":4181.2998,"13":4181.0,"14":4181.0,"15":4179.2998,"16":4178.0,"17":4178.2998,"18":4181.2998,"19":4182.7998,"20":4182.2998,"21":4180.50977,"22":4182.5,"23":4180.5,"24":4179.1001,"25":4187.16016},"low":{"0":4183.45996,"1":4186.00977,"2":4185.00977,"3":4184.24023,"4":4184.1499,"5":4183.1001,"6":4181.06006,"7":4176.3501,"8":4177.08984,"9":4177.2998,"10":4176.8999,"11":4176.85986,"12":4177.12988,"13":4178.91016,"14":4178.70996,"15":4176.58984,"16":4175.22021,"17":4174.45996,"18":4175.41992,"19":4177.1001,"20":4178.85986,"21":4175.5,"22":4176.87012,"23":4170.0,"24":4171.66016,"25":4174.14014},"close":{"0":4184.5,"1":4188.27979,"2":4187.25977,"3":4185.97998,"4":4186.6499,"5":4185.2998,"6":4183.2998,"7":4182.2998,"8":4177.08984,"9":4179.08984,"10":4177.81006,"11":4176.91016,"12":4178.7998,"13":4180.58008,"14":4180.06006,"15":4178.95996,"16":4176.33984,"17":4176.0,"18":4176.0,"19":4178.5,"20":4178.85986,"21":4180.00977,"22":4176.87012,"23":4178.87988,"24":4173.68018,"25":4179.3999},"volume":{"0":0,"1":0,"2":0,"3":0,"4":0,"5":0,"6":0,"7":0,"8":0,"9":0,"10":0,"11":0,"12":0,"13":0,"14":0,"15":0,"16":0,"17":0,"18":0,"19":0,"20":0,"21":0,"22":0,"23":0,"24":0,"25":55116075}}