{"datetime":{"0":1618350300000,"1":1618349400000,"2":1618348500000,"3":1618347600000,"4":1618346700000,"5":1618345800000,"6":1618344900000,"7":1618344000000,"8":1618343100000,"9":1618342200000,"10":1618341300000,"11":1618340400000,"12":1618339500000,"13":1618338600000,"14":1618337700000,"15":1618336800000,"16":1618335900000,"17":1618335000000,"18":1618334100000,"19":1618333200000,"20":1618332300000,"21":1618331400000,"22":1618330500000,"23":1618329600000,"24":1618328700000,"25":1618327800000},"open":{"0":4142.20996,"1":4146.54004,"2":4146.6499,"3":4143.27002,"4":4140.99023,"5":4139.68994,"6":4138.18018,"7":4134.66992,"8":4135.00977,"9":4132.74023,"10":4132.1001,"11":4129.5,"12":4132.08008,"13":4132.74023,"14":4132.89014,"15":4133.41016,"16":4132.43018,"17":4133.16992,"18":4131.58984,"19":4131.2002,"20":4133.39014,"21":4132.33008,"22":4132.3999,"23":4131.41992,"24":4125.31006,"25":4130.1001},"high":{"0":4143.25977,"1":4146.91992,"2":4147.83008,"3":4148.0,"4":4143.81982,"5":4141.41992,"6":4139.7998,"7":4138.39014,"8":4135.16016,"9":4135.37012,"10":4133.33984,"11":4132.20996,"12":4132.72998,"13":4134.06982,"14":4134.70996,"15":4134.56006,"16":4133.4502,"17":4134.97998,"18":4133.08984,"19":4133.62012,"20":4133.77979,"21":4134.83984,"22":4133.0,"23":4134.18018,"24":4131.24023,"25":4130.83984},"low":{"0":4140.22998,"1":4140.66016,"2":4145.68994,"3":4143.18994,"4":4140.62988,"5":4139.5498,"6":4137.52979,"7":4134.50977,"8":4133.83008,"9":4132.56982,"10":4131.72021,"11":4128.99023,"12":4129.18994,"13":4131.45996,"14":4132.52002,"15":4132.25,"16":4131.62988,"17":4130.41016,"18":4130.83008,"19":4131.16992,"20":4130.18018,"21":4131.04004,"22":4130.68018,"23":4131.41992,"24":4124.43018,"25":4124.93994},"close":{"0":4141.06006,"1":4142.25,"2":4146.52979,"3":4146.62012,"4":4143.29004,"5":4140.91992,"6":4139.7002,"7":4138.16016,"8":4134.6499,"9":4135.00977,"10":4132.72998,"11":4132.12012,"12":4129.52002,"13":4132.12012,"14":4132.77002,"15":4132.89014,"16":4133.43018,"17":4132.4502,"18":4133.08984,"19":4131.60986,"20":4131.16992,"21":4133.31982,"22":4132.31006,"23":4132.47021,"24":4131.24023,"25":4125.06982},"volume":{"0":195803900,"1":82227468,"2":57961431,"3":53971251,"4":42670480,"5":43256606,"6":43198368,"7":46067462,"8":37845066,"9":39317109,"10":35696299,"11":40461427,"12":42406202,"13":39361461,"14":43429475,"15":42972487,"16":43127666,"17":47565454,"18":55762761,"19":60322009,"20":63410644,"21":74224406,"22":84278160,"23":90150365,"24":124603315,"25":132825315}}