{"datetime":{"0":1666043100000,"1":1666042200000,"2":1666041300000,"3":1666040400000,"4":1666039500000,"5":1666038600000,"6":1666037700000,"7":1666036800000,"8":1666035900000,"9":1666035000000,"10":1666034100000,"11":1666033200000,"12":1666032300000,"13":1666031400000,"14":1666030500000,"15":1666029600000,"16":1666028700000,"17":1666027800000,"18":1666026900000,"19":1666026000000,"20":1666025100000,"21":1666024200000,"22":1666023300000,"23":1666022400000,"24":1666021500000,"25":1666020600000},"open":{"0":3685.56006,"1":3680.28003,"2":3676.78003,"3":3678.68994,"4":3682.91992,"5":3677.65991,"6":3680.3501,"7":3684.57007,"8":3680.43994,"9":3680.58008,"10":3676.91992,"11":3675.90991,"12":3674.22998,"13":3679.16992,"14":3678.73999,"15":3679.84009,"16":3678.62012,"17":3674.12988,"18":3662.47998,"19":3664.67993,"20":3677.77002,"21":3677.75,"22":3688.28003,"23":3668.77002,"24":3677.26001,"25":3647.46997},"high":{"0":3686.15991,"1":3686.30005,"2":3680.44995,"3":3680.54004,"4":3683.56006,"5":3683.93994,"6":3680.58008,"7":3689.12988,"8":3686.97998,"9":3683.12012,"10":3683.05005,"11":3678.53003,"12":3679.25,"13":3684.12988,"14":3680.62988,"15":3686.19995,"16":3685.02002,"17":3682.07007,"18":3674.34009,"19":3670.76001,"20":3678.8501,"21":3681.18994,"22":3689.72998,"23":3688.45996,"24":3681.91992,"25":3683.07007},"low":{"0":3674.1499,"1":3678.23999,"2":3673.15991,"3":3673.30005,"4":3678.1499,"5":3674.62988,"6":3673.57007,"7":3679.42993,"8":3680.06006,"9":3680.09009,"10":3674.0,"11":3670.78003,"12":3670.6499,"13":3670.79004,"14":3673.5,"15":3675.15991,"16":3677.20996,"17":3671.90991,"18":3657.47998,"19":3661.19995,"20":3659.94995,"21":3673.18994,"22":3676.33008,"23":3667.18994,"24":3666.65991,"25":3647.46997},"close":{"0":3678.3999,"1":3685.5,"2":3680.21997,"3":3676.98999,"4":3678.6499,"5":3682.8999,"6":3677.55005,"7":3680.3501,"8":3684.55005,"9":3680.46997,"10":3680.58008,"11":3676.87012,"12":3676.0,"13":3674.21997,"14":3679.22998,"15":3678.77002,"16":3679.87012,"17":3678.63989,"18":3674.1499,"19":3662.40991,"20":3664.6001,"21":3677.58008,"22":3677.78003,"23":3688.40991,"24":3668.62012,"25":3677.13989},"volume":{"0":250232296,"1":97978813,"2":80320951,"3":1770240930,"4":53469359,"5":55874355,"6":57605719,"7":61552680,"8":54574876,"9":51716323,"10":53450870,"11":49557400,"12":51020904,"13":56619755,"14":52607861,"15":59853169,"16":61444867,"17":69183882,"18":74118821,"19":82181110,"20":109816970,"21":81468404,"22":85914437,"23":119887048,"24":119621210,"25":219092868}}