{"datetime":{"0":1625780700000,"1":1625779800000,"2":1625778900000,"3":1625778000000,"4":1625777100000,"5":1625776200000,"6":1625775300000,"7":1625774400000,"8":1625773500000,"9":1625772600000,"10":1625771700000,"11":1625770800000,"12":1625769900000,"13":1625769000000,"14":1625768100000,"15":1625767200000,"16":1625766300000,"17":1625765400000,"18":1625764500000,"19":1625763600000,"20":1625762700000,"21":1625761800000,"22":1625760900000,"23":1625760000000,"24":1625759100000,"25":1625758200000},"open":{"0":4314.02979,"1":4315.27002,"2":4313.33008,"3":4316.22021,"4":4315.56006,"5":4314.93018,"6":4322.25,"7":4323.47998,"8":4328.08984,"9":4327.56982,"10":4322.74023,"11":4329.5498,"12":4329.12988,"13":4325.00977,"14":4321.64014,"15":4322.75977,"16":4318.08008,"17":4313.02002,"18":4307.8999,"19":4294.62012,"20":4302.49023,"21":4302.70996,"22":4300.87012,"23":4307.75977,"24":4293.8999,"25":4321.06982},"high":{"0":4322.04004,"1":4321.0,"2":4317.0,"3":4319.37012,"4":4318.18994,"5":4317.14014,"6":4323.12012,"7":4323.91992,"8":4328.41016,"9":4329.31982,"10":4327.5498,"11":4329.87988,"12":4330.87988,"13":4329.62988,"14":4325.50977,"15":4325.81006,"16":4324.6001,"17":4318.47998,"18":4313.7002,"19":4308.49023,"20":4303.5498,"21":4304.68994,"22":4302.83008,"23":4307.75977,"24":4307.58984,"25":4321.06982},"low":{"0":4305.39014,"1":4312.10986,"2":4309.81006,"3":4313.33984,"4":4312.00977,"5":4312.9502,"6":4313.83008,"7":4319.97021,"8":4322.81982,"9":4326.49023,"10":4322.37012,"11":4322.72998,"12":4327.72998,"13":4324.79004,"14":4320.66016,"15":4321.60986,"16":4318.04004,"17":4309.0498,"18":4304.6499,"19":4293.99023,"20":4294.29004,"21":4293.00977,"22":4289.37012,"23":4297.81982,"24":4289.37988,"25":4293.50977},"close":{"0":4322.04004,"1":4313.95996,"2":4315.27002,"3":4313.33984,"4":4316.18994,"5":4315.58008,"6":4314.93018,"7":4322.20996,"8":4323.45996,"9":4328.06006,"10":4327.5498,"11":4322.72998,"12":4329.5498,"13":4329.18994,"14":4325.02002,"15":4321.7002,"16":4322.72021,"17":4318.08984,"18":4313.20996,"19":4307.8999,"20":4294.62012,"21":4302.56982,"22":4302.60986,"23":4300.97998,"24":4307.58984,"25":4293.81006},"volume":{"0":1802017320,"1":92111553,"2":52593743,"3":48200724,"4":1399709457,"5":43367078,"6":47717459,"7":42719695,"8":1220367595,"9":38767350,"10":40809627,"11":38490861,"12":1063268689,"13":39205854,"14":42508351,"15":43210943,"16":901547380,"17":51333009,"18":55067256,"19":66519828,"20":59937921,"21":72233384,"22":80603009,"23":93398399,"24":379398913,"25":146496276}}