{"datetime":{"0":1627940700000,"1":1627939800000,"2":1627938900000,"3":1627938000000,"4":1627937100000,"5":1627936200000,"6":1627935300000,"7":1627934400000,"8":1627933500000,"9":1627932600000,"10":1627931700000,"11":1627930800000,"12":1627929900000,"13":1627929000000,"14":1627928100000,"15":1627927200000,"16":1627926300000,"17":1627925400000,"18":1627924500000,"19":1627923600000,"20":1627922700000,"21":1627921800000,"22":1627920900000,"23":1627920000000,"24":1627919100000,"25":1627918200000},"open":{"0":4388.41992,"1":4393.35986,"2":4396.35986,"3":4399.75,"4":4399.50977,"5":4399.04004,"6":4400.68994,"7":4397.33984,"8":4397.47021,"9":4401.18994,"10":4402.25977,"11":4400.1001,"12":4402.37988,"13":4397.52002,"14":4397.97021,"15":4400.08984,"16":4410.56006,"17":4414.08008,"18":4413.85986,"19":4411.74023,"20":4413.35986,"21":4416.18018,"22":4416.14014,"23":4413.52979,"24":4415.72998,"25":4406.85986},"high":{"0":4389.83984,"1":4393.93018,"2":4397.47021,"3":4400.56006,"4":4400.87988,"5":4400.58984,"6":4401.37988,"7":4400.75,"8":4398.0498,"9":4401.8999,"10":4403.7002,"11":4403.12988,"12":4402.41992,"13":4403.31006,"14":4398.58008,"15":4400.08984,"16":4411.24023,"17":4414.93994,"18":4415.08984,"19":4415.83008,"20":4414.87012,"21":4418.4502,"22":4419.10986,"23":4416.33984,"24":4419.49023,"25":4422.18018},"low":{"0":4384.81006,"1":4388.47021,"2":4392.83008,"3":4395.93018,"4":4398.16016,"5":4398.18018,"6":4397.62988,"7":4396.06006,"8":4393.93018,"9":4397.49023,"10":4400.72021,"11":4399.43994,"12":4398.2002,"13":4396.72021,"14":4395.20996,"15":4394.2002,"16":4399.97021,"17":4410.12012,"18":4412.18994,"19":4410.43018,"20":4411.5,"21":4413.41992,"22":4415.83984,"23":4408.52979,"24":4413.02002,"25":4406.85986},"close":{"0":4387.10986,"1":4388.5,"2":4393.37988,"3":4396.33984,"4":4399.72998,"5":4399.5,"6":4399.08008,"7":4400.72998,"8":4397.29004,"9":4397.49023,"10":4401.20996,"11":4402.3501,"12":4400.10986,"13":4402.37988,"14":4397.50977,"15":4397.91016,"16":4400.06006,"17":4410.66016,"18":4413.97998,"19":4413.87012,"20":4411.74023,"21":4413.41992,"22":4416.14014,"23":4416.14014,"24":4413.39014,"25":4415.62988},"volume":{"0":1715468688,"1":86352927,"2":58103050,"3":46451559,"4":1358988756,"5":39861653,"6":40725994,"7":45136047,"8":1196938518,"9":38828706,"10":38834827,"11":41405632,"12":1034331416,"13":45960087,"14":49338233,"15":63247782,"16":54301761,"17":60655227,"18":59412003,"19":64810713,"20":67553363,"21":64793549,"22":79877182,"23":90675411,"24":298566912,"25":133665596}}