{"datetime":{"0":1635972300000,"1":1635971400000,"2":1635970500000,"3":1635969600000,"4":1635968700000,"5":1635967800000,"6":1635966900000,"7":1635966000000,"8":1635965100000,"9":1635964200000,"10":1635963300000,"11":1635962400000,"12":1635961500000,"13":1635960600000,"14":1635959700000,"15":1635958800000,"16":1635957900000,"17":1635957000000,"18":1635956100000,"19":1635955200000,"20":1635954300000,"21":1635953400000,"22":1635952500000,"23":1635951600000,"24":1635950700000,"25":1635949800000},"open":{"0":4659.87988,"1":4654.99023,"2":4655.4502,"3":4652.10986,"4":4641.81006,"5":4636.2998,"6":4631.25,"7":4624.16016,"8":4626.41992,"9":4625.5498,"10":4625.43018,"11":4625.72021,"12":4626.75977,"13":4626.68018,"14":4627.49023,"15":4627.20996,"16":4624.9502,"17":4625.22998,"18":4625.18994,"19":4627.50977,"20":4626.83008,"21":4625.75,"22":4625.08984,"23":4627.3999,"24":4626.04004,"25":4630.6499},"high":{"0":4663.45996,"1":4659.9502,"2":4656.27002,"3":4656.8999,"4":4654.77002,"5":4642.37012,"6":4638.66016,"7":4639.74023,"8":4626.52979,"9":4626.83008,"10":4625.64014,"11":4625.74023,"12":4626.87012,"13":4628.00977,"14":4627.77002,"15":4628.08008,"16":4627.7998,"17":4625.70996,"18":4626.72021,"19":4627.72998,"20":4628.89014,"21":4627.14014,"22":4625.91992,"23":4628.45996,"24":4628.75977,"25":4630.6499},"low":{"0":4658.70996,"1":4654.49023,"2":4652.56982,"3":4650.5,"4":4641.81006,"5":4633.62988,"6":4629.72021,"7":4622.41016,"8":4622.79004,"9":4625.3501,"10":4623.47998,"11":4623.8999,"12":4624.75977,"13":4626.00977,"14":4624.91016,"15":4626.1499,"16":4624.20996,"17":4623.3501,"18":4624.74023,"19":4624.2002,"20":4626.25,"21":4623.74023,"22":4622.52979,"23":4621.18994,"24":4624.72021,"25":4621.74023},"close":{"0":4660.49023,"1":4659.91016,"2":4654.79004,"3":4655.4502,"4":4652.10986,"5":4641.8501,"6":4636.37012,"7":4631.06982,"8":4624.20996,"9":4626.39014,"10":4625.52002,"11":4625.43994,"12":4625.66992,"13":4626.7998,"14":4626.64014,"15":4627.43994,"16":4627.20996,"17":4624.97021,"18":4625.27979,"19":4625.1001,"20":4627.49023,"21":4626.77979,"22":4625.77979,"23":4625.08984,"24":4627.52002,"25":4625.56982},"volume":{"0":227630523,"1":98102093,"2":71547410,"3":72161268,"4":77413141,"5":60623695,"6":59165269,"7":72446866,"8":44878605,"9":37778379,"10":39195255,"11":41919624,"12":42287497,"13":43870619,"14":47081996,"15":47694843,"16":49751287,"17":47946440,"18":54256453,"19":60292198,"20":64491615,"21":71222539,"22":76415900,"23":93750772,"24":94226483,"25":194544221}}