{"datetime":{"0":1639691100000,"1":1639690200000,"2":1639689300000,"3":1639688400000,"4":1639687500000,"5":1639686600000,"6":1639685700000,"7":1639684800000,"8":1639683900000,"9":1639683000000,"10":1639682100000,"11":1639681200000,"12":1639680300000,"13":1639679400000,"14":1639678500000,"15":1639677600000,"16":1639676700000,"17":1639675800000,"18":1639674900000,"19":1639674000000,"20":1639673100000,"21":1639672200000,"22":1639671300000,"23":1639670400000,"24":1639669500000,"25":1639668600000},"open":{"0":4673.24023,"1":4675.08008,"2":4658.1499,"3":4662.25977,"4":4671.12012,"5":4671.95996,"6":4679.87012,"7":4685.87988,"8":4688.75977,"9":4691.5498,"10":4691.25977,"11":4679.95996,"12":4688.83008,"13":4692.37988,"14":4693.0,"15":4697.8999,"16":4705.16992,"17":4709.9502,"18":4702.2998,"19":4719.22998,"20":4716.0,"21":4721.81982,"22":4709.58984,"23":4711.45996,"24":4715.43018,"25":4719.12988},"high":{"0":4681.99023,"1":4686.22021,"2":4676.85986,"3":4666.79004,"4":4671.12012,"5":4678.74023,"6":4680.22998,"7":4688.97998,"8":4695.49023,"9":4691.62012,"10":4693.18994,"11":4691.33984,"12":4690.97021,"13":4694.60986,"14":4698.27002,"15":4701.39014,"16":4706.87012,"17":4710.43018,"18":4712.25,"19":4719.66016,"20":4723.18994,"21":4726.06006,"22":4723.12988,"23":4714.24023,"24":4727.31006,"25":4731.99023},"low":{"0":4666.06982,"1":4669.81982,"2":4655.37012,"3":4653.68994,"4":4651.89014,"5":4667.79004,"6":4669.52979,"7":4679.22998,"8":4685.91992,"9":4684.7002,"10":4688.70996,"11":4679.95996,"12":4679.81982,"13":4688.37012,"14":4689.9502,"15":4691.70996,"16":4697.37012,"17":4701.66992,"18":4702.2998,"19":4700.75977,"20":4715.91992,"21":4715.87988,"22":4705.27979,"23":4702.66016,"24":4711.9502,"25":4713.52979},"close":{"0":4668.64014,"1":4673.16016,"2":4675.0498,"3":4658.10986,"4":4662.31982,"5":4671.06006,"6":4671.91016,"7":4679.68018,"8":4685.95996,"9":4688.5498,"10":4691.58008,"11":4691.04004,"12":4679.81982,"13":4688.79004,"14":4692.37012,"15":4692.9502,"16":4697.91992,"17":4705.24023,"18":4709.97998,"19":4702.4502,"20":4719.12988,"21":4715.87988,"22":4721.99023,"23":4709.08984,"24":4711.99023,"25":4715.41992},"volume":{"0":261507724,"1":116119089,"2":88693055,"3":76318806,"4":1762589552,"5":67049239,"6":66289178,"7":60523189,"8":51728205,"9":54391442,"10":58607778,"11":58232179,"12":1262842229,"13":63459230,"14":67046747,"15":62508539,"16":1008457674,"17":68885383,"18":77289174,"19":88187383,"20":714702490,"21":83854141,"22":92776276,"23":136341251,"24":124418531,"25":177648067}}