{"datetime":{"0":1609278300000,"1":1609277400000,"2":1609276500000,"3":1609275600000,"4":1609274700000,"5":1609273800000,"6":1609272900000,"7":1609272000000,"8":1609271100000,"9":1609270200000,"10":1609269300000,"11":1609268400000,"12":1609267500000,"13":1609266600000,"14":1609265700000,"15":1609264800000,"16":1609263900000,"17":1609263000000,"18":1609262100000,"19":1609261200000,"20":1609260300000,"21":1609259400000,"22":1609258500000,"23":1609257600000,"24":1609256700000,"25":1609255800000},"open":{"0":3732.41992,"1":3733.80005,"2":3730.82007,"3":3727.37012,"4":3725.44995,"5":3725.23999,"6":3726.68994,"7":3731.57007,"8":3729.6001,"9":3731.27002,"10":3728.84009,"11":3729.67993,"12":3729.05005,"13":3735.6001,"14":3737.1001,"15":3740.43994,"16":3741.15991,"17":3741.18994,"18":3736.80005,"19":3741.73999,"20":3742.8999,"21":3737.54004,"22":3733.34009,"23":3739.92993,"24":3751.31006,"25":3750.01001},"high":{"0":3733.3999,"1":3734.30005,"2":3734.6001,"3":3730.80005,"4":3729.62012,"5":3726.6001,"6":3728.1001,"7":3732.08008,"8":3733.1001,"9":3731.6001,"10":3732.1001,"11":3730.42993,"12":3730.18994,"13":3735.6001,"14":3738.6001,"15":3741.1001,"16":3742.80005,"17":3743.30005,"18":3741.1001,"19":3742.1001,"20":3742.8999,"21":3742.80005,"22":3741.54004,"23":3743.42993,"24":3753.1499,"25":3756.12012},"low":{"0":3725.6499,"1":3731.46997,"2":3729.34009,"3":3725.3501,"4":3723.44995,"5":3723.76001,"6":3724.70996,"7":3725.42993,"8":3729.1001,"9":3728.81006,"10":3728.56006,"11":3726.3999,"12":3723.3999,"13":3727.32007,"14":3732.3501,"15":3735.46997,"16":3738.43994,"17":3739.68994,"18":3734.57007,"19":3736.55005,"20":3737.46997,"21":3736.81006,"22":3733.03003,"23":3733.08008,"24":3737.33008,"25":3750.01001},"close":{"0":3727.6001,"1":3732.55005,"2":3733.66992,"3":3730.68994,"4":3727.80005,"5":3725.80005,"6":3724.98999,"7":3725.93994,"8":3732.1001,"9":3729.11011,"10":3731.80005,"11":3729.09009,"12":3730.17993,"13":3729.30005,"14":3735.12012,"15":3736.80005,"16":3740.80005,"17":3741.30005,"18":3740.93994,"19":3736.55005,"20":3741.62012,"21":3742.41992,"22":3737.47998,"23":3733.3501,"24":3739.97998,"25":3751.18994},"volume":{"0":0,"1":0,"2":0,"3":0,"4":0,"5":0,"6":0,"7":0,"8":0,"9":0,"10":0,"11":0,"12":0,"13":0,"14":0,"15":0,"16":0,"17":0,"18":0,"19":0,"20":0,"21":53600458,"22":66067948,"23":82272049,"24":87438171,"25":86794305}}