{"datetime":{"0":1605131100000,"1":1605130200000,"2":1605129300000,"3":1605128400000,"4":1605127500000,"5":1605126600000,"6":1605125700000,"7":1605124800000,"8":1605123900000,"9":1605123000000,"10":1605122100000,"11":1605121200000,"12":1605120300000,"13":1605119400000,"14":1605118500000,"15":1605117600000,"16":1605116700000,"17":1605115800000,"18":1605114900000,"19":1605114000000,"20":1605113100000,"21":1605112200000,"22":1605111300000,"23":1605110400000,"24":1605109500000,"25":1605108600000},"open":{"0":3568.87988,"1":3559.36011,"2":3567.45996,"3":3562.62988,"4":3566.51001,"5":3568.40991,"6":3575.75,"7":3573.02002,"8":3578.1001,"9":3576.61011,"10":3575.6001,"11":3577.1001,"12":3576.96997,"13":3575.1001,"14":3577.1001,"15":3574.80005,"16":3573.90991,"17":3571.87012,"18":3570.69995,"19":3565.55005,"20":3563.36011,"21":3565.30005,"22":3562.46997,"23":3558.86011,"24":3567.94995,"25":3563.21997},"high":{"0":3574.72998,"1":3570.01001,"2":3568.20996,"3":3567.80005,"4":3566.56006,"5":3570.93994,"6":3576.80005,"7":3578.80005,"8":3578.1001,"9":3580.15991,"10":3581.6001,"11":3577.30005,"12":3579.30005,"13":3577.30005,"14":3577.30005,"15":3579.30005,"16":3575.20996,"17":3574.5,"18":3573.1001,"19":3571.45996,"20":3566.31006,"21":3569.12012,"22":3564.37988,"23":3564.08008,"24":3571.32007,"25":3569.1001},"low":{"0":3567.80005,"1":3559.36011,"2":3559.80005,"3":3561.83008,"4":3556.75,"5":3563.1001,"6":3568.03003,"7":3572.80005,"8":3572.6001,"9":3575.37988,"10":3575.12012,"11":3575.12012,"12":3575.69995,"13":3574.68994,"14":3573.1001,"15":3573.20996,"16":3572.6001,"17":3570.80005,"18":3569.93994,"19":3563.80005,"20":3560.6001,"21":3561.1001,"22":3558.78003,"23":3557.6001,"24":3557.93994,"25":3563.21997},"close":{"0":3573.1499,"1":3569.51001,"2":3560.1001,"3":3567.80005,"4":3562.80005,"5":3566.48999,"6":3568.27002,"7":3575.62988,"8":3572.80005,"9":3578.0,"10":3575.86011,"11":3575.61011,"12":3576.6001,"13":3577.1001,"14":3574.68994,"15":3576.80005,"16":3574.92993,"17":3573.98999,"18":3571.87012,"19":3570.44995,"20":3565.80005,"21":3562.80005,"22":3564.37988,"23":3562.1001,"24":3558.75,"25":3567.77002},"volume":{"0":0,"1":14560983,"2":24909402,"3":25244639,"4":42061536,"5":69445321,"6":3422740,"7":16531854,"8":0,"9":0,"10":0,"11":0,"12":0,"13":0,"14":20042714,"15":8069731,"16":63484746,"17":62972382,"18":0,"19":0,"20":0,"21":30030543,"22":5714822,"23":107683643,"24":183072192,"25":162238055}}