{"datetime":{"0":1619214300000,"1":1619213400000,"2":1619212500000,"3":1619211600000,"4":1619210700000,"5":1619209800000,"6":1619208900000,"7":1619208000000,"8":1619207100000,"9":1619206200000,"10":1619205300000,"11":1619204400000,"12":1619203500000,"13":1619202600000,"14":1619201700000,"15":1619200800000,"16":1619199900000,"17":1619199000000,"18":1619198100000,"19":1619197200000,"20":1619196300000,"21":1619195400000,"22":1619194500000,"23":1619193600000,"24":1619192700000,"25":1619191800000},"open":{"0":4187.1001,"1":4189.8999,"2":4187.02979,"3":4185.6499,"4":4183.6001,"5":4182.41016,"6":4183.3999,"7":4182.62988,"8":4184.62988,"9":4182.6001,"10":4182.8999,"11":4183.91016,"12":4179.87012,"13":4176.37988,"14":4176.04004,"15":4174.66992,"16":4173.47998,"17":4174.12988,"18":4172.1001,"19":4171.83008,"20":4162.43018,"21":4155.6499,"22":4156.27002,"23":4154.1001,"24":4144.7002,"25":4138.77979},"high":{"0":4187.1001,"1":4194.3999,"2":4190.3999,"3":4187.27979,"4":4187.64014,"5":4184.20996,"6":4183.81982,"7":4184.3999,"8":4184.62988,"9":4185.60986,"10":4183.62988,"11":4183.91016,"12":4184.89014,"13":4180.62988,"14":4177.2998,"15":4177.45996,"16":4176.6001,"17":4175.1001,"18":4174.95996,"19":4171.8999,"20":4171.8999,"21":4164.4502,"22":4156.27979,"23":4156.25,"24":4154.1001,"25":4145.81982},"low":{"0":4178.6001,"1":4187.20996,"2":4186.6001,"3":4183.8999,"4":4183.1001,"5":4181.3999,"6":4179.6001,"7":4181.8999,"8":4182.1001,"9":4182.3999,"10":4180.8999,"11":4181.6001,"12":4179.3999,"13":4176.1001,"14":4175.6001,"15":4174.66992,"16":4173.35986,"17":4172.3501,"18":4171.85986,"19":4168.1001,"20":4161.6001,"21":4154.2998,"22":4152.6001,"23":4153.1001,"24":4141.91016,"25":4138.77979},"close":{"0":4179.5,"1":4187.47021,"2":4189.66016,"3":4187.27979,"4":4185.3999,"5":4183.72021,"6":4181.8999,"7":4183.1001,"8":4182.1001,"9":4184.87988,"10":4182.5,"11":4182.91016,"12":4183.16016,"13":4180.12012,"14":4176.12988,"15":4175.6001,"16":4174.41992,"17":4173.35986,"18":4173.62988,"19":4171.35986,"20":4171.6001,"21":4162.93018,"22":4155.3999,"23":4156.02002,"24":4153.7998,"25":4144.7002},"volume":{"0":0,"1":0,"2":0,"3":0,"4":0,"5":0,"6":0,"7":0,"8":0,"9":0,"10":0,"11":0,"12":0,"13":0,"14":0,"15":0,"16":0,"17":0,"18":0,"19":0,"20":0,"21":0,"22":0,"23":0,"24":68630622,"25":116027510}}