{"datetime":{"0":1619732700000,"1":1619731800000,"2":1619730900000,"3":1619730000000,"4":1619729100000,"5":1619728200000,"6":1619727300000,"7":1619726400000,"8":1619725500000,"9":1619724600000,"10":1619723700000,"11":1619722800000,"12":1619721900000,"13":1619721000000,"14":1619720100000,"15":1619719200000,"16":1619718300000,"17":1619717400000,"18":1619716500000,"19":1619715600000,"20":1619714700000,"21":1619713800000,"22":1619712900000,"23":1619712000000,"24":1619711100000,"25":1619710200000},"open":{"0":4211.6001,"1":4207.8999,"2":4213.79004,"3":4212.3501,"4":4212.70996,"5":4205.1001,"6":4202.5,"7":4198.3999,"8":4198.8999,"9":4196.8999,"10":4194.45996,"11":4192.99023,"12":4190.6001,"13":4183.06006,"14":4182.52979,"15":4187.4502,"16":4192.9502,"17":4196.5,"18":4199.97998,"19":4193.83984,"20":4195.41016,"21":4200.22998,"22":4204.08008,"23":4207.50977,"24":4213.41992,"25":4206.14014},"high":{"0":4214.8999,"1":4212.1001,"2":4214.1001,"3":4216.0498,"4":4216.68994,"5":4212.45996,"6":4205.8999,"7":4202.8999,"8":4199.66992,"9":4199.3999,"10":4197.1001,"11":4195.66992,"12":4194.1001,"13":4190.3999,"14":4183.93994,"15":4187.68018,"16":4194.91016,"17":4196.58008,"18":4199.97998,"19":4200.29004,"20":4195.43994,"21":4200.93018,"22":4204.58008,"23":4207.50977,"24":4214.72998,"25":4218.77979},"low":{"0":4207.31006,"1":4206.8999,"2":4207.39014,"3":4212.3501,"4":4210.3999,"5":4204.81982,"6":4201.49023,"7":4197.22998,"8":4196.9502,"9":4193.02979,"10":4194.2002,"11":4189.7002,"12":4189.54004,"13":4180.85986,"14":4178.37988,"15":4176.81006,"16":4186.02979,"17":4191.58984,"18":4195.1001,"19":4192.56982,"20":4187.68994,"21":4190.08008,"22":4198.4502,"23":4202.85986,"24":4206.87012,"25":4206.14014},"close":{"0":4211.68994,"1":4210.87988,"2":4208.1001,"3":4214.1001,"4":4212.3999,"5":4212.45996,"6":4204.8999,"7":4202.0,"8":4198.0,"9":4198.6001,"10":4196.3999,"11":4194.70996,"12":4192.74023,"13":4190.3999,"14":4183.10986,"15":4182.47998,"16":4187.58984,"17":4192.93018,"18":4196.56006,"19":4199.91992,"20":4193.72021,"21":4195.49023,"22":4200.16992,"23":4204.14014,"24":4207.22998,"25":4213.49023},"volume":{"0":0,"1":0,"2":0,"3":0,"4":0,"5":0,"6":0,"7":0,"8":0,"9":0,"10":0,"11":0,"12":0,"13":40174597,"14":65726626,"15":71137391,"16":1126798823,"17":67354864,"18":996284210,"19":74316257,"20":94902435,"21":110689189,"22":100599543,"23":124197029,"24":148684723,"25":193362796}}