{"datetime":{"0":1618263900000,"1":1618263000000,"2":1618262100000,"3":1618261200000,"4":1618260300000,"5":1618259400000,"6":1618258500000,"7":1618257600000,"8":1618256700000,"9":1618255800000,"10":1618254900000,"11":1618254000000,"12":1618253100000,"13":1618252200000,"14":1618251300000,"15":1618250400000,"16":1618249500000,"17":1618248600000,"18":1618247700000,"19":1618246800000,"20":1618245900000,"21":1618245000000,"22":1618244100000,"23":1618243200000,"24":1618242300000,"25":1618241400000},"open":{"0":4129.6001,"1":4122.97998,"2":4119.54004,"3":4120.81982,"4":4122.3999,"5":4123.8999,"6":4123.3999,"7":4119.8501,"8":4121.37012,"9":4125.1001,"10":4127.8999,"11":4129.8999,"12":4130.02002,"13":4126.1001,"14":4123.6001,"15":4124.35986,"16":4123.1001,"17":4123.2002,"18":4120.0,"19":4120.6001,"20":4115.8999,"21":4121.81006,"22":4121.04004,"23":4121.43994,"24":4125.52979,"25":4120.8999},"high":{"0":4132.3999,"1":4129.1001,"2":4124.3999,"3":4122.8999,"4":4122.8999,"5":4124.1001,"6":4124.1001,"7":4123.6001,"8":4124.3999,"9":4125.1001,"10":4127.8999,"11":4130.3999,"12":4130.8999,"13":4130.27002,"14":4126.1001,"15":4124.66016,"16":4124.6001,"17":4123.2002,"18":4123.25,"19":4122.1001,"20":4121.1001,"21":4121.81006,"22":4124.75,"23":4123.52979,"24":4125.8999,"25":4127.12988},"low":{"0":4125.83008,"1":4121.47998,"2":4118.29004,"3":4118.81982,"4":4119.10986,"5":4120.9502,"6":4121.1001,"7":4119.8501,"8":4119.10986,"9":4121.12988,"10":4124.29004,"11":4127.04004,"12":4128.72998,"13":4125.56006,"14":4121.1499,"15":4122.56006,"16":4119.83984,"17":4119.37988,"18":4118.77002,"19":4118.75,"20":4115.3999,"21":4114.81006,"22":4120.0498,"23":4120.2998,"24":4117.12012,"25":4120.29004},"close":{"0":4128.12012,"1":4128.8999,"2":4122.72998,"3":4119.79004,"4":4121.3999,"5":4122.41016,"6":4124.1001,"7":4123.6001,"8":4120.1001,"9":4121.37988,"10":4125.08984,"11":4127.7998,"12":4129.6001,"13":4130.27002,"14":4125.7998,"15":4123.3999,"16":4124.3999,"17":4122.6001,"18":4122.7002,"19":4120.3999,"20":4120.1001,"21":4116.06006,"22":4120.81006,"23":4121.29004,"24":4121.18018,"25":4125.27979},"volume":{"0":35451064,"1":0,"2":0,"3":0,"4":0,"5":0,"6":0,"7":0,"8":0,"9":0,"10":0,"11":0,"12":0,"13":0,"14":0,"15":0,"16":0,"17":0,"18":0,"19":0,"20":0,"21":0,"22":0,"23":0,"24":0,"25":0}}