{"datetime":{"0":1642542300000,"1":1642541400000,"2":1642540500000,"3":1642539600000,"4":1642538700000,"5":1642537800000,"6":1642536900000,"7":1642536000000,"8":1642535100000,"9":1642534200000,"10":1642533300000,"11":1642532400000,"12":1642531500000,"13":1642530600000,"14":1642529700000,"15":1642528800000,"16":1642527900000,"17":1642527000000,"18":1642526100000,"19":1642525200000,"20":1642524300000,"21":1642523400000,"22":1642522500000,"23":1642521600000,"24":1642520700000,"25":1642519800000},"open":{"0":4572.66016,"1":4585.56982,"2":4593.22021,"3":4599.7002,"4":4593.12012,"5":4587.06006,"6":4586.2002,"7":4586.6001,"8":4584.79004,"9":4575.52002,"10":4579.20996,"11":4573.2002,"12":4580.77002,"13":4583.50977,"14":4588.49023,"15":4596.06982,"16":4593.56982,"17":4589.93018,"18":4590.58008,"19":4590.87012,"20":4601.12012,"21":4605.89014,"22":4600.0498,"23":4597.33008,"24":4603.56006,"25":4632.24023},"high":{"0":4585.37988,"1":4587.06982,"2":4593.22021,"3":4601.5498,"4":4603.64014,"5":4596.77979,"6":4590.7002,"7":4590.37012,"8":4587.81982,"9":4585.14014,"10":4582.2002,"11":4579.52002,"12":4582.22021,"13":4584.70996,"14":4591.52002,"15":4597.72998,"16":4601.70996,"17":4595.95996,"18":4595.27002,"19":4593.77979,"20":4602.9502,"21":4605.89014,"22":4606.85986,"23":4610.97998,"24":4604.47998,"25":4632.24023},"low":{"0":4568.7002,"1":4572.52002,"2":4579.93018,"3":4592.1499,"4":4592.72021,"5":4586.72998,"6":4582.93994,"7":4586.12988,"8":4580.50977,"9":4573.14014,"10":4571.93018,"11":4569.81982,"12":4572.83984,"13":4578.66992,"14":4581.50977,"15":4582.85986,"16":4593.56982,"17":4581.5,"18":4589.31006,"19":4584.02002,"20":4588.43994,"21":4593.7998,"22":4596.00977,"23":4590.70996,"24":4587.81982,"25":4590.89014},"close":{"0":4578.87988,"1":4572.62012,"2":4585.43994,"3":4593.18994,"4":4599.74023,"5":4593.16016,"6":4587.10986,"7":4586.24023,"8":4586.52002,"9":4584.7998,"10":4575.56006,"11":4579.22021,"12":4573.20996,"13":4580.70996,"14":4583.54004,"15":4588.43994,"16":4596.08008,"17":4593.50977,"18":4590.0,"19":4590.56006,"20":4590.97021,"21":4601.10986,"22":4605.7998,"23":4600.02002,"24":4597.7998,"25":4603.14014},"volume":{"0":169835641,"1":109071708,"2":76196949,"3":59996822,"4":60092070,"5":64450521,"6":53239738,"7":54659920,"8":53654682,"9":57902187,"10":60925865,"11":63827643,"12":61454292,"13":62002230,"14":60705196,"15":64328706,"16":57084059,"17":74252610,"18":66005879,"19":74329448,"20":77807518,"21":93539675,"22":102602460,"23":117058510,"24":136826625,"25":183502705}}