{"datetime":{"0":1603403100000,"1":1603402200000,"2":1603401300000,"3":1603400400000,"4":1603399500000,"5":1603398600000,"6":1603397700000,"7":1603396800000,"8":1603395900000,"9":1603395000000,"10":1603394100000,"11":1603393200000,"12":1603392300000,"13":1603391400000,"14":1603390500000,"15":1603389600000,"16":1603388700000,"17":1603387800000,"18":1603386900000,"19":1603386000000,"20":1603385100000,"21":1603384200000,"22":1603383300000,"23":1603382400000,"24":1603381500000,"25":1603380600000},"open":{"0":3456.6499,"1":3455.73999,"2":3449.93994,"3":3452.96997,"4":3453.72998,"5":3454.48999,"6":3452.95996,"7":3452.76001,"8":3447.96997,"9":3446.41992,"10":3449.8501,"11":3439.52002,"12":3433.20996,"13":3434.68994,"14":3435.37988,"15":3430.43994,"16":3433.88989,"17":3437.26001,"18":3440.37988,"19":3430.8999,"20":3415.52002,"21":3427.68994,"22":3441.03003,"23":3443.59009,"24":3443.77002,"25":3438.5},"high":{"0":3457.52002,"1":3460.53003,"2":3455.90991,"3":3453.52002,"4":3455.54004,"5":3456.87988,"6":3458.21997,"7":3454.77002,"8":3453.58008,"9":3449.75,"10":3450.42993,"11":3450.98999,"12":3440.73999,"13":3434.75,"14":3435.97998,"15":3433.27002,"16":3438.70996,"17":3438.94995,"18":3441.57007,"19":3440.44995,"20":3432.3999,"21":3428.77002,"22":3441.12988,"23":3444.68994,"24":3446.3999,"25":3446.31006},"low":{"0":3449.96997,"1":3455.61011,"2":3449.51001,"3":3447.36011,"4":3452.13989,"5":3452.6499,"6":3452.95996,"7":3451.25,"8":3446.3999,"9":3443.96997,"10":3445.79004,"11":3438.80005,"12":3432.01001,"13":3429.38989,"14":3432.38989,"15":3428.59009,"16":3430.40991,"17":3431.32007,"18":3436.44995,"19":3429.48999,"20":3415.52002,"21":3415.34009,"22":3424.95996,"23":3437.06006,"24":3439.94995,"25":3438.5},"close":{"0":3453.59009,"1":3456.69995,"2":3455.6499,"3":3449.95996,"4":3452.96997,"5":3453.73999,"6":3454.5,"7":3452.8999,"8":3451.69995,"9":3447.97998,"10":3446.41992,"11":3449.87012,"12":3439.61011,"13":3433.26001,"14":3434.66992,"15":3432.56006,"16":3431.34009,"17":3433.87012,"18":3437.86011,"19":3440.38989,"20":3430.93994,"21":3415.51001,"22":3427.68994,"23":3441.0,"24":3443.59009,"25":3445.44995},"volume":{"0":246146801,"1":104974297,"2":78614395,"3":66435783,"4":56277270,"5":56850923,"6":61826017,"7":62279398,"8":70328413,"9":61765716,"10":52659578,"11":64985900,"12":45587920,"13":51857082,"14":50493498,"15":53755421,"16":55314423,"17":63218678,"18":82875272,"19":91921021,"20":664479909,"21":91558308,"22":84528267,"23":89838734,"24":296661371,"25":139591704}}