{"datetime":{"0":1633988700000,"1":1633987800000,"2":1633986900000,"3":1633986000000,"4":1633985100000,"5":1633984200000,"6":1633983300000,"7":1633982400000,"8":1633981500000,"9":1633980600000,"10":1633979700000,"11":1633978800000,"12":1633977900000,"13":1633977000000,"14":1633976100000,"15":1633975200000,"16":1633974300000,"17":1633973400000,"18":1633972500000,"19":1633971600000,"20":1633970700000,"21":1633969800000,"22":1633968900000,"23":1633968000000,"24":1633967100000,"25":1633966200000},"open":{"0":4370.68018,"1":4373.12988,"2":4381.58008,"3":4382.2998,"4":4380.20996,"5":4379.04004,"6":4384.66992,"7":4378.72021,"8":4381.52002,"9":4378.41992,"10":4388.87012,"11":4394.33984,"12":4396.0498,"13":4400.10986,"14":4397.62012,"15":4410.02979,"16":4414.16016,"17":4407.83984,"18":4410.47998,"19":4410.66016,"20":4410.75,"21":4415.14014,"22":4411.2002,"23":4407.33984,"24":4396.41016,"25":4385.43994},"high":{"0":4371.12988,"1":4375.25977,"2":4381.68994,"3":4384.1001,"4":4383.6499,"5":4380.91016,"6":4386.52002,"7":4384.7002,"8":4381.52002,"9":4381.62988,"10":4389.4502,"11":4394.33984,"12":4397.58984,"13":4400.16992,"14":4400.16016,"15":4410.6001,"16":4414.3999,"17":4414.68994,"18":4410.58008,"19":4412.39014,"20":4413.99023,"21":4415.87988,"22":4415.87012,"23":4413.62988,"24":4407.20996,"25":4396.60986},"low":{"0":4360.58984,"1":4369.93994,"2":4373.00977,"3":4377.50977,"4":4376.7002,"5":4376.64014,"6":4377.37012,"7":4377.72998,"8":4374.0,"9":4376.54004,"10":4377.47021,"11":4384.18018,"12":4391.62988,"13":4395.85986,"14":4396.52979,"15":4397.35986,"16":4409.3501,"17":4407.52979,"18":4405.81006,"19":4410.47998,"20":4409.83984,"21":4409.72998,"22":4411.08984,"23":4407.33984,"24":4395.91992,"25":4384.22021},"close":{"0":4360.77979,"1":4370.43018,"2":4373.16992,"3":4381.52002,"4":4382.33008,"5":4380.22021,"6":4379.02002,"7":4384.68994,"8":4378.70996,"9":4381.62012,"10":4378.33984,"11":4388.87988,"12":4394.27002,"13":4396.02002,"14":4400.08984,"15":4397.58984,"16":4409.99023,"17":4414.14014,"18":4407.77979,"19":4410.49023,"20":4410.62012,"21":4410.75,"22":4415.1001,"23":4411.20996,"24":4407.08984,"25":4396.24023},"volume":{"0":1493982159,"1":74179139,"2":47812438,"3":39006668,"4":36684668,"5":38378150,"6":40167351,"7":34942287,"8":1005102345,"9":37674822,"10":44837556,"11":50004631,"12":41416873,"13":36107900,"14":41639934,"15":48021948,"16":664809482,"17":43862336,"18":47081305,"19":50227066,"20":50939463,"21":58436431,"22":62745973,"23":72746908,"24":79839422,"25":138057526}}