{"datetime":{"0":1630359900000,"1":1630359000000,"2":1630358100000,"3":1630357200000,"4":1630356300000,"5":1630355400000,"6":1630354500000,"7":1630353600000,"8":1630352700000,"9":1630351800000,"10":1630350900000,"11":1630350000000,"12":1630349100000,"13":1630348200000,"14":1630347300000,"15":1630346400000,"16":1630345500000,"17":1630344600000,"18":1630343700000,"19":1630342800000,"20":1630341900000,"21":1630341000000,"22":1630340100000,"23":1630339200000,"24":1630338300000,"25":1630337400000},"open":{"0":4531.3501,"1":4534.1499,"2":4535.35986,"3":4535.75977,"4":4533.47021,"5":4535.58008,"6":4535.60986,"7":4536.6001,"8":4535.41992,"9":4534.00977,"10":4534.72998,"11":4533.99023,"12":4533.39014,"13":4531.7002,"14":4534.6499,"15":4536.00977,"16":4535.27002,"17":4532.97021,"18":4537.00977,"19":4534.43018,"20":4531.91992,"21":4528.83984,"22":4521.08984,"23":4521.06006,"24":4515.74023,"25":4513.75977},"high":{"0":4532.37012,"1":4534.18994,"2":4535.87988,"3":4536.6001,"4":4536.00977,"5":4535.89014,"6":4537.35986,"7":4536.81982,"8":4536.6499,"9":4535.60986,"10":4534.79004,"11":4535.0,"12":4534.02002,"13":4533.5498,"14":4534.87988,"15":4536.33008,"16":4536.87988,"17":4535.93994,"18":4537.14014,"19":4537.1499,"20":4534.50977,"21":4532.08984,"22":4528.8501,"23":4522.81982,"24":4521.47998,"25":4519.9502},"low":{"0":4528.2002,"1":4531.06006,"2":4533.66992,"3":4535.27979,"4":4533.41016,"5":4533.43018,"6":4534.50977,"7":4535.20996,"8":4535.39014,"9":4533.33984,"10":4533.58984,"11":4533.25977,"12":4532.64014,"13":4531.0498,"14":4530.77979,"15":4533.8999,"16":4534.45996,"17":4532.97021,"18":4532.6499,"19":4533.18018,"20":4531.2002,"21":4527.91992,"22":4521.08984,"23":4519.43018,"24":4514.62988,"25":4513.75977},"close":{"0":4528.3501,"1":4531.31006,"2":4534.16016,"3":4535.37012,"4":4535.68994,"5":4533.43994,"6":4535.56982,"7":4535.60986,"8":4536.62988,"9":4535.43018,"10":4534.00977,"11":4534.74023,"12":4533.97998,"13":4533.37012,"14":4531.66992,"15":4534.66016,"16":4536.02002,"17":4535.20996,"18":4532.93994,"19":4537.02002,"20":4534.39014,"21":4531.95996,"22":4528.79004,"23":4521.16016,"24":4520.97998,"25":4515.72998},"volume":{"0":162203125,"1":68314681,"2":51523118,"3":37201971,"4":36616479,"5":34909829,"6":35443985,"7":35773004,"8":30281892,"9":32757680,"10":31835611,"11":34378432,"12":34815108,"13":31574528,"14":35300278,"15":40235230,"16":44081695,"17":42995975,"18":46997960,"19":48819988,"20":49537737,"21":57338768,"22":58935984,"23":74741638,"24":84575591,"25":99106529}}