{"datetime":{"0":1655847900000,"1":1655847000000,"2":1655846100000,"3":1655845200000,"4":1655844300000,"5":1655843400000,"6":1655842500000,"7":1655841600000,"8":1655840700000,"9":1655839800000,"10":1655838900000,"11":1655838000000,"12":1655837100000,"13":1655836200000,"14":1655835300000,"15":1655834400000,"16":1655833500000,"17":1655832600000,"18":1655831700000,"19":1655830800000,"20":1655829900000,"21":1655829000000,"22":1655828100000,"23":1655827200000,"24":1655826300000,"25":1655825400000},"open":{"0":3770.94995,"1":3774.48999,"2":3777.72998,"3":3775.6001,"4":3769.17993,"5":3767.29004,"6":3764.08008,"7":3763.26001,"8":3767.83008,"9":3767.07007,"10":3773.13989,"11":3770.5,"12":3766.48999,"13":3762.34009,"14":3757.8999,"15":3757.16992,"16":3763.44995,"17":3766.86011,"18":3769.70996,"19":3775.87012,"20":3769.33008,"21":3765.77002,"22":3765.3999,"23":3764.61011,"24":3753.82007,"25":3715.31006},"high":{"0":3774.79004,"1":3775.8501,"2":3778.6499,"3":3779.6499,"4":3775.92993,"5":3769.81006,"6":3767.84009,"7":3768.40991,"8":3767.94995,"9":3771.62012,"10":3773.16992,"11":3773.90991,"12":3770.6001,"13":3767.1001,"14":3763.8999,"15":3762.22998,"16":3764.63989,"17":3770.81006,"18":3773.55005,"19":3777.1499,"20":3777.27002,"21":3773.12988,"22":3770.03003,"23":3766.21997,"24":3764.12012,"25":3755.94995},"low":{"0":3761.72998,"1":3768.31006,"2":3771.93994,"3":3774.61011,"4":3766.02002,"5":3762.3501,"6":3763.65991,"7":3760.38989,"8":3762.47998,"9":3763.75,"10":3767.11011,"11":3765.87988,"12":3764.18994,"13":3760.5,"14":3757.1499,"15":3754.6001,"16":3757.28003,"17":3761.37012,"18":3766.41992,"19":3769.01001,"20":3768.20996,"21":3764.96997,"22":3760.92993,"23":3759.3501,"24":3748.62012,"25":3715.31006},"close":{"0":3764.88989,"1":3771.01001,"2":3774.45996,"3":3777.71997,"4":3775.66992,"5":3769.1499,"6":3767.23999,"7":3764.03003,"8":3763.23999,"9":3767.82007,"10":3767.13989,"11":3773.07007,"12":3770.42993,"13":3766.45996,"14":3762.33008,"15":3757.68994,"16":3757.28003,"17":3763.46997,"18":3766.94995,"19":3769.70996,"20":3776.02002,"21":3769.30005,"22":3765.67993,"23":3765.38989,"24":3763.78003,"25":3753.78003},"volume":{"0":235449515,"1":103514631,"2":79834997,"3":62968484,"4":56807202,"5":60999483,"6":56534046,"7":64908082,"8":1431242372,"9":52249934,"10":48536995,"11":59125490,"12":53865539,"13":52421885,"14":52956364,"15":57371202,"16":62187742,"17":71288881,"18":66326034,"19":76831540,"20":75413998,"21":80540668,"22":89317494,"23":113639498,"24":126706219,"25":156906842}}