{"datetime":{"0":1632347100000,"1":1632346200000,"2":1632345300000,"3":1632344400000,"4":1632343500000,"5":1632342600000,"6":1632341700000,"7":1632340800000,"8":1632339900000,"9":1632339000000,"10":1632338100000,"11":1632337200000,"12":1632336300000,"13":1632335400000,"14":1632334500000,"15":1632333600000,"16":1632332700000,"17":1632331800000,"18":1632330900000,"19":1632330000000,"20":1632329100000,"21":1632328200000,"22":1632327300000,"23":1632326400000,"24":1632325500000,"25":1632324600000},"open":{"0":4401.0498,"1":4407.25,"2":4404.89014,"3":4392.66016,"4":4400.0498,"5":4411.5498,"6":4412.97021,"7":4396.79004,"8":4398.24023,"9":4399.79004,"10":4396.60986,"11":4401.52002,"12":4404.00977,"13":4405.12988,"14":4403.24023,"15":4406.6001,"16":4405.64014,"17":4398.62988,"18":4397.64014,"19":4396.41992,"20":4392.79004,"21":4390.83008,"22":4387.06982,"23":4384.00977,"24":4370.1499,"25":4367.43018},"high":{"0":4402.83008,"1":4408.97998,"2":4413.8999,"3":4404.91992,"4":4400.0498,"5":4413.39014,"6":4416.75,"7":4413.14014,"8":4398.74023,"9":4401.33008,"10":4400.0498,"11":4401.77979,"12":4405.3501,"13":4407.33984,"14":4405.37012,"15":4406.70996,"16":4411.31982,"17":4405.72998,"18":4399.83008,"19":4399.3999,"20":4396.91992,"21":4394.8999,"22":4393.64014,"23":4392.08008,"24":4383.27002,"25":4376.93018},"low":{"0":4392.75977,"1":4399.6001,"2":4404.18018,"3":4388.70996,"4":4384.22021,"5":4396.12988,"6":4404.6001,"7":4387.45996,"8":4392.8999,"9":4397.06006,"10":4395.31982,"11":4396.47998,"12":4400.33984,"13":4404.00977,"14":4402.29004,"15":4402.45996,"16":4401.66016,"17":4398.58984,"18":4397.3999,"19":4396.41992,"20":4390.18018,"21":4390.83008,"22":4387.06982,"23":4383.18018,"24":4369.77002,"25":4367.43018},"close":{"0":4395.62012,"1":4400.85986,"2":4407.25977,"3":4404.91992,"4":4392.56006,"5":4400.29004,"6":4411.5,"7":4413.02002,"8":4396.75977,"9":4398.24023,"10":4399.7998,"11":4396.60986,"12":4401.52979,"13":4404.00977,"14":4405.1499,"15":4403.25,"16":4406.60986,"17":4405.64014,"18":4398.79004,"19":4397.64014,"20":4396.4502,"21":4392.7002,"22":4390.8501,"23":4387.0498,"24":4383.27002,"25":4370.37988},"volume":{"0":144668764,"1":86663002,"2":67320831,"3":62025846,"4":75986051,"5":78352725,"6":65254786,"7":73755196,"8":39410859,"9":38925925,"10":34634895,"11":35373692,"12":36672227,"13":37400479,"14":39342156,"15":40348496,"16":62844620,"17":55002537,"18":51247229,"19":54478041,"20":504915574,"21":60923035,"22":63251155,"23":81006290,"24":95576146,"25":104811936}}