{"datetime":{"0":1630619100000,"1":1630618200000,"2":1630617300000,"3":1630616400000,"4":1630615500000,"5":1630614600000,"6":1630613700000,"7":1630612800000,"8":1630611900000,"9":1630611000000,"10":1630610100000,"11":1630609200000,"12":1630608300000,"13":1630607400000,"14":1630606500000,"15":1630605600000,"16":1630604700000,"17":1630603800000,"18":1630602900000,"19":1630602000000,"20":1630601100000,"21":1630600200000,"22":1630599300000,"23":1630598400000,"24":1630597500000,"25":1630596600000},"open":{"0":4528.95996,"1":4528.6001,"2":4530.70996,"3":4532.72021,"4":4527.91992,"5":4526.64014,"6":4528.12012,"7":4529.24023,"8":4531.72021,"9":4532.87988,"10":4537.33984,"11":4539.22998,"12":4537.85986,"13":4537.81982,"14":4539.33984,"15":4540.22998,"16":4541.27979,"17":4541.68994,"18":4540.37988,"19":4539.8501,"20":4541.08008,"21":4540.3999,"22":4536.72998,"23":4539.47021,"24":4541.1499,"25":4534.47998},"high":{"0":4537.06006,"1":4530.77002,"2":4532.87988,"3":4533.99023,"4":4533.3501,"5":4528.97021,"6":4530.45996,"7":4529.24023,"8":4532.16016,"9":4534.12012,"10":4537.79004,"11":4539.87012,"12":4539.56982,"13":4538.62012,"14":4539.43994,"15":4540.43018,"16":4541.58984,"17":4543.02002,"18":4542.68994,"19":4540.95996,"20":4542.08984,"21":4541.5,"22":4540.75977,"23":4540.68018,"24":4545.75,"25":4542.83008},"low":{"0":4527.4502,"1":4526.87988,"2":4527.77979,"3":4528.70996,"4":4527.91992,"5":4525.4502,"6":4526.45996,"7":4524.66016,"8":4528.08984,"9":4531.3501,"10":4532.60986,"11":4537.27979,"12":4536.31982,"13":4536.35986,"14":4536.93994,"15":4538.81006,"16":4539.72998,"17":4540.7998,"18":4540.31006,"19":4537.97021,"20":4539.3999,"21":4538.10986,"22":4536.10986,"23":4535.97021,"24":4537.72021,"25":4534.47998},"close":{"0":4537.00977,"1":4529.00977,"2":4528.50977,"3":4530.70996,"4":4532.7002,"5":4527.91016,"6":4526.66992,"7":4528.2002,"8":4529.37988,"9":4531.56982,"10":4532.9502,"11":4537.31982,"12":4539.24023,"13":4537.87988,"14":4537.83984,"15":4539.33008,"16":4540.22021,"17":4541.29004,"18":4541.58984,"19":4540.41016,"20":4539.91016,"21":4541.10986,"22":4540.3999,"23":4536.75977,"24":4539.08984,"25":4541.12012},"volume":{"0":189650625,"1":77144407,"2":56610555,"3":53825981,"4":54131064,"5":41072068,"6":34726774,"7":45944251,"8":1018862194,"9":37472483,"10":38192514,"11":33151810,"12":35164775,"13":35616742,"14":37724984,"15":39272468,"16":45337789,"17":44449935,"18":54427609,"19":61403016,"20":515432233,"21":67765328,"22":84043748,"23":76009956,"24":227496683,"25":97309578}}