{"datetime":{"0":1650577500000,"1":1650576600000,"2":1650575700000,"3":1650574800000,"4":1650573900000,"5":1650573000000,"6":1650572100000,"7":1650571200000,"8":1650570300000,"9":1650569400000,"10":1650568500000,"11":1650567600000,"12":1650566700000,"13":1650565800000,"14":1650564900000,"15":1650564000000,"16":1650563100000,"17":1650562200000,"18":1650561300000,"19":1650560400000,"20":1650559500000,"21":1650558600000,"22":1650557700000,"23":1650556800000,"24":1650555900000,"25":1650555000000},"open":{"0":4398.52979,"1":4407.74023,"2":4395.47998,"3":4405.27979,"4":4413.41992,"5":4419.91992,"6":4418.54004,"7":4430.22998,"8":4434.97998,"9":4444.97998,"10":4436.52002,"11":4439.62988,"12":4451.89014,"13":4449.4502,"14":4453.2998,"15":4459.8501,"16":4467.70996,"17":4480.16016,"18":4487.00977,"19":4486.58008,"20":4493.70996,"21":4500.18994,"22":4498.25977,"23":4506.7998,"24":4506.02002,"25":4489.16992},"high":{"0":4402.64014,"1":4407.74023,"2":4408.27002,"3":4405.27979,"4":4413.75977,"5":4431.18018,"6":4425.08984,"7":4430.22998,"8":4442.83008,"9":4448.25,"10":4445.62012,"11":4440.41992,"12":4452.85986,"13":4456.18018,"14":4457.04004,"15":4462.74023,"16":4469.72021,"17":4480.5498,"18":4487.04004,"19":4489.06982,"20":4493.77979,"21":4502.62012,"22":4501.93018,"23":4507.29004,"24":4512.93994,"25":4512.18994},"low":{"0":4384.47021,"1":4388.77979,"2":4391.93018,"3":4392.37012,"4":4402.37988,"5":4413.72021,"6":4416.1001,"7":4418.16992,"8":4429.02979,"9":4431.6001,"10":4427.06982,"11":4433.16016,"12":4439.39014,"13":4448.22998,"14":4448.49023,"15":4451.12012,"16":4459.81982,"17":4467.56982,"18":4477.93994,"19":4482.6499,"20":4482.58008,"21":4491.79004,"22":4492.2002,"23":4496.85986,"24":4503.56006,"25":4489.16992},"close":{"0":4394.1499,"1":4399.56982,"2":4407.89014,"3":4395.41992,"4":4405.25977,"5":4413.77002,"6":4419.91992,"7":4418.45996,"8":4430.29004,"9":4435.0,"10":4444.87988,"11":4436.91016,"12":4439.5498,"13":4451.93994,"14":4449.4502,"15":4453.3501,"16":4459.87988,"17":4467.74023,"18":4480.22021,"19":4487.02979,"20":4486.60986,"21":4493.72021,"22":4500.12988,"23":4498.41016,"24":4506.64014,"25":4505.99023},"volume":{"0":208089743,"1":113484402,"2":89394861,"3":80041613,"4":77306501,"5":68049063,"6":61966307,"7":71783604,"8":55309156,"9":58387579,"10":63949386,"11":56338414,"12":57713037,"13":59790914,"14":62882347,"15":72047888,"16":72067028,"17":73792155,"18":69115104,"19":69638286,"20":84325246,"21":83194986,"22":1120978329,"23":103383730,"24":129552989,"25":163568188}}