{"datetime":{"0":1619041500000,"1":1619040600000,"2":1619039700000,"3":1619038800000,"4":1619037900000,"5":1619037000000,"6":1619036100000,"7":1619035200000,"8":1619034300000,"9":1619033400000,"10":1619032500000,"11":1619031600000,"12":1619030700000,"13":1619029800000,"14":1619028900000,"15":1619028000000,"16":1619027100000,"17":1619026200000,"18":1619025300000,"19":1619024400000,"20":1619023500000,"21":1619022600000,"22":1619021700000,"23":1619020800000,"24":1619019900000,"25":1619019000000},"open":{"0":4171.6499,"1":4164.0,"2":4163.58008,"3":4161.64014,"4":4160.5,"5":4161.5,"6":4164.2998,"7":4161.72021,"8":4160.5,"9":4159.6499,"10":4159.85986,"11":4157.0,"12":4158.77002,"13":4157.7998,"14":4159.77002,"15":4161.5,"16":4158.14014,"17":4154.0,"18":4154.5,"19":4150.31006,"20":4151.0,"21":4152.12988,"22":4144.16016,"23":4146.7002,"24":4132.74023,"25":4126.7998},"high":{"0":4174.6499,"1":4171.95996,"2":4164.58984,"3":4164.2998,"4":4162.2998,"5":4164.22021,"6":4164.9502,"7":4164.41992,"8":4161.72021,"9":4161.66016,"10":4161.60986,"11":4160.62012,"12":4159.25977,"13":4159.27002,"14":4161.02002,"15":4161.5,"16":4161.68994,"17":4157.7998,"18":4155.2998,"19":4155.5,"20":4151.5,"21":4152.62988,"22":4153.2998,"23":4147.5,"24":4146.6001,"25":4133.2998},"low":{"0":4170.91992,"1":4164.0,"2":4162.1001,"3":4160.8501,"4":4160.22998,"5":4160.7998,"6":4160.7998,"7":4161.72021,"8":4159.95996,"9":4159.6499,"10":4159.35986,"11":4156.97998,"12":4156.0,"13":4157.0,"14":4157.5,"15":4159.5,"16":4156.7998,"17":4154.0,"18":4152.7998,"19":4148.5,"20":4146.7998,"21":4147.5,"22":4142.66016,"23":4143.0,"24":4132.5,"25":4125.7998},"close":{"0":4172.22998,"1":4171.41016,"2":4163.7998,"3":4163.83008,"4":4161.89014,"5":4161.02002,"6":4162.04004,"7":4164.18018,"8":4161.47021,"9":4160.4502,"10":4159.3999,"11":4160.0,"12":4156.7998,"13":4158.52002,"14":4157.79004,"15":4159.75977,"16":4161.2998,"17":4157.7998,"18":4154.7998,"19":4154.2998,"20":4150.0,"21":4150.0,"22":4152.2998,"23":4143.91016,"24":4146.4502,"25":4133.1001},"volume":{"0":0,"1":0,"2":0,"3":0,"4":0,"5":0,"6":0,"7":0,"8":0,"9":0,"10":0,"11":0,"12":0,"13":0,"14":0,"15":0,"16":0,"17":0,"18":0,"19":0,"20":0,"21":0,"22":0,"23":0,"24":0,"25":0}}