{"datetime":{"0":1682631900000,"1":1682631000000,"2":1682630100000,"3":1682629200000,"4":1682628300000,"5":1682627400000,"6":1682626500000,"7":1682625600000,"8":1682624700000,"9":1682623800000,"10":1682622900000,"11":1682622000000,"12":1682621100000,"13":1682620200000,"14":1682619300000,"15":1682618400000,"16":1682617500000,"17":1682616600000,"18":1682615700000,"19":1682614800000,"20":1682613900000,"21":1682613000000,"22":1682612100000,"23":1682611200000,"24":1682610300000,"25":1682609400000},"open":{"0":4134.20996,"1":4134.7002,"2":4134.00977,"3":4136.25977,"4":4131.10986,"5":4128.37012,"6":4120.81006,"7":4119.49023,"8":4117.97998,"9":4112.16992,"10":4109.99023,"11":4108.97998,"12":4107.6001,"13":4106.41992,"14":4106.16016,"15":4102.8501,"16":4098.00977,"17":4099.27979,"18":4088.61011,"19":4088.37988,"20":4095.44995,"21":4093.1001,"22":4095.12012,"23":4087.6499,"24":4081.47998,"25":4075.29004},"high":{"0":4137.62988,"1":4135.41992,"2":4138.24023,"3":4137.72998,"4":4136.25977,"5":4132.16016,"6":4128.87988,"7":4121.87012,"8":4122.47021,"9":4118.10986,"10":4112.52002,"11":4110.50977,"12":4109.7002,"13":4107.87012,"14":4108.14014,"15":4107.18018,"16":4103.0,"17":4102.27002,"18":4100.52979,"19":4089.87988,"20":4096.06006,"21":4097.02002,"22":4096.77002,"23":4095.11011,"24":4089.93994,"25":4086.32007},"low":{"0":4132.68018,"1":4132.7002,"2":4133.97021,"3":4132.5498,"4":4129.47998,"5":4127.50977,"6":4120.81006,"7":4119.31982,"8":4117.97998,"9":4112.16992,"10":4109.72021,"11":4107.95996,"12":4107.08984,"13":4105.52002,"14":4105.85986,"15":4102.8501,"16":4097.43994,"17":4096.72021,"18":4087.41992,"19":4086.34009,"20":4087.37988,"21":4092.78003,"22":4090.82007,"23":4086.31006,"24":4080.18994,"25":4075.29004},"close":{"0":4134.74023,"1":4134.16992,"2":4134.62988,"3":4134.0,"4":4136.25977,"5":4131.14014,"6":4128.3999,"7":4120.83008,"8":4119.68018,"9":4117.93994,"10":4112.12988,"11":4110.0,"12":4108.95996,"13":4107.54004,"14":4106.43018,"15":4106.16016,"16":4102.83984,"17":4098.06006,"18":4099.39014,"19":4088.56006,"20":4088.34009,"21":4095.37988,"22":4093.05005,"23":4095.11011,"24":4087.68994,"25":4081.45996},"volume":{"0":269810940,"1":112522280,"2":86108300,"3":71059331,"4":68711048,"5":70182421,"6":62704658,"7":54485773,"8":61758446,"9":59462811,"10":54314841,"11":52852961,"12":52144160,"13":58764328,"14":60466789,"15":65768304,"16":60992067,"17":73358233,"18":81337495,"19":78959383,"20":85589046,"21":92166039,"22":96985810,"23":118838013,"24":133373032,"25":155484355}}