{"datetime":{"0":1651009500000,"1":1651008600000,"2":1651007700000,"3":1651006800000,"4":1651005900000,"5":1651005000000,"6":1651004100000,"7":1651003200000,"8":1651002300000,"9":1651001400000,"10":1651000500000,"11":1650999600000,"12":1650998700000,"13":1650997800000,"14":1650996900000,"15":1650996000000,"16":1650995100000,"17":1650994200000,"18":1650993300000,"19":1650992400000,"20":1650991500000,"21":1650990600000,"22":1650989700000,"23":1650988800000,"24":1650987900000,"25":1650987000000},"open":{"0":4193.31006,"1":4192.08008,"2":4199.41016,"3":4219.79004,"4":4206.75977,"5":4218.25,"6":4211.25,"7":4206.08984,"8":4214.14014,"9":4203.97998,"10":4213.5498,"11":4233.60986,"12":4223.41016,"13":4232.6001,"14":4217.54004,"15":4206.85986,"16":4216.62988,"17":4220.87988,"18":4223.64014,"19":4223.18994,"20":4220.41016,"21":4236.27002,"22":4246.20996,"23":4251.12988,"24":4255.12012,"25":4278.14014},"high":{"0":4196.16992,"1":4195.8501,"2":4199.64014,"3":4223.25,"4":4220.8999,"5":4221.0498,"6":4220.41016,"7":4211.68018,"8":4215.75,"9":4216.68994,"10":4214.83984,"11":4233.87988,"12":4233.97021,"13":4233.68994,"14":4234.62988,"15":4217.95996,"16":4218.83984,"17":4223.7998,"18":4227.04004,"19":4223.6499,"20":4230.79004,"21":4237.41016,"22":4246.20996,"23":4258.04004,"24":4262.68994,"25":4278.14014},"low":{"0":4175.7002,"1":4183.81006,"2":4188.8501,"3":4198.97021,"4":4204.77979,"5":4206.7998,"6":4207.04004,"7":4202.39014,"8":4204.43994,"9":4200.37012,"10":4203.22021,"11":4213.62012,"12":4218.47998,"13":4220.81006,"14":4217.41992,"15":4206.85986,"16":4206.79004,"17":4208.93018,"18":4214.66016,"19":4215.04004,"20":4219.7998,"21":4217.70996,"22":4227.1499,"23":4246.02979,"24":4247.41992,"25":4255.14014},"close":{"0":4175.7002,"1":4193.39014,"2":4192.04004,"3":4199.43018,"4":4220.1001,"5":4206.83984,"6":4218.39014,"7":4211.25,"8":4205.93994,"9":4214.14014,"10":4204.0,"11":4213.62012,"12":4233.5,"13":4223.45996,"14":4232.87012,"15":4217.52979,"16":4206.91016,"17":4216.6499,"18":4221.1001,"19":4223.6499,"20":4223.29004,"21":4220.56006,"22":4235.93018,"23":4246.24023,"24":4250.6001,"25":4255.52979},"volume":{"0":205139482,"1":119378575,"2":87824457,"3":72940142,"4":63556810,"5":61414968,"6":64761561,"7":57347929,"8":50610662,"9":61133331,"10":53963602,"11":53123674,"12":55969816,"13":61038400,"14":62069201,"15":59326649,"16":61530575,"17":78368192,"18":85906232,"19":88569915,"20":84584572,"21":95869946,"22":95685579,"23":103060678,"24":110251905,"25":133855053}}