{"datetime":{"0":1629409500000,"1":1629408600000,"2":1629407700000,"3":1629406800000,"4":1629405900000,"5":1629405000000,"6":1629404100000,"7":1629403200000,"8":1629402300000,"9":1629401400000,"10":1629400500000,"11":1629399600000,"12":1629398700000,"13":1629397800000,"14":1629396900000,"15":1629396000000,"16":1629395100000,"17":1629394200000,"18":1629393300000,"19":1629392400000,"20":1629391500000,"21":1629390600000,"22":1629389700000,"23":1629388800000,"24":1629387900000,"25":1629387000000},"open":{"0":4407.43018,"1":4416.5,"2":4408.31006,"3":4403.91992,"4":4393.72998,"5":4389.58008,"6":4395.58008,"7":4397.52002,"8":4405.6499,"9":4402.52979,"10":4409.9502,"11":4417.0498,"12":4413.89014,"13":4409.8999,"14":4411.5,"15":4415.60986,"16":4407.62988,"17":4397.08008,"18":4399.24023,"19":4402.47021,"20":4384.95996,"21":4398.45996,"22":4400.50977,"23":4393.43018,"24":4385.22998,"25":4382.43994},"high":{"0":4409.58984,"1":4417.8999,"2":4416.8999,"3":4411.75977,"4":4404.27979,"5":4395.08984,"6":4400.8999,"7":4400.72998,"8":4406.37988,"9":4407.8501,"10":4410.39014,"11":4417.22998,"12":4417.35986,"13":4415.97021,"14":4411.77979,"15":4418.60986,"16":4417.62988,"17":4407.68994,"18":4403.58008,"19":4403.31982,"20":4402.68994,"21":4399.12988,"22":4406.6499,"23":4401.7002,"24":4395.66992,"25":4388.27979},"low":{"0":4400.81006,"1":4404.18994,"2":4408.31006,"3":4403.81982,"4":4389.64014,"5":4382.99023,"6":4389.39014,"7":4392.97021,"8":4397.5498,"9":4399.56982,"10":4402.52979,"11":4406.85986,"12":4412.43018,"13":4409.18994,"14":4407.8999,"15":4408.87012,"16":4407.62988,"17":4397.08008,"18":4396.70996,"19":4396.56006,"20":4382.9502,"21":4384.25977,"22":4396.5498,"23":4392.27979,"24":4381.6499,"25":4367.72998},"close":{"0":4405.81982,"1":4407.43994,"2":4416.5,"3":4407.83984,"4":4403.87988,"5":4393.75977,"6":4389.62012,"7":4395.62012,"8":4397.5498,"9":4405.6499,"10":4402.52979,"11":4410.1001,"12":4417.08008,"13":4413.7998,"14":4409.91016,"15":4411.43018,"16":4415.60986,"17":4407.62012,"18":4397.0498,"19":4399.18994,"20":4402.45996,"21":4384.91992,"22":4398.4502,"23":4400.50977,"24":4393.22021,"25":4384.89014},"volume":{"0":1955272597,"1":95503351,"2":61627768,"3":59128372,"4":1562109191,"5":61881606,"6":51645980,"7":56989583,"8":45546034,"9":54286584,"10":43386788,"11":49739720,"12":1144342062,"13":48830952,"14":48073974,"15":57380690,"16":948063866,"17":67956915,"18":79448968,"19":84318653,"20":92453581,"21":87857696,"22":81142230,"23":92352684,"24":106349555,"25":136253068}}