{"datetime":{"0":1676497500000,"1":1676496600000,"2":1676495700000,"3":1676494800000,"4":1676493900000,"5":1676493000000,"6":1676492100000,"7":1676491200000,"8":1676490300000,"9":1676489400000,"10":1676488500000,"11":1676487600000,"12":1676486700000,"13":1676485800000,"14":1676484900000,"15":1676484000000,"16":1676483100000,"17":1676482200000,"18":1676481300000,"19":1676480400000,"20":1676479500000,"21":1676478600000,"22":1676477700000,"23":1676476800000,"24":1676475900000,"25":1676475000000},"open":{"0":4138.18994,"1":4136.31006,"2":4136.31982,"3":4132.37012,"4":4142.27002,"5":4140.20996,"6":4142.7998,"7":4137.75977,"8":4135.72021,"9":4131.6499,"10":4127.77002,"11":4123.2998,"12":4124.16016,"13":4118.20996,"14":4122.75977,"15":4129.68018,"16":4131.99023,"17":4129.31982,"18":4125.0,"19":4115.18018,"20":4114.2998,"21":4117.16992,"22":4111.18018,"23":4111.49023,"24":4118.7998,"25":4119.5},"high":{"0":4147.72021,"1":4140.7002,"2":4137.47998,"3":4138.50977,"4":4143.16992,"5":4142.66016,"6":4143.22998,"7":4142.93994,"8":4137.74023,"9":4136.25977,"10":4131.95996,"11":4128.3999,"12":4126.66992,"13":4124.41016,"14":4123.25,"15":4131.06982,"16":4135.75,"17":4132.77979,"18":4129.54004,"19":4127.12012,"20":4119.6499,"21":4124.60986,"22":4122.22998,"23":4117.66016,"24":4124.2998,"25":4122.72021},"low":{"0":4137.60986,"1":4135.87012,"2":4132.83984,"3":4132.37012,"4":4131.58008,"5":4139.04004,"6":4137.47998,"7":4136.9502,"8":4134.33008,"9":4129.47998,"10":4126.6001,"11":4120.41992,"12":4122.08008,"13":4117.25977,"14":4117.99023,"15":4120.37988,"16":4129.66992,"17":4123.08984,"18":4121.99023,"19":4114.49023,"20":4113.62012,"21":4114.06982,"22":4111.18018,"23":4103.97998,"24":4106.45996,"25":4110.1499},"close":{"0":4147.47998,"1":4138.02002,"2":4136.2998,"3":4136.3501,"4":4132.22998,"5":4142.24023,"6":4140.20996,"7":4142.7998,"8":4137.7002,"9":4135.72021,"10":4131.66016,"11":4127.77002,"12":4123.2002,"13":4124.12988,"14":4118.22998,"15":4122.5498,"16":4129.66992,"17":4131.81982,"18":4129.33008,"19":4125.02002,"20":4115.18018,"21":4114.20996,"22":4116.91992,"23":4111.18994,"24":4111.4502,"25":4118.97998},"volume":{"0":169442255,"1":87123365,"2":68836850,"3":58242810,"4":57564814,"5":49022512,"6":50309419,"7":51374494,"8":44952337,"9":46817071,"10":42148016,"11":41270781,"12":42147764,"13":51022930,"14":53732551,"15":56673650,"16":59927208,"17":58567813,"18":60677704,"19":63560490,"20":63877419,"21":75947482,"22":72023647,"23":90528366,"24":96355902,"25":112952540}}