{"datetime":{"0":1691703900000,"1":1691703000000,"2":1691702100000,"3":1691701200000,"4":1691700300000,"5":1691699400000,"6":1691698500000,"7":1691697600000,"8":1691696700000,"9":1691695800000,"10":1691694900000,"11":1691694000000,"12":1691693100000,"13":1691692200000,"14":1691691300000,"15":1691690400000,"16":1691689500000,"17":1691688600000,"18":1691687700000,"19":1691686800000,"20":1691685900000,"21":1691685000000,"22":1691684100000,"23":1691683200000,"24":1691682300000,"25":1691681400000},"open":{"0":4462.64014,"1":4472.41016,"2":4481.64014,"3":4484.79004,"4":4473.79004,"5":4475.1001,"6":4477.52002,"7":4459.12012,"8":4464.70996,"9":4470.89014,"10":4477.75977,"11":4473.33984,"12":4486.33984,"13":4478.93018,"14":4482.83984,"15":4486.62988,"16":4494.60986,"17":4499.04004,"18":4498.75,"19":4505.8999,"20":4508.27002,"21":4519.47998,"22":4522.43018,"23":4522.7998,"24":4506.37988,"25":4487.16016},"high":{"0":4471.4502,"1":4472.41016,"2":4483.43994,"3":4484.93018,"4":4484.87988,"5":4477.22021,"6":4480.06006,"7":4477.75977,"8":4472.22998,"9":4471.02002,"10":4478.39014,"11":4478.22021,"12":4489.6499,"13":4486.31982,"14":4483.31982,"15":4487.77002,"16":4494.6499,"17":4504.20996,"18":4499.02979,"19":4506.52002,"20":4509.68018,"21":4523.33984,"22":4524.5498,"23":4527.37012,"24":4522.77979,"25":4510.0498},"low":{"0":4461.18018,"1":4462.33984,"2":4471.12012,"3":4475.9502,"4":4471.77979,"5":4469.68994,"6":4473.68994,"7":4458.89014,"8":4457.91992,"9":4461.91016,"10":4468.25977,"11":4471.66992,"12":4470.75977,"13":4477.68018,"14":4472.49023,"15":4480.22998,"16":4479.60986,"17":4493.25,"18":4490.79004,"19":4493.91992,"20":4498.4502,"21":4507.50977,"22":4516.62988,"23":4520.45996,"24":4506.37988,"25":4487.16016},"close":{"0":4469.0498,"1":4462.68018,"2":4472.24023,"3":4481.62012,"4":4484.81006,"5":4473.6001,"6":4475.14014,"7":4477.47021,"8":4459.12988,"9":4464.75,"10":4470.8501,"11":4477.74023,"12":4473.18994,"13":4486.31982,"14":4478.87012,"15":4483.2998,"16":4486.62988,"17":4494.6001,"18":4499.02002,"19":4498.68018,"20":4507.5498,"21":4508.06006,"22":4519.33984,"23":4522.49023,"24":4522.75,"25":4506.12988},"volume":{"0":198691737,"1":87694740,"2":63308358,"3":55407915,"4":51334912,"5":50964488,"6":47556658,"7":56994772,"8":55185143,"9":50042369,"10":51050995,"11":48669590,"12":49021702,"13":48283450,"14":55740474,"15":49718201,"16":58214445,"17":61405736,"18":61827425,"19":608862391,"20":74131178,"21":75728077,"22":70354959,"23":87415847,"24":86294932,"25":118614526}}