{"datetime":{"0":1690494300000,"1":1690493400000,"2":1690492500000,"3":1690491600000,"4":1690490700000,"5":1690489800000,"6":1690488900000,"7":1690488000000,"8":1690487100000,"9":1690486200000,"10":1690485300000,"11":1690484400000,"12":1690483500000,"13":1690482600000,"14":1690481700000,"15":1690480800000,"16":1690479900000,"17":1690479000000,"18":1690478100000,"19":1690477200000,"20":1690476300000,"21":1690475400000,"22":1690474500000,"23":1690473600000,"24":1690472700000,"25":1690471800000},"open":{"0":4533.62012,"1":4540.31006,"2":4549.95996,"3":4540.25977,"4":4548.95996,"5":4552.33984,"6":4558.25977,"7":4573.27979,"8":4576.27979,"9":4576.43018,"10":4591.6499,"11":4597.04004,"12":4597.97021,"13":4596.97021,"14":4592.43994,"15":4587.18994,"16":4589.29004,"17":4589.8501,"18":4585.27002,"19":4587.31006,"20":4595.14014,"21":4589.31982,"22":4596.31982,"23":4603.08008,"24":4605.54004,"25":4598.25977},"high":{"0":4540.75,"1":4543.87012,"2":4551.25977,"3":4550.4502,"4":4551.04004,"5":4555.62012,"6":4563.97998,"7":4575.08984,"8":4576.45996,"9":4577.04004,"10":4591.6499,"11":4599.02002,"12":4599.2002,"13":4599.00977,"14":4597.10986,"15":4593.39014,"16":4589.41016,"17":4592.75,"18":4589.91016,"19":4590.87988,"20":4597.6001,"21":4595.97021,"22":4598.16992,"23":4603.47998,"24":4606.72998,"25":4607.06982},"low":{"0":4528.56006,"1":4533.3501,"2":4539.9502,"3":4537.00977,"4":4540.47021,"5":4542.1001,"6":4551.52002,"7":4556.62012,"8":4570.27979,"9":4571.33984,"10":4575.9502,"11":4585.62988,"12":4594.7002,"13":4596.74023,"14":4591.41992,"15":4586.93994,"16":4585.12012,"17":4588.81982,"18":4584.37988,"19":4583.85986,"20":4585.72021,"21":4589.06006,"22":4588.87012,"23":4594.58008,"24":4600.0,"25":4598.25977},"close":{"0":4537.81982,"1":4533.3501,"2":4540.31982,"3":4550.02002,"4":4540.58008,"5":4548.87012,"6":4552.33008,"7":4558.31982,"8":4573.24023,"9":4576.31982,"10":4576.25,"11":4591.66016,"12":4596.97998,"13":4598.1001,"14":4596.99023,"15":4592.37988,"16":4587.22998,"17":4589.33984,"18":4589.8501,"19":4585.35986,"20":4587.12012,"21":4595.27979,"22":4589.22998,"23":4596.33984,"24":4602.7998,"25":4605.74023},"volume":{"0":183727244,"1":110108357,"2":80912958,"3":77957063,"4":67584832,"5":76112161,"6":69351239,"7":67959632,"8":55702155,"9":61920178,"10":64592482,"11":61790473,"12":59328808,"13":53375044,"14":56107588,"15":57387965,"16":62238833,"17":63567025,"18":70147821,"19":1564234681,"20":85663483,"21":90225184,"22":100130226,"23":104343110,"24":120262148,"25":185740544}}