{"datetime":{"0":1609883100000,"1":1609882200000,"2":1609881300000,"3":1609880400000,"4":1609879500000,"5":1609878600000,"6":1609877700000,"7":1609876800000,"8":1609875900000,"9":1609875000000,"10":1609874100000,"11":1609873200000,"12":1609872300000,"13":1609871400000,"14":1609870500000,"15":1609869600000,"16":1609868700000,"17":1609867800000,"18":1609866900000,"19":1609866000000,"20":1609865100000,"21":1609864200000,"22":1609863300000,"23":1609862400000,"24":1609861500000,"25":1609860600000},"open":{"0":3729.72998,"1":3724.23999,"2":3731.76001,"3":3727.57007,"4":3733.32007,"5":3734.76001,"6":3733.11011,"7":3722.09009,"8":3719.32007,"9":3717.34009,"10":3718.34009,"11":3718.61011,"12":3714.0,"13":3712.48999,"14":3714.08008,"15":3710.87012,"16":3713.26001,"17":3709.21997,"18":3701.90991,"19":3701.83008,"20":3698.68994,"21":3710.44995,"22":3717.6499,"23":3715.70996,"24":3717.59009,"25":3698.02002},"high":{"0":3733.02002,"1":3729.77002,"2":3732.28003,"3":3734.23999,"4":3733.93994,"5":3737.83008,"6":3735.75,"7":3735.0,"8":3722.12012,"9":3719.55005,"10":3719.0,"11":3719.62012,"12":3718.61011,"13":3716.77002,"14":3714.94995,"15":3718.01001,"16":3714.15991,"17":3714.31006,"18":3709.30005,"19":3706.57007,"20":3712.17993,"21":3710.8999,"22":3719.73999,"23":3722.44995,"24":3718.95996,"25":3720.21997},"low":{"0":3724.98999,"1":3722.47998,"2":3724.09009,"3":3727.36011,"4":3727.3501,"5":3732.97998,"6":3732.58008,"7":3722.09009,"8":3719.23999,"9":3717.29004,"10":3716.8999,"11":3717.51001,"12":3712.75,"13":3712.40991,"14":3710.77002,"15":3710.87012,"16":3710.45996,"17":3708.72998,"18":3697.34009,"19":3699.8501,"20":3698.44995,"21":3698.3999,"22":3707.44995,"23":3715.15991,"24":3713.23999,"25":3695.07007},"close":{"0":3727.47998,"1":3729.77002,"2":3724.25,"3":3731.80005,"4":3727.3501,"5":3733.25,"6":3734.72998,"7":3733.1499,"8":3722.11011,"9":3719.32007,"10":3717.3501,"11":3718.30005,"12":3718.61011,"13":3714.02002,"14":3712.5,"15":3714.08008,"16":3710.78003,"17":3713.26001,"18":3709.12988,"19":3701.8501,"20":3701.87988,"21":3698.70996,"22":3710.40991,"23":3717.62012,"24":3715.75,"25":3717.54004},"volume":{"0":224562951,"1":85473587,"2":68008780,"3":65827014,"4":63667554,"5":59669748,"6":56997335,"7":70067043,"8":53609292,"9":50621776,"10":52136425,"11":54656849,"12":51723236,"13":51873179,"14":51125305,"15":60197956,"16":54509684,"17":61869607,"18":78008697,"19":76947906,"20":678762086,"21":82200500,"22":83197527,"23":94287050,"24":104917098,"25":121326608}}