{"datetime":{"0":1619127900000,"1":1619127000000,"2":1619126100000,"3":1619125200000,"4":1619124300000,"5":1619123400000,"6":1619122500000,"7":1619121600000,"8":1619120700000,"9":1619119800000,"10":1619118900000,"11":1619118000000,"12":1619117100000,"13":1619116200000,"14":1619115300000,"15":1619114400000,"16":1619113500000,"17":1619112600000,"18":1619111700000,"19":1619110800000,"20":1619109900000,"21":1619109000000,"22":1619108100000,"23":1619107200000,"24":1619106300000,"25":1619105400000},"open":{"0":4135.2002,"1":4133.3999,"2":4136.00977,"3":4141.93018,"4":4145.8999,"5":4142.16992,"6":4136.47021,"7":4129.7002,"8":4140.66992,"9":4158.2002,"10":4159.37988,"11":4179.8999,"12":4177.56982,"13":4176.2002,"14":4170.87988,"15":4173.22021,"16":4173.8999,"17":4171.2002,"18":4173.3999,"19":4171.2002,"20":4170.02979,"21":4165.8999,"22":4166.3999,"23":4163.7002,"24":4161.2002,"25":4169.5},"high":{"0":4142.3999,"1":4140.43018,"2":4136.2002,"3":4146.18018,"4":4146.3999,"5":4145.5,"6":4142.8999,"7":4136.97021,"8":4144.7002,"9":4159.2002,"10":4160.33008,"11":4179.8999,"12":4179.7002,"13":4178.3999,"14":4176.0498,"15":4173.45996,"16":4174.93018,"17":4176.7002,"18":4173.97998,"19":4174.7002,"20":4173.7002,"21":4171.47021,"22":4167.2002,"23":4167.3999,"24":4165.5498,"25":4169.9502},"low":{"0":4132.6001,"1":4133.3999,"2":4129.8999,"3":4134.75977,"4":4140.93994,"5":4139.70996,"6":4132.93994,"7":4123.62988,"8":4127.43994,"9":4140.16992,"10":4143.8999,"11":4149.4502,"12":4177.27979,"13":4176.04004,"14":4170.87988,"15":4169.81982,"16":4172.2002,"17":4169.52979,"18":4171.27002,"19":4170.7002,"20":4169.75977,"21":4165.25,"22":4162.1001,"23":4157.83008,"24":4159.7002,"25":4159.5},"close":{"0":4135.77002,"1":4134.68018,"2":4132.8999,"3":4135.75977,"4":4141.68018,"5":4145.5,"6":4142.66992,"7":4136.97021,"8":4131.2002,"9":4140.16992,"10":4158.83984,"11":4159.62988,"12":4179.7002,"13":4177.31982,"14":4175.7998,"15":4171.12988,"16":4173.2002,"17":4174.2002,"18":4171.27002,"19":4172.89014,"20":4170.5,"21":4169.77979,"22":4165.3999,"23":4166.08008,"24":4164.5,"25":4161.43994},"volume":{"0":0,"1":0,"2":0,"3":0,"4":0,"5":0,"6":0,"7":0,"8":0,"9":0,"10":0,"11":0,"12":0,"13":0,"14":0,"15":0,"16":0,"17":0,"18":0,"19":0,"20":0,"21":0,"22":0,"23":0,"24":0,"25":0}}