{"datetime":{"0":1643665500000,"1":1643664600000,"2":1643663700000,"3":1643662800000,"4":1643661900000,"5":1643661000000,"6":1643660100000,"7":1643659200000,"8":1643658300000,"9":1643657400000,"10":1643656500000,"11":1643655600000,"12":1643654700000,"13":1643653800000,"14":1643652900000,"15":1643652000000,"16":1643651100000,"17":1643650200000,"18":1643649300000,"19":1643648400000,"20":1643647500000,"21":1643646600000,"22":1643645700000,"23":1643644800000,"24":1643643900000,"25":1643643000000},"open":{"0":4494.91016,"1":4486.18994,"2":4475.7998,"3":4495.18994,"4":4497.02979,"5":4497.75,"6":4492.24023,"7":4487.25977,"8":4483.29004,"9":4482.89014,"10":4485.2002,"11":4487.22021,"12":4478.10986,"13":4477.49023,"14":4474.74023,"15":4481.08008,"16":4466.41016,"17":4455.85986,"18":4463.12988,"19":4465.39014,"20":4461.00977,"21":4458.33984,"22":4461.91016,"23":4447.56006,"24":4436.39014,"25":4431.79004},"high":{"0":4516.89014,"1":4499.08008,"2":4489.37988,"3":4496.62988,"4":4497.72998,"5":4497.93018,"6":4497.70996,"7":4494.93994,"8":4487.24023,"9":4489.91016,"10":4489.3501,"11":4487.24023,"12":4489.0498,"13":4480.31006,"14":4483.18018,"15":4481.66992,"16":4481.72021,"17":4467.10986,"18":4463.68994,"19":4468.83008,"20":4467.66016,"21":4465.31982,"22":4472.02002,"23":4464.52002,"24":4447.77979,"25":4439.49023},"low":{"0":4494.06982,"1":4482.02002,"2":4471.45996,"3":4474.97998,"4":4492.37012,"5":4494.6001,"6":4491.54004,"7":4486.20996,"8":4483.18994,"9":4479.93994,"10":4482.5,"11":4481.06006,"12":4478.10986,"13":4473.3999,"14":4471.41016,"15":4473.99023,"16":4464.87012,"17":4453.41992,"18":4454.12988,"19":4456.0,"20":4452.74023,"21":4454.5,"22":4458.20996,"23":4447.56006,"24":4429.95996,"25":4414.02002},"close":{"0":4515.43994,"1":4494.9502,"2":4486.18018,"3":4475.77979,"4":4495.27002,"5":4496.99023,"6":4497.70996,"7":4492.29004,"8":4487.24023,"9":4483.56006,"10":4482.81982,"11":4485.10986,"12":4487.35986,"13":4478.12012,"14":4477.54004,"15":4474.68994,"16":4481.08984,"17":4466.37012,"18":4455.77979,"19":4463.18018,"20":4465.12012,"21":4460.95996,"22":4458.20996,"23":4461.81006,"24":4447.77979,"25":4436.29004},"volume":{"0":292083715,"1":118816793,"2":88917483,"3":78541001,"4":64684794,"5":59066644,"6":56770980,"7":55584188,"8":47416185,"9":58866316,"10":59066552,"11":57434931,"12":59777865,"13":61600905,"14":66926543,"15":63328802,"16":64962830,"17":64497587,"18":68281465,"19":74642320,"20":78891635,"21":619998779,"22":94146813,"23":108097970,"24":119046745,"25":126919313}}