{"datetime":{"0":1602539100000,"1":1602538200000,"2":1602537300000,"3":1602536400000,"4":1602535500000,"5":1602534600000,"6":1602533700000,"7":1602532800000,"8":1602531900000,"9":1602531000000,"10":1602530100000,"11":1602529200000,"12":1602528300000,"13":1602527400000,"14":1602526500000,"15":1602525600000,"16":1602524700000,"17":1602523800000,"18":1602522900000,"19":1602522000000,"20":1602521100000,"21":1602520200000,"22":1602519300000,"23":1602518400000,"24":1602517500000,"25":1602516600000},"open":{"0":3538.26001,"1":3542.94995,"2":3539.22998,"3":3544.37012,"4":3546.03003,"5":3549.26001,"6":3546.63989,"7":3542.90991,"8":3541.30005,"9":3547.31006,"10":3536.45996,"11":3538.08008,"12":3540.80005,"13":3538.22998,"14":3530.6001,"15":3526.65991,"16":3529.68994,"17":3527.37012,"18":3524.55005,"19":3516.47998,"20":3512.82007,"21":3511.3501,"22":3508.77002,"23":3503.71997,"24":3502.04004,"25":3500.02002},"high":{"0":3539.34009,"1":3543.20996,"2":3543.29004,"3":3546.36011,"4":3547.79004,"5":3549.8501,"6":3549.26001,"7":3547.32007,"8":3544.03003,"9":3547.51001,"10":3545.44995,"11":3538.67993,"12":3542.63989,"13":3540.94995,"14":3538.53003,"15":3531.13989,"16":3529.96997,"17":3530.78003,"18":3529.43994,"19":3524.71997,"20":3519.04004,"21":3513.76001,"22":3511.43994,"23":3509.34009,"24":3504.18994,"25":3507.71997},"low":{"0":3530.75,"1":3537.02002,"2":3538.3999,"3":3538.72998,"4":3543.1001,"5":3542.97998,"6":3544.66992,"7":3542.69995,"8":3540.53003,"9":3541.5,"10":3536.45996,"11":3535.31006,"12":3537.71997,"13":3536.87988,"14":3529.98999,"15":3526.37988,"16":3524.72998,"17":3526.87988,"18":3524.55005,"19":3516.47998,"20":3512.26001,"21":3509.67993,"22":3508.15991,"23":3502.54004,"24":3501.06006,"25":3499.61011},"close":{"0":3534.20996,"1":3538.27002,"2":3542.96997,"3":3539.26001,"4":3544.37012,"5":3546.04004,"6":3549.17993,"7":3546.61011,"8":3542.96997,"9":3543.12012,"10":3544.8999,"11":3536.46997,"12":3538.11011,"13":3540.83008,"14":3538.29004,"15":3530.58008,"16":3526.66992,"17":3529.66992,"18":3527.42993,"19":3524.6499,"20":3516.40991,"21":3512.82007,"22":3511.3501,"23":3508.84009,"24":3503.57007,"25":3501.83008},"volume":{"0":229332983,"1":82759515,"2":70718798,"3":59680066,"4":55922719,"5":57956201,"6":54460811,"7":54233175,"8":47568428,"9":51307098,"10":44204900,"11":40330046,"12":48231314,"13":55309901,"14":48278913,"15":51861072,"16":57995205,"17":58642414,"18":66320851,"19":62637309,"20":71216846,"21":69161584,"22":70919989,"23":85233763,"24":136568931,"25":145059900}}