{"datetime":{"0":1609364700000,"1":1609363800000,"2":1609362900000,"3":1609362000000,"4":1609361100000,"5":1609360200000,"6":1609359300000,"7":1609358400000,"8":1609357500000,"9":1609356600000,"10":1609355700000,"11":1609354800000,"12":1609353900000,"13":1609353000000,"14":1609352100000,"15":1609351200000,"16":1609350300000,"17":1609349400000,"18":1609348500000,"19":1609347600000,"20":1609346700000,"21":1609345800000,"22":1609344900000,"23":1609344000000,"24":1609343100000,"25":1609342200000},"open":{"0":3734.46997,"1":3732.0,"2":3732.32007,"3":3732.41992,"4":3733.17993,"5":3733.6499,"6":3734.20996,"7":3736.82007,"8":3737.67993,"9":3736.88989,"10":3738.63989,"11":3737.1001,"12":3737.37012,"13":3739.73999,"14":3739.04004,"15":3739.02002,"16":3739.81006,"17":3738.61011,"18":3739.84009,"19":3740.75,"20":3738.53003,"21":3741.55005,"22":3738.44995,"23":3742.90991,"24":3741.95996,"25":3736.18994},"high":{"0":3738.37988,"1":3735.84009,"2":3732.46997,"3":3732.79004,"4":3734.59009,"5":3733.92993,"6":3734.20996,"7":3737.30005,"8":3738.78003,"9":3737.69995,"10":3739.29004,"11":3739.41992,"12":3737.48999,"13":3739.88989,"14":3740.56006,"15":3739.82007,"16":3739.97998,"17":3740.6499,"18":3741.78003,"19":3741.87988,"20":3741.31006,"21":3743.78003,"22":3741.8501,"23":3744.62988,"24":3743.23999,"25":3743.1499},"low":{"0":3731.12988,"1":3731.76001,"2":3730.20996,"3":3730.45996,"4":3731.19995,"5":3731.46997,"6":3732.70996,"7":3733.65991,"8":3736.83008,"9":3735.72998,"10":3736.92993,"11":3737.04004,"12":3735.65991,"13":3736.42993,"14":3738.13989,"15":3737.97998,"16":3736.65991,"17":3738.11011,"18":3738.37012,"19":3739.79004,"20":3737.8501,"21":3736.62012,"22":3737.07007,"23":3738.54004,"24":3740.73999,"25":3736.18994},"close":{"0":3732.66992,"1":3734.5,"2":3731.97998,"3":3732.32007,"4":3732.44995,"5":3733.18994,"6":3733.66992,"7":3734.36011,"8":3736.83008,"9":3737.66992,"10":3736.92993,"11":3738.6001,"12":3737.11011,"13":3737.42993,"14":3739.76001,"15":3739.0,"16":3738.94995,"17":3739.80005,"18":3738.53003,"19":3739.84009,"20":3740.71997,"21":3738.5,"22":3741.58008,"23":3738.54004,"24":3742.77002,"25":3741.97998},"volume":{"0":177948026,"1":60960138,"2":45176229,"3":38661155,"4":38800024,"5":37333419,"6":35805076,"7":38298650,"8":32118210,"9":35326136,"10":32591561,"11":31359951,"12":33387566,"13":38770143,"14":36097644,"15":37196721,"16":38819323,"17":41431715,"18":43620514,"19":44552047,"20":54595953,"21":59421988,"22":56892255,"23":64219170,"24":76046083,"25":79804280}}