{"datetime":{"0":1619819100000,"1":1619818200000,"2":1619817300000,"3":1619816400000,"4":1619815500000,"5":1619814600000,"6":1619813700000,"7":1619812800000,"8":1619811900000,"9":1619811000000,"10":1619810100000,"11":1619809200000,"12":1619808300000,"13":1619807400000,"14":1619806500000,"15":1619805600000,"16":1619804700000,"17":1619803800000,"18":1619802900000,"19":1619802000000,"20":1619801100000,"21":1619800200000,"22":1619799300000,"23":1619798400000,"24":1619797500000,"25":1619796600000},"open":{"0":4177.8999,"1":4186.3999,"2":4178.6499,"3":4182.06006,"4":4185.56006,"5":4183.87988,"6":4180.91992,"7":4177.45996,"8":4186.7002,"9":4188.5498,"10":4185.54004,"11":4185.89014,"12":4186.02979,"13":4188.06006,"14":4188.33008,"15":4187.20996,"16":4184.77979,"17":4180.52002,"18":4185.45996,"19":4186.31982,"20":4190.27979,"21":4196.56982,"22":4189.33008,"23":4196.56006,"24":4190.08984,"25":4186.18994},"high":{"0":4183.8999,"1":4186.83984,"2":4186.3999,"3":4186.2002,"4":4185.56006,"5":4185.81006,"6":4184.7002,"7":4181.8999,"8":4186.7002,"9":4190.25977,"10":4188.7998,"11":4187.77979,"12":4186.97021,"13":4189.10986,"14":4189.83008,"15":4189.89014,"16":4188.41016,"17":4185.3999,"18":4185.45996,"19":4187.27002,"20":4190.41016,"21":4196.58008,"22":4196.66016,"23":4196.83008,"24":4196.7002,"25":4191.37988},"low":{"0":4174.8999,"1":4178.3999,"2":4177.16016,"3":4178.35986,"4":4181.81006,"5":4182.83008,"6":4179.3999,"7":4176.2002,"8":4175.3999,"9":4186.18994,"10":4184.29004,"11":4184.18994,"12":4182.4502,"13":4184.74023,"14":4186.58984,"15":4185.6499,"16":4184.41016,"17":4178.6499,"18":4180.10986,"19":4182.52979,"20":4185.02002,"21":4186.3999,"22":4187.97021,"23":4188.83984,"24":4190.08984,"25":4185.52002},"close":{"0":4183.8999,"1":4178.3999,"2":4185.8999,"3":4178.89014,"4":4181.81006,"5":4185.81006,"6":4184.12988,"7":4181.18018,"8":4177.95996,"9":4186.8999,"10":4188.7998,"11":4185.52979,"12":4185.91016,"13":4186.02979,"14":4187.8999,"15":4188.27979,"16":4187.20996,"17":4184.74023,"18":4180.56982,"19":4185.3999,"20":4186.37988,"21":4190.22998,"22":4196.5498,"23":4189.33008,"24":4196.6001,"25":4190.22021},"volume":{"0":0,"1":0,"2":0,"3":0,"4":0,"5":0,"6":0,"7":0,"8":0,"9":0,"10":24138688,"11":41704335,"12":45544218,"13":44495629,"14":44265387,"15":44370864,"16":48152620,"17":50719015,"18":60552545,"19":63920817,"20":67340092,"21":86526554,"22":82746515,"23":99982404,"24":144519173,"25":125602622}}