{"datetime":{"0":1607982300000,"1":1607981400000,"2":1607980500000,"3":1607979600000,"4":1607978700000,"5":1607977800000,"6":1607976900000,"7":1607976000000,"8":1607975100000,"9":1607974200000,"10":1607973300000,"11":1607972400000,"12":1607971500000,"13":1607970600000,"14":1607969700000,"15":1607968800000,"16":1607967900000,"17":1607967000000,"18":1607966100000,"19":1607965200000,"20":1607964300000,"21":1607963400000,"22":1607962500000,"23":1607961600000,"24":1607960700000,"25":1607959800000},"open":{"0":3649.12988,"1":3662.62988,"2":3663.84009,"3":3666.82007,"4":3662.44995,"5":3664.97998,"6":3666.0,"7":3669.19995,"8":3668.62012,"9":3665.67993,"10":3666.70996,"11":3669.19995,"12":3670.69995,"13":3675.19995,"14":3677.42993,"15":3678.03003,"16":3675.1499,"17":3677.95996,"18":3680.98999,"19":3680.78003,"20":3691.22998,"21":3696.12012,"22":3694.58008,"23":3695.77002,"24":3694.91992,"25":3675.27002},"high":{"0":3655.69995,"1":3663.0,"2":3666.69995,"3":3667.07007,"4":3668.0,"5":3665.80005,"6":3667.69995,"7":3670.69995,"8":3671.5,"9":3671.19995,"10":3670.0,"11":3672.0,"12":3670.69995,"13":3675.30005,"14":3679.0,"15":3679.0,"16":3679.80005,"17":3679.88989,"18":3684.51001,"19":3682.37012,"20":3691.78003,"21":3697.37988,"22":3696.46997,"23":3697.61011,"24":3696.31006,"25":3695.18994},"low":{"0":3645.5,"1":3649.13989,"2":3662.11011,"3":3661.87012,"4":3660.5,"5":3657.0,"6":3663.28003,"7":3664.51001,"8":3664.65991,"9":3665.67993,"10":3665.67993,"11":3663.3999,"12":3666.43994,"13":3668.77002,"14":3672.30005,"15":3675.44995,"16":3673.8999,"17":3672.1499,"18":3677.90991,"19":3676.28003,"20":3680.68994,"21":3690.26001,"22":3693.91992,"23":3693.37012,"24":3692.81006,"25":3675.27002},"close":{"0":3645.5,"1":3649.13989,"2":3663.0,"3":3664.69995,"4":3666.57007,"5":3662.94995,"6":3665.22998,"7":3665.5,"8":3668.15991,"9":3668.87012,"10":3665.80005,"11":3667.08008,"12":3668.6001,"13":3671.0,"14":3675.0,"15":3677.92993,"16":3677.53003,"17":3675.0,"18":3677.94995,"19":3680.98999,"20":3680.81006,"21":3691.21997,"22":3695.90991,"23":3694.59009,"24":3695.05005,"25":3694.87988},"volume":{"0":0,"1":0,"2":0,"3":0,"4":0,"5":0,"6":0,"7":0,"8":0,"9":0,"10":0,"11":0,"12":0,"13":0,"14":0,"15":0,"16":0,"17":64798816,"18":68901497,"19":79969390,"20":97308673,"21":74705541,"22":89207976,"23":98389239,"24":115528867,"25":144931537}}