{"datetime":{"0":1635543900000,"1":1635543000000,"2":1635542100000,"3":1635541200000,"4":1635540300000,"5":1635539400000,"6":1635538500000,"7":1635537600000,"8":1635536700000,"9":1635535800000,"10":1635534900000,"11":1635534000000,"12":1635533100000,"13":1635532200000,"14":1635531300000,"15":1635530400000,"16":1635529500000,"17":1635528600000,"18":1635527700000,"19":1635526800000,"20":1635525900000,"21":1635525000000,"22":1635524100000,"23":1635523200000,"24":1635522300000,"25":1635521400000},"open":{"0":4598.7998,"1":4591.8999,"2":4593.8999,"3":4594.87012,"4":4595.02002,"5":4591.33008,"6":4598.75977,"7":4599.89014,"8":4600.22021,"9":4601.41016,"10":4602.12988,"11":4600.04004,"12":4603.49023,"13":4604.02002,"14":4598.91016,"15":4593.66016,"16":4592.06982,"17":4593.93018,"18":4591.74023,"19":4586.43018,"20":4583.16016,"21":4580.79004,"22":4584.58008,"23":4585.06982,"24":4584.2002,"25":4572.87012},"high":{"0":4608.08008,"1":4599.37988,"2":4594.0498,"3":4596.04004,"4":4596.16016,"5":4595.47021,"6":4598.7998,"7":4600.41016,"8":4600.45996,"9":4601.75977,"10":4603.58984,"11":4602.4502,"12":4603.54004,"13":4604.08008,"14":4604.10986,"15":4600.02002,"16":4595.81982,"17":4597.31982,"18":4594.93018,"19":4592.97021,"20":4588.39014,"21":4583.0498,"22":4585.6001,"23":4588.9502,"24":4589.12012,"25":4584.43018},"low":{"0":4598.68018,"1":4591.16992,"2":4589.0,"3":4592.81006,"4":4593.89014,"5":4590.06982,"6":4591.31982,"7":4598.49023,"8":4597.20996,"9":4599.7998,"10":4601.37012,"11":4599.70996,"12":4599.3501,"13":4602.41992,"14":4598.47998,"15":4592.75,"16":4591.02979,"17":4591.6499,"18":4590.97021,"19":4586.12988,"20":4583.04004,"21":4578.47998,"22":4578.8999,"23":4583.62012,"24":4582.89014,"25":4567.58984},"close":{"0":4604.75,"1":4598.79004,"2":4591.91992,"3":4593.87988,"4":4594.83984,"5":4594.99023,"6":4591.31982,"7":4598.75977,"8":4599.89014,"9":4600.22021,"10":4601.37012,"11":4602.0,"12":4599.99023,"13":4603.47998,"14":4604.06006,"15":4598.93018,"16":4593.70996,"17":4592.0498,"18":4593.9502,"19":4591.72998,"20":4586.3501,"21":4583.0498,"22":4580.77002,"23":4584.56006,"24":4585.1001,"25":4584.16992},"volume":{"0":159290443,"1":94074763,"2":66415141,"3":52466969,"4":43757368,"5":49894015,"6":49367104,"7":49376866,"8":43772929,"9":41791446,"10":42438448,"11":42029723,"12":56278023,"13":45951561,"14":51781284,"15":52856506,"16":50466536,"17":57910861,"18":63021984,"19":56393899,"20":614109576,"21":64413143,"22":72743158,"23":80162243,"24":98373626,"25":143112394}}