{"datetime":{"0":1680644700000,"1":1680643800000,"2":1680642900000,"3":1680642000000,"4":1680641100000,"5":1680640200000,"6":1680639300000,"7":1680638400000,"8":1680637500000,"9":1680636600000,"10":1680635700000,"11":1680634800000,"12":1680633900000,"13":1680633000000,"14":1680632100000,"15":1680631200000,"16":1680630300000,"17":1680629400000,"18":1680628500000,"19":1680627600000,"20":1680626700000,"21":1680625800000,"22":1680624900000,"23":1680624000000,"24":1680623100000,"25":1680622200000},"open":{"0":4090.66992,"1":4092.0,"2":4095.29004,"3":4092.80005,"4":4096.33984,"5":4093.73999,"6":4102.16992,"7":4101.02002,"8":4102.18018,"9":4104.00977,"10":4099.12988,"11":4097.5498,"12":4098.49023,"13":4096.8999,"14":4090.28003,"15":4097.06982,"16":4101.58008,"17":4103.02979,"18":4105.2998,"19":4111.41016,"20":4116.64014,"21":4118.58008,"22":4129.27979,"23":4124.31006,"24":4119.81006,"25":4128.02979},"high":{"0":4100.64014,"1":4094.22998,"2":4098.79004,"3":4097.16016,"4":4097.06006,"5":4097.79004,"6":4102.43018,"7":4103.43994,"8":4103.64014,"9":4106.64014,"10":4105.22998,"11":4101.56982,"12":4099.1499,"13":4098.64014,"14":4096.8999,"15":4098.87012,"16":4105.1499,"17":4103.93994,"18":4105.2998,"19":4111.41016,"20":4117.12012,"21":4124.2002,"22":4130.31006,"23":4133.12988,"24":4125.66016,"25":4130.35986},"low":{"0":4088.95996,"1":4089.22998,"2":4092.02002,"3":4091.1001,"4":4091.66992,"5":4091.31006,"6":4093.55005,"7":4099.62988,"8":4099.52979,"9":4102.02979,"10":4099.08984,"11":4095.79004,"12":4095.37988,"13":4093.19995,"14":4086.87012,"15":4088.80005,"16":4096.91992,"17":4099.20996,"18":4096.64014,"19":4102.24023,"20":4109.72021,"21":4113.08008,"22":4114.68994,"23":4124.31006,"24":4118.79004,"25":4119.2998},"close":{"0":4100.64014,"1":4090.76001,"2":4092.02002,"3":4095.20996,"4":4093.0,"5":4096.35986,"6":4093.72998,"7":4102.16016,"8":4101.0498,"9":4102.22998,"10":4103.99023,"11":4099.1499,"12":4097.58984,"13":4098.47021,"14":4096.8999,"15":4090.25,"16":4097.00977,"17":4101.58008,"18":4103.12988,"19":4105.25977,"20":4111.68018,"21":4116.56982,"22":4118.20996,"23":4129.22998,"24":4124.24023,"25":4119.81982},"volume":{"0":228754695,"1":91323907,"2":70111357,"3":59516654,"4":51361171,"5":51019486,"6":49245166,"7":46074883,"8":48840872,"9":53806942,"10":48836364,"11":44627599,"12":43152655,"13":50932887,"14":54055104,"15":63937090,"16":57816933,"17":61292353,"18":72177157,"19":67768545,"20":77079492,"21":77991105,"22":90136167,"23":92508216,"24":89666447,"25":103634937}}