{"datetime":{"0":1650318300000,"1":1650317400000,"2":1650316500000,"3":1650315600000,"4":1650314700000,"5":1650313800000,"6":1650312900000,"7":1650312000000,"8":1650311100000,"9":1650310200000,"10":1650309300000,"11":1650308400000,"12":1650307500000,"13":1650306600000,"14":1650305700000,"15":1650304800000,"16":1650303900000,"17":1650303000000,"18":1650302100000,"19":1650301200000,"20":1650300300000,"21":1650299400000,"22":1650298500000,"23":1650297600000,"24":1650296700000,"25":1650295800000},"open":{"0":4376.9502,"1":4384.64014,"2":4390.91992,"3":4397.49023,"4":4402.12012,"5":4402.64014,"6":4402.99023,"7":4405.02979,"8":4404.54004,"9":4386.20996,"10":4385.7002,"11":4379.27979,"12":4375.50977,"13":4373.06006,"14":4375.93994,"15":4385.31006,"16":4382.79004,"17":4386.77002,"18":4399.14014,"19":4399.47998,"20":4405.6499,"21":4400.93994,"22":4396.12012,"23":4390.72998,"24":4404.6499,"25":4385.62988},"high":{"0":4392.04004,"1":4384.64014,"2":4393.22021,"3":4398.64014,"4":4404.1001,"5":4407.95996,"6":4409.97998,"7":4408.56982,"8":4410.31006,"9":4404.47021,"10":4386.2002,"11":4388.66992,"12":4380.7002,"13":4375.87012,"14":4376.27002,"15":4385.60986,"16":4385.41016,"17":4387.29004,"18":4399.14014,"19":4402.58008,"20":4407.2998,"21":4407.81982,"22":4408.1001,"23":4397.0498,"24":4404.8501,"25":4408.20996},"low":{"0":4370.2998,"1":4372.68994,"2":4384.16016,"3":4389.22021,"4":4397.4502,"5":4401.47021,"6":4397.04004,"7":4400.58984,"8":4402.31982,"9":4385.74023,"10":4378.79004,"11":4377.95996,"12":4374.72021,"13":4370.47998,"14":4371.81006,"15":4375.43018,"16":4376.22021,"17":4379.8999,"18":4384.33984,"19":4397.85986,"20":4395.2002,"21":4400.87012,"22":4394.2998,"23":4386.06006,"24":4389.08984,"25":4382.77002},"close":{"0":4392.04004,"1":4376.91992,"2":4384.75977,"3":4390.7002,"4":4397.66992,"5":4402.08984,"6":4402.58008,"7":4402.91016,"8":4405.08008,"9":4404.37988,"10":4386.2002,"11":4385.77979,"12":4379.29004,"13":4375.50977,"14":4373.1499,"15":4375.99023,"16":4385.31982,"17":4382.7998,"18":4386.7998,"19":4399.12012,"20":4399.54004,"21":4405.62012,"22":4400.7002,"23":4395.93018,"24":4390.75977,"25":4404.45996},"volume":{"0":3485445816,"1":89421668,"2":60029375,"3":56246370,"4":48396578,"5":47898357,"6":56155676,"7":43282154,"8":1165661355,"9":55691196,"10":44030013,"11":47085795,"12":961792478,"13":44334395,"14":50057961,"15":50797596,"16":775186781,"17":53449980,"18":57670948,"19":56177502,"20":58497175,"21":70909310,"22":75738921,"23":91535744,"24":94371584,"25":167557531}}