{"datetime":{"0":1624311900000,"1":1624311000000,"2":1624310100000,"3":1624309200000,"4":1624308300000,"5":1624307400000,"6":1624306500000,"7":1624305600000,"8":1624304700000,"9":1624303800000,"10":1624302900000,"11":1624302000000,"12":1624301100000,"13":1624300200000,"14":1624299300000,"15":1624298400000,"16":1624297500000,"17":1624296600000,"18":1624295700000,"19":1624294800000,"20":1624293900000,"21":1624293000000,"22":1624292100000,"23":1624291200000,"24":1624290300000,"25":1624289400000},"open":{"0":4220.79004,"1":4221.97021,"2":4221.22998,"3":4222.35986,"4":4221.33008,"5":4221.7998,"6":4222.70996,"7":4223.50977,"8":4222.49023,"9":4217.04004,"10":4216.0498,"11":4214.83008,"12":4216.10986,"13":4216.18018,"14":4217.33008,"15":4217.8999,"16":4218.20996,"17":4215.06982,"18":4212.87988,"19":4216.5,"20":4212.93018,"21":4206.85986,"22":4200.85986,"23":4194.47021,"24":4184.25977,"25":4173.3999},"high":{"0":4226.24023,"1":4224.22021,"2":4223.33008,"3":4224.97021,"4":4223.18018,"5":4221.85986,"6":4223.70996,"7":4224.68994,"8":4225.58984,"9":4223.27979,"10":4217.77002,"11":4216.87012,"12":4217.74023,"13":4217.04004,"14":4218.22998,"15":4219.33008,"16":4219.5498,"17":4218.87012,"18":4217.56982,"19":4217.52002,"20":4218.83008,"21":4214.74023,"22":4207.7002,"23":4203.7998,"24":4195.9502,"25":4187.8999},"low":{"0":4219.25977,"1":4220.5498,"2":4219.18994,"3":4221.22021,"4":4219.64014,"5":4219.8501,"6":4220.97021,"7":4221.49023,"8":4222.31982,"9":4217.04004,"10":4215.66992,"11":4214.06006,"12":4214.74023,"13":4215.2998,"14":4214.4502,"15":4216.43018,"16":4217.02002,"17":4214.3999,"18":4212.87988,"19":4212.77002,"20":4212.93018,"21":4206.85986,"22":4199.97998,"23":4194.24023,"24":4179.33984,"25":4173.3999},"close":{"0":4224.52002,"1":4220.66992,"2":4221.83984,"3":4221.25,"4":4222.41992,"5":4221.31006,"6":4221.81006,"7":4222.70996,"8":4223.54004,"9":4222.5,"10":4217.02002,"11":4216.06982,"12":4214.8501,"13":4216.08008,"14":4216.16016,"15":4217.31982,"16":4217.8999,"17":4218.27002,"18":4215.0498,"19":4212.87012,"20":4216.56982,"21":4212.8999,"22":4206.95996,"23":4200.75977,"24":4194.41016,"25":4184.31982},"volume":{"0":200326931,"1":80681383,"2":57000086,"3":47774988,"4":42096567,"5":38765038,"6":39515461,"7":44130063,"8":40785597,"9":47471652,"10":38276906,"11":39590631,"12":38417922,"13":41768485,"14":39430749,"15":42283801,"16":43638738,"17":46778996,"18":53038001,"19":58805531,"20":60953155,"21":72048258,"22":82643207,"23":87457078,"24":97095639,"25":125952379}}