{"datetime":{"0":1662500700000,"1":1662499800000,"2":1662498900000,"3":1662498000000,"4":1662497100000,"5":1662496200000,"6":1662495300000,"7":1662494400000,"8":1662493500000,"9":1662492600000,"10":1662491700000,"11":1662490800000,"12":1662489900000,"13":1662489000000,"14":1662488100000,"15":1662487200000,"16":1662486300000,"17":1662485400000,"18":1662484500000,"19":1662483600000,"20":1662482700000,"21":1662481800000,"22":1662480900000,"23":1662480000000,"24":1662479100000,"25":1662478200000},"open":{"0":3913.8501,"1":3911.94995,"2":3913.66992,"3":3906.08008,"4":3909.1001,"5":3913.06006,"6":3917.11011,"7":3905.98999,"8":3900.62988,"9":3897.80005,"10":3897.28003,"11":3918.66992,"12":3920.15991,"13":3913.58008,"14":3923.63989,"15":3936.58008,"16":3935.04004,"17":3923.36011,"18":3933.54004,"19":3934.30005,"20":3920.77002,"21":3905.8999,"22":3895.30005,"23":3919.3501,"24":3927.48999,"25":3930.88989},"high":{"0":3914.54004,"1":3914.23999,"2":3919.37988,"3":3916.75,"4":3911.57007,"5":3914.97998,"6":3919.12988,"7":3918.23999,"8":3906.21997,"9":3906.01001,"10":3901.41992,"11":3918.78003,"12":3922.59009,"13":3920.13989,"14":3924.11011,"15":3939.12988,"16":3939.30005,"17":3940.66992,"18":3934.3501,"19":3942.55005,"20":3939.05005,"21":3923.80005,"22":3907.68994,"23":3919.3501,"24":3927.70996,"25":3939.09009},"low":{"0":3899.5,"1":3900.27002,"2":3906.96997,"3":3901.90991,"4":3902.48999,"5":3906.34009,"6":3911.95996,"7":3904.83008,"8":3894.45996,"9":3897.02002,"10":3894.37988,"11":3895.76001,"12":3914.82007,"13":3909.56006,"14":3906.93994,"15":3921.47998,"16":3930.37988,"17":3921.21997,"18":3921.42993,"19":3928.45996,"20":3917.27002,"21":3899.52002,"22":3889.11011,"23":3886.75,"24":3907.46997,"25":3922.72998},"close":{"0":3910.15991,"1":3913.91992,"2":3911.93994,"3":3913.51001,"4":3906.03003,"5":3909.31006,"6":3913.11011,"7":3917.19995,"8":3906.19995,"9":3900.63989,"10":3897.80005,"11":3897.36011,"12":3918.65991,"13":3920.1001,"14":3913.78003,"15":3924.08008,"16":3936.70996,"17":3935.02002,"18":3923.57007,"19":3933.38989,"20":3934.33008,"21":3920.75,"22":3905.78003,"23":3895.26001,"24":3918.95996,"25":3923.20996},"volume":{"0":229544600,"1":92623812,"2":71170264,"3":56300924,"4":51632783,"5":51590007,"6":42378654,"7":55130978,"8":48305746,"9":41657707,"10":47169325,"11":50984501,"12":1082232006,"13":44828266,"14":55835926,"15":52270171,"16":54444098,"17":65478116,"18":61829600,"19":722503421,"20":74703112,"21":82091327,"22":80434967,"23":104523699,"24":265241627,"25":108634176}}