{"datetime":{"0":1681940700000,"1":1681939800000,"2":1681938900000,"3":1681938000000,"4":1681937100000,"5":1681936200000,"6":1681935300000,"7":1681934400000,"8":1681933500000,"9":1681932600000,"10":1681931700000,"11":1681930800000,"12":1681929900000,"13":1681929000000,"14":1681928100000,"15":1681927200000,"16":1681926300000,"17":1681925400000,"18":1681924500000,"19":1681923600000,"20":1681922700000,"21":1681921800000,"22":1681920900000,"23":1681920000000,"24":1681919100000,"25":1681918200000},"open":{"0":4153.68994,"1":4157.33008,"2":4159.02002,"3":4157.64014,"4":4155.47998,"5":4157.54004,"6":4155.79004,"7":4157.83984,"8":4153.75977,"9":4154.77979,"10":4156.10986,"11":4152.75,"12":4152.83984,"13":4151.1001,"14":4150.14014,"15":4149.06982,"16":4146.49023,"17":4145.12012,"18":4147.35986,"19":4145.41992,"20":4147.62012,"21":4142.45996,"22":4140.8999,"23":4135.33984,"24":4135.5,"25":4139.33008},"high":{"0":4154.7998,"1":4158.6499,"2":4159.83984,"3":4159.27002,"4":4157.70996,"5":4158.27979,"6":4157.72998,"7":4162.56982,"8":4157.9502,"9":4155.33984,"10":4156.12012,"11":4156.5498,"12":4153.5498,"13":4154.18018,"14":4151.68994,"15":4150.9502,"16":4149.8501,"17":4147.83984,"18":4148.04004,"19":4148.29004,"20":4147.87988,"21":4147.7002,"22":4142.41016,"23":4142.47998,"24":4138.00977,"25":4139.7002},"low":{"0":4148.6499,"1":4153.7002,"2":4156.91016,"3":4155.2998,"4":4154.12012,"5":4154.41016,"6":4154.70996,"7":4155.08984,"8":4152.56982,"9":4152.70996,"10":4150.87012,"11":4152.02979,"12":4151.22021,"13":4151.1001,"14":4149.08008,"15":4147.5498,"16":4145.18994,"17":4142.0498,"18":4143.08008,"19":4144.41016,"20":4143.16016,"21":4141.25,"22":4138.29004,"23":4135.1001,"24":4134.54004,"25":4134.49023},"close":{"0":4154.68994,"1":4153.75977,"2":4157.33984,"3":4159.00977,"4":4157.66016,"5":4155.47998,"6":4157.41016,"7":4155.7998,"8":4157.83008,"9":4153.81006,"10":4154.77002,"11":4156.1499,"12":4152.81006,"13":4152.74023,"14":4151.04004,"15":4150.1001,"16":4149.06006,"17":4146.49023,"18":4145.1499,"19":4147.37012,"20":4145.39014,"21":4147.6001,"22":4142.41016,"23":4140.85986,"24":4135.41992,"25":4135.6001},"volume":{"0":226837261,"1":98290781,"2":74084126,"3":55623451,"4":48180082,"5":52791444,"6":51081528,"7":57965173,"8":44574917,"9":44108959,"10":51185632,"11":52001458,"12":45046842,"13":46668639,"14":47493140,"15":50218847,"16":60724401,"17":59077751,"18":59938214,"19":61393722,"20":606512981,"21":70418241,"22":76001840,"23":90540649,"24":108640051,"25":118358229}}