{"datetime":{"0":1660772700000,"1":1660771800000,"2":1660770900000,"3":1660770000000,"4":1660769100000,"5":1660768200000,"6":1660767300000,"7":1660766400000,"8":1660765500000,"9":1660764600000,"10":1660763700000,"11":1660762800000,"12":1660761900000,"13":1660761000000,"14":1660760100000,"15":1660759200000,"16":1660758300000,"17":1660757400000,"18":1660756500000,"19":1660755600000,"20":1660754700000,"21":1660753800000,"22":1660752900000,"23":1660752000000,"24":1660751100000,"25":1660750200000},"open":{"0":4278.99023,"1":4278.79004,"2":4275.97021,"3":4285.62988,"4":4291.31982,"5":4293.2998,"6":4294.83008,"7":4274.41992,"8":4275.0,"9":4276.3999,"10":4273.68018,"11":4272.5,"12":4273.27979,"13":4269.04004,"14":4260.27002,"15":4256.39014,"16":4257.14014,"17":4268.95996,"18":4263.49023,"19":4262.12012,"20":4271.87012,"21":4273.08984,"22":4269.6499,"23":4277.33984,"24":4270.43018,"25":4280.3999},"high":{"0":4278.99023,"1":4280.16992,"2":4281.0498,"3":4292.49023,"4":4292.91992,"5":4302.18018,"6":4298.49023,"7":4293.6499,"8":4277.64014,"9":4278.29004,"10":4276.77002,"11":4274.18018,"12":4274.87988,"13":4275.22021,"14":4269.06006,"15":4263.7002,"16":4257.7002,"17":4272.12012,"18":4269.79004,"19":4267.14014,"20":4274.6001,"21":4274.47998,"22":4274.99023,"23":4282.37012,"24":4278.81006,"25":4281.02979},"low":{"0":4269.62012,"1":4274.49023,"2":4271.60986,"3":4271.56982,"4":4285.66992,"5":4291.3501,"6":4283.8999,"7":4272.3999,"8":4273.60986,"9":4273.12988,"10":4270.31006,"11":4268.10986,"12":4271.18994,"13":4267.85986,"14":4260.27002,"15":4256.39014,"16":4253.08008,"17":4255.93018,"18":4260.62012,"19":4262.08984,"20":4261.22021,"21":4264.25,"22":4266.68994,"23":4269.02979,"24":4269.18994,"25":4267.33008},"close":{"0":4274.06982,"1":4279.02979,"2":4278.81006,"3":4275.93018,"4":4285.66992,"5":4291.37012,"6":4293.27002,"7":4293.6499,"8":4274.43018,"9":4274.97021,"10":4276.47998,"11":4273.66016,"12":4272.52979,"13":4273.24023,"14":4269.02979,"15":4260.33008,"16":4256.39014,"17":4257.24023,"18":4268.91992,"19":4263.47021,"20":4262.1499,"21":4271.56006,"22":4273.1001,"23":4269.6001,"24":4277.25977,"25":4270.39014},"volume":{"0":183316761,"1":71087346,"2":54277704,"3":55424667,"4":44126274,"5":54174010,"6":56953854,"7":82796496,"8":33152974,"9":36225269,"10":36137526,"11":39336175,"12":35897023,"13":43823488,"14":41068038,"15":44124310,"16":49115136,"17":53757029,"18":55846575,"19":53725407,"20":55890960,"21":69203976,"22":376412449,"23":70501704,"24":80938914,"25":132989686}}