{"datetime":{"0":1623966300000,"1":1623965400000,"2":1623964500000,"3":1623963600000,"4":1623962700000,"5":1623961800000,"6":1623960900000,"7":1623960000000,"8":1623959100000,"9":1623958200000,"10":1623957300000,"11":1623956400000,"12":1623955500000,"13":1623954600000,"14":1623953700000,"15":1623952800000,"16":1623951900000,"17":1623951000000,"18":1623950100000,"19":1623949200000,"20":1623948300000,"21":1623947400000,"22":1623946500000,"23":1623945600000,"24":1623944700000,"25":1623943800000},"open":{"0":4229.39014,"1":4228.27979,"2":4229.39014,"3":4220.72021,"4":4222.75977,"5":4224.97021,"6":4224.31982,"7":4224.75977,"8":4228.16992,"9":4224.8999,"10":4221.29004,"11":4213.49023,"12":4207.58984,"13":4199.37012,"14":4214.0498,"15":4215.24023,"16":4226.1499,"17":4223.16016,"18":4216.22998,"19":4221.33008,"20":4229.56982,"21":4222.43994,"22":4215.7998,"23":4220.95996,"24":4220.6499,"25":4220.37012},"high":{"0":4232.29004,"1":4231.93018,"2":4229.43018,"3":4229.4502,"4":4223.33008,"5":4225.06982,"6":4225.9502,"7":4225.72021,"8":4228.50977,"9":4228.25977,"10":4224.93018,"11":4223.0,"12":4213.47021,"13":4208.81982,"14":4214.0498,"15":4216.72998,"16":4227.77979,"17":4228.3501,"18":4223.43994,"19":4221.87012,"20":4230.39014,"21":4231.27979,"22":4224.72021,"23":4224.77002,"24":4223.75977,"25":4231.56982},"low":{"0":4221.14014,"1":4226.5,"2":4226.81982,"3":4218.77002,"4":4219.29004,"5":4220.81982,"6":4222.77002,"7":4221.56006,"8":4222.33008,"9":4223.68018,"10":4220.31006,"11":4213.33984,"12":4206.62988,"13":4196.0498,"14":4197.16016,"15":4211.64014,"16":4214.49023,"17":4223.10986,"18":4216.22998,"19":4215.3999,"20":4220.06982,"21":4222.43994,"22":4215.54004,"23":4213.31006,"24":4219.41016,"25":4220.16992},"close":{"0":4221.18994,"1":4229.35986,"2":4228.22998,"3":4229.37012,"4":4220.72998,"5":4222.77979,"6":4224.97998,"7":4224.31006,"8":4224.75977,"9":4228.12988,"10":4224.87012,"11":4221.27002,"12":4213.47021,"13":4207.58984,"14":4199.56982,"15":4213.99023,"16":4215.1499,"17":4226.04004,"18":4223.12988,"19":4216.04004,"20":4221.25,"21":4229.56982,"22":4222.41016,"23":4215.83984,"24":4220.95996,"25":4220.62988},"volume":{"0":254995615,"1":107037879,"2":68022921,"3":65749305,"4":55710667,"5":52803214,"6":50626665,"7":53081083,"8":54593712,"9":55751576,"10":54592688,"11":65206994,"12":73825138,"13":75422603,"14":97467697,"15":61755039,"16":98578991,"17":89279956,"18":92789116,"19":91180846,"20":83552698,"21":86374717,"22":85916355,"23":107899822,"24":91788691,"25":112593334}}