{"datetime":{"0":1629150300000,"1":1629149400000,"2":1629148500000,"3":1629147600000,"4":1629146700000,"5":1629145800000,"6":1629144900000,"7":1629144000000,"8":1629143100000,"9":1629142200000,"10":1629141300000,"11":1629140400000,"12":1629139500000,"13":1629138600000,"14":1629137700000,"15":1629136800000,"16":1629135900000,"17":1629135000000,"18":1629134100000,"19":1629133200000,"20":1629132300000,"21":1629131400000,"22":1629130500000,"23":1629129600000,"24":1629128700000,"25":1629127800000},"open":{"0":4472.93018,"1":4474.16992,"2":4473.0,"3":4470.22021,"4":4468.58984,"5":4466.62012,"6":4468.18994,"7":4465.43994,"8":4464.52979,"9":4460.6499,"10":4458.62988,"11":4457.85986,"12":4454.68994,"13":4453.72021,"14":4453.77979,"15":4450.70996,"16":4451.6001,"17":4446.37012,"18":4443.60986,"19":4440.08984,"20":4442.39014,"21":4439.25,"22":4448.0,"23":4442.41992,"24":4448.68018,"25":4455.33008},"high":{"0":4480.25977,"1":4474.83984,"2":4475.06006,"3":4473.25977,"4":4473.12988,"5":4468.7002,"6":4468.89014,"7":4468.8999,"8":4465.60986,"9":4464.97021,"10":4461.25977,"11":4459.16016,"12":4458.33984,"13":4454.72021,"14":4455.45996,"15":4454.06982,"16":4452.75977,"17":4452.5,"18":4447.08984,"19":4444.64014,"20":4443.35986,"21":4443.68994,"22":4448.60986,"23":4449.68018,"24":4448.81006,"25":4455.33008},"low":{"0":4472.70996,"1":4471.4502,"2":4472.29004,"3":4469.62988,"4":4468.43018,"5":4466.60986,"6":4466.22998,"7":4464.56006,"8":4463.85986,"9":4460.29004,"10":4457.47998,"11":4457.25,"12":4454.68994,"13":4452.06982,"14":4453.25,"15":4450.35986,"16":4450.39014,"17":4445.95996,"18":4443.60986,"19":4440.0,"20":4438.25977,"21":4437.66016,"22":4437.87988,"23":4440.58984,"24":4439.77002,"25":4447.08984},"close":{"0":4479.77979,"1":4472.9502,"2":4474.16016,"3":4472.97998,"4":4470.22998,"5":4468.58008,"6":4466.62988,"7":4468.18994,"8":4465.37988,"9":4464.52002,"10":4460.66992,"11":4458.62988,"12":4457.87012,"13":4454.68994,"14":4453.72998,"15":4453.77002,"16":4450.68994,"17":4451.56982,"18":4446.33984,"19":4443.56006,"20":4440.2002,"21":4442.41016,"22":4439.18994,"23":4447.91992,"24":4442.39014,"25":4448.58984},"volume":{"0":132758318,"1":66534667,"2":43817712,"3":38450428,"4":40470217,"5":32393888,"6":35565381,"7":35971940,"8":36141604,"9":35681925,"10":33520090,"11":32916696,"12":33485949,"13":34265422,"14":36192645,"15":37052489,"16":37079582,"17":49126658,"18":48501808,"19":52631210,"20":57260243,"21":70706529,"22":87616417,"23":95789593,"24":101452699,"25":157459375}}