{"datetime":{"0":1608155100000,"1":1608154200000,"2":1608153300000,"3":1608152400000,"4":1608151500000,"5":1608150600000,"6":1608149700000,"7":1608148800000,"8":1608147900000,"9":1608147000000,"10":1608146100000,"11":1608145200000,"12":1608144300000,"13":1608143400000,"14":1608142500000,"15":1608141600000,"16":1608140700000,"17":1608139800000,"18":1608138900000,"19":1608138000000,"20":1608137100000,"21":1608136200000,"22":1608135300000,"23":1608134400000,"24":1608133500000,"25":1608132600000},"open":{"0":3707.36011,"1":3708.19995,"2":3704.44995,"3":3707.3999,"4":3704.01001,"5":3694.19995,"6":3693.0,"7":3700.88989,"8":3698.98999,"9":3697.25,"10":3698.03003,"11":3700.5,"12":3699.23999,"13":3698.96997,"14":3700.63989,"15":3702.6499,"16":3702.82007,"17":3702.16992,"18":3699.78003,"19":3697.59009,"20":3701.48999,"21":3700.04004,"22":3695.37012,"23":3694.78003,"24":3691.51001,"25":3696.25},"high":{"0":3708.69995,"1":3712.0,"2":3709.62988,"3":3707.5,"4":3707.5,"5":3705.5,"6":3695.70996,"7":3701.01001,"8":3699.01001,"9":3699.5,"10":3698.53003,"11":3700.5,"12":3700.21997,"13":3699.5,"14":3701.69995,"15":3702.88989,"16":3703.66992,"17":3703.84009,"18":3702.23999,"19":3702.3999,"20":3701.52002,"21":3702.1499,"22":3700.26001,"23":3698.87012,"24":3696.20996,"25":3698.96997},"low":{"0":3699.93994,"1":3704.87012,"2":3703.93994,"3":3702.22998,"4":3703.52002,"5":3693.45996,"6":3690.80005,"7":3691.11011,"8":3697.5,"9":3697.25,"10":3696.69995,"11":3696.19995,"12":3694.19995,"13":3698.19995,"14":3698.09009,"15":3700.63989,"16":3701.38989,"17":3701.25,"18":3697.1499,"19":3697.52002,"20":3697.07007,"21":3700.04004,"22":3693.71997,"23":3693.98999,"24":3691.05005,"25":3688.57007},"close":{"0":3702.0,"1":3706.86011,"2":3708.0,"3":3704.5,"4":3706.91992,"5":3704.26001,"6":3693.69995,"7":3693.5,"8":3698.52002,"9":3698.73999,"10":3697.5,"11":3698.28003,"12":3700.21997,"13":3699.0,"14":3699.45996,"15":3700.88989,"16":3702.19995,"17":3702.76001,"18":3702.12012,"19":3699.77002,"20":3697.62988,"21":3701.5,"22":3700.13989,"23":3695.36011,"24":3694.80005,"25":3691.47998},"volume":{"0":0,"1":0,"2":0,"3":0,"4":0,"5":0,"6":0,"7":0,"8":0,"9":0,"10":0,"11":0,"12":0,"13":0,"14":0,"15":0,"16":806432261,"17":50252607,"18":64998718,"19":61100012,"20":600305919,"21":80569749,"22":83057760,"23":90629627,"24":97918791,"25":120081331}}