{"datetime":{"0":1639604700000,"1":1639603800000,"2":1639602900000,"3":1639602000000,"4":1639601100000,"5":1639600200000,"6":1639599300000,"7":1639598400000,"8":1639597500000,"9":1639596600000,"10":1639595700000,"11":1639594800000,"12":1639593900000,"13":1639593000000,"14":1639592100000,"15":1639591200000,"16":1639590300000,"17":1639589400000,"18":1639588500000,"19":1639587600000,"20":1639586700000,"21":1639585800000,"22":1639584900000,"23":1639584000000,"24":1639583100000,"25":1639582200000},"open":{"0":4692.58984,"1":4698.75,"2":4679.47998,"3":4651.7002,"4":4649.4502,"5":4640.10986,"6":4658.77979,"7":4618.12012,"8":4628.14014,"9":4624.85986,"10":4625.4502,"11":4625.29004,"12":4620.50977,"13":4623.45996,"14":4616.45996,"15":4617.50977,"16":4615.27979,"17":4618.7998,"18":4619.29004,"19":4623.91016,"20":4630.87988,"21":4622.45996,"22":4621.29004,"23":4619.93018,"24":4625.85986,"25":4636.45996},"high":{"0":4712.6001,"1":4706.52002,"2":4700.5498,"3":4679.37988,"4":4661.02979,"5":4659.29004,"6":4659.08984,"7":4660.02979,"8":4630.62988,"9":4628.18018,"10":4626.79004,"11":4626.9502,"12":4625.77979,"13":4625.77979,"14":4623.6499,"15":4620.9502,"16":4619.37012,"17":4618.7998,"18":4622.08008,"19":4626.64014,"20":4631.02979,"21":4633.12012,"22":4625.12012,"23":4624.24023,"24":4628.18018,"25":4640.1499},"low":{"0":4685.58984,"1":4692.1001,"2":4678.83008,"3":4651.7002,"4":4647.0,"5":4637.41016,"6":4634.02979,"7":4613.52979,"8":4622.45996,"9":4624.24023,"10":4623.7998,"11":4623.08984,"12":4619.68018,"13":4620.47021,"14":4613.0,"15":4616.00977,"16":4614.02002,"17":4611.22021,"18":4615.54004,"19":4618.56006,"20":4621.47998,"21":4621.91992,"22":4619.39014,"23":4615.22998,"24":4617.3999,"25":4624.33008},"close":{"0":4708.37012,"1":4692.56006,"2":4698.79004,"3":4679.37988,"4":4651.60986,"5":4649.22998,"6":4640.18994,"7":4658.79004,"8":4630.16016,"9":4628.12988,"10":4624.83984,"11":4625.43994,"12":4625.22998,"13":4620.54004,"14":4623.47021,"15":4616.49023,"16":4617.62988,"17":4615.22021,"18":4618.79004,"19":4619.3501,"20":4623.79004,"21":4631.16992,"22":4622.52002,"23":4621.27002,"24":4619.83984,"25":4625.70996},"volume":{"0":248080708,"1":127267749,"2":113437222,"3":94240281,"4":82902493,"5":89316180,"6":90490852,"7":117306436,"8":48213495,"9":47708398,"10":47381184,"11":43047102,"12":1010047009,"13":49522944,"14":51469771,"15":49857768,"16":55116197,"17":63607889,"18":57925991,"19":68938443,"20":63196105,"21":69944389,"22":76588715,"23":93186243,"24":99029387,"25":114705233}}