{"datetime":{"0":1668462300000,"1":1668461400000,"2":1668460500000,"3":1668459600000,"4":1668458700000,"5":1668457800000,"6":1668456900000,"7":1668456000000,"8":1668455100000,"9":1668454200000,"10":1668453300000,"11":1668452400000,"12":1668451500000,"13":1668450600000,"14":1668449700000,"15":1668448800000,"16":1668447900000,"17":1668447000000,"18":1668446100000,"19":1668445200000,"20":1668444300000,"21":1668443400000,"22":1668442500000,"23":1668441600000,"24":1668440700000,"25":1668439800000},"open":{"0":3977.75,"1":3986.01001,"2":3984.83008,"3":3994.83008,"4":3998.19995,"5":4005.04004,"6":4004.41992,"7":4008.62988,"8":4006.41992,"9":4007.36011,"10":3998.78003,"11":3993.53003,"12":3996.55005,"13":3991.55005,"14":3991.54004,"15":3985.93994,"16":3987.38989,"17":3975.40991,"18":3977.55005,"19":3991.5,"20":3990.66992,"21":3986.26001,"22":3990.06006,"23":3977.92993,"24":3972.27002,"25":3977.96997},"high":{"0":3978.52002,"1":3986.37988,"2":3989.13989,"3":4002.09009,"4":3998.83008,"5":4005.87988,"6":4005.02002,"7":4008.96997,"8":4008.82007,"9":4008.71997,"10":4008.11011,"11":3998.90991,"12":3998.92993,"13":3999.31006,"14":3993.66992,"15":3993.66992,"16":3991.65991,"17":3990.86011,"18":3978.52002,"19":3993.19995,"20":3995.05005,"21":3994.05005,"22":3996.47998,"23":3991.6499,"24":3979.1499,"25":3984.30005},"low":{"0":3956.3999,"1":3977.45996,"2":3982.1499,"3":3984.56006,"4":3993.09009,"5":3996.37988,"6":3999.81006,"7":4002.22998,"8":4004.11011,"9":4004.54004,"10":3997.56006,"11":3991.79004,"12":3991.69995,"13":3991.19995,"14":3982.27002,"15":3984.3501,"16":3983.66992,"17":3973.62988,"18":3971.38989,"19":3976.56006,"20":3986.71997,"21":3984.27002,"22":3983.22998,"23":3977.92993,"24":3966.38989,"25":3971.3501},"close":{"0":3957.3501,"1":3977.70996,"2":3986.01001,"3":3984.80005,"4":3994.87012,"5":3998.22998,"6":4005.02002,"7":4004.31006,"8":4008.6499,"9":4006.45996,"10":4007.36011,"11":3998.88989,"12":3993.55005,"13":3996.58008,"14":3991.61011,"15":3991.34009,"16":3985.90991,"17":3987.3999,"18":3975.51001,"19":3977.52002,"20":3991.69995,"21":3990.66992,"22":3986.29004,"23":3990.02002,"24":3977.73999,"25":3972.20996},"volume":{"0":263957271,"1":107923283,"2":76939856,"3":75411119,"4":63599736,"5":63582788,"6":60751893,"7":58788055,"8":52209719,"9":58361300,"10":55476725,"11":52320705,"12":55092716,"13":56951734,"14":61230180,"15":65332996,"16":65842902,"17":74249441,"18":73910556,"19":80309846,"20":79785725,"21":87007219,"22":90600538,"23":108962017,"24":156860286,"25":129980630}}