{"datetime":{"0":1602798300000,"1":1602797400000,"2":1602796500000,"3":1602795600000,"4":1602794700000,"5":1602793800000,"6":1602792900000,"7":1602792000000,"8":1602791100000,"9":1602790200000,"10":1602789300000,"11":1602788400000,"12":1602787500000,"13":1602786600000,"14":1602785700000,"15":1602784800000,"16":1602783900000,"17":1602783000000,"18":1602782100000,"19":1602781200000,"20":1602780300000,"21":1602779400000,"22":1602778500000,"23":1602777600000,"24":1602776700000,"25":1602775800000},"open":{"0":3487.09009,"1":3485.55005,"2":3478.62012,"3":3478.22998,"4":3472.59009,"5":3477.67993,"6":3477.61011,"7":3473.83008,"8":3476.28003,"9":3469.16992,"10":3470.42993,"11":3467.46997,"12":3460.52002,"13":3461.30005,"14":3463.15991,"15":3464.91992,"16":3466.15991,"17":3462.73999,"18":3462.96997,"19":3456.25,"20":3450.12988,"21":3455.88989,"22":3456.77002,"23":3465.21997,"24":3456.87988,"25":3453.71997},"high":{"0":3487.28003,"1":3489.08008,"2":3486.18994,"3":3481.55005,"4":3478.27002,"5":3478.88989,"6":3478.27002,"7":3478.5,"8":3476.78003,"9":3476.3501,"10":3472.16992,"11":3470.92993,"12":3467.62988,"13":3463.67993,"14":3464.84009,"15":3467.58008,"16":3471.36011,"17":3467.96997,"18":3468.68994,"19":3463.61011,"20":3457.15991,"21":3456.94995,"22":3463.47998,"23":3465.90991,"24":3465.08008,"25":3456.84009},"low":{"0":3480.31006,"1":3483.57007,"2":3478.01001,"3":3477.28003,"4":3471.75,"5":3472.59009,"6":3475.61011,"7":3473.83008,"8":3472.76001,"9":3468.62988,"10":3467.44995,"11":3466.70996,"12":3457.84009,"13":3459.66992,"14":3460.62012,"15":3462.1499,"16":3463.25,"17":3462.1499,"18":3462.06006,"19":3449.44995,"20":3448.26001,"21":3448.02002,"22":3454.41992,"23":3456.25,"24":3456.44995,"25":3440.88989},"close":{"0":3483.21997,"1":3487.0,"2":3485.6001,"3":3478.70996,"4":3478.25,"5":3472.59009,"6":3477.69995,"7":3477.62012,"8":3473.86011,"9":3476.29004,"10":3469.13989,"11":3470.42993,"12":3467.48999,"13":3460.52002,"14":3461.30005,"15":3463.32007,"16":3464.93994,"17":3466.15991,"18":3462.54004,"19":3462.93994,"20":3456.27002,"21":3450.23999,"22":3455.82007,"23":3456.54004,"24":3465.08008,"25":3456.82007},"volume":{"0":206756505,"1":98435340,"2":63408128,"3":54627770,"4":49118955,"5":52204927,"6":44676737,"7":43133635,"8":37928890,"9":49630898,"10":51259560,"11":40876625,"12":44062464,"13":38746138,"14":44619188,"15":47620621,"16":64056561,"17":50254906,"18":60053120,"19":65928173,"20":60969165,"21":74857595,"22":67577792,"23":91195187,"24":98409421,"25":136105315}}