{"datetime":{"0":1619646300000,"1":1619645400000,"2":1619644500000,"3":1619643600000,"4":1619642700000,"5":1619641800000,"6":1619640900000,"7":1619640000000,"8":1619639100000,"9":1619638200000,"10":1619637300000,"11":1619636400000,"12":1619635500000,"13":1619634600000,"14":1619633700000,"15":1619632800000,"16":1619631900000,"17":1619631000000,"18":1619630100000,"19":1619629200000,"20":1619628300000,"21":1619627400000,"22":1619626500000,"23":1619625600000,"24":1619624700000,"25":1619623800000},"open":{"0":4191.3999,"1":4191.85986,"2":4189.7998,"3":4195.06006,"4":4199.35986,"5":4188.72998,"6":4188.2998,"7":4185.3501,"8":4188.1001,"9":4189.99023,"10":4189.25977,"11":4190.5,"12":4189.0,"13":4188.6499,"14":4188.1001,"15":4184.66016,"16":4188.22998,"17":4191.6001,"18":4191.68018,"19":4192.37012,"20":4192.72021,"21":4193.83984,"22":4195.22998,"23":4196.1499,"24":4190.52002,"25":4185.14014},"high":{"0":4191.8501,"1":4194.2998,"2":4192.5,"3":4197.16992,"4":4201.8501,"5":4200.5,"6":4191.2998,"7":4194.2998,"8":4188.2998,"9":4190.7998,"10":4190.47998,"11":4190.7998,"12":4191.00977,"13":4190.2998,"14":4189.2998,"15":4189.2998,"16":4189.2998,"17":4191.7998,"18":4192.6001,"19":4193.2998,"20":4194.1001,"21":4194.7998,"22":4196.1001,"23":4196.7998,"24":4196.37988,"25":4192.93018},"low":{"0":4182.4502,"1":4188.12012,"2":4188.08984,"3":4183.95996,"4":4194.31982,"5":4184.27002,"6":4187.29004,"7":4181.97998,"8":4184.7998,"9":4187.75977,"10":4188.99023,"11":4188.99023,"12":4189.0,"13":4187.68994,"14":4187.24023,"15":4183.66016,"16":4184.6499,"17":4188.72998,"18":4189.4502,"19":4190.37012,"20":4191.24023,"21":4189.83984,"22":4192.87988,"23":4193.7998,"24":4190.47998,"25":4185.14014},"close":{"0":4184.66016,"1":4191.0,"2":4192.2998,"3":4190.0,"4":4195.31006,"5":4199.85986,"6":4189.0,"7":4188.5,"8":4185.47998,"9":4188.2998,"10":4190.24023,"11":4189.00977,"12":4190.7998,"13":4189.6001,"14":4188.3999,"15":4187.72998,"16":4185.1499,"17":4188.72998,"18":4191.41016,"19":4191.93018,"20":4192.62012,"21":4192.47021,"22":4193.58984,"23":4195.6001,"24":4195.8999,"25":4190.70996},"volume":{"0":0,"1":0,"2":0,"3":0,"4":0,"5":0,"6":0,"7":0,"8":0,"9":0,"10":0,"11":0,"12":0,"13":0,"14":0,"15":0,"16":0,"17":0,"18":0,"19":0,"20":0,"21":0,"22":0,"23":7930115,"24":110517951,"25":144197850}}