{"datetime":{"0":1656711900000,"1":1656711000000,"2":1656710100000,"3":1656709200000,"4":1656708300000,"5":1656707400000,"6":1656706500000,"7":1656705600000,"8":1656704700000,"9":1656703800000,"10":1656702900000,"11":1656702000000,"12":1656701100000,"13":1656700200000,"14":1656699300000,"15":1656698400000,"16":1656697500000,"17":1656696600000,"18":1656695700000,"19":1656694800000,"20":1656693900000,"21":1656693000000,"22":1656692100000,"23":1656691200000,"24":1656690300000,"25":1656689400000},"open":{"0":3826.77002,"1":3815.01001,"2":3816.93994,"3":3812.30005,"4":3809.3999,"5":3803.44995,"6":3792.84009,"7":3795.29004,"8":3790.65991,"9":3780.96997,"10":3774.12988,"11":3770.65991,"12":3774.44995,"13":3781.40991,"14":3769.18994,"15":3767.62012,"16":3779.37988,"17":3775.45996,"18":3778.34009,"19":3767.44995,"20":3759.86011,"21":3763.3501,"22":3770.20996,"23":3800.72998,"24":3787.95996,"25":3781.0},"high":{"0":3829.82007,"1":3829.56006,"2":3819.56006,"3":3817.8501,"4":3814.75,"5":3810.54004,"6":3807.63989,"7":3796.12012,"8":3796.33008,"9":3792.5,"10":3781.19995,"11":3774.11011,"12":3780.75,"13":3784.16992,"14":3783.03003,"15":3771.57007,"16":3783.69995,"17":3785.18994,"18":3787.86011,"19":3780.63989,"20":3773.48999,"21":3764.76001,"22":3776.37988,"23":3811.47998,"24":3809.92993,"25":3795.93994},"low":{"0":3815.68994,"1":3815.01001,"2":3811.18994,"3":3803.43994,"4":3806.36011,"5":3803.44995,"6":3792.32007,"7":3786.94995,"8":3790.07007,"9":3780.90991,"10":3770.66992,"11":3768.63989,"12":3770.76001,"13":3773.40991,"14":3768.30005,"15":3762.8501,"16":3764.77002,"17":3775.45996,"18":3774.1001,"19":3760.61011,"20":3757.77002,"21":3752.1001,"22":3762.29004,"23":3769.55005,"24":3786.75,"25":3771.46997},"close":{"0":3825.03003,"1":3826.79004,"2":3814.93994,"3":3816.93994,"4":3812.30005,"5":3809.44995,"6":3803.34009,"7":3792.80005,"8":3795.12988,"9":3790.62012,"10":3780.94995,"11":3774.11011,"12":3770.94995,"13":3774.47998,"14":3781.3501,"15":3769.20996,"16":3767.71997,"17":3780.12012,"18":3775.06006,"19":3778.3501,"20":3767.42993,"21":3759.90991,"22":3763.28003,"23":3770.07007,"24":3800.63989,"25":3788.31006},"volume":{"0":186025203,"1":94777792,"2":63597809,"3":58802494,"4":50894218,"5":50584080,"6":56098625,"7":45832647,"8":43816874,"9":55308273,"10":42304198,"11":37584453,"12":43920624,"13":44099909,"14":48409542,"15":47392419,"16":1743838983,"17":868108871,"18":63032090,"19":67619377,"20":77882491,"21":86510841,"22":85726457,"23":103453164,"24":104789068,"25":123159175}}