{"datetime":{"0":1623102300000,"1":1623101400000,"2":1623100500000,"3":1623099600000,"4":1623098700000,"5":1623097800000,"6":1623096900000,"7":1623096000000,"8":1623095100000,"9":1623094200000,"10":1623093300000,"11":1623092400000,"12":1623091500000,"13":1623090600000,"14":1623089700000,"15":1623088800000,"16":1623087900000,"17":1623087000000,"18":1623086100000,"19":1623085200000,"20":1623084300000,"21":1623083400000,"22":1623082500000,"23":1623081600000,"24":1623080700000,"25":1623079800000},"open":{"0":4222.8999,"1":4226.85986,"2":4224.47021,"3":4222.72021,"4":4220.72998,"5":4219.5,"6":4219.22021,"7":4216.25,"8":4218.27979,"9":4219.8999,"10":4219.7998,"11":4221.5,"12":4221.5,"13":4220.02979,"14":4222.5,"15":4219.7998,"16":4217.7998,"17":4218.81006,"18":4222.00977,"19":4222.02002,"20":4220.0,"21":4220.83984,"22":4221.68018,"23":4226.27002,"24":4229.68994,"25":4231.0},"high":{"0":4228.2998,"1":4226.85986,"2":4226.58008,"3":4224.95996,"4":4223.9502,"5":4221.0,"6":4219.74023,"7":4219.47021,"8":4218.52979,"9":4220.7998,"10":4221.02979,"11":4222.27979,"12":4222.2998,"13":4221.7998,"14":4222.5,"15":4222.52979,"16":4219.52979,"17":4219.0,"18":4222.6001,"19":4222.87988,"20":4221.83008,"21":4221.41992,"22":4222.68018,"23":4226.43994,"24":4230.64014,"25":4232.33984},"low":{"0":4222.5,"1":4222.91016,"2":4224.2998,"3":4222.47021,"4":4219.70996,"5":4218.81982,"6":4218.27002,"7":4216.25,"8":4216.49023,"9":4218.02979,"10":4218.77979,"11":4218.5,"12":4220.77979,"13":4219.27979,"14":4219.27979,"15":4219.02979,"16":4216.2998,"17":4216.22021,"18":4218.08984,"19":4219.77979,"20":4217.43994,"21":4219.33008,"22":4219.1499,"23":4221.02979,"24":4224.00977,"25":4228.5498},"close":{"0":4226.77979,"1":4223.3999,"2":4226.2998,"3":4224.72021,"4":4222.47021,"5":4220.5,"6":4219.31006,"7":4219.47021,"8":4216.5,"9":4218.5,"10":4219.52979,"11":4219.52979,"12":4221.2998,"13":4221.2998,"14":4219.7998,"15":4222.27979,"16":4219.52979,"17":4218.0,"18":4218.31006,"19":4222.04004,"20":4221.62012,"21":4220.06006,"22":4220.87988,"23":4221.62988,"24":4226.31006,"25":4229.62012},"volume":{"0":0,"1":0,"2":0,"3":0,"4":0,"5":0,"6":0,"7":0,"8":0,"9":0,"10":0,"11":0,"12":0,"13":0,"14":0,"15":0,"16":0,"17":13900735,"18":599338880,"19":60691442,"20":63427843,"21":57898627,"22":62127169,"23":66344258,"24":75045821,"25":127423200}}