{"datetime":{"0":1627681500000,"1":1627680600000,"2":1627679700000,"3":1627678800000,"4":1627677900000,"5":1627677000000,"6":1627676100000,"7":1627675200000,"8":1627674300000,"9":1627673400000,"10":1627672500000,"11":1627671600000,"12":1627670700000,"13":1627669800000,"14":1627668900000,"15":1627668000000,"16":1627667100000,"17":1627666200000,"18":1627665300000,"19":1627664400000,"20":1627663500000,"21":1627662600000,"22":1627661700000,"23":1627660800000,"24":1627659900000,"25":1627659000000},"open":{"0":4393.0,"1":4396.06982,"2":4399.12988,"3":4396.97998,"4":4392.58008,"5":4393.37012,"6":4398.5498,"7":4400.7998,"8":4402.24023,"9":4399.04004,"10":4400.85986,"11":4401.39014,"12":4400.83984,"13":4397.87988,"14":4397.3999,"15":4395.66016,"16":4395.72998,"17":4399.5498,"18":4401.85986,"19":4397.77979,"20":4401.31982,"21":4398.72998,"22":4410.95996,"23":4406.47998,"24":4402.8999,"25":4392.5},"high":{"0":4396.41016,"1":4398.75,"2":4399.5,"3":4400.27979,"4":4398.54004,"5":4394.2998,"6":4398.75,"7":4401.22998,"8":4402.24023,"9":4403.39014,"10":4401.22021,"11":4401.81982,"12":4402.37988,"13":4401.58984,"14":4399.87988,"15":4397.3999,"16":4396.3501,"17":4400.64014,"18":4401.85986,"19":4403.16016,"20":4402.54004,"21":4403.83984,"22":4411.27979,"23":4412.25,"24":4408.33984,"25":4405.0},"low":{"0":4391.7998,"1":4393.02002,"2":4393.14014,"3":4396.97998,"4":4392.58008,"5":4389.77002,"6":4393.35986,"7":4397.60986,"8":4400.1001,"9":4398.77002,"10":4397.4502,"11":4398.4502,"12":4400.22021,"13":4397.87988,"14":4396.66992,"15":4394.93018,"16":4392.91016,"17":4393.33008,"18":4397.41992,"19":4393.62988,"20":4397.81006,"21":4397.27002,"22":4398.47998,"23":4406.47998,"24":4402.81006,"25":4391.9502},"close":{"0":4395.97021,"1":4393.02002,"2":4396.06982,"3":4399.0498,"4":4396.9502,"5":4392.56982,"6":4393.39014,"7":4398.56006,"8":4400.7998,"9":4402.47998,"10":4399.06006,"11":4400.85986,"12":4401.25977,"13":4400.87012,"14":4397.87012,"15":4397.3999,"16":4395.62988,"17":4395.72021,"18":4399.6499,"19":4402.02979,"20":4397.81006,"21":4401.20996,"22":4398.58984,"23":4410.97998,"24":4406.6001,"25":4402.7998},"volume":{"0":237839827,"1":87426947,"2":64007696,"3":54075146,"4":50775219,"5":55041646,"6":48260239,"7":42716113,"8":38786650,"9":39343002,"10":44680265,"11":47271505,"12":41093720,"13":45556278,"14":46710392,"15":49263729,"16":51943897,"17":60221871,"18":56882793,"19":64793290,"20":65026930,"21":75880814,"22":83688390,"23":82946875,"24":92032533,"25":121102831}}