{"datetime":{"0":1680731100000,"1":1680730200000,"2":1680729300000,"3":1680728400000,"4":1680727500000,"5":1680726600000,"6":1680725700000,"7":1680724800000,"8":1680723900000,"9":1680723000000,"10":1680722100000,"11":1680721200000,"12":1680720300000,"13":1680719400000,"14":1680718500000,"15":1680717600000,"16":1680716700000,"17":1680715800000,"18":1680714900000,"19":1680714000000,"20":1680713100000,"21":1680712200000,"22":1680711300000,"23":1680710400000,"24":1680709500000,"25":1680708600000},"open":{"0":4090.65991,"1":4085.59009,"2":4083.08008,"3":4088.6001,"4":4087.61011,"5":4084.3999,"6":4086.01001,"7":4085.06006,"8":4081.51001,"9":4082.25,"10":4079.07007,"11":4075.30005,"12":4076.46997,"13":4075.18994,"14":4078.55005,"15":4083.78003,"16":4082.22998,"17":4079.12988,"18":4082.23999,"19":4076.83008,"20":4080.33008,"21":4086.26001,"22":4089.65991,"23":4097.50977,"24":4093.52002,"25":4094.5},"high":{"0":4092.13989,"1":4090.67993,"2":4087.23999,"3":4088.6001,"4":4090.5,"5":4090.92993,"6":4087.55005,"7":4090.12988,"8":4085.62988,"9":4084.06006,"10":4084.11011,"11":4081.32007,"12":4076.88989,"13":4078.62012,"14":4080.37988,"15":4084.38989,"16":4084.93994,"17":4087.29004,"18":4083.62012,"19":4083.36011,"20":4081.95996,"21":4091.0,"22":4094.78003,"23":4099.68994,"24":4099.68018,"25":4096.62012},"low":{"0":4087.36011,"1":4085.59009,"2":4082.11011,"3":4082.55005,"4":4087.57007,"5":4084.12012,"6":4084.16992,"7":4084.73999,"8":4079.17993,"9":4080.92993,"10":4079.07007,"11":4073.87988,"12":4072.56006,"13":4072.62012,"14":4073.02002,"15":4078.32007,"16":4079.5,"17":4078.55005,"18":4078.05005,"19":4075.07007,"20":4076.20996,"21":4080.37012,"22":4085.92993,"23":4086.73999,"24":4092.22998,"25":4091.15991},"close":{"0":4090.21997,"1":4090.65991,"2":4085.32007,"3":4083.08008,"4":4088.58008,"5":4087.62988,"6":4084.37988,"7":4086.01001,"8":4085.0,"9":4081.56006,"10":4082.30005,"11":4079.07007,"12":4075.33008,"13":4076.45996,"14":4075.20996,"15":4078.56006,"16":4083.77002,"17":4082.17993,"18":4079.1499,"19":4082.25,"20":4076.80005,"21":4080.37012,"22":4086.30005,"23":4089.51001,"24":4097.31006,"25":4093.54004},"volume":{"0":241809089,"1":101296519,"2":69981032,"3":61213409,"4":51356172,"5":58594028,"6":48421140,"7":55982176,"8":47187055,"9":45391320,"10":52732747,"11":52338124,"12":46164505,"13":51041588,"14":59041103,"15":53407287,"16":56253519,"17":61988801,"18":64209424,"19":74917000,"20":82517504,"21":82303497,"22":86154665,"23":96087229,"24":97057681,"25":107041678}}