{"datetime":{"0":1629495900000,"1":1629495000000,"2":1629494100000,"3":1629493200000,"4":1629492300000,"5":1629491400000,"6":1629490500000,"7":1629489600000,"8":1629488700000,"9":1629487800000,"10":1629486900000,"11":1629486000000,"12":1629485100000,"13":1629484200000,"14":1629483300000,"15":1629482400000,"16":1629481500000,"17":1629480600000,"18":1629479700000,"19":1629478800000,"20":1629477900000,"21":1629477000000,"22":1629476100000,"23":1629475200000,"24":1629474300000,"25":1629473400000},"open":{"0":4443.52979,"1":4441.3999,"2":4438.95996,"3":4435.95996,"4":4434.52002,"5":4434.52979,"6":4438.25,"7":4435.31006,"8":4437.89014,"9":4439.81982,"10":4442.60986,"11":4440.12988,"12":4441.0,"13":4439.5498,"14":4432.25977,"15":4431.56982,"16":4431.18018,"17":4429.56006,"18":4432.6001,"19":4429.6001,"20":4431.14014,"21":4433.16992,"22":4427.74023,"23":4425.7002,"24":4417.33984,"25":4410.56006},"high":{"0":4444.3501,"1":4443.62988,"2":4441.3999,"3":4438.97998,"4":4435.9502,"5":4436.33984,"6":4439.0,"7":4439.43994,"8":4438.2002,"9":4440.79004,"10":4442.75,"11":4442.7002,"12":4442.83008,"13":4441.25,"14":4439.5,"15":4436.49023,"16":4432.16016,"17":4434.97021,"18":4433.22021,"19":4432.93018,"20":4433.02979,"21":4437.45996,"22":4436.70996,"23":4432.87988,"24":4427.77979,"25":4417.00977},"low":{"0":4441.0,"1":4439.68994,"2":4438.24023,"3":4435.12012,"4":4432.85986,"5":4433.25,"6":4433.3999,"7":4435.31006,"8":4435.12988,"9":4436.8999,"10":4439.83984,"11":4439.91016,"12":4440.22998,"13":4439.33984,"14":4432.02979,"15":4431.04004,"16":4427.54004,"17":4429.56006,"18":4429.49023,"19":4428.08984,"20":4428.3501,"21":4431.0,"22":4426.02979,"23":4425.31982,"24":4417.33984,"25":4406.7998},"close":{"0":4441.2002,"1":4443.60986,"2":4441.3999,"3":4438.85986,"4":4435.9502,"5":4434.56982,"6":4434.56006,"7":4438.25,"8":4435.27979,"9":4437.87988,"10":4439.83984,"11":4442.6001,"12":4440.22998,"13":4441.02002,"14":4439.5,"15":4432.25,"16":4431.56006,"17":4431.12012,"18":4429.58984,"19":4432.64014,"20":4429.6499,"21":4431.10986,"22":4433.2002,"23":4427.79004,"24":4425.5,"25":4416.8999},"volume":{"0":1520240406,"1":73366280,"2":50560449,"3":46481863,"4":1189214800,"5":39095557,"6":41439703,"7":41748908,"8":1027011613,"9":36134084,"10":34127703,"11":33019671,"12":888372094,"13":36831577,"14":38834054,"15":42789794,"16":732491089,"17":51273647,"18":53557119,"19":58566138,"20":59544608,"21":69439311,"22":75138877,"23":78701744,"24":88915846,"25":101441767}}