{"datetime":{"0":1599169500000,"1":1599168600000,"2":1599167700000,"3":1599166800000,"4":1599165900000,"5":1599165000000,"6":1599164100000,"7":1599163200000,"8":1599162300000,"9":1599161400000,"10":1599160500000,"11":1599159600000,"12":1599158700000,"13":1599157800000,"14":1599156900000,"15":1599156000000,"16":1599155100000,"17":1599154200000,"18":1599153300000,"19":1599152400000,"20":1599151500000,"21":1599150600000,"22":1599149700000,"23":1599148800000,"24":1599147900000,"25":1599147000000},"open":{"0":3447.40991,"1":3430.37012,"2":3444.72998,"3":3441.30005,"4":3456.87988,"5":3456.18994,"6":3457.54004,"7":3456.98999,"8":3449.44995,"9":3469.73999,"10":3467.58008,"11":3457.90991,"12":3464.47998,"13":3476.3501,"14":3486.03003,"15":3481.3501,"16":3487.34009,"17":3472.3999,"18":3488.87988,"19":3514.42993,"20":3517.37988,"21":3527.05005,"22":3547.63989,"23":3559.03003,"24":3554.45996,"25":3564.73999},"high":{"0":3459.62012,"1":3449.56006,"2":3446.57007,"3":3445.71997,"4":3459.0,"5":3468.76001,"6":3457.86011,"7":3463.97998,"8":3460.97998,"9":3469.73999,"10":3469.80005,"11":3467.6499,"12":3469.8501,"13":3477.98999,"14":3488.38989,"15":3486.02002,"16":3494.66992,"17":3493.17993,"18":3488.87988,"19":3514.96997,"20":3518.98999,"21":3531.65991,"22":3547.63989,"23":3559.80005,"24":3562.66992,"25":3564.73999},"low":{"0":3431.26001,"1":3427.40991,"2":3429.1499,"3":3433.72998,"4":3441.52002,"5":3454.57007,"6":3448.0,"7":3453.51001,"8":3448.34009,"9":3448.70996,"10":3454.96997,"11":3444.53003,"12":3456.31006,"13":3462.16992,"14":3475.96997,"15":3472.93994,"16":3478.90991,"17":3466.54004,"18":3453.0,"19":3484.19995,"20":3504.22998,"21":3514.95996,"22":3521.78003,"23":3544.31006,"24":3552.67993,"25":3552.78003},"close":{"0":3455.82007,"1":3447.28003,"2":3430.54004,"3":3444.45996,"4":3441.52002,"5":3456.93994,"6":3456.21997,"7":3457.54004,"8":3457.06006,"9":3449.37012,"10":3469.77002,"11":3467.48999,"12":3457.79004,"13":3464.44995,"14":3476.04004,"15":3485.94995,"16":3481.30005,"17":3487.37012,"18":3472.87012,"19":3489.1499,"20":3514.52002,"21":3517.22998,"22":3527.06006,"23":3547.32007,"24":3557.93994,"25":3554.47998},"volume":{"0":291778954,"1":134583117,"2":99730520,"3":87248633,"4":74883155,"5":67593771,"6":62135396,"7":70670866,"8":60740567,"9":72247146,"10":67458824,"11":76942002,"12":71519804,"13":75316841,"14":66522212,"15":72611185,"16":78906456,"17":102305379,"18":168814890,"19":112563615,"20":115262830,"21":125123408,"22":125029588,"23":137318302,"24":186339900,"25":195286114}}