{"datetime":{"0":1641419100000,"1":1641418200000,"2":1641417300000,"3":1641416400000,"4":1641415500000,"5":1641414600000,"6":1641413700000,"7":1641412800000,"8":1641411900000,"9":1641411000000,"10":1641410100000,"11":1641409200000,"12":1641408300000,"13":1641407400000,"14":1641406500000,"15":1641405600000,"16":1641404700000,"17":1641403800000,"18":1641402900000,"19":1641402000000,"20":1641401100000,"21":1641400200000,"22":1641399300000,"23":1641398400000,"24":1641397500000,"25":1641396600000},"open":{"0":4720.43994,"1":4720.50977,"2":4725.83008,"3":4734.47021,"4":4731.20996,"5":4752.18018,"6":4756.2998,"7":4775.77979,"8":4776.37988,"9":4775.87988,"10":4773.00977,"11":4776.91016,"12":4779.68994,"13":4788.99023,"14":4786.4502,"15":4782.91992,"16":4781.97998,"17":4789.91992,"18":4786.95996,"19":4790.58984,"20":4790.2002,"21":4795.2002,"22":4787.62012,"23":4789.8501,"24":4786.2998,"25":4787.99023},"high":{"0":4720.43994,"1":4728.87988,"2":4725.87012,"3":4734.47021,"4":4739.47998,"5":4755.72998,"6":4760.25977,"7":4786.08984,"8":4777.27002,"9":4778.47021,"10":4777.45996,"11":4777.64014,"12":4780.06006,"13":4789.00977,"14":4789.8999,"15":4786.37012,"16":4783.77979,"17":4790.41992,"18":4789.75977,"19":4791.43994,"20":4790.81982,"21":4795.2002,"22":4797.7002,"23":4791.95996,"24":4791.85986,"25":4793.0498},"low":{"0":4699.43994,"1":4717.2002,"2":4719.12012,"3":4717.1499,"4":4729.64014,"5":4731.08008,"6":4750.77979,"7":4753.12012,"8":4773.85986,"9":4774.41992,"10":4773.00977,"11":4770.79004,"12":4776.52002,"13":4778.7002,"14":4785.81006,"15":4781.29004,"16":4780.68994,"17":4781.39014,"18":4786.25,"19":4782.7002,"20":4787.16016,"21":4787.25977,"22":4787.35986,"23":4785.43994,"24":4780.9502,"25":4778.41992},"close":{"0":4700.49023,"1":4720.41016,"2":4720.9502,"3":4725.5498,"4":4734.68994,"5":4731.22021,"6":4752.22021,"7":4756.22998,"8":4775.87012,"9":4776.37988,"10":4775.87988,"11":4772.99023,"12":4776.91016,"13":4779.70996,"14":4789.04004,"15":4786.08008,"16":4783.00977,"17":4781.95996,"18":4789.75977,"19":4786.8999,"20":4790.22998,"21":4790.08984,"22":4795.22021,"23":4787.3501,"24":4790.4502,"25":4786.37988},"volume":{"0":164626072,"1":120992395,"2":98201959,"3":102104115,"4":82132824,"5":82406135,"6":88410691,"7":84261631,"8":49079009,"9":49223055,"10":31696848,"11":65153283,"12":62477330,"13":69021892,"14":63113824,"15":57983924,"16":58091861,"17":69645759,"18":71533021,"19":78824639,"20":85951137,"21":102029749,"22":96689161,"23":103380997,"24":130331472,"25":194192699}}