{"datetime":{"0":1652478300000,"1":1652477400000,"2":1652476500000,"3":1652475600000,"4":1652474700000,"5":1652473800000,"6":1652472900000,"7":1652472000000,"8":1652471100000,"9":1652470200000,"10":1652469300000,"11":1652468400000,"12":1652467500000,"13":1652466600000,"14":1652465700000,"15":1652464800000,"16":1652463900000,"17":1652463000000,"18":1652462100000,"19":1652461200000,"20":1652460300000,"21":1652459400000,"22":1652458500000,"23":1652457600000,"24":1652456700000,"25":1652455800000},"open":{"0":4024.61,"1":4031.08008,"2":4024.63989,"3":4012.55005,"4":3999.09009,"5":3988.61011,"6":3987.47998,"7":4001.45996,"8":4008.97998,"9":4016.87988,"10":4023.34009,"11":4024.93994,"12":4031.95996,"13":4030.12988,"14":4037.0,"15":4023.27002,"16":4019.55005,"17":4022.6499,"18":4017.59009,"19":4017.02002,"20":4007.72998,"21":4017.80005,"22":4005.36011,"23":3994.28003,"24":3983.28003,"25":3963.8999},"high":{"0":4024.77002,"1":4032.69995,"2":4031.30005,"3":4024.73999,"4":4012.63989,"5":4003.55005,"6":3994.03003,"7":4001.45996,"8":4011.16992,"9":4020.27002,"10":4023.34009,"11":4029.1001,"12":4031.95996,"13":4035.43994,"14":4037.44995,"15":4038.87988,"16":4024.61011,"17":4024.65991,"18":4023.58008,"19":4018.88989,"20":4019.92993,"21":4021.79004,"22":4022.02002,"23":4008.57007,"24":3997.66992,"25":3983.98999},"low":{"0":4008.63,"1":4011.37012,"2":4021.96997,"3":4011.23999,"4":3992.20996,"5":3988.61011,"6":3983.71997,"7":3979.73999,"8":3999.62988,"9":4007.18994,"10":4014.19995,"11":4019.27002,"12":4014.92993,"13":4030.12988,"14":4025.6499,"15":4022.34009,"16":4016.06006,"17":4016.03003,"18":4010.80005,"19":4010.80005,"20":4001.72998,"21":4007.73999,"22":4000.91992,"23":3993.54004,"24":3976.31006,"25":3963.8999},"close":{"0":4023.56006,"1":4020.59009,"2":4031.19995,"3":4024.62012,"4":4012.48999,"5":3999.1001,"6":3988.66992,"7":3987.54004,"8":4001.55005,"9":4008.92993,"10":4016.87012,"11":4023.81006,"12":4024.87012,"13":4031.88989,"14":4030.1001,"15":4037.0,"16":4022.12012,"17":4019.33008,"18":4022.56006,"19":4017.73999,"20":4016.94995,"21":4007.77002,"22":4017.87012,"23":4005.48999,"24":3993.94995,"25":3983.09009},"volume":{"0":12770190,"1":114021728,"2":79147779,"3":67223281,"4":60109119,"5":60814916,"6":56845627,"7":78940685,"8":54840811,"9":51848537,"10":54103835,"11":57782913,"12":62833392,"13":56609685,"14":60321230,"15":66174616,"16":59162743,"17":67542037,"18":74145538,"19":69847559,"20":74402708,"21":87259145,"22":91423357,"23":106305411,"24":147623215,"25":144730223}}