{"datetime":{"0":1684273500000,"1":1684272600000,"2":1684271700000,"3":1684270800000,"4":1684269900000,"5":1684269000000,"6":1684268100000,"7":1684267200000,"8":1684266300000,"9":1684265400000,"10":1684264500000,"11":1684263600000,"12":1684262700000,"13":1684261800000,"14":1684260900000,"15":1684260000000,"16":1684259100000,"17":1684258200000,"18":1684257300000,"19":1684256400000,"20":1684255500000,"21":1684254600000,"22":1684253700000,"23":1684252800000,"24":1684251900000,"25":1684251000000},"open":{"0":4121.2998,"1":4124.7002,"2":4124.06982,"3":4124.37012,"4":4122.37012,"5":4120.33984,"6":4121.25,"7":4126.33984,"8":4121.8501,"9":4123.04004,"10":4127.70996,"11":4127.93994,"12":4128.56982,"13":4126.2002,"14":4126.52979,"15":4126.12988,"16":4121.54004,"17":4126.5498,"18":4121.93994,"19":4122.16992,"20":4121.85986,"21":4125.39014,"22":4116.0498,"23":4123.56982,"24":4133.81006,"25":4127.9502},"high":{"0":4121.2998,"1":4124.95996,"2":4125.68018,"3":4125.91016,"4":4125.58008,"5":4122.93018,"6":4122.25977,"7":4126.93994,"8":4126.83008,"9":4124.58008,"10":4128.0498,"11":4128.75977,"12":4129.06006,"13":4130.02002,"14":4127.58984,"15":4127.60986,"16":4127.66016,"17":4126.77979,"18":4126.50977,"19":4125.06982,"20":4126.16992,"21":4128.0,"22":4125.43018,"23":4128.16016,"24":4135.54004,"25":4134.5},"low":{"0":4109.89014,"1":4120.7002,"2":4121.35986,"3":4123.06006,"4":4122.18994,"5":4117.81006,"6":4119.58984,"7":4119.50977,"8":4121.39014,"9":4121.58984,"10":4122.41992,"11":4126.10986,"12":4123.77979,"13":4124.25,"14":4123.3501,"15":4124.75977,"16":4120.7998,"17":4118.08984,"18":4120.0,"19":4121.22021,"20":4120.45996,"21":4117.52979,"22":4115.08008,"23":4114.66016,"24":4121.37988,"25":4123.81006},"close":{"0":4109.89014,"1":4121.37988,"2":4124.72021,"3":4124.12988,"4":4124.31006,"5":4122.39014,"6":4120.33008,"7":4121.29004,"8":4126.31982,"9":4121.83008,"10":4123.0,"11":4127.75,"12":4127.89014,"13":4128.58984,"14":4126.18018,"15":4126.50977,"16":4126.14014,"17":4121.52002,"18":4126.43018,"19":4121.93018,"20":4122.18018,"21":4121.83008,"22":4125.43018,"23":4116.29004,"24":4123.41992,"25":4133.77979},"volume":{"0":228161794,"1":92123367,"2":65338333,"3":56918697,"4":51474057,"5":51129852,"6":51649969,"7":53130916,"8":47328489,"9":47951920,"10":44461721,"11":42710809,"12":49024529,"13":48430639,"14":49272115,"15":50706861,"16":57413137,"17":62645070,"18":83092441,"19":68910032,"20":72892186,"21":75812942,"22":86437312,"23":95175689,"24":116566230,"25":139775471}}