{"datetime":{"0":1673387100000,"1":1673386200000,"2":1673385300000,"3":1673384400000,"4":1673383500000,"5":1673382600000,"6":1673381700000,"7":1673380800000,"8":1673379900000,"9":1673379000000,"10":1673378100000,"11":1673377200000,"12":1673376300000,"13":1673375400000,"14":1673374500000,"15":1673373600000,"16":1673372700000,"17":1673371800000,"18":1673370900000,"19":1673370000000,"20":1673369100000,"21":1673368200000,"22":1673367300000,"23":1673366400000,"24":1673365500000,"25":1673364600000},"open":{"0":3909.53003,"1":3908.95996,"2":3908.28003,"3":3908.62988,"4":3909.25,"5":3912.87012,"6":3912.26001,"7":3909.03003,"8":3905.56006,"9":3903.11011,"10":3903.96997,"11":3901.6001,"12":3901.37988,"13":3893.97998,"14":3898.37988,"15":3894.8501,"16":3891.86011,"17":3893.96997,"18":3898.32007,"19":3897.3999,"20":3878.86011,"21":3896.28003,"22":3908.31006,"23":3898.30005,"24":3897.92993,"25":3888.57007},"high":{"0":3919.83008,"1":3911.33008,"2":3911.19995,"3":3909.27002,"4":3909.87012,"5":3915.6499,"6":3914.82007,"7":3913.97998,"8":3909.48999,"9":3909.25,"10":3904.5,"11":3907.06006,"12":3903.01001,"13":3904.81006,"14":3898.72998,"15":3899.75,"16":3897.04004,"17":3895.70996,"18":3900.70996,"19":3901.37988,"20":3898.72998,"21":3896.40991,"22":3913.58008,"23":3910.6499,"24":3903.59009,"25":3905.69995},"low":{"0":3908.96997,"1":3907.11011,"2":3907.98999,"3":3901.88989,"4":3906.77002,"5":3909.19995,"6":3909.83008,"7":3908.12012,"8":3903.36011,"9":3902.07007,"10":3899.46997,"11":3900.6001,"12":3899.92993,"13":3893.66992,"14":3891.21997,"15":3886.56006,"16":3887.86011,"17":3889.59009,"18":3892.80005,"19":3895.77002,"20":3877.29004,"21":3878.3501,"22":3894.61011,"23":3893.22998,"24":3885.0,"25":3886.87012},"close":{"0":3919.40991,"1":3909.47998,"2":3908.91992,"3":3908.27002,"4":3908.62012,"5":3909.38989,"6":3912.87012,"7":3912.31006,"8":3909.01001,"9":3905.53003,"10":3903.13989,"11":3904.01001,"12":3901.59009,"13":3901.6001,"14":3893.87012,"15":3898.37012,"16":3894.86011,"17":3892.02002,"18":3893.94995,"19":3898.45996,"20":3897.41992,"21":3878.96997,"22":3896.28003,"23":3908.02002,"24":3898.18994,"25":3897.91992},"volume":{"0":225288125,"1":87340989,"2":65943795,"3":65273783,"4":49236564,"5":50889608,"6":52031767,"7":55087373,"8":46724540,"9":47905882,"10":40124425,"11":45717849,"12":39456924,"13":46791793,"14":43783641,"15":50561902,"16":50589142,"17":51807713,"18":62749882,"19":59504181,"20":75178823,"21":84018005,"22":81406008,"23":85612696,"24":106333759,"25":110818333}}