{"datetime":{"0":1680039900000,"1":1680039000000,"2":1680038100000,"3":1680037200000,"4":1680036300000,"5":1680035400000,"6":1680034500000,"7":1680033600000,"8":1680032700000,"9":1680031800000,"10":1680030900000,"11":1680030000000,"12":1680029100000,"13":1680028200000,"14":1680027300000,"15":1680026400000,"16":1680025500000,"17":1680024600000,"18":1680023700000,"19":1680022800000,"20":1680021900000,"21":1680021000000,"22":1680020100000,"23":1680019200000,"24":1680018300000,"25":1680017400000},"open":{"0":3964.0,"1":3961.06006,"2":3964.47998,"3":3962.63989,"4":3960.31006,"5":3957.63989,"6":3955.8501,"7":3952.62988,"8":3956.98999,"9":3963.63989,"10":3963.8999,"11":3967.86011,"12":3969.8999,"13":3968.8501,"14":3971.53003,"15":3975.12012,"16":3973.22998,"17":3972.32007,"18":3968.82007,"19":3962.23999,"20":3962.55005,"21":3972.95996,"22":3976.8999,"23":3969.80005,"24":3970.44995,"25":3974.12988},"high":{"0":3971.92993,"1":3966.37988,"2":3965.62988,"3":3967.16992,"4":3964.01001,"5":3960.51001,"6":3959.17993,"7":3956.59009,"8":3957.3501,"9":3965.01001,"10":3965.47998,"11":3969.37012,"12":3971.06006,"13":3970.73999,"14":3972.1001,"15":3975.97998,"16":3975.1001,"17":3976.41992,"18":3973.55005,"19":3969.80005,"20":3966.05005,"21":3973.52002,"22":3979.19995,"23":3978.68994,"24":3974.51001,"25":3974.62012},"low":{"0":3961.38989,"1":3958.43994,"2":3959.94995,"3":3962.63989,"4":3960.31006,"5":3954.96997,"6":3955.57007,"7":3951.91992,"8":3951.53003,"9":3956.27002,"10":3962.62988,"11":3962.96997,"12":3966.55005,"13":3965.91992,"14":3967.17993,"15":3969.62012,"16":3971.23999,"17":3971.88989,"18":3968.82007,"19":3962.08008,"20":3961.45996,"21":3960.01001,"22":3970.52002,"23":3965.70996,"24":3968.37012,"25":3964.55005},"close":{"0":3971.33008,"1":3963.98999,"2":3961.07007,"3":3964.42993,"4":3962.62012,"5":3960.31006,"6":3957.58008,"7":3955.8501,"8":3952.6499,"9":3956.94995,"10":3963.63989,"11":3963.87988,"12":3967.72998,"13":3969.90991,"14":3968.8501,"15":3971.47998,"16":3975.1001,"17":3973.21997,"18":3972.82007,"19":3968.82007,"20":3962.28003,"21":3962.43994,"22":3973.01001,"23":3976.83008,"24":3969.93994,"25":3970.41992},"volume":{"0":206910812,"1":82882003,"2":63994574,"3":56866128,"4":50803726,"5":45539851,"6":48802776,"7":51174037,"8":49395137,"9":51379180,"10":42739233,"11":46835484,"12":44949447,"13":49700866,"14":44552241,"15":46567312,"16":50205268,"17":51580652,"18":57979305,"19":58021890,"20":60078960,"21":70243046,"22":70131587,"23":81693764,"24":91922719,"25":108727064}}