{"datetime":{"0":1687815900000,"1":1687815000000,"2":1687814100000,"3":1687813200000,"4":1687812300000,"5":1687811400000,"6":1687810500000,"7":1687809600000,"8":1687808700000,"9":1687807800000,"10":1687806900000,"11":1687806000000,"12":1687805100000,"13":1687804200000,"14":1687803300000,"15":1687802400000,"16":1687801500000,"17":1687800600000,"18":1687799700000,"19":1687798800000,"20":1687797900000,"21":1687797000000,"22":1687796100000,"23":1687795200000,"24":1687794300000,"25":1687793400000},"open":{"0":4338.24023,"1":4342.43018,"2":4344.1499,"3":4342.72021,"4":4344.08008,"5":4336.93018,"6":4336.43994,"7":4337.70996,"8":4339.33008,"9":4342.10986,"10":4337.47998,"11":4340.0498,"12":4334.37012,"13":4339.5498,"14":4338.06982,"15":4348.00977,"16":4341.58984,"17":4340.91992,"18":4344.83008,"19":4351.10986,"20":4346.06982,"21":4356.43018,"22":4358.72021,"23":4359.52979,"24":4357.16992,"25":4344.83984},"high":{"0":4338.24023,"1":4344.27002,"2":4344.79004,"3":4345.08008,"4":4344.97021,"5":4344.79004,"6":4337.29004,"7":4338.89014,"8":4341.6499,"9":4342.66992,"10":4342.37988,"11":4340.99023,"12":4339.97998,"13":4340.22998,"14":4342.91992,"15":4348.81982,"16":4348.1499,"17":4345.91992,"18":4346.12012,"19":4351.43018,"20":4353.20996,"21":4356.4502,"22":4361.3501,"23":4362.06006,"24":4360.68018,"25":4357.58008},"low":{"0":4328.08008,"1":4338.20996,"2":4340.77979,"3":4342.60986,"4":4341.47998,"5":4336.58984,"6":4333.70996,"7":4335.2002,"8":4336.91016,"9":4338.83008,"10":4336.00977,"11":4335.93018,"12":4333.3501,"13":4332.87988,"14":4337.04004,"15":4334.56006,"16":4341.45996,"17":4340.02979,"18":4339.45996,"19":4342.7002,"20":4345.64014,"21":4340.75977,"22":4354.41016,"23":4354.22021,"24":4355.39014,"25":4342.58008},"close":{"0":4329.58008,"1":4338.27979,"2":4342.41992,"3":4344.14014,"4":4342.75,"5":4344.10986,"6":4336.87012,"7":4336.41016,"8":4337.66992,"9":4339.37988,"10":4342.12012,"11":4337.5498,"12":4339.97998,"13":4334.22021,"14":4339.50977,"15":4338.10986,"16":4348.00977,"17":4341.56006,"18":4340.93018,"19":4344.81982,"20":4350.87012,"21":4346.04004,"22":4356.3999,"23":4358.60986,"24":4359.6499,"25":4357.0498},"volume":{"0":233337488,"1":88887480,"2":61548992,"3":50849481,"4":47439907,"5":49168070,"6":44124327,"7":43858137,"8":42976804,"9":42692855,"10":44999772,"11":45584912,"12":52306442,"13":54309877,"14":58977268,"15":71819072,"16":60226516,"17":60718366,"18":69777691,"19":71384565,"20":65857066,"21":77979149,"22":76010158,"23":86583827,"24":98534315,"25":103849478}}