{"datetime":{"0":1607463900000,"1":1607463000000,"2":1607462100000,"3":1607461200000,"4":1607460300000,"5":1607459400000,"6":1607458500000,"7":1607457600000,"8":1607456700000,"9":1607455800000,"10":1607454900000,"11":1607454000000,"12":1607453100000,"13":1607452200000,"14":1607451300000,"15":1607450400000,"16":1607449500000,"17":1607448600000,"18":1607447700000,"19":1607446800000,"20":1607445900000,"21":1607445000000,"22":1607444100000,"23":1607443200000,"24":1607442300000,"25":1607441400000},"open":{"0":3702.41992,"1":3703.42993,"2":3702.94995,"3":3703.54004,"4":3705.1001,"5":3707.36011,"6":3702.94995,"7":3701.69995,"8":3703.5,"9":3703.0,"10":3702.76001,"11":3701.31006,"12":3701.53003,"13":3699.29004,"14":3697.17993,"15":3697.48999,"16":3695.12988,"17":3696.47998,"18":3692.65991,"19":3691.04004,"20":3687.44995,"21":3682.66992,"22":3688.38989,"23":3686.29004,"24":3686.1499,"25":3683.05005},"high":{"0":3704.47998,"1":3704.78003,"2":3704.27002,"3":3704.12012,"4":3705.32007,"5":3707.6001,"6":3708.44995,"7":3703.12988,"8":3703.70996,"9":3704.3501,"10":3703.54004,"11":3703.54004,"12":3703.90991,"13":3702.21997,"14":3699.82007,"15":3698.53003,"16":3697.56006,"17":3698.84009,"18":3696.6499,"19":3693.93994,"20":3690.98999,"21":3687.44995,"22":3688.44995,"23":3689.16992,"24":3686.70996,"25":3686.06006},"low":{"0":3700.8999,"1":3701.34009,"2":3701.12012,"3":3701.44995,"4":3701.80005,"5":3705.02002,"6":3702.48999,"7":3700.48999,"8":3701.02002,"9":3702.26001,"10":3701.57007,"11":3700.79004,"12":3700.43994,"13":3698.72998,"14":3696.56006,"15":3696.65991,"16":3695.02002,"17":3694.66992,"18":3692.63989,"19":3691.04004,"20":3686.71997,"21":3682.02002,"22":3679.0,"23":3682.8999,"24":3682.52002,"25":3678.83008},"close":{"0":3701.76001,"1":3702.45996,"2":3703.43994,"3":3702.94995,"4":3703.5,"5":3705.09009,"6":3707.33008,"7":3702.96997,"8":3701.72998,"9":3703.51001,"10":3703.04004,"11":3702.71997,"12":3701.31006,"13":3701.55005,"14":3699.28003,"15":3697.12988,"16":3697.51001,"17":3695.11011,"18":3696.47998,"19":3692.6499,"20":3690.98999,"21":3687.44995,"22":3682.59009,"23":3688.44995,"24":3686.05005,"25":3686.06006},"volume":{"0":194169317,"1":83974447,"2":60361886,"3":54143617,"4":52003325,"5":47216226,"6":50460189,"7":47579481,"8":1296440979,"9":45826399,"10":50130857,"11":49115233,"12":1103882382,"13":47871356,"14":53599654,"15":53487077,"16":896245019,"17":61030487,"18":69570111,"19":73737266,"20":634711753,"21":80987400,"22":84602482,"23":97769808,"24":301998021,"25":132513898}}