{"datetime":{"0":1687297500000,"1":1687296600000,"2":1687295700000,"3":1687294800000,"4":1687293900000,"5":1687293000000,"6":1687292100000,"7":1687291200000,"8":1687290300000,"9":1687289400000,"10":1687288500000,"11":1687287600000,"12":1687286700000,"13":1687285800000,"14":1687284900000,"15":1687284000000,"16":1687283100000,"17":1687282200000,"18":1687281300000,"19":1687280400000,"20":1687279500000,"21":1687278600000,"22":1687277700000,"23":1687276800000,"24":1687275900000,"25":1687275000000},"open":{"0":4393.0498,"1":4391.58008,"2":4391.81982,"3":4392.83984,"4":4391.60986,"5":4396.7998,"6":4391.72021,"7":4391.33008,"8":4396.37012,"9":4397.37012,"10":4394.62988,"11":4394.95996,"12":4393.89014,"13":4388.89014,"14":4380.5498,"15":4377.7998,"16":4376.8999,"17":4376.18018,"18":4375.93018,"19":4374.6499,"20":4375.12988,"21":4369.66992,"22":4384.5,"23":4389.68994,"24":4394.66016,"25":4396.10986},"high":{"0":4396.66016,"1":4392.9502,"2":4392.02002,"3":4394.08984,"4":4393.6499,"5":4397.06006,"6":4396.97998,"7":4393.43018,"8":4397.93994,"9":4399.02979,"10":4400.1499,"11":4395.77002,"12":4396.52002,"13":4395.3501,"14":4389.9502,"15":4382.1499,"16":4380.87988,"17":4380.50977,"18":4376.81982,"19":4380.24023,"20":4376.87012,"21":4375.83984,"22":4384.58008,"23":4390.74023,"24":4397.58984,"25":4398.66992},"low":{"0":4389.02979,"1":4388.06982,"2":4389.08008,"3":4389.60986,"4":4390.2002,"5":4390.52979,"6":4391.72021,"7":4390.47998,"8":4390.47021,"9":4395.16992,"10":4394.62988,"11":4391.25977,"12":4393.0,"13":4387.62012,"14":4380.27002,"15":4376.0,"16":4376.62988,"17":4376.18018,"18":4374.29004,"19":4374.6499,"20":4371.70996,"21":4367.18994,"22":4367.62988,"23":4384.25,"24":4388.60986,"25":4388.25977},"close":{"0":4389.0498,"1":4392.9502,"2":4391.58984,"3":4391.77002,"4":4392.83008,"5":4391.66992,"6":4396.79004,"7":4391.77979,"8":4391.3501,"9":4396.39014,"10":4397.3501,"11":4394.62988,"12":4394.97021,"13":4393.8501,"14":4388.89014,"15":4380.56982,"16":4377.75977,"17":4377.02002,"18":4376.31006,"19":4375.91992,"20":4374.25,"21":4375.02002,"22":4369.62012,"23":4384.27979,"24":4389.81982,"25":4394.66016},"volume":{"0":229424685,"1":86640263,"2":63997705,"3":55299696,"4":1471274000,"5":49039357,"6":50813833,"7":45757667,"8":44749376,"9":43568325,"10":46581821,"11":45542514,"12":50996744,"13":50998657,"14":55648741,"15":53927173,"16":52310125,"17":57909601,"18":55180819,"19":61220285,"20":73304955,"21":83970112,"22":92866375,"23":94989019,"24":108319247,"25":134116976}}