{"datetime":{"0":1649713500000,"1":1649712600000,"2":1649711700000,"3":1649710800000,"4":1649709900000,"5":1649709000000,"6":1649708100000,"7":1649707200000,"8":1649706300000,"9":1649705400000,"10":1649704500000,"11":1649703600000,"12":1649702700000,"13":1649701800000,"14":1649700900000,"15":1649700000000,"16":1649699100000,"17":1649698200000,"18":1649697300000,"19":1649696400000,"20":1649695500000,"21":1649694600000,"22":1649693700000,"23":1649692800000,"24":1649691900000,"25":1649691000000},"open":{"0":4417.83984,"1":4423.91992,"2":4432.83984,"3":4438.7002,"4":4432.25,"5":4430.16016,"6":4430.3501,"7":4436.12988,"8":4433.47998,"9":4430.99023,"10":4439.5498,"11":4432.72998,"12":4430.06006,"13":4431.66016,"14":4433.95996,"15":4436.04004,"16":4439.5498,"17":4433.97021,"18":4433.12988,"19":4437.39014,"20":4435.6499,"21":4441.83984,"22":4453.75977,"23":4455.2002,"24":4455.58008,"25":4462.64014},"high":{"0":4419.31982,"1":4424.2998,"2":4433.39014,"3":4444.00977,"4":4442.06982,"5":4433.81982,"6":4430.83984,"7":4439.75,"8":4436.2002,"9":4436.91992,"10":4439.6001,"11":4439.75977,"12":4433.89014,"13":4432.56982,"14":4435.99023,"15":4437.06982,"16":4441.22998,"17":4441.06982,"18":4434.56982,"19":4439.97998,"20":4440.66016,"21":4442.3501,"22":4458.45996,"23":4458.04004,"24":4459.12988,"25":4464.3501},"low":{"0":4408.37988,"1":4416.4502,"2":4423.31982,"3":4432.77002,"4":4432.25,"5":4426.74023,"6":4427.6499,"7":4429.77002,"8":4432.25,"9":4430.93018,"10":4429.2002,"11":4432.54004,"12":4428.5498,"13":4429.08984,"14":4431.6001,"15":4433.04004,"16":4435.06982,"17":4433.18018,"18":4430.43018,"19":4432.04004,"20":4434.83008,"21":4434.54004,"22":4438.79004,"23":4448.18994,"24":4450.75977,"25":4444.47021},"close":{"0":4413.39014,"1":4417.95996,"2":4423.93018,"3":4432.97998,"4":4438.70996,"5":4432.27002,"6":4430.2002,"7":4430.2998,"8":4436.2002,"9":4433.52979,"10":4430.97998,"11":4439.50977,"12":4432.6499,"13":4430.0498,"14":4431.70996,"15":4433.8501,"16":4436.02979,"17":4439.68018,"18":4433.9502,"19":4433.31982,"20":4437.37012,"21":4435.62988,"22":4441.47021,"23":4453.41016,"24":4455.37012,"25":4455.45996},"volume":{"0":180025067,"1":106705134,"2":67633049,"3":57595762,"4":1570375821,"5":46817704,"6":46366332,"7":57851258,"8":44802019,"9":48634314,"10":46970256,"11":57427720,"12":54160038,"13":44627886,"14":46000460,"15":44251596,"16":54641523,"17":73450937,"18":60031740,"19":70044145,"20":72468110,"21":86785617,"22":90978949,"23":119009957,"24":130504463,"25":162389278}}