{"datetime":{"0":1664919900000,"1":1664919000000,"2":1664918100000,"3":1664917200000,"4":1664916300000,"5":1664915400000,"6":1664914500000,"7":1664913600000,"8":1664912700000,"9":1664911800000,"10":1664910900000,"11":1664910000000,"12":1664909100000,"13":1664908200000,"14":1664907300000,"15":1664906400000,"16":1664905500000,"17":1664904600000,"18":1664903700000,"19":1664902800000,"20":1664901900000,"21":1664901000000,"22":1664900100000,"23":1664899200000,"24":1664898300000,"25":1664897400000},"open":{"0":3780.92993,"1":3778.90991,"2":3774.19995,"3":3784.0,"4":3775.38989,"5":3769.30005,"6":3774.79004,"7":3776.1001,"8":3766.6499,"9":3766.61011,"10":3764.43994,"11":3775.13989,"12":3782.48999,"13":3786.08008,"14":3783.47998,"15":3783.16992,"16":3782.41992,"17":3786.57007,"18":3782.69995,"19":3785.61011,"20":3778.68994,"21":3774.41992,"22":3780.68994,"23":3772.96997,"24":3759.3999,"25":3726.45996},"high":{"0":3791.87012,"1":3785.3999,"2":3781.1499,"3":3784.87988,"4":3786.80005,"5":3776.42993,"6":3777.29004,"7":3779.32007,"8":3779.77002,"9":3769.98999,"10":3766.80005,"11":3776.06006,"12":3782.63989,"13":3788.44995,"14":3788.70996,"15":3785.32007,"16":3783.15991,"17":3789.48999,"18":3787.44995,"19":3787.3501,"20":3786.61011,"21":3783.52002,"22":3782.52002,"23":3785.22998,"24":3772.88989,"25":3759.6499},"low":{"0":3779.47998,"1":3774.27002,"2":3771.11011,"3":3768.38989,"4":3775.08008,"5":3768.46997,"6":3769.18994,"7":3773.93994,"8":3766.3999,"9":3764.71997,"10":3754.3999,"11":3764.45996,"12":3772.08008,"13":3781.56006,"14":3779.98999,"15":3779.87988,"16":3778.02002,"17":3779.69995,"18":3782.69995,"19":3778.3999,"20":3773.1499,"21":3774.41992,"22":3774.36011,"23":3772.96997,"24":3758.57007,"25":3726.45996},"close":{"0":3790.5,"1":3780.8999,"2":3779.02002,"3":3774.30005,"4":3784.03003,"5":3775.30005,"6":3769.34009,"7":3774.63989,"8":3776.11011,"9":3766.59009,"10":3766.31006,"11":3764.45996,"12":3775.37012,"13":3782.54004,"14":3786.06006,"15":3783.48999,"16":3783.15991,"17":3782.47998,"18":3786.48999,"19":3782.71997,"20":3785.63989,"21":3778.76001,"22":3775.11011,"23":3780.6499,"24":3772.82007,"25":3759.46997},"volume":{"0":290868727,"1":132775206,"2":81363506,"3":76404695,"4":70438613,"5":56706726,"6":56999853,"7":63324580,"8":67213238,"9":62573802,"10":70887604,"11":64077240,"12":61135482,"13":55123176,"14":65327257,"15":76409765,"16":62171391,"17":83203253,"18":79226805,"19":86817131,"20":106364301,"21":104016080,"22":100413475,"23":129037203,"24":154270169,"25":167003595}}