{"datetime":{"0":1691099100000,"1":1691098200000,"2":1691097300000,"3":1691096400000,"4":1691095500000,"5":1691094600000,"6":1691093700000,"7":1691092800000,"8":1691091900000,"9":1691091000000,"10":1691090100000,"11":1691089200000,"12":1691088300000,"13":1691087400000,"14":1691086500000,"15":1691085600000,"16":1691084700000,"17":1691083800000,"18":1691082900000,"19":1691082000000,"20":1691081100000,"21":1691080200000,"22":1691079300000,"23":1691078400000,"24":1691077500000,"25":1691076600000},"open":{"0":4503.8999,"1":4504.31982,"2":4501.81006,"3":4511.64014,"4":4509.99023,"5":4510.04004,"6":4506.99023,"7":4506.77979,"8":4511.6001,"9":4516.2998,"10":4516.60986,"11":4517.6499,"12":4516.2002,"13":4508.56006,"14":4505.50977,"15":4505.08008,"16":4505.5498,"17":4506.02979,"18":4501.04004,"19":4496.97998,"20":4495.66992,"21":4485.97998,"22":4496.75977,"23":4497.64014,"24":4491.56006,"25":4494.27002},"high":{"0":4508.43018,"1":4507.41016,"2":4506.02002,"3":4512.04004,"4":4512.81006,"5":4511.43018,"6":4512.08008,"7":4508.31006,"8":4512.35986,"9":4517.3501,"10":4519.37012,"11":4518.33008,"12":4519.49023,"13":4516.18018,"14":4509.58008,"15":4507.02979,"16":4510.39014,"17":4506.97998,"18":4507.22021,"19":4501.0,"20":4496.77002,"21":4495.75977,"22":4497.33984,"23":4504.06006,"24":4501.31006,"25":4497.75},"low":{"0":4500.56982,"1":4503.04004,"2":4499.93018,"3":4500.4502,"4":4508.08008,"5":4505.12012,"6":4506.91992,"7":4504.70996,"8":4506.31982,"9":4511.52002,"10":4514.33008,"11":4514.1499,"12":4515.87988,"13":4508.56006,"14":4504.79004,"15":4503.47998,"16":4503.16016,"17":4503.97021,"18":4500.04004,"19":4495.97021,"20":4490.49023,"21":4485.54004,"22":4485.95996,"23":4494.43994,"24":4489.14014,"25":4487.74023},"close":{"0":4501.18994,"1":4503.87988,"2":4504.31982,"3":4501.75977,"4":4511.58984,"5":4510.0,"6":4510.02002,"7":4507.1001,"8":4506.7998,"9":4511.6001,"10":4516.27979,"11":4516.64014,"12":4517.66992,"13":4516.16016,"14":4508.52979,"15":4505.58008,"16":4505.08008,"17":4505.52002,"18":4506.0,"19":4500.95996,"20":4496.74023,"21":4495.64014,"22":4485.95996,"23":4496.7998,"24":4498.37012,"25":4491.7002},"volume":{"0":236179173,"1":92541295,"2":72086317,"3":62608477,"4":51329060,"5":54668565,"6":49386584,"7":50894674,"8":50113584,"9":47488735,"10":51149849,"11":54489501,"12":51224690,"13":51131291,"14":51840663,"15":52943979,"16":60721814,"17":67801148,"18":70764698,"19":68174036,"20":667369476,"21":84859417,"22":85728149,"23":100397266,"24":106602048,"25":161885265}}