{"datetime":{"0":1678826700000,"1":1678825800000,"2":1678824900000,"3":1678824000000,"4":1678823100000,"5":1678822200000,"6":1678821300000,"7":1678820400000,"8":1678819500000,"9":1678818600000,"10":1678817700000,"11":1678816800000,"12":1678815900000,"13":1678815000000,"14":1678814100000,"15":1678813200000,"16":1678812300000,"17":1678811400000,"18":1678810500000,"19":1678809600000,"20":1678808700000,"21":1678807800000,"22":1678806900000,"23":1678806000000,"24":1678805100000,"25":1678804200000},"open":{"0":3899.02002,"1":3884.77002,"2":3875.63989,"3":3891.09009,"4":3894.76001,"5":3896.44995,"6":3888.62012,"7":3894.32007,"8":3893.55005,"9":3899.44995,"10":3901.48999,"11":3916.29004,"12":3919.98999,"13":3919.41992,"14":3928.16992,"15":3927.23999,"16":3933.97998,"17":3934.06006,"18":3931.95996,"19":3923.28003,"20":3927.08008,"21":3925.3501,"22":3918.73999,"23":3914.02002,"24":3913.67993,"25":3894.01001},"high":{"0":3923.83008,"1":3899.8501,"2":3885.94995,"3":3895.52002,"4":3901.26001,"5":3900.33008,"6":3898.16992,"7":3897.58008,"8":3898.95996,"9":3906.02002,"10":3902.95996,"11":3918.56006,"12":3924.41992,"13":3926.31006,"14":3928.70996,"15":3929.76001,"16":3934.15991,"17":3937.29004,"18":3937.27002,"19":3932.1001,"20":3932.67993,"21":3929.42993,"22":3925.46997,"23":3921.84009,"24":3921.28003,"25":3918.17993},"low":{"0":3896.43994,"1":3882.43994,"2":3873.62988,"3":3875.1499,"4":3890.33008,"5":3892.6499,"6":3882.8999,"7":3880.47998,"8":3891.22998,"9":3893.29004,"10":3888.1499,"11":3901.44995,"12":3913.31006,"13":3916.87012,"14":3918.0,"15":3922.05005,"16":3926.96997,"17":3932.42993,"18":3931.81006,"19":3922.70996,"20":3922.8501,"21":3924.72998,"22":3915.05005,"23":3909.08008,"24":3907.78003,"25":3894.01001},"close":{"0":3919.69995,"1":3898.91992,"2":3884.75,"3":3875.56006,"4":3891.12988,"5":3894.73999,"6":3896.44995,"7":3888.53003,"8":3894.3501,"9":3893.69995,"10":3899.51001,"11":3901.47998,"12":3916.3501,"13":3919.95996,"14":3919.5,"15":3928.1499,"16":3927.27002,"17":3933.91992,"18":3934.13989,"19":3931.87988,"20":3922.94995,"21":3927.08008,"22":3925.46997,"23":3918.68994,"24":3914.01001,"25":3913.5},"volume":{"0":290383026,"1":134143599,"2":111355278,"3":98719986,"4":80020441,"5":78332176,"6":88110110,"7":96001977,"8":76438563,"9":89335629,"10":110047119,"11":85392799,"12":75583600,"13":82297947,"14":74004880,"15":1372898276,"16":75644100,"17":81501409,"18":85455370,"19":86002706,"20":104001101,"21":110941518,"22":109681177,"23":130524370,"24":150378116,"25":181735996}}