{"datetime":{"0":1625175900000,"1":1625175000000,"2":1625174100000,"3":1625173200000,"4":1625172300000,"5":1625171400000,"6":1625170500000,"7":1625169600000,"8":1625168700000,"9":1625167800000,"10":1625166900000,"11":1625166000000,"12":1625165100000,"13":1625164200000,"14":1625163300000,"15":1625162400000,"16":1625161500000,"17":1625160600000,"18":1625159700000,"19":1625158800000,"20":1625157900000,"21":1625157000000,"22":1625156100000,"23":1625155200000,"24":1625154300000,"25":1625153400000},"open":{"0":4316.87988,"1":4317.6499,"2":4319.0,"3":4318.74023,"4":4318.43018,"5":4316.66992,"6":4314.47998,"7":4314.04004,"8":4315.7002,"9":4312.43994,"10":4310.91992,"11":4310.16992,"12":4310.45996,"13":4310.4502,"14":4310.18018,"15":4310.56006,"16":4309.06006,"17":4308.2002,"18":4307.60986,"19":4310.22998,"20":4310.85986,"21":4309.35986,"22":4310.72998,"23":4308.75,"24":4307.93018,"25":4300.72998},"high":{"0":4320.66016,"1":4319.62988,"2":4319.27979,"3":4319.95996,"4":4318.97998,"5":4318.87988,"6":4316.79004,"7":4315.2002,"8":4316.24023,"9":4316.7998,"10":4312.83984,"11":4311.93018,"12":4310.77002,"13":4310.85986,"14":4310.74023,"15":4311.50977,"16":4311.72998,"17":4309.7002,"18":4308.81982,"19":4312.1001,"20":4312.14014,"21":4310.93994,"22":4311.62012,"23":4311.24023,"24":4310.25,"25":4307.9502},"low":{"0":4315.29004,"1":4316.7002,"2":4317.43018,"3":4317.54004,"4":4317.8999,"5":4316.54004,"6":4314.08984,"7":4313.2002,"8":4313.83008,"9":4312.37988,"10":4310.77002,"11":4309.50977,"12":4309.06006,"13":4309.31982,"14":4309.16016,"15":4310.12012,"16":4308.47998,"17":4308.04004,"18":4303.91992,"19":4307.18994,"20":4309.68018,"21":4308.1499,"22":4307.93018,"23":4306.47998,"24":4306.91016,"25":4300.72998},"close":{"0":4320.16992,"1":4316.93018,"2":4317.62988,"3":4318.97021,"4":4318.75977,"5":4318.35986,"6":4316.68018,"7":4314.45996,"8":4314.02002,"9":4315.72998,"10":4312.45996,"11":4310.93018,"12":4310.16992,"13":4310.43994,"14":4310.45996,"15":4310.1499,"16":4310.5498,"17":4309.0498,"18":4308.22021,"19":4307.58984,"20":4310.24023,"21":4310.83984,"22":4309.31982,"23":4310.66992,"24":4308.7998,"25":4307.9502},"volume":{"0":155893964,"1":70631980,"2":49186049,"3":43605637,"4":40212612,"5":37883974,"6":36349303,"7":42727692,"8":40748421,"9":40206334,"10":34571595,"11":36570412,"12":37970799,"13":38695213,"14":38803053,"15":39293352,"16":44737953,"17":45766852,"18":59486398,"19":59216904,"20":571598052,"21":64620435,"22":73874848,"23":78035500,"24":92613500,"25":121633451}}