{"datetime":{"0":1672263900000,"1":1672263000000,"2":1672262100000,"3":1672261200000,"4":1672260300000,"5":1672259400000,"6":1672258500000,"7":1672257600000,"8":1672256700000,"9":1672255800000,"10":1672254900000,"11":1672254000000,"12":1672253100000,"13":1672252200000,"14":1672251300000,"15":1672250400000,"16":1672249500000,"17":1672248600000,"18":1672247700000,"19":1672246800000,"20":1672245900000,"21":1672245000000,"22":1672244100000,"23":1672243200000,"24":1672242300000,"25":1672241400000},"open":{"0":3782.20996,"1":3786.80005,"2":3786.59009,"3":3799.8999,"4":3806.75,"5":3799.69995,"6":3802.09009,"7":3802.42993,"8":3804.45996,"9":3808.59009,"10":3812.54004,"11":3809.15991,"12":3798.34009,"13":3793.79004,"14":3789.68994,"15":3797.77002,"16":3805.08008,"17":3806.69995,"18":3804.04004,"19":3809.75,"20":3820.52002,"21":3821.97998,"22":3834.44995,"23":3836.34009,"24":3841.91992,"25":3829.56006},"high":{"0":3787.18994,"1":3790.41992,"2":3791.75,"3":3800.19995,"4":3808.8501,"5":3806.71997,"6":3802.61011,"7":3805.1499,"8":3806.52002,"9":3808.73999,"10":3814.09009,"11":3817.47998,"12":3810.28003,"13":3800.0,"14":3793.95996,"15":3799.06006,"16":3805.08008,"17":3807.92993,"18":3808.67993,"19":3811.6499,"20":3823.33008,"21":3825.6499,"22":3838.12988,"23":3844.40991,"24":3847.38989,"25":3848.32007},"low":{"0":3780.78003,"1":3782.19995,"2":3784.48999,"3":3786.5,"4":3799.18994,"5":3797.56006,"6":3797.82007,"7":3798.65991,"8":3800.87988,"9":3801.76001,"10":3806.91992,"11":3808.5,"12":3798.32007,"13":3793.79004,"14":3788.90991,"15":3789.69995,"16":3797.12988,"17":3801.40991,"18":3801.8501,"19":3803.32007,"20":3809.26001,"21":3819.27002,"22":3820.6499,"23":3831.55005,"24":3832.46997,"25":3823.01001},"close":{"0":3783.1499,"1":3782.23999,"2":3786.79004,"3":3786.59009,"4":3799.69995,"5":3806.71997,"6":3799.87988,"7":3802.08008,"8":3802.44995,"9":3804.47998,"10":3808.58008,"11":3812.52002,"12":3809.15991,"13":3798.31006,"14":3793.79004,"15":3789.70996,"16":3797.72998,"17":3805.11011,"18":3806.54004,"19":3803.77002,"20":3809.87012,"21":3820.67993,"22":3822.0,"23":3834.34009,"24":3835.96997,"25":3842.01001},"volume":{"0":178843265,"1":77965672,"2":59697375,"3":51501303,"4":42216592,"5":44535862,"6":39072606,"7":40098872,"8":37751957,"9":37632066,"10":37298271,"11":46615067,"12":45726712,"13":41116786,"14":39010290,"15":46650066,"16":42254004,"17":48074550,"18":49970485,"19":66275850,"20":56617568,"21":447287654,"22":62697887,"23":63382191,"24":71566963,"25":91054965}}