{"datetime":{"0":1602625500000,"1":1602624600000,"2":1602623700000,"3":1602622800000,"4":1602621900000,"5":1602621000000,"6":1602620100000,"7":1602619200000,"8":1602618300000,"9":1602617400000,"10":1602616500000,"11":1602615600000,"12":1602614700000,"13":1602613800000,"14":1602612900000,"15":1602612000000,"16":1602611100000,"17":1602610200000,"18":1602609300000,"19":1602608400000,"20":1602607500000,"21":1602606600000,"22":1602605700000,"23":1602604800000,"24":1602603900000,"25":1602603000000},"open":{"0":3520.94995,"1":3521.34009,"2":3515.53003,"3":3510.07007,"4":3506.56006,"5":3506.46997,"6":3512.19995,"7":3509.38989,"8":3516.04004,"9":3520.18994,"10":3520.28003,"11":3522.8999,"12":3520.92993,"13":3523.1001,"14":3519.86011,"15":3524.11011,"16":3522.37012,"17":3525.80005,"18":3524.38989,"19":3523.41992,"20":3518.04004,"21":3523.09009,"22":3520.05005,"23":3527.78003,"24":3525.08008,"25":3534.01001},"high":{"0":3522.26001,"1":3524.57007,"2":3523.26001,"3":3516.95996,"4":3511.54004,"5":3510.69995,"6":3515.12012,"7":3512.47998,"8":3519.29004,"9":3521.72998,"10":3525.75,"11":3523.1499,"12":3523.45996,"13":3523.46997,"14":3523.90991,"15":3525.38989,"16":3525.55005,"17":3527.95996,"18":3528.57007,"19":3525.32007,"20":3525.04004,"21":3524.3999,"22":3526.17993,"23":3530.1001,"24":3528.84009,"25":3534.01001},"low":{"0":3511.33008,"1":3519.8999,"2":3514.86011,"3":3509.1001,"4":3503.93994,"5":3500.86011,"6":3506.1001,"7":3506.68994,"8":3507.42993,"9":3515.87012,"10":3516.62988,"11":3512.73999,"12":3519.3501,"13":3518.22998,"14":3517.84009,"15":3516.77002,"16":3520.90991,"17":3520.62012,"18":3524.3501,"19":3521.46997,"20":3516.08008,"21":3517.19995,"22":3518.65991,"23":3516.42993,"24":3520.87012,"25":3522.07007},"close":{"0":3512.1499,"1":3520.95996,"2":3521.3501,"3":3515.53003,"4":3510.06006,"5":3506.57007,"6":3506.37988,"7":3512.19995,"8":3509.33008,"9":3516.11011,"10":3520.1499,"11":3520.30005,"12":3522.92993,"13":3520.91992,"14":3523.21997,"15":3519.77002,"16":3524.16992,"17":3522.3999,"18":3525.86011,"19":3524.37012,"20":3523.46997,"21":3517.8501,"22":3523.1001,"23":3520.12988,"24":3527.83008,"25":3525.17993},"volume":{"0":206776909,"1":85247821,"2":76558194,"3":58882333,"4":65647202,"5":70669220,"6":58066270,"7":62526236,"8":61314464,"9":50557903,"10":69317662,"11":55546419,"12":46986981,"13":46314843,"14":51685557,"15":52186636,"16":58021716,"17":72360205,"18":69906106,"19":67806549,"20":78420951,"21":79662147,"22":88746358,"23":103701295,"24":113729591,"25":163321235}}