{"datetime":{"0":1668116700000,"1":1668115800000,"2":1668114900000,"3":1668114000000,"4":1668113100000,"5":1668112200000,"6":1668111300000,"7":1668110400000,"8":1668109500000,"9":1668108600000,"10":1668107700000,"11":1668106800000,"12":1668105900000,"13":1668105000000,"14":1668104100000,"15":1668103200000,"16":1668102300000,"17":1668101400000,"18":1668100500000,"19":1668099600000,"20":1668098700000,"21":1668097800000,"22":1668096900000,"23":1668096000000,"24":1668095100000,"25":1668094200000},"open":{"0":3946.3999,"1":3942.40991,"2":3940.36011,"3":3930.40991,"4":3922.21997,"5":3924.08008,"6":3925.34009,"7":3920.56006,"8":3917.46997,"9":3913.54004,"10":3913.88989,"11":3898.40991,"12":3909.80005,"13":3914.05005,"14":3915.87012,"15":3926.31006,"16":3918.61011,"17":3915.17993,"18":3911.52002,"19":3912.20996,"20":3899.70996,"21":3905.07007,"22":3896.68994,"23":3905.94995,"24":3875.5,"25":3859.88989},"high":{"0":3958.33008,"1":3948.82007,"2":3942.91992,"3":3940.93994,"4":3930.97998,"5":3924.80005,"6":3925.61011,"7":3925.69995,"8":3922.8999,"9":3917.66992,"10":3916.21997,"11":3913.56006,"12":3909.80005,"13":3914.05005,"14":3922.05005,"15":3926.31006,"16":3927.61011,"17":3924.66992,"18":3915.69995,"19":3913.8501,"20":3913.88989,"21":3907.12012,"22":3908.03003,"23":3912.13989,"24":3903.84009,"25":3886.21997},"low":{"0":3944.92993,"1":3940.66992,"2":3936.63989,"3":3927.93994,"4":3921.61011,"5":3920.69995,"6":3917.66992,"7":3919.91992,"8":3916.80005,"9":3908.96997,"10":3906.37988,"11":3898.40991,"12":3897.82007,"13":3901.98999,"14":3913.06006,"15":3915.42993,"16":3918.3501,"17":3915.17993,"18":3905.5,"19":3902.62988,"20":3897.13989,"21":3887.70996,"22":3896.68994,"23":3896.97998,"24":3875.42993,"25":3859.88989},"close":{"0":3954.34009,"1":3946.41992,"2":3942.38989,"3":3940.37012,"4":3930.40991,"5":3922.17993,"6":3924.12012,"7":3925.3501,"8":3920.57007,"9":3917.52002,"10":3913.59009,"11":3913.56006,"12":3898.46997,"13":3909.86011,"14":3913.87012,"15":3915.8999,"16":3926.28003,"17":3918.57007,"18":3914.96997,"19":3911.37988,"20":3912.02002,"21":3899.70996,"22":3905.11011,"23":3896.97998,"24":3903.84009,"25":3875.38989},"volume":{"0":236418960,"1":145501205,"2":100687271,"3":87927204,"4":66394150,"5":65676449,"6":68066936,"7":62879672,"8":1911847365,"9":61224427,"10":59977721,"11":74733749,"12":70036463,"13":74700183,"14":75616462,"15":84457744,"16":1343707174,"17":93815470,"18":87922523,"19":1153417877,"20":112304539,"21":116750089,"22":124411306,"23":147161742,"24":160789928,"25":211663709}}