{"datetime":{"0":1685051100000,"1":1685050200000,"2":1685049300000,"3":1685048400000,"4":1685047500000,"5":1685046600000,"6":1685045700000,"7":1685044800000,"8":1685043900000,"9":1685043000000,"10":1685042100000,"11":1685041200000,"12":1685040300000,"13":1685039400000,"14":1685038500000,"15":1685037600000,"16":1685036700000,"17":1685035800000,"18":1685034900000,"19":1685034000000,"20":1685033100000,"21":1685032200000,"22":1685031300000,"23":1685030400000,"24":1685029500000,"25":1685028600000},"open":{"0":4160.35986,"1":4158.1499,"2":4153.7002,"3":4146.24023,"4":4147.12988,"5":4155.9502,"6":4156.50977,"7":4154.5,"8":4152.2998,"9":4152.06982,"10":4144.64014,"11":4141.8501,"12":4145.81006,"13":4146.41992,"14":4143.58008,"15":4135.47021,"16":4132.08984,"17":4141.25,"18":4149.54004,"19":4142.49023,"20":4141.91016,"21":4136.7002,"22":4132.33984,"23":4136.87012,"24":4138.77979,"25":4155.70996},"high":{"0":4161.43994,"1":4161.66016,"2":4159.72998,"3":4156.89014,"4":4148.08984,"5":4156.2998,"6":4160.27002,"7":4165.74023,"8":4154.50977,"9":4155.3501,"10":4153.41016,"11":4145.08008,"12":4147.27979,"13":4147.7002,"14":4150.02979,"15":4143.75977,"16":4136.7998,"17":4141.81982,"18":4151.14014,"19":4150.79004,"20":4144.58008,"21":4142.14014,"22":4137.87012,"23":4142.56982,"24":4142.52979,"25":4155.70996},"low":{"0":4150.58984,"1":4155.37988,"2":4151.25977,"3":4146.1001,"4":4143.6001,"5":4145.41016,"6":4155.43018,"7":4153.0498,"8":4150.31006,"9":4151.16992,"10":4144.6001,"11":4140.06982,"12":4141.35986,"13":4141.1499,"14":4143.10986,"15":4135.47021,"16":4131.75977,"17":4130.97998,"18":4140.47998,"19":4142.12988,"20":4139.62988,"21":4132.02979,"22":4129.72998,"23":4130.47998,"24":4131.0,"25":4131.77002},"close":{"0":4151.27002,"1":4160.35986,"2":4158.1499,"3":4153.72021,"4":4146.29004,"5":4147.22998,"6":4155.9502,"7":4156.5,"8":4154.50977,"9":4152.27979,"10":4152.12988,"11":4144.6499,"12":4141.83008,"13":4145.77002,"14":4146.37988,"15":4143.56006,"16":4135.25,"17":4132.02002,"18":4141.22998,"19":4149.47998,"20":4142.43018,"21":4141.75977,"22":4136.5,"23":4132.33008,"24":4136.97021,"25":4138.7998},"volume":{"0":242795725,"1":112808927,"2":77944337,"3":70646144,"4":59906135,"5":62436091,"6":56435674,"7":70084026,"8":53360365,"9":56093549,"10":60575112,"11":53822114,"12":54790574,"13":63503053,"14":1242597685,"15":0,"16":0,"17":0,"18":0,"19":0,"20":0,"21":0,"22":0,"23":0,"24":0,"25":0}}