{"datetime":{"0":1626731100000,"1":1626730200000,"2":1626729300000,"3":1626728400000,"4":1626727500000,"5":1626726600000,"6":1626725700000,"7":1626724800000,"8":1626723900000,"9":1626723000000,"10":1626722100000,"11":1626721200000,"12":1626720300000,"13":1626719400000,"14":1626718500000,"15":1626717600000,"16":1626716700000,"17":1626715800000,"18":1626714900000,"19":1626714000000,"20":1626713100000,"21":1626712200000,"22":1626711300000,"23":1626710400000,"24":1626709500000,"25":1626708600000},"open":{"0":4241.77002,"1":4236.56006,"2":4243.02979,"3":4237.25,"4":4234.29004,"5":4245.72021,"6":4241.06006,"7":4234.41992,"8":4236.7998,"9":4236.9502,"10":4243.52002,"11":4241.62988,"12":4236.79004,"13":4247.70996,"14":4250.75977,"15":4262.43018,"16":4264.8999,"17":4256.14014,"18":4261.3501,"19":4253.64014,"20":4256.0,"21":4252.47021,"22":4250.12988,"23":4254.72998,"24":4277.2998,"25":4296.3999},"high":{"0":4258.64014,"1":4246.66992,"2":4243.6001,"3":4246.91992,"4":4242.16016,"5":4246.06982,"6":4246.54004,"7":4243.56982,"8":4241.16016,"9":4240.20996,"10":4246.97998,"11":4247.06006,"12":4241.95996,"13":4247.70996,"14":4254.3999,"15":4262.43018,"16":4266.27979,"17":4265.20996,"18":4263.99023,"19":4263.2002,"20":4258.41016,"21":4255.87012,"22":4252.68018,"23":4256.49023,"24":4277.2998,"25":4296.3999},"low":{"0":4240.3501,"1":4235.58984,"2":4235.16016,"3":4235.3501,"4":4233.37012,"5":4233.41016,"6":4239.93018,"7":4234.27002,"8":4233.6499,"9":4233.12988,"10":4236.16992,"11":4240.27002,"12":4235.7002,"13":4236.41992,"14":4247.31006,"15":4248.95996,"16":4260.4502,"17":4255.37012,"18":4254.14014,"19":4249.08984,"20":4246.85986,"21":4243.35986,"22":4239.81982,"23":4247.58984,"24":4252.22998,"25":4265.37012},"close":{"0":4258.64014,"1":4241.66016,"2":4236.68994,"3":4243.14014,"4":4237.31006,"5":4233.97998,"6":4245.68018,"7":4240.97998,"8":4234.52979,"9":4236.77979,"10":4236.93994,"11":4243.66992,"12":4241.8999,"13":4236.75977,"14":4247.68994,"15":4250.77979,"16":4262.3999,"17":4264.8999,"18":4256.08008,"19":4261.43994,"20":4253.62988,"21":4255.85986,"22":4252.41992,"23":4250.08984,"24":4255.18994,"25":4277.20996},"volume":{"0":248921990,"1":117523610,"2":82384794,"3":72291616,"4":1942382268,"5":62988507,"6":57906068,"7":60838144,"8":1696331293,"9":60141847,"10":54514195,"11":55816397,"12":1468073709,"13":64995103,"14":56249082,"15":68902965,"16":1220283811,"17":85477691,"18":72421129,"19":86860407,"20":94162887,"21":107502081,"22":127164346,"23":133098667,"24":163083270,"25":193948021}}