{"datetime":{"0":1643406300000,"1":1643405400000,"2":1643404500000,"3":1643403600000,"4":1643402700000,"5":1643401800000,"6":1643400900000,"7":1643400000000,"8":1643399100000,"9":1643398200000,"10":1643397300000,"11":1643396400000,"12":1643395500000,"13":1643394600000,"14":1643393700000,"15":1643392800000,"16":1643391900000,"17":1643391000000,"18":1643390100000,"19":1643389200000,"20":1643388300000,"21":1643387400000,"22":1643386500000,"23":1643385600000,"24":1643384700000,"25":1643383800000},"open":{"0":4402.66016,"1":4385.81006,"2":4374.6001,"3":4374.0,"4":4358.33984,"5":4339.27002,"6":4353.68994,"7":4376.41016,"8":4374.6001,"9":4368.85986,"10":4375.75,"11":4358.95996,"12":4372.1001,"13":4369.16992,"14":4378.70996,"15":4382.91016,"16":4365.97998,"17":4363.66016,"18":4354.41992,"19":4346.87988,"20":4307.43018,"21":4319.66016,"22":4315.50977,"23":4298.41016,"24":4300.04004,"25":4336.18994},"high":{"0":4432.72021,"1":4403.68994,"2":4391.0,"3":4380.37012,"4":4375.00977,"5":4358.89014,"6":4353.7002,"7":4383.45996,"8":4381.47998,"9":4381.06982,"10":4376.97021,"11":4377.68018,"12":4373.68994,"13":4372.70996,"14":4387.68994,"15":4387.89014,"16":4383.91016,"17":4374.81006,"18":4370.02979,"19":4355.49023,"20":4346.77979,"21":4325.72998,"22":4335.97998,"23":4320.91992,"24":4310.02979,"25":4342.99023},"low":{"0":4398.93994,"1":4374.25,"2":4373.45996,"3":4369.85986,"4":4354.74023,"5":4332.3999,"6":4337.72021,"7":4353.54004,"8":4372.14014,"9":4368.85986,"10":4361.00977,"11":4358.49023,"12":4356.25,"13":4364.31982,"14":4367.22021,"15":4375.66992,"16":4364.50977,"17":4357.16016,"18":4354.41992,"19":4335.5498,"20":4306.70996,"21":4305.47998,"22":4314.47021,"23":4292.45996,"24":4292.97998,"25":4299.5},"close":{"0":4431.7998,"1":4402.66992,"2":4385.89014,"3":4374.58984,"4":4374.06982,"5":4358.33008,"6":4339.20996,"7":4353.68018,"8":4376.56982,"9":4375.08008,"10":4368.75,"11":4375.74023,"12":4358.97998,"13":4372.0,"14":4369.62988,"15":4378.8501,"16":4382.93994,"17":4366.43994,"18":4363.7002,"19":4354.93994,"20":4346.75977,"21":4307.5,"22":4319.27979,"23":4315.2002,"24":4297.4502,"25":4300.06982},"volume":{"0":300050600,"1":127158650,"2":90118941,"3":79376089,"4":74291678,"5":80376086,"6":78418023,"7":69521892,"8":64740679,"9":61590573,"10":54801508,"11":61834240,"12":62031253,"13":63964397,"14":69481402,"15":70066241,"16":1195342250,"17":84218746,"18":94088608,"19":1019935256,"20":111436415,"21":106449637,"22":115152619,"23":125382277,"24":178412278,"25":149170225}}