{"datetime":{"0":1667249100000,"1":1667248200000,"2":1667247300000,"3":1667246400000,"4":1667245500000,"5":1667244600000,"6":1667243700000,"7":1667242800000,"8":1667241900000,"9":1667241000000,"10":1667240100000,"11":1667239200000,"12":1667238300000,"13":1667237400000,"14":1667236500000,"15":1667235600000,"16":1667234700000,"17":1667233800000,"18":1667232900000,"19":1667232000000,"20":1667231100000,"21":1667230200000,"22":1667229300000,"23":1667228400000,"24":1667227500000,"25":1667226600000},"open":{"0":3882.84009,"1":3876.53003,"2":3869.86011,"3":3878.6499,"4":3885.17993,"5":3879.71997,"6":3879.23999,"7":3880.45996,"8":3882.0,"9":3883.38989,"10":3875.42993,"11":3872.41992,"12":3870.67993,"13":3878.51001,"14":3882.82007,"15":3880.51001,"16":3888.94995,"17":3883.53003,"18":3878.46997,"19":3871.18994,"20":3872.80005,"21":3868.55005,"22":3870.27002,"23":3865.32007,"24":3881.37988,"25":3881.8501},"high":{"0":3883.36011,"1":3884.33008,"2":3876.78003,"3":3878.92993,"4":3886.80005,"5":3886.91992,"6":3882.76001,"7":3883.77002,"8":3882.0,"9":3885.62988,"10":3883.88989,"11":3876.67993,"12":3873.13989,"13":3878.83008,"14":3889.86011,"15":3883.11011,"16":3893.72998,"17":3888.97998,"18":3886.03003,"19":3882.63989,"20":3877.09009,"21":3872.77002,"22":3878.75,"23":3872.75,"24":3881.45996,"25":3884.61011},"low":{"0":3870.28003,"1":3874.73999,"2":3867.33008,"3":3866.19995,"4":3876.56006,"5":3878.54004,"6":3877.54004,"7":3876.76001,"8":3875.43994,"9":3880.27002,"10":3873.46997,"11":3868.76001,"12":3868.46997,"13":3868.47998,"14":3879.30005,"15":3874.83008,"16":3874.70996,"17":3880.86011,"18":3876.86011,"19":3870.70996,"20":3868.67993,"21":3863.93994,"22":3866.8501,"23":3863.17993,"24":3865.04004,"25":3872.07007},"close":{"0":3872.34009,"1":3882.82007,"2":3876.44995,"3":3869.82007,"4":3878.53003,"5":3885.08008,"6":3879.78003,"7":3879.26001,"8":3880.3999,"9":3881.97998,"10":3883.56006,"11":3875.41992,"12":3872.38989,"13":3870.38989,"14":3879.71997,"15":3882.75,"16":3880.12012,"17":3888.92993,"18":3883.57007,"19":3878.54004,"20":3871.48999,"21":3872.69995,"22":3868.51001,"23":3870.29004,"24":3865.36011,"25":3881.33008},"volume":{"0":270670444,"1":98975992,"2":77334537,"3":74130172,"4":65165526,"5":57255199,"6":52912959,"7":58355934,"8":50582215,"9":53168501,"10":56719317,"11":56018097,"12":53073027,"13":62056568,"14":60207552,"15":1107209574,"16":1039120921,"17":62609612,"18":77935454,"19":77233784,"20":82199537,"21":84300728,"22":609696683,"23":101483704,"24":169775811,"25":132949316}}