{"datetime":{"0":1670535900000,"1":1670535000000,"2":1670534100000,"3":1670533200000,"4":1670532300000,"5":1670531400000,"6":1670530500000,"7":1670529600000,"8":1670528700000,"9":1670527800000,"10":1670526900000,"11":1670526000000,"12":1670525100000,"13":1670524200000,"14":1670523300000,"15":1670522400000,"16":1670521500000,"17":1670520600000,"18":1670519700000,"19":1670518800000,"20":1670517900000,"21":1670517000000,"22":1670516100000,"23":1670515200000,"24":1670514300000,"25":1670513400000},"open":{"0":3958.92993,"1":3963.11011,"2":3956.12988,"3":3956.46997,"4":3955.3501,"5":3952.84009,"6":3953.20996,"7":3965.93994,"8":3972.37012,"9":3965.79004,"10":3959.36011,"11":3959.56006,"12":3955.45996,"13":3957.05005,"14":3962.45996,"15":3962.69995,"16":3962.53003,"17":3959.72998,"18":3960.44995,"19":3967.31006,"20":3966.37988,"21":3970.79004,"22":3967.34009,"23":3963.27002,"24":3938.20996,"25":3947.79004},"high":{"0":3964.33008,"1":3966.62012,"2":3964.69995,"3":3959.65991,"4":3960.84009,"5":3957.62012,"6":3957.6499,"7":3965.93994,"8":3972.93994,"9":3973.30005,"10":3965.86011,"11":3963.13989,"12":3959.91992,"13":3958.87988,"14":3962.45996,"15":3964.26001,"16":3965.21997,"17":3963.51001,"18":3960.97998,"19":3969.95996,"20":3970.47998,"21":3974.18994,"22":3972.69995,"23":3970.28003,"24":3963.30005,"25":3952.82007},"low":{"0":3951.67993,"1":3957.5,"2":3954.3999,"3":3950.62012,"4":3953.31006,"5":3949.37012,"6":3951.32007,"7":3947.66992,"8":3965.11011,"9":3965.79004,"10":3957.97998,"11":3959.27002,"12":3952.65991,"13":3954.73999,"14":3955.83008,"15":3958.37988,"16":3961.5,"17":3956.87988,"18":3951.86011,"19":3956.18994,"20":3965.19995,"21":3964.97998,"22":3962.37988,"23":3962.25,"24":3936.23999,"25":3938.18994},"close":{"0":3962.90991,"1":3958.95996,"2":3963.11011,"3":3956.12012,"4":3956.47998,"5":3955.20996,"6":3952.86011,"7":3953.22998,"8":3965.92993,"9":3972.3501,"10":3965.72998,"11":3959.37012,"12":3959.58008,"13":3955.51001,"14":3957.04004,"15":3962.40991,"16":3962.70996,"17":3962.53003,"18":3959.75,"19":3960.37012,"20":3967.3999,"21":3966.29004,"22":3970.58008,"23":3967.26001,"24":3963.06006,"25":3938.18994},"volume":{"0":176683945,"1":87369333,"2":64696913,"3":59309568,"4":53107429,"5":52454498,"6":49949243,"7":65215494,"8":47411689,"9":51754026,"10":43661770,"11":46409546,"12":42706482,"13":44594679,"14":48098898,"15":47976829,"16":50888084,"17":57741595,"18":62613423,"19":650178578,"20":65466493,"21":78256567,"22":79295988,"23":91508021,"24":104221237,"25":99069091}}