{"datetime":{"0":1678740300000,"1":1678739400000,"2":1678738500000,"3":1678737600000,"4":1678736700000,"5":1678735800000,"6":1678734900000,"7":1678734000000,"8":1678733100000,"9":1678732200000,"10":1678731300000,"11":1678730400000,"12":1678729500000,"13":1678728600000,"14":1678727700000,"15":1678726800000,"16":1678725900000,"17":1678725000000,"18":1678724100000,"19":1678723200000,"20":1678722300000,"21":1678721400000,"22":1678720500000,"23":1678719600000,"24":1678718700000,"25":1678717800000},"open":{"0":3872.61011,"1":3862.68994,"2":3887.12988,"3":3887.84009,"4":3887.27002,"5":3887.69995,"6":3884.88989,"7":3881.26001,"8":3879.53003,"9":3866.87988,"10":3869.70996,"11":3868.65991,"12":3883.1001,"13":3881.84009,"14":3888.18994,"15":3891.3999,"16":3888.55005,"17":3899.72998,"18":3884.31006,"19":3879.6499,"20":3861.68994,"21":3842.90991,"22":3856.48999,"23":3859.12012,"24":3814.34009,"25":3835.12012},"high":{"0":3874.6499,"1":3879.68994,"2":3889.16992,"3":3891.38989,"4":3888.78003,"5":3897.57007,"6":3893.94995,"7":3890.94995,"8":3883.45996,"9":3880.23999,"10":3876.19995,"11":3871.33008,"12":3885.51001,"13":3889.6499,"14":3895.62012,"15":3905.05005,"16":3897.76001,"17":3901.30005,"18":3900.83008,"19":3894.77002,"20":3881.12988,"21":3864.8501,"22":3857.55005,"23":3873.92993,"24":3865.86011,"25":3835.12012},"low":{"0":3854.1001,"1":3862.26001,"2":3858.3501,"3":3878.43994,"4":3881.32007,"5":3880.6499,"6":3883.40991,"7":3880.37012,"8":3874.93994,"9":3858.76001,"10":3862.03003,"11":3857.46997,"12":3864.75,"13":3871.08008,"14":3874.53003,"15":3883.48999,"16":3877.66992,"17":3877.47998,"18":3882.73999,"19":3875.68994,"20":3848.33008,"21":3842.90991,"22":3840.8999,"23":3849.32007,"24":3812.95996,"25":3808.86011},"close":{"0":3855.54004,"1":3872.45996,"2":3862.96997,"3":3887.01001,"4":3887.81006,"5":3887.23999,"6":3887.55005,"7":3884.94995,"8":3881.3501,"9":3879.3501,"10":3866.88989,"11":3869.72998,"12":3868.66992,"13":3883.05005,"14":3882.20996,"15":3888.18994,"16":3891.36011,"17":3888.45996,"18":3899.65991,"19":3884.12012,"20":3879.30005,"21":3861.90991,"22":3842.75,"23":3857.12988,"24":3859.01001,"25":3814.18994},"volume":{"0":305259894,"1":157219599,"2":124721818,"3":105174958,"4":86018273,"5":99563872,"6":98625451,"7":97991670,"8":85235562,"9":93598814,"10":83533726,"11":89558996,"12":101312834,"13":106279651,"14":106049970,"15":109585414,"16":1833512177,"17":127322201,"18":150547209,"19":149103607,"20":155103576,"21":159126496,"22":154713614,"23":183685487,"24":215189643,"25":214795623}}