{"datetime":{"0":1597182300000,"1":1597181400000,"2":1597180500000,"3":1597179600000,"4":1597178700000,"5":1597177800000,"6":1597176900000,"7":1597176000000,"8":1597175100000,"9":1597174200000,"10":1597173300000,"11":1597172400000,"12":1597171500000,"13":1597170600000,"14":1597169700000,"15":1597168800000,"16":1597167900000,"17":1597167000000,"18":1597166100000,"19":1597165200000,"20":1597164300000,"21":1597163400000,"22":1597162500000,"23":1597161600000,"24":1597160700000,"25":1597159800000},"open":{"0":3342.46997,"1":3353.6499,"2":3360.43994,"3":3368.84009,"4":3367.88989,"5":3368.32007,"6":3373.96997,"7":3378.1499,"8":3377.61011,"9":3380.31006,"10":3375.37012,"11":3376.07007,"12":3377.62988,"13":3376.78003,"14":3375.12012,"15":3371.80005,"16":3374.48999,"17":3377.21997,"18":3376.07007,"19":3372.37988,"20":3371.93994,"21":3370.90991,"22":3363.94995,"23":3370.1001,"24":3376.33008,"25":3370.34009},"high":{"0":3342.46997,"1":3353.6499,"2":3360.98999,"3":3369.38989,"4":3369.04004,"5":3369.82007,"6":3375.29004,"7":3379.86011,"8":3378.79004,"9":3380.55005,"10":3381.01001,"11":3377.32007,"12":3378.0,"13":3377.70996,"14":3377.55005,"15":3374.11011,"16":3374.52002,"17":3377.95996,"18":3378.12988,"19":3376.93994,"20":3374.12988,"21":3373.54004,"22":3371.04004,"23":3370.94995,"24":3378.82007,"25":3377.94995},"low":{"0":3326.43994,"1":3341.09009,"2":3342.11011,"3":3360.6499,"4":3363.45996,"5":3364.17993,"6":3368.28003,"7":3374.09009,"8":3374.80005,"9":3377.16992,"10":3374.11011,"11":3374.66992,"12":3374.1499,"13":3374.87012,"14":3374.8501,"15":3368.70996,"16":3370.11011,"17":3374.22998,"18":3375.37988,"19":3372.18994,"20":3369.3501,"21":3367.23999,"22":3363.05005,"23":3361.62988,"24":3369.37988,"25":3370.25},"close":{"0":3334.08008,"1":3342.46997,"2":3353.68994,"3":3360.6499,"4":3368.80005,"5":3368.21997,"6":3368.38989,"7":3374.09009,"8":3378.1499,"9":3377.61011,"10":3380.32007,"11":3375.36011,"12":3376.03003,"13":3377.62988,"14":3376.90991,"15":3373.90991,"16":3371.77002,"17":3374.48999,"18":3377.18994,"19":3376.05005,"20":3372.32007,"21":3371.98999,"22":3370.88989,"23":3363.87012,"24":3369.98999,"25":3376.42993},"volume":{"0":301474257,"1":135826172,"2":132714265,"3":81938730,"4":63845601,"5":70690173,"6":61090831,"7":57279242,"8":49022667,"9":50464833,"10":55787325,"11":51381144,"12":60750955,"13":58542101,"14":63909840,"15":57207177,"16":58295647,"17":73517904,"18":85028789,"19":92255840,"20":87411701,"21":105252024,"22":122348442,"23":160223552,"24":182813542,"25":242918086}}