{"datetime":{"0":1637617500000,"1":1637616600000,"2":1637615700000,"3":1637614800000,"4":1637613900000,"5":1637613000000,"6":1637612100000,"7":1637611200000,"8":1637610300000,"9":1637609400000,"10":1637608500000,"11":1637607600000,"12":1637606700000,"13":1637605800000,"14":1637604900000,"15":1637604000000,"16":1637603100000,"17":1637602200000,"18":1637601300000,"19":1637600400000,"20":1637599500000,"21":1637598600000,"22":1637597700000,"23":1637596800000,"24":1637595900000,"25":1637595000000},"open":{"0":4709.16016,"1":4721.77979,"2":4728.02002,"3":4725.8999,"4":4722.33984,"5":4718.37012,"6":4719.72998,"7":4715.27979,"8":4718.22998,"9":4718.02979,"10":4714.8501,"11":4715.18994,"12":4719.4502,"13":4710.93994,"14":4709.62988,"15":4708.62988,"16":4725.85986,"17":4729.72998,"18":4731.68994,"19":4736.1001,"20":4740.08008,"21":4739.85986,"22":4741.66016,"23":4734.62988,"24":4726.06982,"25":4712.0},"high":{"0":4712.18994,"1":4722.04004,"2":4728.22021,"3":4731.99023,"4":4727.0,"5":4722.58008,"6":4720.33008,"7":4720.97021,"8":4718.52002,"9":4720.08984,"10":4719.52002,"11":4715.31982,"12":4719.68994,"13":4719.87012,"14":4714.58008,"15":4713.52002,"16":4727.45996,"17":4732.35986,"18":4732.4502,"19":4736.52002,"20":4740.22021,"21":4742.58008,"22":4743.83008,"23":4743.14014,"24":4736.22998,"25":4725.93994},"low":{"0":4682.16992,"1":4709.16016,"2":4721.54004,"3":4724.62012,"4":4721.5,"5":4717.74023,"6":4716.35986,"7":4714.37012,"8":4714.93994,"9":4715.2002,"10":4714.8501,"11":4711.68018,"12":4713.16016,"13":4710.5498,"14":4705.3501,"15":4704.52979,"16":4700.6001,"17":4725.79004,"18":4728.5,"19":4729.37988,"20":4734.41016,"21":4739.85986,"22":4739.08008,"23":4734.62988,"24":4723.6001,"25":4712.0},"close":{"0":4682.58008,"1":4709.20996,"2":4721.77979,"3":4728.08984,"4":4725.77979,"5":4722.3501,"6":4718.39014,"7":4719.68018,"8":4715.25977,"9":4718.24023,"10":4718.0,"11":4714.6499,"12":4715.2998,"13":4719.37012,"14":4710.95996,"15":4709.79004,"16":4708.70996,"17":4726.02979,"18":4729.81982,"19":4731.75977,"20":4736.12988,"21":4740.16016,"22":4739.72998,"23":4741.58984,"24":4734.6499,"25":4725.93994},"volume":{"0":244110424,"1":94236142,"2":65978504,"3":67092489,"4":55618812,"5":52214417,"6":51267147,"7":49246305,"8":47506320,"9":45271920,"10":51672732,"11":52620177,"12":53715454,"13":60426161,"14":61146818,"15":75682158,"16":94390234,"17":78514089,"18":77299497,"19":76923359,"20":81409546,"21":81004222,"22":84434800,"23":102828027,"24":108825288,"25":174650318}}