{"datetime":{"0":1684187100000,"1":1684186200000,"2":1684185300000,"3":1684184400000,"4":1684183500000,"5":1684182600000,"6":1684181700000,"7":1684180800000,"8":1684179900000,"9":1684179000000,"10":1684178100000,"11":1684177200000,"12":1684176300000,"13":1684175400000,"14":1684174500000,"15":1684173600000,"16":1684172700000,"17":1684171800000,"18":1684170900000,"19":1684170000000,"20":1684169100000,"21":1684168200000,"22":1684167300000,"23":1684166400000,"24":1684165500000,"25":1684164600000},"open":{"0":4132.79004,"1":4135.0498,"2":4133.66992,"3":4131.91016,"4":4133.43994,"5":4129.93018,"6":4133.47998,"7":4130.75977,"8":4125.72021,"9":4130.22021,"10":4139.5498,"11":4134.8999,"12":4128.9502,"13":4127.0498,"14":4125.39014,"15":4127.6001,"16":4124.50977,"17":4127.56006,"18":4126.58008,"19":4122.06982,"20":4123.25977,"21":4117.54004,"22":4110.79004,"23":4115.37988,"24":4122.83984,"25":4126.6499},"high":{"0":4136.50977,"1":4136.68994,"2":4135.7998,"3":4135.08984,"4":4135.18018,"5":4133.56006,"6":4133.72998,"7":4134.08984,"8":4131.10986,"9":4131.27979,"10":4140.6001,"11":4141.25,"12":4135.0498,"13":4128.87012,"14":4128.24023,"15":4128.04004,"16":4129.16016,"17":4128.70996,"18":4129.22021,"19":4126.68018,"20":4126.97021,"21":4124.3501,"22":4119.20996,"23":4118.99023,"24":4124.35986,"25":4130.4502},"low":{"0":4132.14014,"1":4132.6001,"2":4133.06982,"3":4131.5,"4":4130.35986,"5":4129.18018,"6":4129.58008,"7":4130.75977,"8":4124.27002,"9":4123.81982,"10":4132.41992,"11":4133.8999,"12":4128.85986,"13":4125.74023,"14":4124.66992,"15":4124.56982,"16":4123.41992,"17":4124.47998,"18":4126.25977,"19":4121.52002,"20":4121.62012,"21":4117.08008,"22":4110.27002,"23":4110.75,"24":4115.18018,"25":4119.8999},"close":{"0":4136.50977,"1":4132.81982,"2":4135.04004,"3":4133.68018,"4":4131.91992,"5":4133.4502,"6":4129.93018,"7":4133.47998,"8":4130.75977,"9":4125.70996,"10":4132.6499,"11":4139.54004,"12":4134.87988,"13":4128.87012,"14":4127.08008,"15":4125.3999,"16":4127.75,"17":4124.50977,"18":4127.6001,"19":4126.62012,"20":4122.10986,"21":4123.2002,"22":4117.56982,"23":4110.83008,"24":4115.2002,"25":4122.83008},"volume":{"0":209627510,"1":85277059,"2":57435708,"3":51662819,"4":47015228,"5":44554573,"6":50627568,"7":43697958,"8":45268122,"9":57686040,"10":52689627,"11":49806002,"12":47441355,"13":43152252,"14":47980559,"15":45159007,"16":55381435,"17":56962964,"18":61019928,"19":62994756,"20":77679524,"21":69661238,"22":68295477,"23":82265988,"24":87742455,"25":99970206}}