{"datetime":{"0":1603143900000,"1":1603143000000,"2":1603142100000,"3":1603141200000,"4":1603140300000,"5":1603139400000,"6":1603138500000,"7":1603137600000,"8":1603136700000,"9":1603135800000,"10":1603134900000,"11":1603134000000,"12":1603133100000,"13":1603132200000,"14":1603131300000,"15":1603130400000,"16":1603129500000,"17":1603128600000,"18":1603127700000,"19":1603126800000,"20":1603125900000,"21":1603125000000,"22":1603124100000,"23":1603123200000,"24":1603122300000,"25":1603121400000},"open":{"0":3430.01001,"1":3428.43994,"2":3432.84009,"3":3431.56006,"4":3441.36011,"5":3459.15991,"6":3458.16992,"7":3457.59009,"8":3461.70996,"9":3467.43994,"10":3469.92993,"11":3470.79004,"12":3472.12988,"13":3468.15991,"14":3469.37012,"15":3471.45996,"16":3474.91992,"17":3472.51001,"18":3479.87988,"19":3480.0,"20":3477.20996,"21":3491.46997,"22":3482.98999,"23":3493.92993,"24":3501.28003,"25":3493.65991},"high":{"0":3432.38989,"1":3435.72998,"2":3432.84009,"3":3434.46997,"4":3441.36011,"5":3459.15991,"6":3460.25,"7":3458.29004,"8":3461.72998,"9":3467.86011,"10":3471.01001,"11":3471.62988,"12":3473.26001,"13":3472.57007,"14":3471.8999,"15":3474.97998,"16":3475.45996,"17":3477.32007,"18":3481.96997,"19":3482.29004,"20":3480.94995,"21":3491.68994,"22":3491.36011,"23":3493.92993,"24":3502.41992,"25":3501.87012},"low":{"0":3419.92993,"1":3428.1001,"2":3421.84009,"3":3422.3999,"4":3431.62012,"5":3441.32007,"6":3457.6001,"7":3451.6001,"8":3454.58008,"9":3460.26001,"10":3466.3999,"11":3466.12012,"12":3470.0,"13":3467.57007,"14":3465.73999,"15":3467.88989,"16":3470.45996,"17":3469.66992,"18":3466.13989,"19":3478.41992,"20":3473.28003,"21":3477.30005,"22":3482.23999,"23":3478.30005,"24":3493.96997,"25":3493.65991},"close":{"0":3427.81006,"1":3430.01001,"2":3428.46997,"3":3432.92993,"4":3431.63989,"5":3441.32007,"6":3459.15991,"7":3458.16992,"8":3457.62012,"9":3461.71997,"10":3467.42993,"11":3469.90991,"12":3470.81006,"13":3472.13989,"14":3468.1001,"15":3469.38989,"16":3471.45996,"17":3474.92993,"18":3472.63989,"19":3479.88989,"20":3480.08008,"21":3477.30005,"22":3491.34009,"23":3483.01001,"24":3493.96997,"25":3501.12988},"volume":{"0":237136504,"1":100361055,"2":83638612,"3":86160205,"4":75726025,"5":64056159,"6":47127061,"7":57877920,"8":65306539,"9":43532823,"10":37212821,"11":37855129,"12":39847962,"13":39514511,"14":42505214,"15":49683210,"16":41642551,"17":49767309,"18":68498102,"19":58600624,"20":69945807,"21":77403550,"22":68517683,"23":85953728,"24":95090474,"25":112302921}}