{"datetime":{"0":1657230300000,"1":1657229400000,"2":1657228500000,"3":1657227600000,"4":1657226700000,"5":1657225800000,"6":1657224900000,"7":1657224000000,"8":1657223100000,"9":1657222200000,"10":1657221300000,"11":1657220400000,"12":1657219500000,"13":1657218600000,"14":1657217700000,"15":1657216800000,"16":1657215900000,"17":1657215000000,"18":1657214100000,"19":1657213200000,"20":1657212300000,"21":1657211400000,"22":1657210500000,"23":1657209600000,"24":1657208700000,"25":1657207800000},"open":{"0":3900.6001,"1":3903.29004,"2":3908.03003,"3":3901.32007,"4":3896.71997,"5":3902.06006,"6":3900.1001,"7":3896.90991,"8":3893.94995,"9":3887.3999,"10":3887.95996,"11":3893.32007,"12":3893.3999,"13":3892.67993,"14":3890.83008,"15":3891.33008,"16":3888.21997,"17":3884.40991,"18":3888.25,"19":3886.20996,"20":3880.62012,"21":3880.75,"22":3878.56006,"23":3886.65991,"24":3883.32007,"25":3858.8501},"high":{"0":3905.66992,"1":3907.61011,"2":3910.62988,"3":3908.0,"4":3901.51001,"5":3902.08008,"6":3902.34009,"7":3900.53003,"8":3897.44995,"9":3894.05005,"10":3890.37012,"11":3894.67993,"12":3894.72998,"13":3896.46997,"14":3893.78003,"15":3893.37988,"16":3892.01001,"17":3889.95996,"18":3891.08008,"19":3892.79004,"20":3890.5,"21":3885.01001,"22":3880.96997,"23":3886.65991,"24":3888.58008,"25":3885.22998},"low":{"0":3898.76001,"1":3899.71997,"2":3903.28003,"3":3900.66992,"4":3896.5,"5":3896.07007,"6":3898.8999,"7":3896.59009,"8":3893.81006,"9":3886.61011,"10":3887.17993,"11":3887.25,"12":3890.05005,"13":3892.19995,"14":3890.12012,"15":3889.57007,"16":3887.73999,"17":3882.90991,"18":3883.82007,"19":3885.66992,"20":3878.48999,"21":3879.87988,"22":3874.1499,"23":3873.12988,"24":3882.0,"25":3858.8501},"close":{"0":3901.37012,"1":3900.62012,"2":3903.28003,"3":3908.0,"4":3901.31006,"5":3896.71997,"6":3902.06006,"7":3900.07007,"8":3896.87988,"9":3893.92993,"10":3887.3999,"11":3887.92993,"12":3893.34009,"13":3893.41992,"14":3892.61011,"15":3890.78003,"16":3891.20996,"17":3888.18994,"18":3884.62012,"19":3888.25,"20":3886.25,"21":3880.66992,"22":3880.65991,"23":3878.65991,"24":3886.27002,"25":3883.41992},"volume":{"0":210907197,"1":92621521,"2":66528958,"3":56110263,"4":44307474,"5":48208176,"6":43761120,"7":48955700,"8":41109102,"9":42850329,"10":39572556,"11":40398642,"12":43473921,"13":43077362,"14":42390588,"15":46850427,"16":45706063,"17":52263434,"18":58407793,"19":57162504,"20":59916572,"21":71784332,"22":72422103,"23":101105684,"24":105709528,"25":128622731}}