{"datetime":{"0":1638481500000,"1":1638480600000,"2":1638479700000,"3":1638478800000,"4":1638477900000,"5":1638477000000,"6":1638476100000,"7":1638475200000,"8":1638474300000,"9":1638473400000,"10":1638472500000,"11":1638471600000,"12":1638470700000,"13":1638469800000,"14":1638468900000,"15":1638468000000,"16":1638467100000,"17":1638466200000,"18":1638465300000,"19":1638464400000,"20":1638463500000,"21":1638462600000,"22":1638461700000,"23":1638460800000,"24":1638459900000,"25":1638459000000},"open":{"0":4590.83008,"1":4580.8501,"2":4582.68994,"3":4582.9502,"4":4587.64014,"5":4591.3999,"6":4583.39014,"7":4587.99023,"8":4578.3501,"9":4571.41992,"10":4584.31006,"11":4581.9502,"12":4579.68994,"13":4587.08008,"14":4583.6499,"15":4572.68994,"16":4556.93994,"17":4568.56006,"18":4562.41016,"19":4554.18994,"20":4527.0,"21":4554.79004,"22":4551.12012,"23":4563.72021,"24":4543.6001,"25":4504.72998},"high":{"0":4592.27002,"1":4595.45996,"2":4584.52979,"3":4590.60986,"4":4588.8501,"5":4592.12988,"6":4591.87988,"7":4589.45996,"8":4588.58008,"9":4582.25,"10":4585.47998,"11":4584.7002,"12":4588.81006,"13":4588.29004,"14":4588.5498,"15":4583.54004,"16":4574.58984,"17":4570.08984,"18":4572.56982,"19":4565.41992,"20":4554.18994,"21":4559.47998,"22":4557.8501,"23":4568.20996,"24":4564.43994,"25":4547.7002},"low":{"0":4568.12988,"1":4580.50977,"2":4577.18994,"3":4576.33008,"4":4577.5,"5":4585.0,"6":4583.2002,"7":4581.22021,"8":4570.02979,"9":4567.68018,"10":4570.16016,"11":4572.77002,"12":4579.3501,"13":4576.91992,"14":4580.58984,"15":4569.18018,"16":4552.56982,"17":4550.02979,"18":4562.2002,"19":4547.5498,"20":4526.1001,"21":4527.02002,"22":4541.25,"23":4546.35986,"24":4540.22021,"25":4504.72998},"close":{"0":4576.5,"1":4590.8501,"2":4580.62012,"3":4582.72998,"4":4582.95996,"5":4587.37988,"6":4591.35986,"7":4583.3999,"8":4587.97021,"9":4578.33008,"10":4571.31982,"11":4584.1499,"12":4581.8501,"13":4579.7002,"14":4587.02979,"15":4583.54004,"16":4572.56982,"17":4556.97998,"18":4568.35986,"19":4562.41992,"20":4554.16016,"21":4527.02002,"22":4554.93994,"23":4551.14014,"24":4563.4502,"25":4543.16992},"volume":{"0":252702216,"1":99197214,"2":72830726,"3":67150723,"4":67097943,"5":57212011,"6":61809884,"7":68351679,"8":61281008,"9":57196608,"10":61232388,"11":66290587,"12":61692492,"13":61439662,"14":69088924,"15":73012303,"16":66236315,"17":87937896,"18":82395399,"19":88516403,"20":100114734,"21":101500163,"22":107321491,"23":116576721,"24":141200102,"25":195835531}}