{"datetime":{"0":1647290700000,"1":1647289800000,"2":1647288900000,"3":1647288000000,"4":1647287100000,"5":1647286200000,"6":1647285300000,"7":1647284400000,"8":1647283500000,"9":1647282600000,"10":1647281700000,"11":1647280800000,"12":1647279900000,"13":1647279000000,"14":1647278100000,"15":1647277200000,"16":1647276300000,"17":1647275400000,"18":1647274500000,"19":1647273600000,"20":1647272700000,"21":1647271800000,"22":1647270900000,"23":1647270000000,"24":1647269100000,"25":1647268200000},"open":{"0":4173.97021,"1":4175.02979,"2":4178.87012,"3":4173.83008,"4":4167.77979,"5":4162.24023,"6":4172.06006,"7":4170.06982,"8":4168.7002,"9":4176.8999,"10":4180.16016,"11":4182.10986,"12":4198.45996,"13":4200.87012,"14":4193.58008,"15":4207.54004,"16":4210.89014,"17":4225.70996,"18":4234.27979,"19":4246.18018,"20":4231.39014,"21":4230.93994,"22":4232.91992,"23":4216.20996,"24":4216.1499,"25":4202.75},"high":{"0":4179.41016,"1":4175.08984,"2":4184.08984,"3":4181.66992,"4":4175.31982,"5":4173.56982,"6":4172.18018,"7":4175.04004,"8":4177.52002,"9":4178.87012,"10":4183.2998,"11":4183.06006,"12":4198.45996,"13":4204.08984,"14":4201.18018,"15":4207.54004,"16":4211.04004,"17":4226.87988,"18":4237.10986,"19":4247.56982,"20":4245.93018,"21":4235.66016,"22":4237.3501,"23":4234.99023,"24":4220.08984,"25":4220.31006},"low":{"0":4165.2002,"1":4163.22998,"2":4174.43018,"3":4170.25,"4":4163.62988,"5":4161.72021,"6":4161.72998,"7":4167.91992,"8":4164.81006,"9":4165.39014,"10":4176.25977,"11":4177.16016,"12":4182.02979,"13":4195.75977,"14":4193.33984,"15":4192.2998,"16":4203.5,"17":4208.54004,"18":4224.1499,"19":4233.7002,"20":4229.97021,"21":4224.1001,"22":4228.56006,"23":4209.12012,"24":4209.87988,"25":4194.8999},"close":{"0":4172.27002,"1":4173.62988,"2":4175.06982,"3":4178.85986,"4":4173.77979,"5":4167.77979,"6":4162.22021,"7":4172.0498,"8":4170.02002,"9":4168.58984,"10":4176.87988,"11":4180.2002,"12":4182.02979,"13":4198.49023,"14":4200.8999,"15":4193.56982,"16":4207.66992,"17":4210.79004,"18":4225.68994,"19":4234.31006,"20":4245.93018,"21":4231.49023,"22":4230.83008,"23":4233.16992,"24":4216.25,"25":4216.06006},"volume":{"0":181166908,"1":110599591,"2":86872135,"3":72879059,"4":65246943,"5":62115499,"6":61681907,"7":69007283,"8":73073621,"9":80329643,"10":59219441,"11":69896488,"12":61241529,"13":60922343,"14":64090496,"15":68559521,"16":68589061,"17":73459786,"18":69024861,"19":75199758,"20":85146333,"21":89870788,"22":103129335,"23":115591410,"24":130066218,"25":162776596}}