{"datetime":{"0":1633470300000,"1":1633469400000,"2":1633468500000,"3":1633467600000,"4":1633466700000,"5":1633465800000,"6":1633464900000,"7":1633464000000,"8":1633463100000,"9":1633462200000,"10":1633461300000,"11":1633460400000,"12":1633459500000,"13":1633458600000,"14":1633457700000,"15":1633456800000,"16":1633455900000,"17":1633455000000,"18":1633454100000,"19":1633453200000,"20":1633452300000,"21":1633451400000,"22":1633450500000,"23":1633449600000,"24":1633448700000,"25":1633447800000},"open":{"0":4358.12012,"1":4359.43018,"2":4367.6001,"3":4364.64014,"4":4367.27002,"5":4366.08008,"6":4363.5,"7":4364.54004,"8":4366.06006,"9":4360.0,"10":4359.27979,"11":4359.56982,"12":4354.99023,"13":4357.33008,"14":4363.14014,"15":4359.89014,"16":4354.93994,"17":4361.00977,"18":4365.22021,"19":4359.29004,"20":4351.87988,"21":4351.7002,"22":4344.00977,"23":4326.39014,"24":4312.93994,"25":4309.87012},"high":{"0":4358.66016,"1":4362.85986,"2":4367.72021,"3":4367.70996,"4":4369.22998,"5":4368.68018,"6":4366.04004,"7":4368.1499,"8":4366.87012,"9":4366.08984,"10":4361.20996,"11":4361.4502,"12":4359.75,"13":4358.41016,"14":4363.14014,"15":4365.77002,"16":4359.93994,"17":4363.83008,"18":4365.97021,"19":4365.66016,"20":4359.33984,"21":4354.83984,"22":4351.97021,"23":4343.93018,"24":4331.5,"25":4324.91016},"low":{"0":4344.06982,"1":4358.02979,"2":4358.64014,"3":4363.43994,"4":4364.33008,"5":4365.56982,"6":4361.8999,"7":4363.37988,"8":4362.52979,"9":4359.56982,"10":4358.04004,"11":4356.18018,"12":4354.99023,"13":4353.74023,"14":4354.9502,"15":4357.49023,"16":4352.72998,"17":4354.66992,"18":4360.45996,"19":4357.2002,"20":4351.87988,"21":4346.7002,"22":4342.00977,"23":4326.39014,"24":4312.93994,"25":4309.87012},"close":{"0":4345.2002,"1":4358.1001,"2":4359.43994,"3":4367.58008,"4":4364.72998,"5":4367.27002,"6":4366.02002,"7":4363.50977,"8":4364.5498,"9":4366.08984,"10":4360.0,"11":4359.27979,"12":4359.56006,"13":4355.0498,"14":4357.31006,"15":4363.14014,"16":4359.93994,"17":4354.89014,"18":4361.0,"19":4365.31982,"20":4359.33008,"21":4351.8999,"22":4351.70996,"23":4343.93018,"24":4326.27002,"25":4312.66992},"volume":{"0":1700004246,"1":80697191,"2":56683859,"3":46412780,"4":1353890188,"5":47048582,"6":41770532,"7":44058124,"8":36696561,"9":38753124,"10":35397528,"11":41569922,"12":1027508153,"13":46321717,"14":60930476,"15":51062069,"16":55504289,"17":59778127,"18":58921812,"19":63702139,"20":590635255,"21":78204375,"22":77528546,"23":85495577,"24":110257867,"25":111559111}}