{"datetime":{"0":1604958300000,"1":1604957400000,"2":1604956500000,"3":1604955600000,"4":1604954700000,"5":1604953800000,"6":1604952900000,"7":1604952000000,"8":1604951100000,"9":1604950200000,"10":1604949300000,"11":1604948400000,"12":1604947500000,"13":1604946600000,"14":1604945700000,"15":1604944800000,"16":1604943900000,"17":1604943000000,"18":1604942100000,"19":1604941200000,"20":1604940300000,"21":1604939400000,"22":1604938500000,"23":1604937600000,"24":1604936700000,"25":1604935800000},"open":{"0":3589.15991,"1":3587.98999,"2":3601.96997,"3":3602.57007,"4":3605.71997,"5":3602.13989,"6":3609.32007,"7":3617.45996,"8":3618.21997,"9":3621.09009,"10":3626.02002,"11":3621.1499,"12":3620.65991,"13":3616.01001,"14":3604.94995,"15":3602.82007,"16":3609.53003,"17":3610.23999,"18":3600.6499,"19":3609.41992,"20":3611.52002,"21":3620.92993,"22":3618.6001,"23":3610.22998,"24":3623.58008,"25":3583.04004},"high":{"0":3590.37988,"1":3598.33008,"2":3609.44995,"3":3608.59009,"4":3605.71997,"5":3606.43994,"6":3610.29004,"7":3618.96997,"8":3621.72998,"9":3623.59009,"10":3626.02002,"11":3627.06006,"12":3622.53003,"13":3621.70996,"14":3618.27002,"15":3611.57007,"16":3610.97998,"17":3611.8501,"18":3610.22998,"19":3611.78003,"20":3612.55005,"21":3626.42993,"22":3630.87012,"23":3634.41992,"24":3633.51001,"25":3645.98999},"low":{"0":3547.47998,"1":3585.5,"2":3587.37988,"3":3600.70996,"4":3598.15991,"5":3595.47998,"6":3598.96997,"7":3609.34009,"8":3613.47998,"9":3616.30005,"10":3619.87012,"11":3619.80005,"12":3612.82007,"13":3613.53003,"14":3601.22998,"15":3601.62988,"16":3597.90991,"17":3604.1499,"18":3595.11011,"19":3594.26001,"20":3597.88989,"21":3606.81006,"22":3618.3999,"23":3610.22998,"24":3609.57007,"25":3583.04004},"close":{"0":3549.25,"1":3588.05005,"2":3588.01001,"3":3601.83008,"4":3602.61011,"5":3605.62988,"6":3602.18994,"7":3609.37988,"8":3617.41992,"9":3618.17993,"10":3620.86011,"11":3625.92993,"12":3620.92993,"13":3620.59009,"14":3616.09009,"15":3605.0,"16":3602.80005,"17":3609.55005,"18":3610.22998,"19":3600.67993,"20":3609.26001,"21":3611.55005,"22":3621.06006,"23":3618.57007,"24":3610.26001,"25":3623.57007},"volume":{"0":385186230,"1":179373993,"2":135774480,"3":122510368,"4":105783384,"5":107195104,"6":108424231,"7":99404173,"8":98773008,"9":104668530,"10":96305004,"11":108814473,"12":103186896,"13":112666039,"14":112902126,"15":119560141,"16":122197377,"17":123058971,"18":133091967,"19":153364912,"20":3783667198,"21":187045691,"22":223206515,"23":258235524,"24":1165631729,"25":488441153}}