{"datetime":{"0":1642801500000,"1":1642800600000,"2":1642799700000,"3":1642798800000,"4":1642797900000,"5":1642797000000,"6":1642796100000,"7":1642795200000,"8":1642794300000,"9":1642793400000,"10":1642792500000,"11":1642791600000,"12":1642790700000,"13":1642789800000,"14":1642788900000,"15":1642788000000,"16":1642787100000,"17":1642786200000,"18":1642785300000,"19":1642784400000,"20":1642783500000,"21":1642782600000,"22":1642781700000,"23":1642780800000,"24":1642779900000,"25":1642779000000},"open":{"0":4414.7998,"1":4399.81982,"2":4404.75977,"3":4413.70996,"4":4429.16992,"5":4426.91992,"6":4438.66992,"7":4436.20996,"8":4446.74023,"9":4434.56982,"10":4454.37012,"11":4442.91016,"12":4445.37988,"13":4450.06006,"14":4452.00977,"15":4459.45996,"16":4466.5,"17":4489.31982,"18":4473.72021,"19":4475.20996,"20":4460.83008,"21":4441.66992,"22":4433.75977,"23":4450.2002,"24":4450.87012,"25":4471.37988},"high":{"0":4419.22998,"1":4426.0498,"2":4417.43994,"3":4418.18994,"4":4433.43994,"5":4436.1499,"6":4443.81982,"7":4446.58984,"8":4451.39014,"9":4450.62988,"10":4454.37012,"11":4455.43994,"12":4448.91016,"13":4456.97021,"14":4457.12012,"15":4463.99023,"16":4466.93018,"17":4489.31982,"18":4494.52002,"19":4486.1001,"20":4485.37988,"21":4473.68018,"22":4449.70996,"23":4455.93994,"24":4469.91992,"25":4479.58984},"low":{"0":4397.18018,"1":4399.16016,"2":4395.33984,"3":4398.99023,"4":4413.27979,"5":4423.75977,"6":4426.66992,"7":4435.75,"8":4433.5,"9":4432.93994,"10":4430.22021,"11":4439.43018,"12":4436.18994,"13":4441.87012,"14":4443.8501,"15":4447.91992,"16":4450.77002,"17":4463.43018,"18":4473.72021,"19":4467.3999,"20":4454.75,"21":4438.54004,"22":4420.39014,"23":4431.29004,"24":4445.77979,"25":4450.68018},"close":{"0":4397.87012,"1":4414.70996,"2":4400.06006,"3":4404.81982,"4":4413.37988,"5":4429.27979,"6":4427.25,"7":4438.68994,"8":4436.24023,"9":4446.81982,"10":4434.58008,"11":4454.39014,"12":4442.8501,"13":4445.27002,"14":4450.14014,"15":4452.18018,"16":4459.37988,"17":4466.43994,"18":4489.66016,"19":4473.97021,"20":4475.08008,"21":4460.83984,"22":4441.37988,"23":4434.1001,"24":4450.74023,"25":4450.81982},"volume":{"0":195961228,"1":143666651,"2":113394688,"3":101587321,"4":70169516,"5":65300077,"6":60110332,"7":57998000,"8":57109212,"9":63461347,"10":62268113,"11":62059866,"12":64800571,"13":61705132,"14":67382101,"15":75360761,"16":79283076,"17":84369837,"18":1165981044,"19":96405683,"20":118488589,"21":129482367,"22":137285192,"23":140601038,"24":155123261,"25":268835959}}