{"datetime":{"0":1661809500000,"1":1661808600000,"2":1661807700000,"3":1661806800000,"4":1661805900000,"5":1661805000000,"6":1661804100000,"7":1661803200000,"8":1661802300000,"9":1661801400000,"10":1661800500000,"11":1661799600000,"12":1661798700000,"13":1661797800000,"14":1661796900000,"15":1661796000000,"16":1661795100000,"17":1661794200000,"18":1661793300000,"19":1661792400000,"20":1661791500000,"21":1661790600000,"22":1661789700000,"23":1661788800000,"24":1661787900000,"25":1661787000000},"open":{"0":4050.68994,"1":4046.79004,"2":4056.91992,"3":4051.19995,"4":4053.19995,"5":4045.61011,"6":4048.58008,"7":4056.20996,"8":4060.17993,"9":4049.56006,"10":4051.59009,"11":4051.70996,"12":4043.6499,"13":4043.32007,"14":4043.88989,"15":4038.91992,"16":4026.90991,"17":4027.08008,"18":4022.27002,"19":4019.07007,"20":4028.75,"21":4040.08008,"22":4037.27002,"23":4033.84009,"24":4036.47998,"25":4034.58008},"high":{"0":4050.68994,"1":4052.16992,"2":4058.31006,"3":4060.37012,"4":4054.03003,"5":4054.58008,"6":4048.58008,"7":4056.26001,"8":4062.73999,"9":4060.29004,"10":4052.1001,"11":4056.68994,"12":4057.25,"13":4043.66992,"14":4049.19995,"15":4048.37012,"16":4039.87988,"17":4039.57007,"18":4031.6499,"19":4027.75,"20":4029.83008,"21":4044.12988,"22":4049.45996,"23":4041.86011,"24":4045.47998,"25":4042.30005},"low":{"0":4029.17993,"1":4043.37012,"2":4046.11011,"3":4050.82007,"4":4042.37012,"5":4045.48999,"6":4043.03003,"7":4048.03003,"8":4053.63989,"9":4048.67993,"10":4044.37988,"11":4050.3999,"12":4042.81006,"13":4036.3501,"14":4041.97998,"15":4038.72998,"16":4026.25,"17":4024.28003,"18":4021.88989,"19":4018.6001,"20":4017.93994,"21":4024.0,"22":4037.16992,"23":4031.02002,"24":4029.65991,"25":4021.6001},"close":{"0":4030.94995,"1":4050.59009,"2":4046.80005,"3":4056.8999,"4":4051.17993,"5":4054.38989,"6":4045.56006,"7":4048.61011,"8":4056.22998,"9":4060.1499,"10":4049.45996,"11":4053.12012,"12":4051.71997,"13":4043.63989,"14":4043.34009,"15":4043.90991,"16":4038.72998,"17":4026.8999,"18":4027.12012,"19":4022.28003,"20":4019.37988,"21":4028.62988,"22":4040.33008,"23":4037.33008,"24":4034.38989,"25":4036.80005},"volume":{"0":1601494505,"1":71466548,"2":1391470029,"3":52540327,"4":2530994079,"5":1235351461,"6":1212209717,"7":41475215,"8":38847710,"9":42308441,"10":39832059,"11":47379003,"12":1818469533,"13":37649406,"14":39966146,"15":46344616,"16":42304942,"17":54538912,"18":52521438,"19":636274861,"20":603123105,"21":999848021,"22":435179754,"23":350816122,"24":82536259,"25":202149672}}