{"datetime":{"0":1606772700000,"1":1606771800000,"2":1606770900000,"3":1606770000000,"4":1606769100000,"5":1606768200000,"6":1606767300000,"7":1606766400000,"8":1606765500000,"9":1606764600000,"10":1606763700000,"11":1606762800000,"12":1606761900000,"13":1606761000000,"14":1606760100000,"15":1606759200000,"16":1606758300000,"17":1606757400000,"18":1606756500000,"19":1606755600000,"20":1606754700000,"21":1606753800000,"22":1606752900000,"23":1606752000000,"24":1606751100000,"25":1606750200000},"open":{"0":3616.87988,"1":3614.75,"2":3615.71997,"3":3623.20996,"4":3613.17993,"5":3615.83008,"6":3613.86011,"7":3612.8501,"8":3614.53003,"9":3613.93994,"10":3612.04004,"11":3615.66992,"12":3612.66992,"13":3611.69995,"14":3609.83008,"15":3605.6001,"16":3605.17993,"17":3603.6499,"18":3609.07007,"19":3611.15991,"20":3595.88989,"21":3614.67993,"22":3620.83008,"23":3624.58008,"24":3624.96997,"25":3630.8501},"high":{"0":3624.72998,"1":3618.77002,"2":3621.23999,"3":3624.62012,"4":3623.18994,"5":3616.33008,"6":3616.25,"7":3613.87988,"8":3617.34009,"9":3615.36011,"10":3616.12012,"11":3616.41992,"12":3616.08008,"13":3613.09009,"14":3612.07007,"15":3609.83008,"16":3608.06006,"17":3605.75,"18":3611.12012,"19":3612.93994,"20":3611.6499,"21":3614.67993,"22":3622.48999,"23":3627.90991,"24":3629.40991,"25":3633.16992},"low":{"0":3614.05005,"1":3614.43994,"2":3614.75,"3":3614.77002,"4":3613.13989,"5":3613.07007,"6":3612.3999,"7":3609.30005,"8":3612.75,"9":3612.34009,"10":3611.98999,"11":3612.03003,"12":3612.42993,"13":3610.44995,"14":3607.92993,"15":3603.47998,"16":3605.06006,"17":3598.11011,"18":3603.79004,"19":3608.20996,"20":3594.38989,"21":3595.8999,"22":3614.20996,"23":3620.32007,"24":3621.07007,"25":3623.42993},"close":{"0":3624.22998,"1":3616.8999,"2":3614.78003,"3":3615.68994,"4":3623.18994,"5":3613.17993,"6":3615.81006,"7":3613.87988,"8":3612.86011,"9":3614.62988,"10":3613.93994,"11":3612.07007,"12":3615.67993,"13":3612.66992,"14":3611.71997,"15":3609.83008,"16":3605.59009,"17":3605.12988,"18":3603.81006,"19":3609.32007,"20":3611.11011,"21":3595.8999,"22":3614.69995,"23":3620.88989,"24":3624.12012,"25":3624.88989},"volume":{"0":370066106,"1":120392235,"2":82142140,"3":72585189,"4":73646631,"5":62770711,"6":53717755,"7":61276350,"8":52045479,"9":48804871,"10":44941620,"11":50394308,"12":52771492,"13":52396855,"14":52555640,"15":52752954,"16":61343903,"17":67570777,"18":72290935,"19":76223083,"20":100368277,"21":121427208,"22":102386721,"23":109436715,"24":123051211,"25":139592275}}