{"datetime":{"0":1645739100000,"1":1645738200000,"2":1645737300000,"3":1645736400000,"4":1645735500000,"5":1645734600000,"6":1645733700000,"7":1645732800000,"8":1645731900000,"9":1645731000000,"10":1645730100000,"11":1645729200000,"12":1645728300000,"13":1645727400000,"14":1645726500000,"15":1645725600000,"16":1645724700000,"17":1645723800000,"18":1645722900000,"19":1645722000000,"20":1645721100000,"21":1645720200000,"22":1645719300000,"23":1645718400000,"24":1645717500000,"25":1645716600000},"open":{"0":4269.72021,"1":4245.72998,"2":4255.16992,"3":4241.54004,"4":4233.31982,"5":4214.87012,"6":4205.43994,"7":4197.68994,"8":4188.66992,"9":4173.3999,"10":4185.52002,"11":4171.93018,"12":4182.33984,"13":4171.7998,"14":4170.3501,"15":4194.39014,"16":4174.37988,"17":4184.66016,"18":4194.24023,"19":4178.1499,"20":4164.74023,"21":4162.52002,"22":4170.7998,"23":4164.99023,"24":4136.2002,"25":4155.77002},"high":{"0":4294.72998,"1":4279.06982,"2":4257.77979,"3":4255.33008,"4":4245.29004,"5":4242.33984,"6":4215.37988,"7":4206.00977,"8":4220.41992,"9":4197.04004,"10":4189.77002,"11":4186.6001,"12":4184.60986,"13":4186.08984,"14":4174.66016,"15":4195.58984,"16":4195.02002,"17":4191.0,"18":4202.2998,"19":4197.27002,"20":4187.0498,"21":4174.74023,"22":4188.85986,"23":4171.70996,"24":4165.56982,"25":4155.77002},"low":{"0":4268.08984,"1":4245.72998,"2":4244.97021,"3":4238.37988,"4":4232.87988,"5":4214.29004,"6":4201.83984,"7":4187.81006,"8":4183.97021,"9":4172.81006,"10":4172.93994,"11":4165.97998,"12":4171.47021,"13":4162.41992,"14":4161.93994,"15":4170.22021,"16":4169.43994,"17":4172.52979,"18":4183.31982,"19":4171.12988,"20":4163.1499,"21":4152.99023,"22":4160.47998,"23":4139.6499,"24":4129.72998,"25":4114.6499},"close":{"0":4286.83984,"1":4269.6001,"2":4245.68994,"3":4255.1499,"4":4241.5498,"5":4233.16992,"6":4214.89014,"7":4205.83984,"8":4197.60986,"9":4188.83008,"10":4173.43994,"11":4185.41016,"12":4171.79004,"13":4182.3999,"14":4171.79004,"15":4170.3999,"16":4194.43018,"17":4174.18018,"18":4184.1499,"19":4194.27002,"20":4177.87012,"21":4164.97998,"22":4162.6001,"23":4170.5,"24":4164.66992,"25":4136.52979},"volume":{"0":314999512,"1":143071395,"2":109200624,"3":93821730,"4":88031843,"5":109234701,"6":81393039,"7":87890846,"8":104086235,"9":81455073,"10":72470165,"11":71055858,"12":69363734,"13":79231921,"14":75184179,"15":78443297,"16":1529797359,"17":92289660,"18":100134177,"19":106623962,"20":115233661,"21":124747153,"22":144130916,"23":162477771,"24":185329278,"25":313072017}}