{"datetime":{"0":1636145100000,"1":1636144200000,"2":1636143300000,"3":1636142400000,"4":1636141500000,"5":1636140600000,"6":1636139700000,"7":1636138800000,"8":1636137900000,"9":1636137000000,"10":1636136100000,"11":1636135200000,"12":1636134300000,"13":1636133400000,"14":1636132500000,"15":1636131600000,"16":1636130700000,"17":1636129800000,"18":1636128900000,"19":1636128000000,"20":1636127100000,"21":1636126200000,"22":1636125300000,"23":1636124400000,"24":1636123500000,"25":1636122600000},"open":{"0":4697.22998,"1":4694.47998,"2":4697.93018,"3":4698.87012,"4":4697.8501,"5":4698.77979,"6":4698.31006,"7":4693.62988,"8":4687.02979,"9":4681.5,"10":4694.52979,"11":4700.97021,"12":4703.87988,"13":4707.10986,"14":4706.47021,"15":4705.77002,"16":4709.2002,"17":4708.12988,"18":4713.45996,"19":4713.85986,"20":4713.43994,"21":4711.58984,"22":4714.95996,"23":4714.39014,"24":4714.37988,"25":4699.25977},"high":{"0":4699.93994,"1":4703.25,"2":4697.97998,"3":4699.6001,"4":4700.02002,"5":4699.22021,"6":4699.27002,"7":4698.75,"8":4693.75977,"9":4690.9502,"10":4695.87012,"11":4702.9502,"12":4704.08008,"13":4708.60986,"14":4707.66992,"15":4707.87988,"16":4712.3501,"17":4711.20996,"18":4713.45996,"19":4715.06982,"20":4715.43018,"21":4714.89014,"22":4716.43018,"23":4718.5,"24":4715.25,"25":4714.75},"low":{"0":4694.5498,"1":4693.72998,"2":4692.99023,"3":4692.25,"4":4697.47021,"5":4695.75,"6":4694.08008,"7":4692.2998,"8":4683.68994,"9":4681.31982,"10":4681.5498,"11":4693.45996,"12":4699.72021,"13":4703.87988,"14":4705.31982,"15":4704.97998,"16":4705.79004,"17":4708.06006,"18":4707.81006,"19":4712.43994,"20":4711.77002,"21":4711.43994,"22":4710.10986,"23":4712.70996,"24":4709.83984,"25":4699.25977},"close":{"0":4696.3999,"1":4697.27002,"2":4694.50977,"3":4697.91992,"4":4698.8999,"5":4697.83008,"6":4698.77979,"7":4698.29004,"8":4693.75977,"9":4686.97021,"10":4681.5498,"11":4694.58008,"12":4701.0,"13":4703.87988,"14":4707.04004,"15":4706.52979,"16":4705.79004,"17":4709.2998,"18":4708.08984,"19":4713.45996,"20":4713.79004,"21":4713.43994,"22":4711.54004,"23":4714.97021,"24":4713.95996,"25":4714.22021},"volume":{"0":223291126,"1":98266852,"2":75088190,"3":66168742,"4":51027060,"5":55531920,"6":54799267,"7":51620856,"8":58522359,"9":57664314,"10":67244742,"11":59663730,"12":65185297,"13":60971485,"14":64328962,"15":60358286,"16":69024109,"17":71984967,"18":77687940,"19":77086671,"20":82669874,"21":84752501,"22":99299097,"23":119313492,"24":181499981,"25":212776372}}