{"datetime":{"0":1671140700000,"1":1671139800000,"2":1671138900000,"3":1671138000000,"4":1671137100000,"5":1671136200000,"6":1671135300000,"7":1671134400000,"8":1671133500000,"9":1671132600000,"10":1671131700000,"11":1671130800000,"12":1671129900000,"13":1671129000000,"14":1671128100000,"15":1671127200000,"16":1671126300000,"17":1671125400000,"18":1671124500000,"19":1671123600000,"20":1671122700000,"21":1671121800000,"22":1671120900000,"23":1671120000000,"24":1671119100000,"25":1671118200000},"open":{"0":3890.77002,"1":3905.8999,"2":3898.40991,"3":3901.67993,"4":3898.94995,"5":3883.82007,"6":3883.33008,"7":3887.19995,"8":3882.98999,"9":3883.86011,"10":3882.46997,"11":3888.62012,"12":3893.37012,"13":3897.37988,"14":3896.81006,"15":3892.61011,"16":3892.79004,"17":3897.70996,"18":3896.87988,"19":3906.65991,"20":3918.37988,"21":3911.52002,"22":3910.47998,"23":3915.84009,"24":3937.56006,"25":3958.37012},"high":{"0":3897.44995,"1":3908.17993,"2":3906.47998,"3":3907.69995,"4":3901.8999,"5":3898.87988,"6":3885.92993,"7":3889.08008,"8":3887.15991,"9":3888.04004,"10":3884.92993,"11":3889.43994,"12":3895.26001,"13":3903.40991,"14":3900.51001,"15":3898.13989,"16":3896.17993,"17":3900.58008,"18":3902.13989,"19":3910.62012,"20":3919.01001,"21":3919.27002,"22":3917.23999,"23":3915.84009,"24":3939.07007,"25":3958.37012},"low":{"0":3889.82007,"1":3890.84009,"2":3894.3501,"3":3898.03003,"4":3890.8501,"5":3883.70996,"6":3881.70996,"7":3881.62012,"8":3880.19995,"9":3880.77002,"10":3880.33008,"11":3879.44995,"12":3886.62988,"13":3893.48999,"14":3893.25,"15":3892.46997,"16":3887.92993,"17":3891.43994,"18":3892.43994,"19":3896.06006,"20":3903.03003,"21":3904.84009,"22":3906.84009,"23":3903.67993,"24":3912.73999,"25":3932.41992},"close":{"0":3897.44995,"1":3890.84009,"2":3905.87012,"3":3898.37012,"4":3901.70996,"5":3898.87012,"6":3884.02002,"7":3883.33008,"8":3887.15991,"9":3882.94995,"10":3883.87988,"11":3882.45996,"12":3888.59009,"13":3893.48999,"14":3897.3501,"15":3896.79004,"16":3892.6001,"17":3892.77002,"18":3897.55005,"19":3897.02002,"20":3906.6499,"21":3918.38989,"22":3911.56006,"23":3910.5,"24":3915.87012,"25":3936.93994},"volume":{"0":271094013,"1":110567626,"2":88352777,"3":78780439,"4":70164392,"5":65603721,"6":55066706,"7":51987261,"8":53960030,"9":52327561,"10":49249040,"11":55907608,"12":57097137,"13":54316936,"14":54019083,"15":59889074,"16":64348067,"17":73244858,"18":74607145,"19":719811890,"20":75221316,"21":83282214,"22":83933311,"23":101338812,"24":112622805,"25":118726193}}