{"datetime":{"0":1659390300000,"1":1659389400000,"2":1659388500000,"3":1659387600000,"4":1659386700000,"5":1659385800000,"6":1659384900000,"7":1659384000000,"8":1659383100000,"9":1659382200000,"10":1659381300000,"11":1659380400000,"12":1659379500000,"13":1659378600000,"14":1659377700000,"15":1659376800000,"16":1659375900000,"17":1659375000000,"18":1659374100000,"19":1659373200000,"20":1659372300000,"21":1659371400000,"22":1659370500000,"23":1659369600000,"24":1659368700000,"25":1659367800000},"open":{"0":4117.87988,"1":4118.43018,"2":4127.33008,"3":4125.02979,"4":4112.83008,"5":4114.31006,"6":4115.31982,"7":4111.08984,"8":4108.35986,"9":4113.08008,"10":4126.37988,"11":4129.47998,"12":4130.33984,"13":4132.54004,"14":4126.87012,"15":4138.81006,"16":4138.60986,"17":4140.3501,"18":4140.62012,"19":4141.91016,"20":4131.72998,"21":4114.89014,"22":4136.10986,"23":4123.66992,"24":4115.12988,"25":4112.37988},"high":{"0":4125.58008,"1":4124.33008,"2":4129.2998,"3":4127.16016,"4":4127.58008,"5":4119.22021,"6":4117.8501,"7":4115.16992,"8":4111.27002,"9":4114.97998,"10":4127.89014,"11":4129.56982,"12":4134.75977,"13":4132.95996,"14":4133.8999,"15":4139.62012,"16":4144.16016,"17":4140.52979,"18":4142.18994,"19":4144.9502,"20":4144.87988,"21":4132.1499,"22":4136.52979,"23":4138.85986,"24":4128.8501,"25":4117.52979},"low":{"0":4115.54004,"1":4116.91992,"2":4116.87012,"3":4120.08984,"4":4110.89014,"5":4112.72021,"6":4110.6001,"7":4104.08984,"8":4101.91992,"9":4106.31006,"10":4113.0498,"11":4118.35986,"12":4125.27002,"13":4127.16992,"14":4125.60986,"15":4124.74023,"16":4137.64014,"17":4131.87988,"18":4126.8999,"19":4134.22998,"20":4131.06006,"21":4114.89014,"22":4112.25977,"23":4119.70996,"24":4112.3999,"25":4096.02002},"close":{"0":4118.52979,"1":4117.95996,"2":4118.54004,"3":4127.16016,"4":4125.06982,"5":4112.83008,"6":4114.4502,"7":4115.16992,"8":4111.16992,"9":4108.3999,"10":4113.24023,"11":4126.14014,"12":4129.41992,"13":4130.25977,"14":4132.56982,"15":4126.8501,"16":4138.8501,"17":4138.6001,"18":4140.25977,"19":4140.68018,"20":4141.7998,"21":4131.66992,"22":4114.74023,"23":4135.97998,"24":4123.31006,"25":4115.89014},"volume":{"0":174905025,"1":81556359,"2":66674370,"3":56428877,"4":59069056,"5":50990892,"6":50827779,"7":53999368,"8":54195767,"9":53423572,"10":54463914,"11":49783441,"12":47942542,"13":52174742,"14":47500624,"15":51414188,"16":54778766,"17":56284905,"18":66299325,"19":74344242,"20":84772746,"21":82593064,"22":94275255,"23":110082687,"24":114156907,"25":145711030}}