{"datetime":{"0":1651787100000,"1":1651786200000,"2":1651785300000,"3":1651784400000,"4":1651783500000,"5":1651782600000,"6":1651781700000,"7":1651780800000,"8":1651779900000,"9":1651779000000,"10":1651778100000,"11":1651777200000,"12":1651776300000,"13":1651775400000,"14":1651774500000,"15":1651773600000,"16":1651772700000,"17":1651771800000,"18":1651770900000,"19":1651770000000,"20":1651769100000,"21":1651768200000,"22":1651767300000,"23":1651766400000,"24":1651765500000,"25":1651764600000},"open":{"0":4127.10986,"1":4111.89014,"2":4113.35986,"3":4139.02002,"4":4133.66992,"5":4131.47998,"6":4144.70996,"7":4145.68018,"8":4159.7998,"9":4159.56006,"10":4156.74023,"11":4155.18994,"12":4139.47998,"13":4151.93994,"14":4148.16992,"15":4135.16992,"16":4165.87988,"17":4157.56982,"18":4158.72021,"19":4178.41992,"20":4184.20996,"21":4193.02979,"22":4209.16016,"23":4227.62012,"24":4239.27979,"25":4270.43018},"high":{"0":4152.72021,"1":4134.6001,"2":4123.47021,"3":4140.64014,"4":4150.89014,"5":4137.0,"6":4161.56982,"7":4148.89014,"8":4162.72998,"9":4169.29004,"10":4162.18994,"11":4174.06006,"12":4155.47021,"13":4158.02002,"14":4159.31982,"15":4152.58984,"16":4165.87988,"17":4174.91992,"18":4163.52002,"19":4181.75977,"20":4186.99023,"21":4195.1499,"22":4209.85986,"23":4227.62012,"24":4240.93994,"25":4270.43018},"low":{"0":4110.7002,"1":4106.00977,"2":4108.93994,"3":4113.24023,"4":4133.56006,"5":4127.72021,"6":4131.41992,"7":4138.83984,"8":4140.29004,"9":4150.27979,"10":4150.77979,"11":4155.18994,"12":4132.75,"13":4136.02979,"14":4142.31006,"15":4121.8501,"16":4134.83008,"17":4153.58008,"18":4147.85986,"19":4151.33008,"20":4164.5498,"21":4172.29004,"22":4189.97021,"23":4194.75,"24":4223.27979,"25":4239.3999},"close":{"0":4150.2002,"1":4126.89014,"2":4112.22998,"3":4113.3501,"4":4138.99023,"5":4133.33984,"6":4131.43018,"7":4144.70996,"8":4146.08008,"9":4159.87012,"10":4159.5498,"11":4156.75977,"12":4155.0498,"13":4139.49023,"14":4151.95996,"15":4148.3501,"16":4135.70996,"17":4165.93018,"18":4157.3999,"19":4158.7998,"20":4178.37012,"21":4184.2002,"22":4193.27002,"23":4208.79004,"24":4227.72021,"25":4239.3999},"volume":{"0":320664531,"1":138539314,"2":99325708,"3":88236947,"4":66187335,"5":63723616,"6":73972596,"7":58688267,"8":59124033,"9":64273327,"10":59855143,"11":71120504,"12":64641836,"13":65060216,"14":73093397,"15":83242973,"16":80822491,"17":78986392,"18":83542538,"19":94494249,"20":1466398550,"21":100349060,"22":91607053,"23":116874318,"24":118969806,"25":150290841}}