{"datetime":{"0":1641851100000,"1":1641850200000,"2":1641849300000,"3":1641848400000,"4":1641847500000,"5":1641846600000,"6":1641845700000,"7":1641844800000,"8":1641843900000,"9":1641843000000,"10":1641842100000,"11":1641841200000,"12":1641840300000,"13":1641839400000,"14":1641838500000,"15":1641837600000,"16":1641836700000,"17":1641835800000,"18":1641834900000,"19":1641834000000,"20":1641833100000,"21":1641832200000,"22":1641831300000,"23":1641830400000,"24":1641829500000,"25":1641828600000},"open":{"0":4648.95996,"1":4643.5,"2":4636.3501,"3":4645.97998,"4":4646.5,"5":4647.68994,"6":4643.33008,"7":4635.08008,"8":4628.24023,"9":4621.74023,"10":4616.87988,"11":4608.68018,"12":4599.22021,"13":4599.39014,"14":4602.5498,"15":4610.60986,"16":4603.7002,"17":4617.02979,"18":4605.95996,"19":4593.45996,"20":4586.79004,"21":4596.91016,"22":4592.52979,"23":4609.22998,"24":4624.77979,"25":4655.33984},"high":{"0":4673.02002,"1":4655.0498,"2":4644.81982,"3":4650.66992,"4":4649.04004,"5":4654.49023,"6":4649.37012,"7":4646.62988,"8":4637.75,"9":4628.45996,"10":4624.14014,"11":4616.8999,"12":4616.77979,"13":4604.7002,"14":4602.93994,"15":4610.60986,"16":4610.7998,"17":4617.02979,"18":4617.75,"19":4607.43018,"20":4594.83984,"21":4602.43018,"22":4597.56006,"23":4610.60986,"24":4624.77979,"25":4655.33984},"low":{"0":4647.93018,"1":4639.06982,"2":4633.83984,"3":4632.93018,"4":4637.93994,"5":4645.20996,"6":4642.83984,"7":4633.62012,"8":4625.3501,"9":4618.0,"10":4614.97998,"11":4607.43018,"12":4599.10986,"13":4595.66992,"14":4597.6499,"15":4596.91992,"16":4601.79004,"17":4600.6001,"18":4602.20996,"19":4586.91016,"20":4582.24023,"21":4585.16992,"22":4589.41992,"23":4592.3501,"24":4605.97021,"25":4623.64014},"close":{"0":4669.8501,"1":4648.91992,"2":4643.50977,"3":4636.31982,"4":4645.97021,"5":4646.47998,"6":4647.7002,"7":4643.9502,"8":4635.08008,"9":4628.22021,"10":4621.7002,"11":4616.47998,"12":4608.7998,"13":4599.43994,"14":4599.39014,"15":4602.47021,"16":4610.62012,"17":4603.72021,"18":4617.08984,"19":4606.04004,"20":4593.18018,"21":4586.87012,"22":4596.87988,"23":4592.58984,"24":4609.14014,"25":4624.72021},"volume":{"0":221467033,"1":105157499,"2":71157912,"3":68388978,"4":1778566307,"5":60277298,"6":58038136,"7":65092670,"8":1538451363,"9":55272858,"10":54595364,"11":54722284,"12":1311601844,"13":58149516,"14":49097180,"15":56475244,"16":1084323601,"17":70242980,"18":84563661,"19":84942284,"20":88948169,"21":101978048,"22":111549421,"23":126969068,"24":125984875,"25":149417658}}