{"datetime":{"0":1666734300000,"1":1666733400000,"2":1666732500000,"3":1666731600000,"4":1666730700000,"5":1666729800000,"6":1666728900000,"7":1666728000000,"8":1666727100000,"9":1666726200000,"10":1666725300000,"11":1666724400000,"12":1666723500000,"13":1666722600000,"14":1666721700000,"15":1666720800000,"16":1666719900000,"17":1666719000000,"18":1666718100000,"19":1666717200000,"20":1666716300000,"21":1666715400000,"22":1666714500000,"23":1666713600000,"24":1666712700000,"25":1666711800000},"open":{"0":3861.21997,"1":3858.31006,"2":3854.45996,"3":3846.55005,"4":3848.51001,"5":3850.54004,"6":3845.56006,"7":3840.1001,"8":3837.28003,"9":3840.1001,"10":3837.40991,"11":3841.09009,"12":3846.82007,"13":3847.43994,"14":3848.3999,"15":3845.87988,"16":3848.38989,"17":3843.40991,"18":3840.32007,"19":3833.1001,"20":3830.91992,"21":3838.06006,"22":3830.21997,"23":3835.28003,"24":3810.26001,"25":3799.43994},"high":{"0":3862.52002,"1":3862.8501,"2":3858.48999,"3":3854.44995,"4":3850.06006,"5":3854.68994,"6":3850.62012,"7":3847.73999,"8":3840.42993,"9":3845.65991,"10":3841.06006,"11":3844.90991,"12":3847.57007,"13":3848.98999,"14":3852.41992,"15":3849.15991,"16":3849.23999,"17":3848.91992,"18":3844.34009,"19":3843.6499,"20":3840.04004,"21":3838.34009,"22":3838.06006,"23":3836.68994,"24":3836.22998,"25":3811.51001},"low":{"0":3855.80005,"1":3857.6001,"2":3851.75,"3":3846.12988,"4":3845.78003,"5":3848.19995,"6":3845.05005,"7":3839.68994,"8":3836.02002,"9":3835.97998,"10":3834.18994,"11":3836.3999,"12":3840.25,"13":3845.22998,"14":3847.28003,"15":3843.5,"16":3845.26001,"17":3841.78003,"18":3839.97998,"19":3831.72998,"20":3830.63989,"21":3829.1001,"22":3829.25,"23":3824.18994,"24":3810.26001,"25":3799.43994},"close":{"0":3860.19995,"1":3861.20996,"2":3858.27002,"3":3854.31006,"4":3846.62012,"5":3848.51001,"6":3850.52002,"7":3845.56006,"8":3840.11011,"9":3837.34009,"10":3840.1001,"11":3837.37988,"12":3841.09009,"13":3846.62988,"14":3847.41992,"15":3848.37988,"16":3845.87012,"17":3848.38989,"18":3843.38989,"19":3840.33008,"20":3833.0,"21":3830.95996,"22":3837.96997,"23":3830.29004,"24":3834.47998,"25":3810.19995},"volume":{"0":205360047,"1":122274333,"2":84384448,"3":1822430870,"4":62247428,"5":1733402201,"6":1642639923,"7":58754395,"8":53739817,"9":70960675,"10":56855465,"11":63898401,"12":1290250513,"13":64337854,"14":60299479,"15":64143793,"16":65112989,"17":75857601,"18":79516635,"19":874894703,"20":90670206,"21":91244596,"22":576113186,"23":114263959,"24":138704220,"25":135613313}}