{"datetime":{"0":1634593500000,"1":1634592600000,"2":1634591700000,"3":1634590800000,"4":1634589900000,"5":1634589000000,"6":1634588100000,"7":1634587200000,"8":1634586300000,"9":1634585400000,"10":1634584500000,"11":1634583600000,"12":1634582700000,"13":1634581800000,"14":1634580900000,"15":1634580000000,"16":1634579100000,"17":1634578200000,"18":1634577300000,"19":1634576400000,"20":1634575500000,"21":1634574600000,"22":1634573700000,"23":1634572800000,"24":1634571900000,"25":1634571000000},"open":{"0":4483.08984,"1":4484.2998,"2":4483.56006,"3":4483.0498,"4":4481.0498,"5":4480.66992,"6":4479.64014,"7":4480.31006,"8":4480.6001,"9":4481.97998,"10":4480.27002,"11":4479.31982,"12":4480.12012,"13":4481.1499,"14":4482.47021,"15":4481.75,"16":4477.93018,"17":4478.58984,"18":4476.79004,"19":4472.12012,"20":4472.50977,"21":4471.00977,"22":4470.5498,"23":4466.54004,"24":4460.06982,"25":4463.72021},"high":{"0":4488.75,"1":4484.74023,"2":4486.9502,"3":4485.29004,"4":4484.31982,"5":4481.64014,"6":4480.66016,"7":4481.12988,"8":4482.12012,"9":4482.83008,"10":4482.72021,"11":4480.39014,"12":4480.25,"13":4482.47998,"14":4482.83008,"15":4483.77979,"16":4483.02979,"17":4480.50977,"18":4483.3501,"19":4478.00977,"20":4472.97998,"21":4473.77002,"22":4471.37988,"23":4471.04004,"24":4468.62012,"25":4463.72021},"low":{"0":4482.83008,"1":4482.29004,"2":4482.52979,"3":4481.56982,"4":4480.22998,"5":4479.3501,"6":4478.3999,"7":4478.79004,"8":4480.25,"9":4480.5498,"10":4480.18994,"11":4479.00977,"12":4477.83008,"13":4480.08984,"14":4479.72998,"15":4480.97998,"16":4477.93018,"17":4477.85986,"18":4476.39014,"19":4471.83008,"20":4470.58008,"21":4466.4502,"22":4465.27979,"23":4466.12988,"24":4459.91016,"25":4447.47021},"close":{"0":4486.56982,"1":4483.1001,"2":4484.2998,"3":4483.56006,"4":4483.0498,"5":4480.99023,"6":4480.66016,"7":4479.64014,"8":4480.2998,"9":4480.58984,"10":4481.99023,"11":4480.20996,"12":4479.31006,"13":4480.1499,"14":4481.1499,"15":4482.49023,"16":4481.77002,"17":4477.93018,"18":4479.12988,"19":4476.75977,"20":4472.12988,"21":4472.47998,"22":4470.7998,"23":4470.47998,"24":4466.39014,"25":4459.91016},"volume":{"0":1557350419,"1":69793062,"2":50229201,"3":43891398,"4":1206090683,"5":38739890,"6":40185283,"7":43984222,"8":50209989,"9":30423959,"10":40144400,"11":37839882,"12":40977701,"13":38356787,"14":39537813,"15":44521326,"16":48657636,"17":45168910,"18":52789471,"19":52243799,"20":54728681,"21":61040712,"22":60652418,"23":71066025,"24":118955587,"25":137323157}}