{"datetime":{"0":1663105500000,"1":1663104600000,"2":1663103700000,"3":1663102800000,"4":1663101900000,"5":1663101000000,"6":1663100100000,"7":1663099200000,"8":1663098300000,"9":1663097400000,"10":1663096500000,"11":1663095600000,"12":1663094700000,"13":1663093800000,"14":1663092900000,"15":1663092000000,"16":1663091100000,"17":1663090200000,"18":1663089300000,"19":1663088400000,"20":1663087500000,"21":1663086600000,"22":1663085700000,"23":1663084800000,"24":1663083900000,"25":1663083000000},"open":{"0":3929.87988,"1":3943.84009,"2":3950.42993,"3":3960.66992,"4":3966.82007,"5":3974.23999,"6":3982.17993,"7":3986.13989,"8":3990.72998,"9":3996.29004,"10":3991.19995,"11":3985.79004,"12":3985.3999,"13":3982.71997,"14":3990.72998,"15":3980.29004,"16":3982.8501,"17":3982.07007,"18":3983.84009,"19":3985.77002,"20":3989.8501,"21":4003.3501,"22":4005.45996,"23":4011.3501,"24":4017.71997,"25":4037.12012},"high":{"0":3940.95996,"1":3944.03003,"2":3952.46997,"3":3962.08008,"4":3968.25,"5":3975.07007,"6":3984.32007,"7":3987.25,"8":3992.44995,"9":3997.68994,"10":3996.52002,"11":3992.18994,"12":3989.26001,"13":3987.69995,"14":3992.78003,"15":3990.73999,"16":3983.51001,"17":3986.1499,"18":3986.37988,"19":3989.37012,"20":3989.8501,"21":4004.36011,"22":4011.18994,"23":4011.62988,"24":4025.91992,"25":4037.12012},"low":{"0":3921.28003,"1":3926.41992,"2":3943.76001,"3":3948.87988,"4":3958.03003,"5":3966.80005,"6":3973.6001,"7":3977.96997,"8":3986.09009,"9":3990.19995,"10":3986.93994,"11":3981.87988,"12":3983.1499,"13":3979.26001,"14":3981.56006,"15":3978.08008,"16":3979.06006,"17":3978.70996,"18":3979.71997,"19":3980.90991,"20":3982.21997,"21":3988.15991,"22":4000.22998,"23":3999.33008,"24":4011.68994,"25":4009.82007},"close":{"0":3932.68994,"1":3930.09009,"2":3943.8501,"3":3950.3999,"4":3961.06006,"5":3966.80005,"6":3974.18994,"7":3982.13989,"8":3986.11011,"9":3990.76001,"10":3996.23999,"11":3991.25,"12":3985.78003,"13":3985.37988,"14":3982.67993,"15":3990.66992,"16":3980.27002,"17":3982.81006,"18":3982.12012,"19":3983.87012,"20":3985.62012,"21":3990.1001,"22":4003.46997,"23":4005.87988,"24":4011.68994,"25":4018.03003},"volume":{"0":235604550,"1":141174620,"2":90020095,"3":76120152,"4":77165517,"5":58831871,"6":54504814,"7":51799118,"8":49560659,"9":57817412,"10":1241284195,"11":53877586,"12":44237117,"13":48656385,"14":52864610,"15":54616522,"16":57057301,"17":60756525,"18":62079561,"19":70540042,"20":742626104,"21":89750327,"22":83489175,"23":106177642,"24":106398590,"25":285153396}}