{"datetime":{"0":1686606300000,"1":1686605400000,"2":1686604500000,"3":1686603600000,"4":1686602700000,"5":1686601800000,"6":1686600900000,"7":1686600000000,"8":1686599100000,"9":1686598200000,"10":1686597300000,"11":1686596400000,"12":1686595500000,"13":1686594600000,"14":1686593700000,"15":1686592800000,"16":1686591900000,"17":1686591000000,"18":1686590100000,"19":1686589200000,"20":1686588300000,"21":1686587400000,"22":1686586500000,"23":1686585600000,"24":1686584700000,"25":1686583800000},"open":{"0":4336.56982,"1":4334.99023,"2":4335.58008,"3":4327.56006,"4":4321.52979,"5":4319.22998,"6":4319.22998,"7":4320.7002,"8":4317.39014,"9":4315.75977,"10":4317.04004,"11":4317.39014,"12":4316.85986,"13":4314.25,"14":4313.54004,"15":4313.79004,"16":4313.8501,"17":4308.95996,"18":4308.31006,"19":4307.52002,"20":4307.47021,"21":4309.56006,"22":4310.68018,"23":4312.12012,"24":4308.93994,"25":4308.31982},"high":{"0":4340.12988,"1":4339.99023,"2":4338.85986,"3":4336.49023,"4":4327.75977,"5":4321.99023,"6":4320.35986,"7":4321.0498,"8":4320.75,"9":4317.64014,"10":4317.4502,"11":4318.2998,"12":4317.5,"13":4317.68994,"14":4315.00977,"15":4314.50977,"16":4314.3999,"17":4313.99023,"18":4310.25,"19":4309.97998,"20":4309.87988,"21":4309.99023,"22":4310.68018,"23":4312.62988,"24":4312.54004,"25":4312.6499},"low":{"0":4334.41016,"1":4333.0,"2":4331.97021,"3":4326.7002,"4":4320.87012,"5":4319.1499,"6":4318.5498,"7":4318.75977,"8":4317.39014,"9":4314.3999,"10":4315.43994,"11":4315.54004,"12":4315.68994,"13":4314.22021,"14":4312.89014,"15":4312.75977,"16":4310.8501,"17":4308.95996,"18":4307.37012,"19":4306.06982,"20":4306.31006,"21":4304.37012,"22":4306.27979,"23":4305.25977,"24":4307.41016,"25":4305.1001},"close":{"0":4339.45996,"1":4336.7002,"2":4335.02979,"3":4335.60986,"4":4327.56006,"5":4321.52002,"6":4319.22998,"7":4319.18994,"8":4320.64014,"9":4317.3999,"10":4315.72998,"11":4317.00977,"12":4317.45996,"13":4316.8501,"14":4314.25,"15":4313.54004,"16":4313.79004,"17":4313.83984,"18":4308.97998,"19":4308.35986,"20":4307.35986,"21":4307.37012,"22":4309.45996,"23":4310.56982,"24":4311.6001,"25":4308.77979},"volume":{"0":223754134,"1":98740066,"2":77374210,"3":69878353,"4":56721197,"5":56438973,"6":47408826,"7":48979359,"8":47752150,"9":49571794,"10":49000047,"11":49681968,"12":48388887,"13":49433037,"14":51614724,"15":56056048,"16":63209918,"17":73407648,"18":71407117,"19":68760594,"20":745542252,"21":93988128,"22":104732831,"23":102752205,"24":114825458,"25":126334029}}