{"datetime":{"0":1610055900000,"1":1610055000000,"2":1610054100000,"3":1610053200000,"4":1610052300000,"5":1610051400000,"6":1610050500000,"7":1610049600000,"8":1610048700000,"9":1610047800000,"10":1610046900000,"11":1610046000000,"12":1610045100000,"13":1610044200000,"14":1610043300000,"15":1610042400000,"16":1610041500000,"17":1610040600000,"18":1610039700000,"19":1610038800000,"20":1610037900000,"21":1610037000000,"22":1610036100000,"23":1610035200000,"24":1610034300000,"25":1610033400000},"open":{"0":3808.6499,"1":3807.22998,"2":3803.52002,"3":3805.28003,"4":3803.21997,"5":3800.28003,"6":3802.73999,"7":3802.23999,"8":3802.67993,"9":3797.72998,"10":3799.79004,"11":3801.71997,"12":3798.12012,"13":3796.78003,"14":3798.01001,"15":3800.38989,"16":3805.09009,"17":3802.38989,"18":3802.12988,"19":3807.5,"20":3804.34009,"21":3803.37012,"22":3797.88989,"23":3791.5,"24":3782.04004,"25":3764.70996},"high":{"0":3811.55005,"1":3809.51001,"2":3808.57007,"3":3808.42993,"4":3805.23999,"5":3803.84009,"6":3803.34009,"7":3804.61011,"8":3802.93994,"9":3803.21997,"10":3801.61011,"11":3804.21997,"12":3802.42993,"13":3799.67993,"14":3800.07007,"15":3802.23999,"16":3806.05005,"17":3805.53003,"18":3805.22998,"19":3810.95996,"20":3807.69995,"21":3805.25,"22":3805.53003,"23":3801.34009,"24":3791.47998,"25":3784.08008},"low":{"0":3803.6499,"1":3805.97998,"2":3803.43994,"3":3802.03003,"4":3801.33008,"5":3800.28003,"6":3799.87988,"7":3801.42993,"8":3799.5,"9":3797.72998,"10":3797.62012,"11":3798.11011,"12":3798.12012,"13":3796.78003,"14":3796.16992,"15":3797.41992,"16":3799.44995,"17":3802.15991,"18":3801.19995,"19":3802.11011,"20":3804.29004,"21":3801.76001,"22":3797.88989,"23":3791.0,"24":3779.62012,"25":3764.70996},"close":{"0":3803.6499,"1":3808.6499,"2":3807.22998,"3":3803.45996,"4":3805.23999,"5":3803.17993,"6":3800.30005,"7":3802.78003,"8":3802.23999,"9":3802.66992,"10":3797.63989,"11":3799.79004,"12":3801.63989,"13":3798.12988,"14":3796.79004,"15":3798.01001,"16":3800.33008,"17":3805.1001,"18":3802.34009,"19":3802.11011,"20":3807.48999,"21":3804.28003,"22":3803.36011,"23":3797.83008,"24":3791.42993,"25":3782.06006},"volume":{"0":259388212,"1":102137222,"2":70634799,"3":67437280,"4":58831379,"5":53112674,"6":51582968,"7":53999530,"8":50466177,"9":53425166,"10":50594558,"11":49491857,"12":50240933,"13":54217999,"14":62449413,"15":57906924,"16":64395379,"17":67289760,"18":71529239,"19":76944657,"20":84445972,"21":88650614,"22":95558620,"23":122838196,"24":132885808,"25":150359215}}