{"datetime":{"0":1646171100000,"1":1646170200000,"2":1646169300000,"3":1646168400000,"4":1646167500000,"5":1646166600000,"6":1646165700000,"7":1646164800000,"8":1646163900000,"9":1646163000000,"10":1646162100000,"11":1646161200000,"12":1646160300000,"13":1646159400000,"14":1646158500000,"15":1646157600000,"16":1646156700000,"17":1646155800000,"18":1646154900000,"19":1646154000000,"20":1646153100000,"21":1646152200000,"22":1646151300000,"23":1646150400000,"24":1646149500000,"25":1646148600000},"open":{"0":4294.70996,"1":4301.8999,"2":4318.41992,"3":4303.91016,"4":4318.50977,"5":4311.0,"6":4292.8999,"7":4298.02002,"8":4295.7002,"9":4290.5,"10":4306.47021,"11":4320.97021,"12":4316.60986,"13":4311.31982,"14":4304.02002,"15":4304.87012,"16":4318.68018,"17":4336.16016,"18":4346.3501,"19":4334.16992,"20":4333.16016,"21":4354.10986,"22":4345.22021,"23":4355.3999,"24":4365.35986,"25":4363.14014},"high":{"0":4309.43994,"1":4306.7998,"2":4319.43018,"3":4328.43018,"4":4319.06006,"5":4319.72998,"6":4312.4502,"7":4299.2002,"8":4301.25,"9":4299.45996,"10":4306.93018,"11":4326.24023,"12":4322.6001,"13":4316.62988,"14":4312.70996,"15":4305.64014,"16":4318.68018,"17":4336.16016,"18":4347.66992,"19":4347.1499,"20":4342.25977,"21":4358.3999,"22":4362.64014,"23":4367.33984,"24":4372.97998,"25":4378.4502},"low":{"0":4279.54004,"1":4294.06006,"2":4301.81982,"3":4302.08984,"4":4301.12988,"5":4306.50977,"6":4287.33984,"7":4289.95996,"8":4290.99023,"9":4289.3999,"10":4290.47021,"11":4304.77002,"12":4313.31982,"13":4307.8999,"14":4301.06006,"15":4292.72998,"16":4299.66016,"17":4315.49023,"18":4333.27979,"19":4332.25977,"20":4330.97021,"21":4333.02979,"22":4344.25977,"23":4342.02002,"24":4352.60986,"25":4358.97021},"close":{"0":4305.8999,"1":4294.72998,"2":4301.99023,"3":4318.41016,"4":4303.87012,"5":4318.60986,"6":4311.00977,"7":4292.87988,"8":4298.06982,"9":4295.68018,"10":4290.49023,"11":4306.45996,"12":4321.0,"13":4316.62988,"14":4311.31982,"15":4304.2002,"16":4305.0,"17":4318.14014,"18":4336.12012,"19":4346.31982,"20":4334.22021,"21":4333.08984,"22":4353.7002,"23":4345.22021,"24":4355.37012,"25":4364.62012},"volume":{"0":323097154,"1":135771536,"2":93266212,"3":99825189,"4":77630444,"5":80337398,"6":81203724,"7":69860537,"8":69244367,"9":73329002,"10":70555387,"11":67304840,"12":66656849,"13":70096573,"14":73515334,"15":85314539,"16":93819614,"17":99596546,"18":85925126,"19":92979342,"20":99564993,"21":108228580,"22":112566174,"23":122561113,"24":134609328,"25":162016529}}