{"datetime":{"0":1664401500000,"1":1664400600000,"2":1664399700000,"3":1664398800000,"4":1664397900000,"5":1664397000000,"6":1664396100000,"7":1664395200000,"8":1664394300000,"9":1664393400000,"10":1664392500000,"11":1664391600000,"12":1664390700000,"13":1664389800000,"14":1664388900000,"15":1664388000000,"16":1664387100000,"17":1664386200000,"18":1664385300000,"19":1664384400000,"20":1664383500000,"21":1664382600000,"22":1664381700000,"23":1664380800000,"24":1664379900000,"25":1664379000000},"open":{"0":3731.8501,"1":3722.29004,"2":3721.51001,"3":3708.03003,"4":3705.37988,"5":3702.26001,"6":3702.88989,"7":3700.88989,"8":3705.03003,"9":3706.26001,"10":3709.87012,"11":3702.44995,"12":3703.87012,"13":3697.47998,"14":3703.54004,"15":3697.15991,"16":3683.59009,"17":3686.47998,"18":3681.67993,"19":3679.36011,"20":3682.70996,"21":3677.3501,"22":3654.87988,"23":3656.83008,"24":3658.28003,"25":3651.93994},"high":{"0":3736.73999,"1":3733.5,"2":3724.57007,"3":3724.0,"4":3710.78003,"5":3711.41992,"6":3704.09009,"7":3705.78003,"8":3705.51001,"9":3708.3501,"10":3713.43994,"11":3712.03003,"12":3706.58008,"13":3703.83008,"14":3709.01001,"15":3703.96997,"16":3697.8999,"17":3687.37012,"18":3695.6001,"19":3687.20996,"20":3688.21997,"21":3685.16992,"22":3675.81006,"23":3671.25,"24":3662.19995,"25":3657.79004},"low":{"0":3717.68994,"1":3722.29004,"2":3716.95996,"3":3707.8501,"4":3704.06006,"5":3702.13989,"6":3697.87012,"7":3700.08008,"8":3696.53003,"9":3702.54004,"10":3705.32007,"11":3698.48999,"12":3698.0,"13":3695.3501,"14":3696.8999,"15":3695.98999,"16":3681.37012,"17":3679.54004,"18":3680.79004,"19":3676.3999,"20":3678.28003,"21":3673.91992,"22":3647.77002,"23":3646.01001,"24":3650.70996,"25":3640.61011},"close":{"0":3717.68994,"1":3731.87012,"2":3722.15991,"3":3721.55005,"4":3709.30005,"5":3705.3501,"6":3702.23999,"7":3702.81006,"8":3700.84009,"9":3704.98999,"10":3706.28003,"11":3709.8501,"12":3702.16992,"13":3703.83008,"14":3697.55005,"15":3703.55005,"16":3697.12988,"17":3683.04004,"18":3686.53003,"19":3681.6001,"20":3679.51001,"21":3682.88989,"22":3675.81006,"23":3654.84009,"24":3657.21997,"25":3657.66992},"volume":{"0":196424439,"1":116425064,"2":80224990,"3":86707633,"4":51524901,"5":61015977,"6":54954752,"7":1570601526,"8":53658221,"9":1484580072,"10":55648280,"11":63777215,"12":62793828,"13":58637084,"14":69143828,"15":68488629,"16":69003399,"17":70095517,"18":901095780,"19":80094428,"20":86819968,"21":93385705,"22":100998003,"23":107768384,"24":422956396,"25":130593148}}