{"datetime":{"0":1671659100000,"1":1671658200000,"2":1671657300000,"3":1671656400000,"4":1671655500000,"5":1671654600000,"6":1671653700000,"7":1671652800000,"8":1671651900000,"9":1671651000000,"10":1671650100000,"11":1671649200000,"12":1671648300000,"13":1671647400000,"14":1671646500000,"15":1671645600000,"16":1671644700000,"17":1671643800000,"18":1671642900000,"19":1671642000000,"20":1671641100000,"21":1671640200000,"22":1671639300000,"23":1671638400000,"24":1671637500000,"25":1671636600000},"open":{"0":3874.38989,"1":3872.05005,"2":3877.33008,"3":3877.3999,"4":3880.16992,"5":3880.8501,"6":3887.26001,"7":3879.95996,"8":3876.76001,"9":3873.80005,"10":3880.87012,"11":3879.91992,"12":3876.80005,"13":3872.67993,"14":3873.67993,"15":3876.03003,"16":3880.18994,"17":3880.62012,"18":3885.02002,"19":3881.86011,"20":3879.5,"21":3867.1001,"22":3861.30005,"23":3847.42993,"24":3848.15991,"25":3848.53003},"high":{"0":3878.84009,"1":3877.47998,"2":3877.90991,"3":3880.37012,"4":3881.67993,"5":3884.52002,"6":3888.58008,"7":3889.82007,"8":3881.44995,"9":3877.19995,"10":3880.87012,"11":3883.91992,"12":3879.97998,"13":3877.15991,"14":3876.34009,"15":3876.27002,"16":3880.73999,"17":3883.91992,"18":3886.09009,"19":3888.38989,"20":3881.86011,"21":3881.56006,"22":3867.28003,"23":3863.72998,"24":3855.76001,"25":3850.75},"low":{"0":3868.8999,"1":3872.01001,"2":3872.07007,"3":3872.32007,"4":3873.90991,"5":3878.23999,"6":3880.76001,"7":3879.95996,"8":3876.75,"9":3873.70996,"10":3872.93994,"11":3878.38989,"12":3874.27002,"13":3872.67993,"14":3871.02002,"15":3871.53003,"16":3872.73999,"17":3876.52002,"18":3877.3999,"19":3881.86011,"20":3876.05005,"21":3866.17993,"22":3860.02002,"23":3847.42993,"24":3845.87012,"25":3839.48999},"close":{"0":3878.06006,"1":3874.37012,"2":3872.07007,"3":3877.31006,"4":3877.41992,"5":3880.21997,"6":3880.87988,"7":3887.28003,"8":3879.95996,"9":3876.72998,"10":3873.84009,"11":3880.84009,"12":3879.95996,"13":3876.80005,"14":3872.63989,"15":3873.68994,"16":3875.92993,"17":3880.09009,"18":3880.63989,"19":3885.13989,"20":3881.84009,"21":3879.47998,"22":3867.06006,"23":3861.37012,"24":3847.30005,"25":3848.17993},"volume":{"0":211534806,"1":84526652,"2":59479635,"3":53759638,"4":49647521,"5":50186275,"6":51267402,"7":58464757,"8":44440594,"9":40564479,"10":47798364,"11":43483223,"12":43762916,"13":42295710,"14":46720366,"15":48820848,"16":52613891,"17":51320052,"18":58119538,"19":65439330,"20":595517484,"21":79352590,"22":76698911,"23":89290501,"24":101486000,"25":115159483}}