{"datetime":{"0":1600465500000,"1":1600464600000,"2":1600463700000,"3":1600462800000,"4":1600461900000,"5":1600461000000,"6":1600460100000,"7":1600459200000,"8":1600458300000,"9":1600457400000,"10":1600456500000,"11":1600455600000,"12":1600454700000,"13":1600453800000,"14":1600452900000,"15":1600452000000,"16":1600451100000,"17":1600450200000,"18":1600449300000,"19":1600448400000,"20":1600447500000,"21":1600446600000,"22":1600445700000,"23":1600444800000,"24":1600443900000,"25":1600443000000},"open":{"0":3323.90991,"1":3324.01001,"2":3318.26001,"3":3316.71997,"4":3309.09009,"5":3312.09009,"6":3310.37012,"7":3311.33008,"8":3302.88989,"9":3302.98999,"10":3320.63989,"11":3320.37988,"12":3322.52002,"13":3333.13989,"14":3337.06006,"15":3341.76001,"16":3331.51001,"17":3339.55005,"18":3338.70996,"19":3339.6001,"20":3352.05005,"21":3356.20996,"22":3357.20996,"23":3351.22998,"24":3356.76001,"25":3357.37988},"high":{"0":3326.5,"1":3327.36011,"2":3324.08008,"3":3322.11011,"4":3316.87988,"5":3315.04004,"6":3314.43994,"7":3311.38989,"8":3311.43994,"9":3304.1499,"10":3320.63989,"11":3322.42993,"12":3324.05005,"13":3333.37012,"14":3337.06006,"15":3344.86011,"16":3344.90991,"17":3340.04004,"18":3342.45996,"19":3344.33008,"20":3352.05005,"21":3356.87988,"22":3361.40991,"23":3358.6499,"24":3357.41992,"25":3362.27002},"low":{"0":3317.88989,"1":3320.3999,"2":3315.62988,"3":3316.1001,"4":3309.09009,"5":3308.45996,"6":3303.38989,"7":3305.16992,"8":3300.83008,"9":3292.3999,"10":3302.97998,"11":3315.04004,"12":3317.94995,"13":3321.08008,"14":3329.37012,"15":3336.98999,"16":3331.3501,"17":3330.90991,"18":3335.17993,"19":3336.46997,"20":3337.54004,"21":3346.76001,"22":3353.23999,"23":3351.01001,"24":3342.90991,"25":3355.62012},"close":{"0":3318.56006,"1":3323.8999,"2":3324.06006,"3":3318.1499,"4":3316.72998,"5":3308.65991,"6":3312.11011,"7":3310.32007,"8":3311.37988,"9":3302.87988,"10":3302.97998,"11":3320.63989,"12":3320.47998,"13":3322.42993,"14":3333.05005,"15":3337.18994,"16":3341.68994,"17":3331.47998,"18":3339.45996,"19":3338.72998,"20":3339.6001,"21":3352.08008,"22":3356.04004,"23":3357.18994,"24":3350.63989,"25":3356.76001},"volume":{"0":329476446,"1":121377231,"2":78173060,"3":64153291,"4":62023081,"5":60523342,"6":64374008,"7":56594199,"8":57456129,"9":90790265,"10":73156711,"11":59141153,"12":66796088,"13":74886833,"14":63778178,"15":61364061,"16":74720633,"17":71621290,"18":67722411,"19":80739155,"20":77860253,"21":82982990,"22":86054947,"23":86656848,"24":107519670,"25":152672864}}