{"datetime":{"0":1641246300000,"1":1641245400000,"2":1641244500000,"3":1641243600000,"4":1641242700000,"5":1641241800000,"6":1641240900000,"7":1641240000000,"8":1641239100000,"9":1641238200000,"10":1641237300000,"11":1641236400000,"12":1641235500000,"13":1641234600000,"14":1641233700000,"15":1641232800000,"16":1641231900000,"17":1641231000000,"18":1641230100000,"19":1641229200000,"20":1641228300000,"21":1641227400000,"22":1641226500000,"23":1641225600000,"24":1641224700000,"25":1641223800000},"open":{"0":4787.49023,"1":4792.43994,"2":4792.75,"3":4790.62012,"4":4794.41016,"5":4787.72998,"6":4787.58008,"7":4786.02979,"8":4782.00977,"9":4779.41992,"10":4777.83008,"11":4774.72998,"12":4775.5498,"13":4778.0498,"14":4774.56982,"15":4772.29004,"16":4771.49023,"17":4773.62988,"18":4771.12988,"19":4779.85986,"20":4777.31006,"21":4785.52002,"22":4779.91016,"23":4767.27979,"24":4790.08008,"25":4778.14014},"high":{"0":4796.37988,"1":4795.68994,"2":4793.58984,"3":4793.56982,"4":4795.2002,"5":4794.74023,"6":4788.85986,"7":4788.79004,"8":4786.12012,"9":4782.0498,"10":4780.20996,"11":4779.12012,"12":4778.1001,"13":4778.18994,"14":4779.0498,"15":4774.70996,"16":4776.64014,"17":4773.62988,"18":4774.75,"19":4780.70996,"20":4782.12988,"21":4785.72021,"22":4785.27979,"23":4780.56006,"24":4790.9502,"25":4795.85986},"low":{"0":4787.31982,"1":4785.16992,"2":4791.06982,"3":4788.91016,"4":4790.2002,"5":4786.31006,"6":4785.77002,"7":4784.7998,"8":4780.81982,"9":4777.60986,"10":4777.14014,"11":4772.49023,"12":4774.27979,"13":4774.08984,"14":4773.3501,"15":4769.16016,"16":4769.91992,"17":4763.24023,"18":4769.18018,"19":4770.50977,"20":4776.27979,"21":4774.87012,"22":4775.33008,"23":4766.60986,"24":4758.16992,"25":4778.14014},"close":{"0":4795.93994,"1":4787.43018,"2":4792.41992,"3":4792.70996,"4":4790.72021,"5":4794.43994,"6":4787.74023,"7":4787.62012,"8":4786.0498,"9":4781.99023,"10":4779.39014,"11":4777.85986,"12":4774.74023,"13":4775.50977,"14":4778.0498,"15":4774.66992,"16":4772.29004,"17":4771.49023,"18":4773.5,"19":4771.18994,"20":4779.8501,"21":4777.31982,"22":4785.14014,"23":4779.99023,"24":4767.41992,"25":4789.54004},"volume":{"0":169089344,"1":87448697,"2":59914406,"3":50844630,"4":51394119,"5":49059009,"6":42680369,"7":44345380,"8":40819184,"9":42699795,"10":40309103,"11":43403763,"12":44668241,"13":41563939,"14":1028616715,"15":47098538,"16":50999765,"17":61764625,"18":66735610,"19":68422128,"20":75663658,"21":88293376,"22":96580488,"23":115958157,"24":121095971,"25":166047745}}