{"datetime":{"0":1689630300000,"1":1689629400000,"2":1689628500000,"3":1689627600000,"4":1689626700000,"5":1689625800000,"6":1689624900000,"7":1689624000000,"8":1689623100000,"9":1689622200000,"10":1689621300000,"11":1689620400000,"12":1689619500000,"13":1689618600000,"14":1689617700000,"15":1689616800000,"16":1689615900000,"17":1689615000000,"18":1689614100000,"19":1689613200000,"20":1689612300000,"21":1689611400000,"22":1689610500000,"23":1689609600000,"24":1689608700000,"25":1689607800000},"open":{"0":4526.93994,"1":4529.3999,"2":4525.56982,"3":4522.91016,"4":4522.02979,"5":4523.87988,"6":4522.06982,"7":4521.70996,"8":4519.87012,"9":4518.2002,"10":4519.12988,"11":4519.81982,"12":4516.79004,"13":4516.2998,"14":4519.35986,"15":4520.66016,"16":4519.6001,"17":4517.25977,"18":4515.29004,"19":4513.12012,"20":4512.41992,"21":4511.87012,"22":4512.62988,"23":4509.91016,"24":4505.97021,"25":4508.85986},"high":{"0":4528.75,"1":4529.3999,"2":4532.8501,"3":4525.99023,"4":4523.91992,"5":4524.47998,"6":4524.75977,"7":4522.27002,"8":4522.22021,"9":4519.97998,"10":4519.52979,"11":4520.41016,"12":4519.8501,"13":4517.33984,"14":4519.35986,"15":4520.95996,"16":4521.20996,"17":4520.08984,"18":4517.87988,"19":4515.31006,"20":4514.97021,"21":4513.3999,"22":4513.91992,"23":4514.77979,"24":4510.35986,"25":4511.66992},"low":{"0":4520.25977,"1":4525.91992,"2":4525.02979,"3":4522.7998,"4":4521.43994,"5":4520.41992,"6":4521.56982,"7":4520.02979,"8":4519.87012,"9":4518.00977,"10":4516.45996,"11":4517.22021,"12":4516.58008,"13":4514.14014,"14":4515.77002,"15":4518.45996,"16":4517.91992,"17":4516.52979,"18":4513.50977,"19":4511.35986,"20":4511.06982,"21":4510.24023,"22":4511.18018,"23":4509.91016,"24":4504.8999,"25":4505.72021},"close":{"0":4522.29004,"1":4526.8501,"2":4529.41016,"3":4525.52979,"4":4522.91016,"5":4522.04004,"6":4523.87012,"7":4522.02979,"8":4521.68994,"9":4519.75977,"10":4518.2002,"11":4519.10986,"12":4519.81982,"13":4516.74023,"14":4516.31006,"15":4519.3501,"16":4520.70996,"17":4519.62012,"18":4517.31006,"19":4515.31006,"20":4513.12012,"21":4512.5,"22":4512.0,"23":4512.66992,"24":4509.8999,"25":4505.99023},"volume":{"0":236757268,"1":92264682,"2":86762569,"3":64918009,"4":54886156,"5":57222337,"6":60650844,"7":53396523,"8":51622782,"9":49103241,"10":49562505,"11":53400943,"12":50417788,"13":51790335,"14":54288480,"15":57687813,"16":63723989,"17":65331725,"18":68671553,"19":70660636,"20":72309005,"21":75687469,"22":81133392,"23":98704985,"24":115463990,"25":143358431}}