{"datetime":{"0":1613684700000,"1":1613683800000,"2":1613682900000,"3":1613682000000,"4":1613681100000,"5":1613680200000,"6":1613679300000,"7":1613678400000,"8":1613677500000,"9":1613676600000,"10":1613675700000,"11":1613674800000,"12":1613673900000,"13":1613673000000,"14":1613672100000,"15":1613671200000,"16":1613670300000,"17":1613669400000,"18":1613668500000,"19":1613667600000,"20":1613666700000,"21":1613665800000,"22":1613664900000,"23":1613664000000,"24":1613663100000,"25":1613662200000},"open":{"0":3920.04004,"1":3918.95996,"2":3920.63989,"3":3917.79004,"4":3914.61011,"5":3914.37988,"6":3914.48999,"7":3909.96997,"8":3909.8999,"9":3909.8999,"10":3897.46997,"11":3899.12988,"12":3898.98999,"13":3899.22998,"14":3893.97998,"15":3896.38989,"16":3895.8999,"17":3899.48999,"18":3899.66992,"19":3897.34009,"20":3895.61011,"21":3891.52002,"22":3896.52002,"23":3906.59009,"24":3903.04004,"25":3915.86011},"high":{"0":3921.61011,"1":3921.97998,"2":3921.27002,"3":3921.13989,"4":3918.38989,"5":3916.78003,"6":3915.92993,"7":3916.55005,"8":3912.05005,"9":3912.23999,"10":3911.0,"11":3899.1499,"12":3901.3501,"13":3899.80005,"14":3899.23999,"15":3896.38989,"16":3897.1001,"17":3900.97998,"18":3905.3501,"19":3901.05005,"20":3901.53003,"21":3896.71997,"22":3896.79004,"23":3906.59009,"24":3907.76001,"25":3915.86011},"low":{"0":3911.78003,"1":3918.79004,"2":3917.40991,"3":3916.3999,"4":3912.30005,"5":3914.3501,"6":3913.29004,"7":3909.77002,"8":3909.71997,"9":3909.12988,"10":3897.46997,"11":3895.77002,"12":3896.59009,"13":3896.63989,"14":3892.55005,"15":3889.6499,"16":3894.42993,"17":3894.91992,"18":3899.51001,"19":3895.02002,"20":3893.87988,"21":3885.03003,"22":3886.02002,"23":3891.57007,"24":3900.08008,"25":3897.21997},"close":{"0":3913.91992,"1":3920.07007,"2":3918.97998,"3":3920.66992,"4":3917.81006,"5":3914.6499,"6":3914.40991,"7":3914.44995,"8":3909.98999,"9":3909.88989,"10":3909.87988,"11":3897.46997,"12":3899.15991,"13":3898.98999,"14":3899.23999,"15":3893.97998,"16":3896.36011,"17":3895.87012,"18":3899.51001,"19":3898.77002,"20":3897.37988,"21":3895.6499,"22":3891.31006,"23":3896.56006,"24":3905.68994,"25":3903.15991},"volume":{"0":207780838,"1":86911551,"2":59058767,"3":49937547,"4":45679514,"5":42140356,"6":46120932,"7":52148032,"8":46022251,"9":44911228,"10":53735692,"11":39620854,"12":44196986,"13":40660511,"14":46392729,"15":52955955,"16":45449348,"17":56305084,"18":67608763,"19":63995936,"20":594874193,"21":78334565,"22":92754022,"23":88809881,"24":260868038,"25":106027676}}