{"datetime":{"0":1605735900000,"1":1605735000000,"2":1605734100000,"3":1605733200000,"4":1605732300000,"5":1605731400000,"6":1605730500000,"7":1605729600000,"8":1605728700000,"9":1605727800000,"10":1605726900000,"11":1605726000000,"12":1605725100000,"13":1605724200000,"14":1605723300000,"15":1605722400000,"16":1605721500000,"17":1605720600000,"18":1605719700000,"19":1605718800000,"20":1605717900000,"21":1605717000000,"22":1605716100000,"23":1605715200000,"24":1605714300000,"25":1605713400000},"open":{"0":3580.97998,"1":3594.42993,"2":3603.41992,"3":3598.81006,"4":3600.52002,"5":3594.3999,"6":3599.33008,"7":3602.06006,"8":3605.87988,"9":3606.11011,"10":3612.12012,"11":3611.91992,"12":3616.36011,"13":3615.36011,"14":3617.97998,"15":3616.21997,"16":3613.45996,"17":3616.11011,"18":3618.12012,"19":3615.13989,"20":3614.88989,"21":3615.1001,"22":3612.26001,"23":3609.96997,"24":3616.09009,"25":3612.09009},"high":{"0":3585.06006,"1":3594.88989,"2":3603.72998,"3":3604.29004,"4":3602.34009,"5":3600.55005,"6":3599.58008,"7":3604.96997,"8":3606.45996,"9":3609.19995,"10":3612.80005,"11":3614.27002,"12":3616.36011,"13":3616.46997,"14":3617.97998,"15":3619.09009,"16":3616.33008,"17":3616.47998,"18":3618.28003,"19":3618.62988,"20":3616.90991,"21":3615.41992,"22":3615.46997,"23":3613.3999,"24":3616.20996,"25":3616.87012},"low":{"0":3567.58008,"1":3579.81006,"2":3594.43994,"3":3593.52002,"4":3598.73999,"5":3593.18994,"6":3591.1499,"7":3599.3501,"8":3597.88989,"9":3605.46997,"10":3606.17993,"11":3610.87012,"12":3611.1001,"13":3614.33008,"14":3614.48999,"15":3616.21997,"16":3612.59009,"17":3613.38989,"18":3614.12012,"19":3614.95996,"20":3614.31006,"21":3611.59009,"22":3610.42993,"23":3609.25,"24":3606.87988,"25":3607.86011},"close":{"0":3567.66992,"1":3580.95996,"2":3594.43994,"3":3603.45996,"4":3598.78003,"5":3600.53003,"6":3594.37988,"7":3599.36011,"8":3602.02002,"9":3605.87988,"10":3606.17993,"11":3612.13989,"12":3611.88989,"13":3616.37012,"14":3615.37012,"15":3617.95996,"16":3616.1499,"17":3613.44995,"18":3616.09009,"19":3618.12988,"20":3615.16992,"21":3614.93994,"22":3615.12012,"23":3612.32007,"24":3609.61011,"25":3616.6001},"volume":{"0":281327403,"1":131096032,"2":80559262,"3":77492287,"4":62049933,"5":68570075,"6":80543090,"7":63813146,"8":1548403877,"9":54071057,"10":54136958,"11":59837712,"12":1308104934,"13":65356800,"14":68355138,"15":63632826,"16":67463339,"17":67802359,"18":67164919,"19":76240283,"20":774096899,"21":85690002,"22":91813458,"23":115961513,"24":406067810,"25":170372233}}