{"datetime":{"0":1639777500000,"1":1639776600000,"2":1639775700000,"3":1639774800000,"4":1639773900000,"5":1639773000000,"6":1639772100000,"7":1639771200000,"8":1639770300000,"9":1639769400000,"10":1639768500000,"11":1639767600000,"12":1639766700000,"13":1639765800000,"14":1639764900000,"15":1639764000000,"16":1639763100000,"17":1639762200000,"18":1639761300000,"19":1639760400000,"20":1639759500000,"21":1639758600000,"22":1639757700000,"23":1639756800000,"24":1639755900000,"25":1639755000000},"open":{"0":4633.62012,"1":4637.39014,"2":4640.77979,"3":4642.93994,"4":4646.1001,"5":4642.64014,"6":4650.2998,"7":4655.83984,"8":4644.58984,"9":4648.77002,"10":4633.97021,"11":4636.77002,"12":4635.74023,"13":4634.58008,"14":4632.83984,"15":4633.20996,"16":4631.56006,"17":4660.1499,"18":4665.3999,"19":4652.93018,"20":4633.22021,"21":4613.56982,"22":4605.75,"23":4624.06006,"24":4614.81982,"25":4652.5},"high":{"0":4634.20996,"1":4639.0,"2":4645.58984,"3":4651.7998,"4":4651.87012,"5":4646.02979,"6":4654.39014,"7":4656.25,"8":4656.37988,"9":4650.8999,"10":4649.31006,"11":4639.97021,"12":4640.47021,"13":4645.04004,"14":4637.68018,"15":4633.20996,"16":4633.52002,"17":4661.29004,"18":4666.02002,"19":4666.7002,"20":4658.60986,"21":4635.75977,"22":4613.74023,"23":4624.06006,"24":4638.10986,"25":4652.5},"low":{"0":4615.0498,"1":4625.47998,"2":4634.5,"3":4640.56006,"4":4638.31006,"5":4639.5,"6":4640.83008,"7":4648.68018,"8":4644.58984,"9":4642.5498,"10":4633.2998,"11":4630.43994,"12":4630.8501,"13":4632.7998,"14":4627.85986,"15":4618.77979,"16":4623.66016,"17":4630.29004,"18":4657.39014,"19":4647.37988,"20":4633.1001,"21":4610.02979,"22":4600.22021,"23":4605.5498,"24":4612.62012,"25":4614.39014},"close":{"0":4620.25977,"1":4633.6001,"2":4637.3999,"3":4640.70996,"4":4642.9502,"5":4645.75977,"6":4642.6499,"7":4650.50977,"8":4655.87012,"9":4644.50977,"10":4648.52979,"11":4633.95996,"12":4636.70996,"13":4635.68018,"14":4634.20996,"15":4633.00977,"16":4633.31006,"17":4631.50977,"18":4660.12988,"19":4665.27002,"20":4652.99023,"21":4633.3501,"22":4613.5,"23":4605.81982,"24":4624.25977,"25":4614.75977},"volume":{"0":364691906,"1":122036000,"2":76062349,"3":64348914,"4":1961468404,"5":56344479,"6":68333342,"7":52720354,"8":1742966244,"9":50389053,"10":48533707,"11":49222393,"12":50794765,"13":54458543,"14":54805081,"15":62257728,"16":74558289,"17":77990897,"18":68815315,"19":74407041,"20":87765747,"21":117839936,"22":93678979,"23":111502071,"24":140056458,"25":183352079}}