{"datetime":{"0":1686951900000,"1":1686951000000,"2":1686950100000,"3":1686949200000,"4":1686948300000,"5":1686947400000,"6":1686946500000,"7":1686945600000,"8":1686944700000,"9":1686943800000,"10":1686942900000,"11":1686942000000,"12":1686941100000,"13":1686940200000,"14":1686939300000,"15":1686938400000,"16":1686937500000,"17":1686936600000,"18":1686935700000,"19":1686934800000,"20":1686933900000,"21":1686933000000,"22":1686932100000,"23":1686931200000,"24":1686930300000,"25":1686929400000},"open":{"0":4416.14014,"1":4413.0498,"2":4411.3501,"3":4417.93018,"4":4422.83008,"5":4427.43018,"6":4426.58008,"7":4430.35986,"8":4429.95996,"9":4431.52002,"10":4433.37988,"11":4438.52002,"12":4434.66016,"13":4434.20996,"14":4427.2002,"15":4429.29004,"16":4426.2998,"17":4424.72998,"18":4436.27979,"19":4432.58008,"20":4429.68994,"21":4441.2002,"22":4432.4502,"23":4429.6499,"24":4432.08008,"25":4440.9502},"high":{"0":4419.8999,"1":4420.43994,"2":4418.12988,"3":4418.87012,"4":4423.47021,"5":4427.43018,"6":4428.02002,"7":4431.08984,"8":4430.83984,"9":4432.2002,"10":4434.97998,"11":4439.1001,"12":4440.56982,"13":4436.81982,"14":4434.58008,"15":4430.77979,"16":4429.33008,"17":4427.4502,"18":4436.27979,"19":4436.66992,"20":4435.18018,"21":4441.2002,"22":4441.22021,"23":4438.45996,"24":4432.68994,"25":4448.47021},"low":{"0":4407.43994,"1":4412.8999,"2":4411.08984,"3":4411.37012,"4":4417.79004,"5":4421.52002,"6":4425.3501,"7":4425.8999,"8":4426.68018,"9":4427.8999,"10":4431.08984,"11":4431.64014,"12":4434.08008,"13":4433.83984,"14":4427.00977,"15":4427.18018,"16":4421.56006,"17":4422.60986,"18":4421.16016,"19":4427.70996,"20":4426.97998,"21":4429.45996,"22":4430.70996,"23":4429.6499,"24":4425.66992,"25":4430.18018},"close":{"0":4409.77002,"1":4416.16016,"2":4413.27002,"3":4411.49023,"4":4417.79004,"5":4422.87988,"6":4427.47021,"7":4426.56982,"8":4430.41016,"9":4429.93018,"10":4431.47998,"11":4433.33984,"12":4438.52002,"13":4434.7002,"14":4434.02979,"15":4427.18018,"16":4429.25977,"17":4426.33984,"18":4424.75977,"19":4436.24023,"20":4432.75,"21":4429.7002,"22":4441.22021,"23":4432.45996,"24":4429.60986,"25":4432.14014},"volume":{"0":283832080,"1":114563622,"2":87995753,"3":74617755,"4":63804432,"5":60385034,"6":49424220,"7":51507032,"8":44310601,"9":46038246,"10":44394782,"11":49752859,"12":49510871,"13":47679120,"14":51924190,"15":53730213,"16":60535922,"17":64763387,"18":72870391,"19":67483717,"20":79288583,"21":70726853,"22":74431949,"23":93841786,"24":102868846,"25":530989376}}