{"datetime":{"0":1615927500000,"1":1615926600000,"2":1615925700000,"3":1615924800000,"4":1615923900000,"5":1615923000000,"6":1615922100000,"7":1615921200000,"8":1615920300000,"9":1615919400000,"10":1615918500000,"11":1615917600000,"12":1615916700000,"13":1615915800000,"14":1615914900000,"15":1615914000000,"16":1615913100000,"17":1615912200000,"18":1615911300000,"19":1615910400000,"20":1615909500000,"21":1615908600000,"22":1615907700000,"23":1615906800000,"24":1615905900000,"25":1615905000000},"open":{"0":3967.16992,"1":3966.1001,"2":3966.19995,"3":3961.75,"4":3954.5,"5":3957.03003,"6":3964.96997,"7":3965.55005,"8":3964.40991,"9":3972.80005,"10":3974.6001,"11":3971.17993,"12":3971.80005,"13":3965.81006,"14":3970.18994,"15":3973.47998,"16":3972.98999,"17":3976.1001,"18":3974.93994,"19":3975.8501,"20":3978.1001,"21":3979.1001,"22":3977.80005,"23":3977.1001,"24":3975.22998,"25":3973.59009},"high":{"0":3969.30005,"1":3973.6001,"2":3968.6001,"3":3966.80005,"4":3964.69995,"5":3960.97998,"6":3967.98999,"7":3969.22998,"8":3968.16992,"9":3973.1001,"10":3975.6001,"11":3976.3999,"12":3972.30005,"13":3972.6001,"14":3970.69995,"15":3974.8999,"16":3974.1001,"17":3977.57007,"18":3977.68994,"19":3976.6001,"20":3981.1001,"21":3981.30005,"22":3979.30005,"23":3978.48999,"24":3978.96997,"25":3976.1001},"low":{"0":3961.66992,"1":3963.68994,"2":3964.17993,"3":3957.27002,"4":3954.5,"5":3953.65991,"6":3956.08008,"7":3962.73999,"8":3963.69995,"9":3964.40991,"10":3971.41992,"11":3970.31006,"12":3968.79004,"13":3965.06006,"14":3963.36011,"15":3969.68994,"16":3970.51001,"17":3972.23999,"18":3974.83008,"19":3972.95996,"20":3975.44995,"21":3977.15991,"22":3976.18994,"23":3973.48999,"24":3973.54004,"25":3970.84009},"close":{"0":3963.6001,"1":3966.05005,"2":3965.17993,"3":3966.0,"4":3962.0,"5":3954.6001,"6":3957.15991,"7":3965.46997,"8":3965.66992,"9":3964.53003,"10":3972.38989,"11":3974.13989,"12":3971.06006,"13":3971.6001,"14":3966.06006,"15":3969.93994,"16":3973.23999,"17":3972.73999,"18":3975.6001,"19":3975.30005,"20":3976.1001,"21":3977.90991,"22":3978.80005,"23":3977.5,"24":3977.48999,"25":3975.16992},"volume":{"0":0,"1":0,"2":0,"3":0,"4":0,"5":0,"6":0,"7":0,"8":0,"9":0,"10":0,"11":0,"12":0,"13":0,"14":0,"15":0,"16":0,"17":0,"18":0,"19":0,"20":0,"21":0,"22":0,"23":14794576,"24":115786854,"25":131221413}}