{"datetime":{"0":1656625500000,"1":1656624600000,"2":1656623700000,"3":1656622800000,"4":1656621900000,"5":1656621000000,"6":1656620100000,"7":1656619200000,"8":1656618300000,"9":1656617400000,"10":1656616500000,"11":1656615600000,"12":1656614700000,"13":1656613800000,"14":1656612900000,"15":1656612000000,"16":1656611100000,"17":1656610200000,"18":1656609300000,"19":1656608400000,"20":1656607500000,"21":1656606600000,"22":1656605700000,"23":1656604800000,"24":1656603900000,"25":1656603000000},"open":{"0":3781.70996,"1":3787.70996,"2":3772.68994,"3":3785.87012,"4":3787.28003,"5":3800.72998,"6":3803.88989,"7":3811.83008,"8":3800.11011,"9":3803.07007,"10":3791.84009,"11":3809.16992,"12":3810.26001,"13":3811.28003,"14":3788.88989,"15":3796.96997,"16":3787.34009,"17":3786.71997,"18":3772.77002,"19":3771.02002,"20":3751.1001,"21":3748.18994,"22":3751.3501,"23":3746.43994,"24":3756.43994,"25":3785.98999},"high":{"0":3794.29004,"1":3799.72998,"2":3787.91992,"3":3788.43994,"4":3792.6499,"5":3803.08008,"6":3808.6499,"7":3813.8501,"8":3817.56006,"9":3812.17993,"10":3803.8501,"11":3814.18994,"12":3813.87988,"13":3818.98999,"14":3811.87012,"15":3797.57007,"16":3797.3999,"17":3788.1001,"18":3791.46997,"19":3777.03003,"20":3771.98999,"21":3763.03003,"22":3752.73999,"23":3751.51001,"24":3759.73999,"25":3785.98999},"low":{"0":3768.38989,"1":3779.11011,"2":3765.17993,"3":3770.0,"4":3781.66992,"5":3787.26001,"6":3793.03003,"7":3803.8501,"8":3800.11011,"9":3800.23999,"10":3791.28003,"11":3791.62988,"12":3804.90991,"13":3806.55005,"14":3786.45996,"15":3783.1001,"16":3786.48999,"17":3778.54004,"18":3772.09009,"19":3762.34009,"20":3751.1001,"21":3746.42993,"22":3743.84009,"23":3738.66992,"24":3744.33008,"25":3752.04004},"close":{"0":3789.1001,"1":3781.71997,"2":3787.79004,"3":3772.59009,"4":3785.87012,"5":3787.28003,"6":3800.68994,"7":3804.07007,"8":3811.83008,"9":3800.23999,"10":3802.8501,"11":3791.69995,"12":3809.18994,"13":3810.21997,"14":3811.04004,"15":3788.90991,"16":3796.88989,"17":3787.61011,"18":3787.25,"19":3772.8999,"20":3770.94995,"21":3751.26001,"22":3748.13989,"23":3751.29004,"24":3746.52002,"25":3756.27002},"volume":{"0":199578411,"1":113535275,"2":81453294,"3":68844461,"4":53447778,"5":51992938,"6":59022614,"7":53784604,"8":51162226,"9":49833768,"10":45727942,"11":52043145,"12":49676946,"13":60327446,"14":60856234,"15":54313053,"16":61339473,"17":67239294,"18":76139786,"19":74824068,"20":736511594,"21":88685408,"22":82662331,"23":108962641,"24":130592350,"25":132490004}}