{"datetime":{"0":1677793500000,"1":1677792600000,"2":1677791700000,"3":1677790800000,"4":1677789900000,"5":1677789000000,"6":1677788100000,"7":1677787200000,"8":1677786300000,"9":1677785400000,"10":1677784500000,"11":1677783600000,"12":1677782700000,"13":1677781800000,"14":1677780900000,"15":1677780000000,"16":1677779100000,"17":1677778200000,"18":1677777300000,"19":1677776400000,"20":1677775500000,"21":1677774600000,"22":1677773700000,"23":1677772800000,"24":1677771900000,"25":1677771000000},"open":{"0":3984.77002,"1":3978.65991,"2":3974.6001,"3":3972.57007,"4":3970.1001,"5":3973.75,"6":3966.05005,"7":3965.54004,"8":3953.09009,"9":3944.94995,"10":3947.41992,"11":3948.32007,"12":3944.56006,"13":3943.54004,"14":3942.62988,"15":3943.38989,"16":3940.13989,"17":3941.37988,"18":3944.94995,"19":3947.11011,"20":3942.01001,"21":3944.08008,"22":3942.73999,"23":3936.76001,"24":3931.59009,"25":3934.05005},"high":{"0":3985.86011,"1":3990.84009,"2":3980.1001,"3":3976.1499,"4":3973.59009,"5":3975.6499,"6":3974.46997,"7":3973.86011,"8":3965.56006,"9":3962.25,"10":3947.65991,"11":3949.54004,"12":3948.40991,"13":3949.44995,"14":3944.57007,"15":3945.26001,"16":3944.36011,"17":3943.91992,"18":3949.57007,"19":3950.09009,"20":3948.61011,"21":3947.22998,"22":3944.77002,"23":3944.51001,"24":3940.08008,"25":3935.38989},"low":{"0":3977.28003,"1":3978.65991,"2":3973.15991,"3":3968.94995,"4":3969.11011,"5":3967.79004,"6":3964.8999,"7":3965.54004,"8":3952.09009,"9":3944.90991,"10":3944.75,"11":3944.98999,"12":3943.13989,"13":3943.44995,"14":3939.12012,"15":3941.93994,"16":3939.21997,"17":3939.69995,"18":3940.82007,"19":3944.62012,"20":3940.03003,"21":3939.78003,"22":3932.78003,"23":3936.76001,"24":3930.09009,"25":3928.15991},"close":{"0":3981.29004,"1":3984.81006,"2":3978.62988,"3":3974.47998,"4":3973.0,"5":3970.03003,"6":3973.79004,"7":3966.01001,"8":3965.51001,"9":3953.09009,"10":3944.91992,"11":3947.3999,"12":3948.29004,"13":3944.57007,"14":3943.6001,"15":3942.62988,"16":3943.37988,"17":3940.04004,"18":3941.88989,"19":3944.81006,"20":3947.15991,"21":3942.02002,"22":3943.87012,"23":3942.81006,"24":3937.05005,"25":3931.8501},"volume":{"0":227347892,"1":105499694,"2":72426442,"3":63780150,"4":53015476,"5":56699293,"6":56446346,"7":66961926,"8":59495469,"9":62967556,"10":40296478,"11":47115465,"12":44626820,"13":46263449,"14":46166379,"15":48064578,"16":53187459,"17":60464752,"18":61051359,"19":57913565,"20":62688048,"21":77937330,"22":80921595,"23":88466101,"24":102039316,"25":115292987}}