{"datetime":{"0":1616445900000,"1":1616445000000,"2":1616444100000,"3":1616443200000,"4":1616442300000,"5":1616441400000,"6":1616440500000,"7":1616439600000,"8":1616438700000,"9":1616437800000,"10":1616436900000,"11":1616436000000,"12":1616435100000,"13":1616434200000,"14":1616433300000,"15":1616432400000,"16":1616431500000,"17":1616430600000,"18":1616429700000,"19":1616428800000,"20":1616427900000,"21":1616427000000,"22":1616426100000,"23":1616425200000,"24":1616424300000,"25":1616423400000},"open":{"0":3943.3999,"1":3945.57007,"2":3952.12988,"3":3952.97998,"4":3953.19995,"5":3949.90991,"6":3949.03003,"7":3948.15991,"8":3947.42993,"9":3945.13989,"10":3944.5,"11":3946.67993,"12":3947.02002,"13":3944.46997,"14":3941.65991,"15":3940.45996,"16":3940.56006,"17":3936.19995,"18":3934.77002,"19":3935.33008,"20":3936.05005,"21":3929.1001,"22":3930.25,"23":3928.20996,"24":3920.97998,"25":3916.47998},"high":{"0":3943.3999,"1":3947.8999,"2":3952.8999,"3":3955.21997,"4":3953.8999,"5":3954.42993,"6":3950.11011,"7":3950.5,"8":3948.54004,"9":3947.84009,"10":3947.07007,"11":3946.83008,"12":3947.40991,"13":3947.19995,"14":3944.44995,"15":3941.77002,"16":3940.81006,"17":3941.16992,"18":3937.69995,"19":3937.82007,"20":3938.94995,"21":3936.08008,"22":3931.72998,"23":3931.30005,"24":3930.01001,"25":3922.63989},"low":{"0":3939.21997,"1":3940.79004,"2":3945.57007,"3":3952.12988,"4":3951.5,"5":3949.90991,"6":3947.44995,"7":3947.87012,"8":3947.20996,"9":3945.13989,"10":3944.13989,"11":3942.87012,"12":3945.18994,"13":3942.65991,"14":3941.01001,"15":3938.96997,"16":3937.29004,"17":3936.19995,"18":3933.80005,"19":3934.47998,"20":3935.03003,"21":3928.37012,"22":3927.17993,"23":3925.76001,"24":3920.97998,"25":3914.15991},"close":{"0":3940.41992,"1":3943.19995,"2":3946.3999,"3":3952.37988,"4":3952.97998,"5":3953.3999,"6":3949.88989,"7":3949.03003,"8":3948.1499,"9":3947.41992,"10":3945.12012,"11":3944.47998,"12":3946.65991,"13":3947.05005,"14":3944.44995,"15":3941.62988,"16":3938.98999,"17":3940.52002,"18":3935.95996,"19":3934.80005,"20":3935.03003,"21":3936.08008,"22":3928.96997,"23":3930.26001,"24":3928.17993,"25":3920.66992},"volume":{"0":0,"1":0,"2":0,"3":0,"4":1388155459,"5":51095609,"6":43297763,"7":22347195,"8":1228945876,"9":45791763,"10":43666944,"11":49085745,"12":1049686354,"13":55377881,"14":56593575,"15":52906903,"16":840396000,"17":59414427,"18":60715035,"19":63134813,"20":603324501,"21":66524622,"22":83017442,"23":91278407,"24":296308675,"25":125768048}}