{"datetime":{"0":1611783900000,"1":1611783000000,"2":1611782100000,"3":1611781200000,"4":1611780300000,"5":1611779400000,"6":1611778500000,"7":1611777600000,"8":1611776700000,"9":1611775800000,"10":1611774900000,"11":1611774000000,"12":1611773100000,"13":1611772200000,"14":1611771300000,"15":1611770400000,"16":1611769500000,"17":1611768600000,"18":1611767700000,"19":1611766800000,"20":1611765900000,"21":1611765000000,"22":1611764100000,"23":1611763200000,"24":1611762300000,"25":1611761400000},"open":{"0":3740.73999,"1":3746.17993,"2":3761.73999,"3":3752.51001,"4":3768.58008,"5":3771.67993,"6":3788.16992,"7":3786.33008,"8":3788.48999,"9":3797.29004,"10":3791.55005,"11":3798.77002,"12":3795.13989,"13":3790.15991,"14":3786.28003,"15":3774.62988,"16":3787.84009,"17":3793.68994,"18":3799.12012,"19":3809.36011,"20":3805.93994,"21":3804.91992,"22":3795.69995,"23":3786.6499,"24":3775.41992,"25":3836.83008},"high":{"0":3756.21997,"1":3748.8999,"2":3762.1499,"3":3762.18994,"4":3770.09009,"5":3772.42993,"6":3788.16992,"7":3791.97998,"8":3791.25,"9":3797.61011,"10":3799.12012,"11":3800.80005,"12":3798.91992,"13":3795.32007,"14":3792.04004,"15":3786.08008,"16":3790.83008,"17":3795.02002,"18":3799.12012,"19":3809.59009,"20":3810.69995,"21":3810.28003,"22":3807.28003,"23":3800.56006,"24":3788.45996,"25":3836.83008},"low":{"0":3736.54004,"1":3732.47998,"2":3743.37012,"3":3749.54004,"4":3748.8501,"5":3758.6499,"6":3771.25,"7":3783.87012,"8":3783.53003,"9":3789.31006,"10":3789.48999,"11":3790.65991,"12":3793.95996,"13":3781.90991,"14":3785.38989,"15":3771.41992,"16":3774.0,"17":3786.37988,"18":3791.70996,"19":3798.46997,"20":3804.37012,"21":3795.62012,"22":3791.93994,"23":3784.25,"24":3767.1001,"25":3774.80005},"close":{"0":3752.32007,"1":3740.70996,"2":3745.84009,"3":3761.52002,"4":3753.03003,"5":3768.52002,"6":3771.56006,"7":3788.12988,"8":3786.41992,"9":3789.31006,"10":3797.3999,"11":3791.47998,"12":3798.71997,"13":3795.1499,"14":3790.08008,"15":3786.08008,"16":3774.55005,"17":3787.82007,"18":3793.56006,"19":3799.08008,"20":3808.72998,"21":3805.8999,"22":3805.1001,"23":3795.52002,"24":3786.78003,"25":3775.1499},"volume":{"0":342273789,"1":174638235,"2":122553335,"3":115949382,"4":115422273,"5":112943389,"6":94475723,"7":79578341,"8":73697636,"9":68170382,"10":71035763,"11":68969054,"12":71483560,"13":81341235,"14":87936038,"15":95620476,"16":108459255,"17":97190481,"18":103303554,"19":114713557,"20":121719337,"21":144378834,"22":159915782,"23":200299762,"24":236257955,"25":225757597}}