{"datetime":{"0":1689975900000,"1":1689975000000,"2":1689974100000,"3":1689973200000,"4":1689972300000,"5":1689971400000,"6":1689970500000,"7":1689969600000,"8":1689968700000,"9":1689967800000,"10":1689966900000,"11":1689966000000,"12":1689965100000,"13":1689964200000,"14":1689963300000,"15":1689962400000,"16":1689961500000,"17":1689960600000,"18":1689959700000,"19":1689958800000,"20":1689957900000,"21":1689957000000,"22":1689956100000,"23":1689955200000,"24":1689954300000,"25":1689953400000},"open":{"0":4537.43994,"1":4539.99023,"2":4537.7998,"3":4545.5498,"4":4549.68018,"5":4546.81982,"6":4545.27979,"7":4554.33008,"8":4552.18994,"9":4551.20996,"10":4548.75977,"11":4543.43994,"12":4541.81982,"13":4544.6499,"14":4545.64014,"15":4550.35986,"16":4546.06982,"17":4551.47021,"18":4549.41016,"19":4544.41016,"20":4543.20996,"21":4536.89014,"22":4545.72998,"23":4541.75977,"24":4548.81006,"25":4550.16016},"high":{"0":4540.52002,"1":4540.37012,"2":4542.75,"3":4545.81982,"4":4551.47998,"5":4550.6499,"6":4548.33008,"7":4554.77002,"8":4554.8501,"9":4555.0,"10":4551.22998,"11":4549.83008,"12":4543.56006,"13":4546.29004,"14":4549.43994,"15":4550.47021,"16":4552.16016,"17":4553.68994,"18":4551.52002,"19":4552.08008,"20":4548.43994,"21":4544.91992,"22":4549.18994,"23":4546.6001,"24":4550.06006,"25":4554.16992},"low":{"0":4535.79004,"1":4535.87012,"2":4537.5,"3":4536.56982,"4":4545.12012,"5":4544.95996,"6":4544.64014,"7":4544.97021,"8":4551.58984,"9":4550.7002,"10":4548.49023,"11":4542.91016,"12":4539.75,"13":4540.85986,"14":4544.5498,"15":4544.85986,"16":4544.77002,"17":4546.18018,"18":4548.75,"19":4544.31006,"20":4542.99023,"21":4536.68018,"22":4537.00977,"23":4536.00977,"24":4539.95996,"25":4547.77979},"close":{"0":4536.68018,"1":4537.54004,"2":4539.85986,"3":4537.79004,"4":4545.56006,"5":4549.66016,"6":4546.85986,"7":4545.27979,"8":4554.2998,"9":4552.25977,"10":4551.18994,"11":4548.77979,"12":4543.47021,"13":4541.81006,"14":4544.6001,"15":4545.60986,"16":4550.35986,"17":4546.18018,"18":4551.52002,"19":4549.22998,"20":4544.58984,"21":4543.24023,"22":4537.00977,"23":4545.68994,"24":4541.95996,"25":4548.8501},"volume":{"0":293560398,"1":102046229,"2":67629251,"3":80831343,"4":54808162,"5":52409244,"6":49985310,"7":55622472,"8":52915082,"9":59115954,"10":46517298,"11":46827263,"12":52581865,"13":60099471,"14":55683270,"15":51711934,"16":56409327,"17":75152195,"18":66144823,"19":67762397,"20":78020721,"21":82948058,"22":85381005,"23":100030646,"24":107782256,"25":177920289}}