{"datetime":{"0":1629323100000,"1":1629322200000,"2":1629321300000,"3":1629320400000,"4":1629319500000,"5":1629318600000,"6":1629317700000,"7":1629316800000,"8":1629315900000,"9":1629315000000,"10":1629314100000,"11":1629313200000,"12":1629312300000,"13":1629311400000,"14":1629310500000,"15":1629309600000,"16":1629308700000,"17":1629307800000,"18":1629306900000,"19":1629306000000,"20":1629305100000,"21":1629304200000,"22":1629303300000,"23":1629302400000,"24":1629301500000,"25":1629300600000},"open":{"0":4422.12012,"1":4424.08008,"2":4432.52979,"3":4437.0,"4":4437.12012,"5":4440.43994,"6":4433.58008,"7":4441.5498,"8":4440.77002,"9":4438.72998,"10":4441.5498,"11":4441.81982,"12":4439.99023,"13":4438.47021,"14":4444.49023,"15":4442.08984,"16":4444.18018,"17":4443.99023,"18":4442.83008,"19":4446.18018,"20":4446.54004,"21":4450.08008,"22":4451.45996,"23":4449.08008,"24":4441.83008,"25":4440.93994},"high":{"0":4423.62012,"1":4424.08008,"2":4433.97998,"3":4437.0,"4":4437.56982,"5":4443.77979,"6":4440.41992,"7":4449.56006,"8":4442.3999,"9":4440.77002,"10":4441.66992,"11":4442.06006,"12":4441.8999,"13":4440.37988,"14":4444.72998,"15":4445.25977,"16":4445.33984,"17":4444.54004,"18":4444.6001,"19":4446.25977,"20":4451.2002,"21":4453.00977,"22":4454.31982,"23":4451.66016,"24":4449.31982,"25":4441.75977},"low":{"0":4397.58984,"1":4415.68018,"2":4424.0,"3":4430.60986,"4":4433.16016,"5":4436.83008,"6":4425.81982,"7":4431.52002,"8":4440.68994,"9":4438.68994,"10":4437.56982,"11":4439.02002,"12":4439.18018,"13":4438.47021,"14":4438.3501,"15":4441.45996,"16":4440.79004,"17":4440.00977,"18":4441.08008,"19":4441.81006,"20":4444.9502,"21":4445.77002,"22":4449.56982,"23":4446.91992,"24":4439.75977,"25":4435.75977},"close":{"0":4400.72998,"1":4421.97998,"2":4424.08008,"3":4432.50977,"4":4436.99023,"5":4437.12012,"6":4440.41016,"7":4433.87012,"8":4441.58984,"9":4440.77002,"10":4438.72998,"11":4441.54004,"12":4441.7998,"13":4440.0,"14":4438.45996,"15":4444.47998,"16":4442.06006,"17":4444.12988,"18":4444.00977,"19":4442.95996,"20":4446.1499,"21":4446.52979,"22":4450.08008,"23":4451.41016,"24":4448.97998,"25":4441.7002},"volume":{"0":1613718400,"1":97196737,"2":60864152,"3":49618615,"4":44624347,"5":49674826,"6":59296452,"7":56071168,"8":1022425368,"9":35027917,"10":33190596,"11":33032006,"12":890073416,"13":40522322,"14":45415316,"15":40636630,"16":729345386,"17":50848617,"18":52254339,"19":64057646,"20":66602959,"21":66382723,"22":63358283,"23":78627794,"24":107357864,"25":98928468}}