{"datetime":{"0":1675979100000,"1":1675978200000,"2":1675977300000,"3":1675976400000,"4":1675975500000,"5":1675974600000,"6":1675973700000,"7":1675972800000,"8":1675971900000,"9":1675971000000,"10":1675970100000,"11":1675969200000,"12":1675968300000,"13":1675967400000,"14":1675966500000,"15":1675965600000,"16":1675964700000,"17":1675963800000,"18":1675962900000,"19":1675962000000,"20":1675961100000,"21":1675960200000,"22":1675959300000,"23":1675958400000,"24":1675957500000,"25":1675956600000},"open":{"0":4082.36011,"1":4079.20996,"2":4086.95996,"3":4095.41992,"4":4098.58984,"5":4094.3999,"6":4101.29004,"7":4104.37988,"8":4105.2002,"9":4109.43018,"10":4108.66992,"11":4112.7002,"12":4110.52002,"13":4124.75977,"14":4130.22021,"15":4125.33984,"16":4128.12012,"17":4126.68018,"18":4133.52002,"19":4141.22021,"20":4135.9502,"21":4134.3999,"22":4146.24023,"23":4144.8999,"24":4144.43994,"25":4144.25},"high":{"0":4092.66992,"1":4082.48999,"2":4087.33008,"3":4095.5,"4":4099.37988,"5":4099.83984,"6":4101.75977,"7":4106.79004,"8":4107.50977,"9":4115.31006,"10":4113.1001,"11":4112.7002,"12":4112.99023,"13":4125.0498,"14":4132.0498,"15":4131.52979,"16":4128.12012,"17":4128.35986,"18":4133.56982,"19":4141.2998,"20":4142.85986,"21":4140.52002,"22":4151.2002,"23":4149.79004,"24":4155.25977,"25":4156.22998},"low":{"0":4079.48999,"1":4069.66992,"2":4077.27002,"3":4085.31006,"4":4094.08008,"5":4093.17993,"6":4093.83008,"7":4099.0,"8":4101.8999,"9":4103.5,"10":4106.66016,"11":4105.72998,"12":4104.47998,"13":4109.58984,"14":4124.87988,"15":4124.7998,"16":4120.93994,"17":4123.2998,"18":4122.64014,"19":4126.83008,"20":4135.5,"21":4132.7002,"22":4133.00977,"23":4141.79004,"24":4141.62988,"25":4143.43994},"close":{"0":4081.77002,"1":4082.47998,"2":4079.23999,"3":4086.93994,"4":4095.42993,"5":4098.56982,"6":4094.38989,"7":4101.22021,"8":4104.33984,"9":4105.25977,"10":4109.37012,"11":4108.3501,"12":4112.72998,"13":4110.50977,"14":4124.87988,"15":4130.18994,"16":4125.35986,"17":4128.02979,"18":4126.83008,"19":4133.43018,"20":4141.2002,"21":4135.93018,"22":4134.43018,"23":4146.35986,"24":4144.91016,"25":4144.52979},"volume":{"0":274048894,"1":117208579,"2":87385804,"3":77767357,"4":57184994,"5":64156413,"6":62819456,"7":57730803,"8":54909551,"9":56189032,"10":54458359,"11":56400727,"12":60814619,"13":72614818,"14":61940134,"15":56220937,"16":66042476,"17":70306162,"18":73349012,"19":85334778,"20":777517335,"21":88552673,"22":108603387,"23":110227352,"24":122996638,"25":135995878}}