{"datetime":{"0":1672955100000,"1":1672954200000,"2":1672953300000,"3":1672952400000,"4":1672951500000,"5":1672950600000,"6":1672949700000,"7":1672948800000,"8":1672947900000,"9":1672947000000,"10":1672946100000,"11":1672945200000,"12":1672944300000,"13":1672943400000,"14":1672942500000,"15":1672941600000,"16":1672940700000,"17":1672939800000,"18":1672938900000,"19":1672938000000,"20":1672937100000,"21":1672936200000,"22":1672935300000,"23":1672934400000,"24":1672933500000,"25":1672932600000},"open":{"0":3808.54004,"1":3810.17993,"2":3814.94995,"3":3822.62988,"4":3824.20996,"5":3815.65991,"6":3816.91992,"7":3819.51001,"8":3821.26001,"9":3821.97998,"10":3805.54004,"11":3808.27002,"12":3809.98999,"13":3811.62012,"14":3810.55005,"15":3807.26001,"16":3812.27002,"17":3807.08008,"18":3811.80005,"19":3808.02002,"20":3819.57007,"21":3817.20996,"22":3824.61011,"23":3815.83008,"24":3810.76001,"25":3832.6001},"high":{"0":3812.52002,"1":3813.26001,"2":3816.8501,"3":3822.62988,"4":3830.3501,"5":3827.19995,"6":3821.67993,"7":3824.12012,"8":3823.5,"9":3828.22998,"10":3827.20996,"11":3810.51001,"12":3811.67993,"13":3818.0,"14":3813.34009,"15":3815.17993,"16":3814.40991,"17":3812.65991,"18":3813.67993,"19":3816.82007,"20":3820.37012,"21":3820.40991,"22":3824.96997,"23":3830.30005,"24":3818.3999,"25":3839.73999},"low":{"0":3803.37988,"1":3806.21997,"2":3808.12012,"3":3813.62988,"4":3822.6001,"5":3815.6001,"6":3815.28003,"7":3816.80005,"8":3818.1499,"9":3820.62012,"10":3804.86011,"11":3805.53003,"12":3807.65991,"13":3809.32007,"14":3805.56006,"15":3806.68994,"16":3806.12988,"17":3805.88989,"18":3802.41992,"19":3806.3501,"20":3807.29004,"21":3810.01001,"22":3811.33008,"23":3811.61011,"24":3803.3501,"25":3805.93994},"close":{"0":3808.22998,"1":3808.55005,"2":3810.18994,"3":3814.95996,"4":3822.66992,"5":3824.21997,"6":3815.6499,"7":3816.88989,"8":3819.48999,"9":3821.27002,"10":3821.96997,"11":3805.53003,"12":3808.33008,"13":3809.88989,"14":3811.62988,"15":3810.55005,"16":3807.41992,"17":3812.27002,"18":3807.07007,"19":3811.21997,"20":3807.79004,"21":3819.80005,"22":3817.22998,"23":3824.63989,"24":3815.6499,"25":3810.75},"volume":{"0":232038812,"1":88696583,"2":68409484,"3":55156657,"4":56745368,"5":54653218,"6":46877834,"7":48292391,"8":53623172,"9":56275635,"10":69003310,"11":44214585,"12":43817853,"13":47021849,"14":50003743,"15":51520335,"16":55186166,"17":59673970,"18":60916652,"19":1257582464,"20":67049136,"21":71841301,"22":76980728,"23":106320082,"24":99758972,"25":108280422}}