{"datetime":{"0":1644270300000,"1":1644269400000,"2":1644268500000,"3":1644267600000,"4":1644266700000,"5":1644265800000,"6":1644264900000,"7":1644264000000,"8":1644263100000,"9":1644262200000,"10":1644261300000,"11":1644260400000,"12":1644259500000,"13":1644258600000,"14":1644257700000,"15":1644256800000,"16":1644255900000,"17":1644255000000,"18":1644254100000,"19":1644253200000,"20":1644252300000,"21":1644251400000,"22":1644250500000,"23":1644249600000,"24":1644248700000,"25":1644247800000},"open":{"0":4489.18994,"1":4503.74023,"2":4521.7998,"3":4512.31006,"4":4516.22998,"5":4513.16016,"6":4502.52002,"7":4506.93018,"8":4504.52002,"9":4502.70996,"10":4501.56006,"11":4489.02002,"12":4487.95996,"13":4485.93994,"14":4488.29004,"15":4494.33984,"16":4484.70996,"17":4504.66992,"18":4505.33008,"19":4511.0498,"20":4508.75,"21":4511.16016,"22":4499.99023,"23":4511.22021,"24":4506.77002,"25":4505.75},"high":{"0":4491.93994,"1":4507.25977,"2":4521.85986,"3":4521.7998,"4":4516.87988,"5":4516.81982,"6":4513.08984,"7":4506.93994,"8":4508.29004,"9":4506.56006,"10":4503.72021,"11":4503.12012,"12":4492.56982,"13":4489.91016,"14":4494.1001,"15":4494.47021,"16":4495.1001,"17":4504.66992,"18":4508.8501,"19":4513.33008,"20":4512.47021,"21":4520.66992,"22":4513.68018,"23":4514.93018,"24":4516.06006,"25":4511.22998},"low":{"0":4471.47021,"1":4489.02002,"2":4502.68018,"3":4508.06982,"4":4510.5,"5":4511.06982,"6":4501.75,"7":4501.70996,"8":4499.1499,"9":4502.52979,"10":4497.99023,"11":4487.75,"12":4487.04004,"13":4480.97021,"14":4485.83984,"15":4486.3501,"16":4484.62988,"17":4483.93994,"18":4500.33008,"19":4499.87988,"20":4506.02979,"21":4505.81982,"22":4498.62012,"23":4499.72021,"24":4500.12988,"25":4496.99023},"close":{"0":4484.12012,"1":4489.18994,"2":4503.79004,"3":4521.7998,"4":4512.33008,"5":4516.22998,"6":4513.08984,"7":4502.43994,"8":4506.93994,"9":4504.52002,"10":4502.70996,"11":4501.6001,"12":4489.12012,"13":4487.89014,"14":4485.87988,"15":4488.33984,"16":4494.35986,"17":4484.6499,"18":4504.64014,"19":4505.5,"20":4511.0,"21":4508.58984,"22":4511.06982,"23":4499.9502,"24":4511.00977,"25":4506.91992},"volume":{"0":251178094,"1":101043257,"2":75346185,"3":66433940,"4":57669066,"5":54025086,"6":53369593,"7":44114427,"8":55289158,"9":50379656,"10":48409227,"11":54861252,"12":51215997,"13":51174483,"14":49877887,"15":51266013,"16":55682071,"17":70748021,"18":64205730,"19":700398651,"20":65797833,"21":81129307,"22":78501463,"23":94111123,"24":146645552,"25":145394401}}