{"datetime":{"0":1685742300000,"1":1685741400000,"2":1685740500000,"3":1685739600000,"4":1685738700000,"5":1685737800000,"6":1685736900000,"7":1685736000000,"8":1685735100000,"9":1685734200000,"10":1685733300000,"11":1685732400000,"12":1685731500000,"13":1685730600000,"14":1685729700000,"15":1685728800000,"16":1685727900000,"17":1685727000000,"18":1685726100000,"19":1685725200000,"20":1685724300000,"21":1685723400000,"22":1685722500000,"23":1685721600000,"24":1685720700000,"25":1685719800000},"open":{"0":4283.97998,"1":4284.45996,"2":4287.70996,"3":4286.37988,"4":4285.95996,"5":4282.64014,"6":4278.72998,"7":4284.72998,"8":4282.37012,"9":4285.93994,"10":4281.22021,"11":4283.27979,"12":4280.14014,"13":4277.52979,"14":4274.93994,"15":4277.56982,"16":4275.35986,"17":4278.87988,"18":4275.33984,"19":4271.6001,"20":4265.83008,"21":4258.35986,"22":4259.52002,"23":4246.49023,"24":4264.3999,"25":4241.00977},"high":{"0":4286.72998,"1":4287.2002,"2":4289.7998,"3":4290.66992,"4":4287.60986,"5":4286.12988,"6":4283.87012,"7":4285.75,"8":4284.83008,"9":4286.47021,"10":4286.68018,"11":4284.77002,"12":4284.22998,"13":4280.5,"14":4277.58008,"15":4278.6499,"16":4278.49023,"17":4280.08008,"18":4279.9502,"19":4278.91992,"20":4271.7998,"21":4265.77979,"22":4261.25977,"23":4260.49023,"24":4264.79004,"25":4267.08984},"low":{"0":4281.14014,"1":4282.93018,"2":4284.16992,"3":4285.8999,"4":4283.97021,"5":4282.10986,"6":4278.58008,"7":4278.25977,"8":4280.7002,"9":4281.47998,"10":4281.0498,"11":4280.24023,"12":4280.14014,"13":4276.5,"14":4273.06006,"15":4273.93994,"16":4270.9502,"17":4273.35986,"18":4275.31006,"19":4271.6001,"20":4265.43994,"21":4254.62988,"22":4251.08984,"23":4243.08984,"24":4246.35986,"25":4241.00977},"close":{"0":4281.66992,"1":4283.97021,"2":4284.43018,"3":4287.62012,"4":4286.24023,"5":4286.00977,"6":4282.58984,"7":4278.75977,"8":4284.7002,"9":4282.37012,"10":4286.0498,"11":4281.27002,"12":4283.22998,"13":4280.12988,"14":4277.58008,"15":4274.93018,"16":4277.56006,"17":4275.33984,"18":4279.10986,"19":4275.41016,"20":4271.47021,"21":4265.74023,"22":4258.27979,"23":4259.5,"24":4246.62988,"25":4264.54004},"volume":{"0":253036557,"1":106541353,"2":78736170,"3":67448615,"4":58254976,"5":53823087,"6":58218839,"7":61542053,"8":53495011,"9":59576015,"10":57699559,"11":55232837,"12":56930961,"13":59065374,"14":63479839,"15":69938631,"16":1135375317,"17":78850640,"18":79971969,"19":89428767,"20":94745116,"21":95608065,"22":103251960,"23":106074292,"24":136807692,"25":214255989}}