{"datetime":{"0":1676670300000,"1":1676669400000,"2":1676668500000,"3":1676667600000,"4":1676666700000,"5":1676665800000,"6":1676664900000,"7":1676664000000,"8":1676663100000,"9":1676662200000,"10":1676661300000,"11":1676660400000,"12":1676659500000,"13":1676658600000,"14":1676657700000,"15":1676656800000,"16":1676655900000,"17":1676655000000,"18":1676654100000,"19":1676653200000,"20":1676652300000,"21":1676651400000,"22":1676650500000,"23":1676649600000,"24":1676648700000,"25":1676647800000},"open":{"0":4075.16992,"1":4072.29004,"2":4077.02002,"3":4077.88989,"4":4069.07007,"5":4067.65991,"6":4058.94995,"7":4058.38989,"8":4057.25,"9":4053.62012,"10":4058.0,"11":4051.58008,"12":4056.12988,"13":4061.75,"14":4063.62988,"15":4054.66992,"16":4058.3501,"17":4051.40991,"18":4058.3999,"19":4056.25,"20":4060.67993,"21":4066.38989,"22":4064.45996,"23":4054.81006,"24":4061.41992,"25":4077.38989},"high":{"0":4080.41992,"1":4081.15991,"2":4079.3999,"3":4081.51001,"4":4079.12988,"5":4074.06006,"6":4070.28003,"7":4064.65991,"8":4059.67993,"9":4058.27002,"10":4060.8999,"11":4058.91992,"12":4057.16992,"13":4061.79004,"14":4065.41992,"15":4066.08008,"16":4061.58008,"17":4058.57007,"18":4058.87012,"19":4059.97998,"20":4063.03003,"21":4078.48999,"22":4076.55005,"23":4067.72998,"24":4061.41992,"25":4077.38989},"low":{"0":4071.12012,"1":4071.21997,"2":4071.1001,"3":4074.55005,"4":4067.95996,"5":4067.65991,"6":4058.21997,"7":4058.32007,"8":4054.83008,"9":4051.36011,"10":4051.3501,"11":4049.8999,"12":4047.94995,"13":4055.3501,"14":4059.37012,"15":4054.61011,"16":4050.83008,"17":4048.3999,"18":4049.88989,"19":4052.40991,"20":4055.21997,"21":4060.52002,"22":4062.62988,"23":4054.46997,"24":4049.13989,"25":4061.31006},"close":{"0":4078.85,"1":4075.17993,"2":4072.40991,"3":4077.06006,"4":4077.8999,"5":4069.08008,"6":4067.63989,"7":4058.97998,"8":4058.36011,"9":4057.27002,"10":4053.57007,"11":4058.0,"12":4051.61011,"13":4056.1499,"14":4061.98999,"15":4063.61011,"16":4054.67993,"17":4058.3501,"18":4051.41992,"19":4058.41992,"20":4056.32007,"21":4060.69995,"22":4066.29004,"23":4064.22998,"24":4054.65991,"25":4061.31006},"volume":{"0":170133509,"1":94165842,"2":69366203,"3":67764057,"4":58542144,"5":55204028,"6":54851075,"7":51898287,"8":43902576,"9":48019217,"10":46654169,"11":48235717,"12":48902224,"13":47836161,"14":51965614,"15":56257615,"16":61062463,"17":72412715,"18":62021305,"19":63454049,"20":70115271,"21":77695530,"22":81970852,"23":86191204,"24":110604344,"25":116837304}}