{"datetime":{"0":1597268700000,"1":1597267800000,"2":1597266900000,"3":1597266000000,"4":1597265100000,"5":1597264200000,"6":1597263300000,"7":1597262400000,"8":1597261500000,"9":1597260600000,"10":1597259700000,"11":1597258800000,"12":1597257900000,"13":1597257000000,"14":1597256100000,"15":1597255200000,"16":1597254300000,"17":1597253400000,"18":1597252500000,"19":1597251600000,"20":1597250700000,"21":1597249800000,"22":1597248900000,"23":1597248000000,"24":1597247100000,"25":1597246200000},"open":{"0":3383.90991,"1":3385.73999,"2":3386.07007,"3":3383.8999,"4":3382.18994,"5":3382.54004,"6":3382.46997,"7":3384.28003,"8":3378.3999,"9":3371.62988,"10":3375.0,"11":3375.88989,"12":3381.1001,"13":3381.70996,"14":3380.80005,"15":3377.72998,"16":3376.02002,"17":3377.22998,"18":3375.22998,"19":3378.17993,"20":3376.28003,"21":3376.44995,"22":3370.04004,"23":3369.59009,"24":3363.88989,"25":3355.45996},"high":{"0":3384.05005,"1":3386.20996,"2":3387.88989,"3":3386.25,"4":3384.61011,"5":3383.91992,"6":3384.6499,"7":3384.87012,"8":3384.40991,"9":3378.6001,"10":3375.5,"11":3378.03003,"12":3381.5,"13":3383.20996,"14":3383.13989,"15":3381.59009,"16":3378.30005,"17":3379.90991,"18":3378.15991,"19":3381.44995,"20":3380.32007,"21":3379.82007,"22":3376.75,"23":3374.02002,"24":3370.03003,"25":3367.03003},"low":{"0":3378.21997,"1":3377.97998,"2":3385.48999,"3":3382.16992,"4":3381.51001,"5":3380.69995,"6":3382.07007,"7":3381.56006,"8":3378.1001,"9":3371.62988,"10":3370.84009,"11":3374.15991,"12":3375.34009,"13":3381.06006,"14":3380.68994,"15":3377.63989,"16":3374.63989,"17":3375.54004,"18":3374.87012,"19":3374.86011,"20":3374.47998,"21":3375.96997,"22":3370.04004,"23":3367.26001,"24":3361.84009,"25":3355.45996},"close":{"0":3379.81006,"1":3384.0,"2":3385.77002,"3":3386.06006,"4":3383.84009,"5":3382.17993,"6":3382.58008,"7":3382.48999,"8":3384.29004,"9":3378.38989,"10":3371.6001,"11":3375.06006,"12":3375.8999,"13":3381.06006,"14":3381.66992,"15":3380.76001,"16":3377.75,"17":3376.06006,"18":3377.26001,"19":3375.18994,"20":3378.17993,"21":3376.27002,"22":3376.38989,"23":3370.1001,"24":3369.59009,"25":3363.78003},"volume":{"0":215662555,"1":100430233,"2":66294590,"3":61450534,"4":55316467,"5":51740012,"6":46815862,"7":46627855,"8":49925119,"9":51246510,"10":53699952,"11":56771665,"12":56872841,"13":52645467,"14":60722584,"15":59145588,"16":61115914,"17":59778966,"18":73409991,"19":80913304,"20":80666825,"21":79442923,"22":81838482,"23":98841824,"24":125311916,"25":138562413}}