{"datetime":{"0":1669401900000,"1":1669401000000,"2":1669400100000,"3":1669399200000,"4":1669398300000,"5":1669397400000,"6":1669396500000,"7":1669395600000,"8":1669394700000,"9":1669393800000,"10":1669392900000,"11":1669392000000,"12":1669391100000,"13":1669390200000},"open":{"0":4026.06006,"1":4029.97998,"2":4028.18994,"3":4029.8999,"4":4029.21997,"5":4027.90991,"6":4030.45996,"7":4031.11011,"8":4029.94995,"9":4029.8501,"10":4030.12012,"11":4029.37988,"12":4024.67993,"13":4023.34009},"high":{"0":4027.1001,"1":4030.1001,"2":4030.47998,"3":4030.1001,"4":4030.87012,"5":4029.06006,"6":4031.33008,"7":4034.02002,"8":4032.13989,"9":4031.3501,"10":4032.92993,"11":4031.87988,"12":4030.51001,"13":4027.17993},"low":{"0":4023.16992,"1":4025.90991,"2":4027.41992,"3":4027.21997,"4":4029.03003,"5":4025.05005,"6":4027.31006,"7":4029.94995,"8":4029.08008,"9":4028.66992,"10":4029.20996,"11":4028.06006,"12":4023.11011,"13":4020.76001},"close":{"0":4026.97998,"1":4026.02002,"2":4029.95996,"3":4028.18994,"4":4029.8999,"5":4029.06006,"6":4027.90991,"7":4030.45996,"8":4031.15991,"9":4029.8999,"10":4029.8999,"11":4030.09009,"12":4029.54004,"13":4024.63989},"volume":{"0":106080501,"1":46511940,"2":38974509,"3":37435271,"4":33894896,"5":39317255,"6":39947842,"7":40379524,"8":42104854,"9":46769675,"10":74699881,"11":57665014,"12":63450372,"13":77203880}}