{"datetime":{"0":1622670300000,"1":1622669400000,"2":1622668500000,"3":1622667600000,"4":1622666700000,"5":1622665800000,"6":1622664900000,"7":1622664000000,"8":1622663100000,"9":1622662200000,"10":1622661300000,"11":1622660400000,"12":1622659500000,"13":1622658600000,"14":1622657700000,"15":1622656800000,"16":1622655900000,"17":1622655000000,"18":1622654100000,"19":1622653200000,"20":1622652300000,"21":1622651400000,"22":1622650500000,"23":1622649600000,"24":1622648700000,"25":1622647800000},"open":{"0":4203.52979,"1":4202.52979,"2":4205.5,"3":4204.0,"4":4202.91992,"5":4203.16016,"6":4199.0,"7":4203.5,"8":4203.6499,"9":4202.93018,"10":4208.7002,"11":4209.74023,"12":4208.9502,"13":4209.47021,"14":4213.56982,"15":4214.08984,"16":4216.2002,"17":4216.5,"18":4216.35986,"19":4211.7998,"20":4213.8501,"21":4213.58984,"22":4210.2002,"23":4209.25,"24":4204.6499,"25":4206.81982},"high":{"0":4209.16992,"1":4204.0,"2":4205.5,"3":4205.49023,"4":4204.5,"5":4204.2002,"6":4204.7002,"7":4205.2002,"8":4204.89014,"9":4205.5,"10":4209.0,"11":4210.7002,"12":4210.22021,"13":4209.47021,"14":4214.06006,"15":4214.5,"16":4216.5,"17":4217.2002,"18":4217.35986,"19":4216.35986,"20":4215.2002,"21":4214.8999,"22":4215.04004,"23":4211.89014,"24":4211.58984,"25":4209.39014},"low":{"0":4202.77979,"1":4201.5,"2":4202.52979,"3":4202.7002,"4":4202.18018,"5":4201.68994,"6":4199.0,"7":4198.25977,"8":4201.1499,"9":4202.68018,"10":4201.47998,"11":4207.52002,"12":4208.68018,"13":4207.2002,"14":4208.0,"15":4212.3501,"16":4213.3501,"17":4214.62012,"18":4213.89014,"19":4210.56006,"20":4210.58008,"21":4210.41992,"22":4209.5,"23":4207.74023,"24":4204.6499,"25":4200.93994},"close":{"0":4208.3999,"1":4203.77979,"2":4203.0,"3":4205.2002,"4":4204.5,"5":4203.0,"6":4203.2002,"7":4199.75,"8":4203.5,"9":4203.8999,"10":4203.68018,"11":4208.50977,"12":4209.5,"13":4208.4502,"14":4209.22021,"15":4213.31982,"16":4213.83984,"17":4216.5,"18":4216.2002,"19":4216.2002,"20":4212.2998,"21":4213.7002,"22":4213.5498,"23":4210.16016,"24":4209.14014,"25":4204.56982},"volume":{"0":33809085,"1":0,"2":0,"3":0,"4":0,"5":0,"6":0,"7":0,"8":0,"9":0,"10":0,"11":0,"12":0,"13":0,"14":0,"15":0,"16":0,"17":0,"18":0,"19":0,"20":11423854,"21":64474252,"22":73202094,"23":80149263,"24":99999370,"25":109899779}}