{"datetime":{"0":1612907100000,"1":1612906200000,"2":1612905300000,"3":1612904400000,"4":1612903500000,"5":1612902600000,"6":1612901700000,"7":1612900800000,"8":1612899900000,"9":1612899000000,"10":1612898100000,"11":1612897200000,"12":1612896300000,"13":1612895400000,"14":1612894500000,"15":1612893600000,"16":1612892700000,"17":1612891800000,"18":1612890900000,"19":1612890000000,"20":1612889100000,"21":1612888200000,"22":1612887300000,"23":1612886400000,"24":1612885500000,"25":1612884600000},"open":{"0":3916.93994,"1":3914.12012,"2":3917.69995,"3":3917.53003,"4":3917.19995,"5":3916.31006,"6":3915.37988,"7":3913.44995,"8":3912.44995,"9":3911.82007,"10":3914.76001,"11":3916.44995,"12":3915.94995,"13":3914.90991,"14":3915.3501,"15":3910.07007,"16":3911.08008,"17":3906.93994,"18":3906.81006,"19":3910.13989,"20":3912.77002,"21":3911.58008,"22":3913.56006,"23":3910.52002,"24":3906.53003,"25":3910.48999},"high":{"0":3917.34009,"1":3918.3501,"2":3917.83008,"3":3917.80005,"4":3917.90991,"5":3918.03003,"6":3916.62012,"7":3915.84009,"8":3913.80005,"9":3913.66992,"10":3915.1001,"11":3916.76001,"12":3917.96997,"13":3916.12988,"14":3915.68994,"15":3915.32007,"16":3912.54004,"17":3911.56006,"18":3908.65991,"19":3910.1499,"20":3913.03003,"21":3914.31006,"22":3913.73999,"23":3913.61011,"24":3912.77002,"25":3910.48999},"low":{"0":3908.42993,"1":3914.11011,"2":3914.1001,"3":3916.3501,"4":3916.3501,"5":3916.28003,"6":3915.12012,"7":3913.42993,"8":3911.46997,"9":3911.6499,"10":3911.70996,"11":3914.41992,"12":3915.34009,"13":3914.90991,"14":3913.41992,"15":3909.71997,"16":3910.01001,"17":3906.07007,"18":3903.62012,"19":3904.70996,"20":3909.47998,"21":3911.41992,"22":3910.96997,"23":3908.3501,"24":3906.53003,"25":3902.63989},"close":{"0":3911.44995,"1":3916.91992,"2":3914.12988,"3":3917.68994,"4":3917.53003,"5":3917.22998,"6":3916.33008,"7":3915.37988,"8":3913.43994,"9":3912.44995,"10":3911.83008,"11":3914.8501,"12":3916.46997,"13":3915.93994,"14":3914.90991,"15":3915.31006,"16":3910.09009,"17":3910.90991,"18":3906.95996,"19":3906.83008,"20":3910.17993,"21":3912.80005,"22":3911.47998,"23":3913.54004,"24":3911.12988,"25":3906.66992},"volume":{"0":1801171319,"1":79447628,"2":59348924,"3":48317382,"4":1412299908,"5":46198255,"6":43136641,"7":42420692,"8":38707940,"9":43913569,"10":40933008,"11":43150385,"12":1067893315,"13":59146294,"14":50994380,"15":63299042,"16":845226639,"17":57268955,"18":61014199,"19":67460753,"20":613754249,"21":543202705,"22":70581192,"23":90972730,"24":322655731,"25":125562749}}