{"datetime":{"0":1640814300000,"1":1640813400000,"2":1640812500000,"3":1640811600000,"4":1640810700000,"5":1640809800000,"6":1640808900000,"7":1640808000000,"8":1640807100000,"9":1640806200000,"10":1640805300000,"11":1640804400000,"12":1640803500000,"13":1640802600000,"14":1640801700000,"15":1640800800000,"16":1640799900000,"17":1640799000000,"18":1640798100000,"19":1640797200000,"20":1640796300000,"21":1640795400000,"22":1640794500000,"23":1640793600000,"24":1640792700000,"25":1640791800000},"open":{"0":4799.56982,"1":4797.6001,"2":4795.22021,"3":4794.68018,"4":4792.3999,"5":4792.29004,"6":4792.77002,"7":4790.91992,"8":4787.14014,"9":4786.54004,"10":4789.22021,"11":4786.3999,"12":4784.9502,"13":4781.52979,"14":4783.27002,"15":4785.08984,"16":4786.33008,"17":4785.87012,"18":4787.93018,"19":4791.12988,"20":4791.10986,"21":4785.12012,"22":4782.87988,"23":4794.83008,"24":4792.87012,"25":4788.64014},"high":{"0":4804.06006,"1":4802.06982,"2":4797.97021,"3":4795.91992,"4":4795.08984,"5":4794.18018,"6":4793.33984,"7":4792.7998,"8":4791.83008,"9":4788.68994,"10":4789.37012,"11":4789.8501,"12":4786.31006,"13":4785.3999,"14":4783.85986,"15":4785.91992,"16":4788.18018,"17":4786.97998,"18":4791.0,"19":4793.49023,"20":4793.35986,"21":4792.68994,"22":4788.22021,"23":4795.62988,"24":4798.68994,"25":4800.41992},"low":{"0":4792.91992,"1":4797.6001,"2":4794.79004,"3":4792.72998,"4":4792.08984,"5":4791.60986,"6":4791.87012,"7":4789.47021,"8":4787.14014,"9":4785.37012,"10":4786.35986,"11":4786.25,"12":4783.33984,"13":4780.66992,"14":4781.20996,"15":4782.62012,"16":4784.56982,"17":4783.56982,"18":4785.70996,"19":4787.79004,"20":4789.75977,"21":4783.35986,"22":4778.08008,"23":4782.2998,"24":4790.91016,"25":4788.64014},"close":{"0":4792.93994,"1":4799.52979,"2":4797.5498,"3":4795.20996,"4":4794.66992,"5":4792.3999,"6":4792.2998,"7":4792.77979,"8":4790.93994,"9":4787.12988,"10":4786.54004,"11":4789.22021,"12":4786.2998,"13":4784.93994,"14":4781.60986,"15":4783.33984,"16":4785.06982,"17":4786.31006,"18":4785.87012,"19":4787.87012,"20":4791.14014,"21":4791.16992,"22":4785.2998,"23":4782.8501,"24":4794.91992,"25":4792.72021},"volume":{"0":139253374,"1":56468725,"2":39325708,"3":35662889,"4":28697407,"5":32605052,"6":29919639,"7":29885256,"8":28228210,"9":27080902,"10":27841696,"11":29155123,"12":27367934,"13":29738059,"14":27512570,"15":29141651,"16":31478223,"17":34924784,"18":36179918,"19":40011626,"20":42058188,"21":48051193,"22":54935211,"23":61217183,"24":65180579,"25":130353011}}