{"datetime":{"0":1658353500000,"1":1658352600000,"2":1658351700000,"3":1658350800000,"4":1658349900000,"5":1658349000000,"6":1658348100000,"7":1658347200000,"8":1658346300000,"9":1658345400000,"10":1658344500000,"11":1658343600000,"12":1658342700000,"13":1658341800000,"14":1658340900000,"15":1658340000000,"16":1658339100000,"17":1658338200000,"18":1658337300000,"19":1658336400000,"20":1658335500000,"21":1658334600000,"22":1658333700000,"23":1658332800000,"24":1658331900000,"25":1658331000000},"open":{"0":3966.59009,"1":3969.0,"2":3964.1499,"3":3956.86011,"4":3958.68994,"5":3956.96997,"6":3945.12012,"7":3937.04004,"8":3951.03003,"9":3949.86011,"10":3939.65991,"11":3958.82007,"12":3956.53003,"13":3966.62012,"14":3973.37988,"15":3969.43994,"16":3963.06006,"17":3963.25,"18":3964.08008,"19":3970.79004,"20":3954.3999,"21":3947.13989,"22":3933.79004,"23":3926.21997,"24":3936.5,"25":3935.32007},"high":{"0":3967.70996,"1":3969.56006,"2":3969.16992,"3":3967.27002,"4":3960.23999,"5":3959.87012,"6":3958.0,"7":3946.37012,"8":3952.01001,"9":3955.6001,"10":3949.95996,"11":3959.01001,"12":3960.46997,"13":3971.30005,"14":3973.75,"15":3974.12988,"16":3970.87012,"17":3967.31006,"18":3964.80005,"19":3970.79004,"20":3970.53003,"21":3958.1001,"22":3947.3501,"23":3934.41992,"24":3938.21997,"25":3940.3501},"low":{"0":3957.8501,"1":3959.66992,"2":3962.33008,"3":3955.53003,"4":3948.68994,"5":3953.57007,"6":3942.19995,"7":3936.86011,"8":3936.40991,"9":3947.76001,"10":3937.47998,"11":3936.76001,"12":3946.07007,"13":3955.5,"14":3966.70996,"15":3968.45996,"16":3963.06006,"17":3959.59009,"18":3958.43994,"19":3963.45996,"20":3954.01001,"21":3946.52002,"22":3930.21997,"23":3922.03003,"24":3925.18994,"25":3927.95996},"close":{"0":3959.40991,"1":3966.6001,"2":3968.96997,"3":3964.07007,"4":3956.86011,"5":3958.65991,"6":3956.92993,"7":3945.11011,"8":3937.09009,"9":3951.12988,"10":3949.87988,"11":3939.56006,"12":3958.88989,"13":3956.56006,"14":3966.70996,"15":3973.40991,"16":3969.44995,"17":3963.06006,"18":3963.21997,"19":3964.19995,"20":3970.53003,"21":3954.32007,"22":3947.16992,"23":3933.77002,"24":3926.07007,"25":3936.28003},"volume":{"0":236335095,"1":100403364,"2":75926802,"3":63304381,"4":56629780,"5":53870484,"6":52048299,"7":50633169,"8":48105122,"9":52843047,"10":56166167,"11":68851408,"12":64449742,"13":56272252,"14":52283739,"15":54181687,"16":57456608,"17":61530618,"18":63676506,"19":70203090,"20":86011655,"21":91491479,"22":80651452,"23":92544459,"24":106985688,"25":114736599}}