{"datetime":{"0":1634679900000,"1":1634679000000,"2":1634678100000,"3":1634677200000,"4":1634676300000,"5":1634675400000,"6":1634674500000,"7":1634673600000,"8":1634672700000,"9":1634671800000,"10":1634670900000,"11":1634670000000,"12":1634669100000,"13":1634668200000,"14":1634667300000,"15":1634666400000,"16":1634665500000,"17":1634664600000,"18":1634663700000,"19":1634662800000,"20":1634661900000,"21":1634661000000,"22":1634660100000,"23":1634659200000,"24":1634658300000,"25":1634657400000},"open":{"0":4514.0498,"1":4517.60986,"2":4517.33984,"3":4513.8999,"4":4512.45996,"5":4514.02979,"6":4517.83008,"7":4517.97021,"8":4517.0,"9":4516.31006,"10":4517.41992,"11":4518.91992,"12":4517.16992,"13":4515.66992,"14":4516.77979,"15":4516.02979,"16":4514.33008,"17":4514.39014,"18":4514.27002,"19":4511.99023,"20":4507.58984,"21":4510.64014,"22":4508.62988,"23":4499.7998,"24":4498.79004,"25":4501.58008},"high":{"0":4520.20996,"1":4517.60986,"2":4520.3999,"3":4517.39014,"4":4514.18018,"5":4514.45996,"6":4517.83008,"7":4518.56006,"8":4518.31006,"9":4517.85986,"10":4518.56982,"11":4519.2998,"12":4519.16016,"13":4517.4502,"14":4517.37988,"15":4516.8999,"16":4516.6001,"17":4515.27002,"18":4515.93994,"19":4514.47021,"20":4513.08984,"21":4510.87012,"22":4511.12988,"23":4510.08984,"24":4504.20996,"25":4505.68018},"low":{"0":4513.93018,"1":4513.47998,"2":4515.77002,"3":4512.99023,"4":4511.37012,"5":4509.83984,"6":4514.02979,"7":4517.31006,"8":4516.7002,"9":4516.00977,"10":4516.16016,"11":4515.79004,"12":4516.08008,"13":4515.52002,"14":4514.60986,"15":4514.18018,"16":4514.33008,"17":4512.37012,"18":4512.75977,"19":4511.99023,"20":4506.93994,"21":4504.14014,"22":4506.89014,"23":4499.3501,"24":4498.54004,"25":4497.33984},"close":{"0":4520.20996,"1":4514.0498,"2":4517.62988,"3":4517.3501,"4":4513.91016,"5":4512.45996,"6":4514.02979,"7":4517.89014,"8":4517.93994,"9":4517.0,"10":4516.31982,"11":4517.47021,"12":4518.93994,"13":4517.20996,"14":4515.66992,"15":4516.77002,"16":4516.00977,"17":4514.2998,"18":4514.3501,"19":4514.27979,"20":4511.95996,"21":4507.58984,"22":4510.7002,"23":4508.54004,"24":4499.77002,"25":4498.75977},"volume":{"0":172597574,"1":69346202,"2":52837641,"3":45416092,"4":46859685,"5":45277579,"6":38475376,"7":39871602,"8":35291570,"9":36974209,"10":35475221,"11":40984568,"12":36861867,"13":38698081,"14":40538576,"15":40486307,"16":42934990,"17":47915778,"18":49765264,"19":49654235,"20":57017180,"21":59014013,"22":63408939,"23":75795814,"24":81465611,"25":155594918}}