{"datetime":{"0":1602279900000,"1":1602279000000,"2":1602278100000,"3":1602277200000,"4":1602276300000,"5":1602275400000,"6":1602274500000,"7":1602273600000,"8":1602272700000,"9":1602271800000,"10":1602270900000,"11":1602270000000,"12":1602269100000,"13":1602268200000,"14":1602267300000,"15":1602266400000,"16":1602265500000,"17":1602264600000,"18":1602263700000,"19":1602262800000,"20":1602261900000,"21":1602261000000,"22":1602260100000,"23":1602259200000,"24":1602258300000,"25":1602257400000},"open":{"0":3472.84009,"1":3477.87012,"2":3473.91992,"3":3472.69995,"4":3475.3999,"5":3472.65991,"6":3475.3501,"7":3478.09009,"8":3475.06006,"9":3474.44995,"10":3476.06006,"11":3476.07007,"12":3478.47998,"13":3476.79004,"14":3480.55005,"15":3479.04004,"16":3469.73999,"17":3468.19995,"18":3466.82007,"19":3464.32007,"20":3462.53003,"21":3459.22998,"22":3460.29004,"23":3464.8999,"24":3466.29004,"25":3459.66992},"high":{"0":3477.69995,"1":3478.01001,"2":3478.73999,"3":3474.38989,"4":3475.52002,"5":3475.40991,"6":3475.3501,"7":3478.28003,"8":3478.08008,"9":3476.15991,"10":3477.18994,"11":3478.16992,"12":3478.80005,"13":3480.41992,"14":3480.66992,"15":3482.34009,"16":3480.8501,"17":3473.20996,"18":3468.37988,"19":3469.18994,"20":3465.57007,"21":3463.3999,"22":3463.65991,"23":3466.06006,"24":3466.73999,"25":3469.05005},"low":{"0":3471.11011,"1":3472.55005,"2":3473.77002,"3":3471.62012,"4":3471.59009,"5":3469.72998,"6":3471.65991,"7":3474.05005,"8":3474.46997,"9":3473.52002,"10":3473.44995,"11":3476.0,"12":3474.96997,"13":3476.59009,"14":3475.28003,"15":3478.92993,"16":3469.73999,"17":3467.79004,"18":3465.76001,"19":3464.32007,"20":3462.41992,"21":3459.15991,"22":3458.07007,"23":3458.6001,"24":3460.8999,"25":3459.66992},"close":{"0":3477.0,"1":3472.8999,"2":3477.70996,"3":3473.8999,"4":3472.76001,"5":3475.37988,"6":3472.65991,"7":3475.3999,"8":3478.06006,"9":3475.07007,"10":3474.46997,"11":3476.0,"12":3476.05005,"13":3478.44995,"14":3476.84009,"15":3480.5,"16":3479.06006,"17":3469.6499,"18":3468.1499,"19":3466.75,"20":3464.33008,"21":3462.57007,"22":3459.18994,"23":3460.37012,"24":3464.79004,"25":3466.31006},"volume":{"0":200159945,"1":86360689,"2":60696935,"3":47247848,"4":42646122,"5":53868851,"6":44521620,"7":44054403,"8":40849734,"9":47321797,"10":44261151,"11":49847846,"12":50165296,"13":59099656,"14":76929537,"15":60761258,"16":97732592,"17":66388895,"18":66195906,"19":65680927,"20":66997948,"21":73399105,"22":87053312,"23":91477670,"24":114702692,"25":137188588}}