{"datetime":{"0":1601588700000,"1":1601587800000,"2":1601586900000,"3":1601586000000,"4":1601585100000,"5":1601584200000,"6":1601583300000,"7":1601582400000,"8":1601581500000,"9":1601580600000,"10":1601579700000,"11":1601578800000,"12":1601577900000,"13":1601577000000,"14":1601576100000,"15":1601575200000,"16":1601574300000,"17":1601573400000,"18":1601572500000,"19":1601571600000,"20":1601570700000,"21":1601569800000,"22":1601568900000,"23":1601568000000,"24":1601567100000,"25":1601566200000},"open":{"0":3371.3501,"1":3371.6499,"2":3378.70996,"3":3380.21997,"4":3379.48999,"5":3373.45996,"6":3365.68994,"7":3373.26001,"8":3380.80005,"9":3379.12988,"10":3382.23999,"11":3382.33008,"12":3383.6499,"13":3382.31006,"14":3379.06006,"15":3382.90991,"16":3384.11011,"17":3382.70996,"18":3376.15991,"19":3376.8999,"20":3381.8999,"21":3372.21997,"22":3372.90991,"23":3378.33008,"24":3389.81006,"25":3385.87012},"high":{"0":3381.91992,"1":3375.93994,"2":3379.3999,"3":3384.51001,"4":3382.04004,"5":3379.65991,"6":3373.5,"7":3379.31006,"8":3381.59009,"9":3382.45996,"10":3383.80005,"11":3386.95996,"12":3384.6499,"13":3384.46997,"14":3382.51001,"15":3383.08008,"16":3384.70996,"17":3386.88989,"18":3383.67993,"19":3379.5,"20":3382.66992,"21":3384.51001,"22":3376.80005,"23":3381.22998,"24":3390.68994,"25":3397.17993},"low":{"0":3369.42993,"1":3369.34009,"2":3370.22998,"3":3378.54004,"4":3376.8999,"5":3373.19995,"6":3361.38989,"7":3361.79004,"8":3370.75,"9":3377.96997,"10":3377.25,"11":3381.63989,"12":3381.06006,"13":3379.05005,"14":3373.78003,"15":3376.48999,"16":3378.58008,"17":3382.11011,"18":3375.42993,"19":3369.36011,"20":3371.05005,"21":3370.8999,"22":3367.79004,"23":3367.02002,"24":3378.11011,"25":3385.87012},"close":{"0":3381.3501,"1":3371.33008,"2":3371.63989,"3":3378.72998,"4":3380.19995,"5":3379.5,"6":3373.40991,"7":3365.65991,"8":3373.30005,"9":3380.71997,"10":3379.11011,"11":3382.19995,"12":3382.22998,"13":3383.63989,"14":3382.33008,"15":3379.06006,"16":3382.96997,"17":3384.09009,"18":3382.67993,"19":3376.19995,"20":3376.45996,"21":3381.8501,"22":3372.26001,"23":3372.87012,"24":3378.19995,"25":3389.88989},"volume":{"0":218841878,"1":90612894,"2":73626249,"3":63091457,"4":52211271,"5":59558854,"6":62234570,"7":101763918,"8":70055688,"9":47748538,"10":52921532,"11":47944092,"12":50356221,"13":49325507,"14":57664551,"15":53639885,"16":49085976,"17":59502984,"18":68155569,"19":75847707,"20":67203565,"21":69575187,"22":81322537,"23":109941868,"24":107432728,"25":149578982}}