{"datetime":{"0":1603917900000,"1":1603917000000,"2":1603916100000,"3":1603915200000,"4":1603914300000,"5":1603913400000,"6":1603912500000,"7":1603911600000,"8":1603910700000,"9":1603909800000,"10":1603908900000,"11":1603908000000,"12":1603907100000,"13":1603906200000,"14":1603905300000,"15":1603904400000,"16":1603903500000,"17":1603902600000,"18":1603901700000,"19":1603900800000,"20":1603899900000,"21":1603899000000,"22":1603898100000,"23":1603897200000,"24":1603896300000,"25":1603895400000},"open":{"0":3290.86011,"1":3297.45996,"2":3291.90991,"3":3293.69995,"4":3291.72998,"5":3297.27002,"6":3283.97998,"7":3295.65991,"8":3291.09009,"9":3290.06006,"10":3283.17993,"11":3292.11011,"12":3293.87988,"13":3301.62988,"14":3308.75,"15":3304.95996,"16":3298.1001,"17":3290.87012,"18":3297.43994,"19":3293.86011,"20":3298.87988,"21":3295.16992,"22":3313.93994,"23":3321.04004,"24":3333.36011,"25":3342.47998},"high":{"0":3291.54004,"1":3305.8999,"2":3301.3501,"3":3294.96997,"4":3297.92993,"5":3299.29004,"6":3297.71997,"7":3295.68994,"8":3296.22998,"9":3296.04004,"10":3289.8999,"11":3292.1499,"12":3295.36011,"13":3303.28003,"14":3310.08008,"15":3310.81006,"16":3308.45996,"17":3298.68994,"18":3297.43994,"19":3298.21997,"20":3299.31006,"21":3303.54004,"22":3314.03003,"23":3322.07007,"24":3335.68994,"25":3342.47998},"low":{"0":3268.88989,"1":3291.38989,"2":3287.62012,"3":3287.26001,"4":3285.01001,"5":3288.19995,"6":3282.3999,"7":3284.65991,"8":3290.18994,"9":3287.3501,"10":3279.62012,"11":3281.94995,"12":3287.02002,"13":3291.54004,"14":3301.08008,"15":3303.90991,"16":3297.83008,"17":3284.51001,"18":3288.26001,"19":3284.75,"20":3285.84009,"21":3292.71997,"22":3290.08008,"23":3310.38989,"24":3317.0,"25":3325.11011},"close":{"0":3272.28003,"1":3291.48999,"2":3297.41992,"3":3291.87988,"4":3295.05005,"5":3291.75,"6":3297.23999,"7":3285.31006,"8":3295.6001,"9":3291.08008,"10":3289.88989,"11":3283.08008,"12":3292.15991,"13":3293.90991,"14":3301.56006,"15":3308.80005,"16":3305.01001,"17":3298.29004,"18":3290.86011,"19":3297.34009,"20":3294.04004,"21":3298.81006,"22":3294.98999,"23":3313.96997,"24":3321.1001,"25":3333.40991},"volume":{"0":326204397,"1":2526722824,"2":2389456074,"3":4457530453,"4":78574167,"5":73529507,"6":76096665,"7":1963032225,"8":1904071942,"9":65977834,"10":69769551,"11":1702686953,"12":64708780,"13":72075062,"14":80919848,"15":1438173968,"16":93111376,"17":86275046,"18":86236727,"19":1086278525,"20":108597897,"21":111756437,"22":135992228,"23":664317776,"24":178706742,"25":168648525}}