{"datetime":{"0":1675892700000,"1":1675891800000,"2":1675890900000,"3":1675890000000,"4":1675889100000,"5":1675888200000,"6":1675887300000,"7":1675886400000,"8":1675885500000,"9":1675884600000,"10":1675883700000,"11":1675882800000,"12":1675881900000,"13":1675881000000,"14":1675880100000,"15":1675879200000,"16":1675878300000,"17":1675877400000,"18":1675876500000,"19":1675875600000,"20":1675874700000,"21":1675873800000,"22":1675872900000,"23":1675872000000,"24":1675871100000,"25":1675870200000},"open":{"0":4121.97021,"1":4117.35986,"2":4113.31006,"3":4125.18994,"4":4120.68018,"5":4123.93018,"6":4128.85986,"7":4126.06006,"8":4124.99023,"9":4128.93018,"10":4134.22998,"11":4130.81982,"12":4121.66992,"13":4128.85986,"14":4119.66992,"15":4126.43994,"16":4115.41992,"17":4119.68994,"18":4129.06982,"19":4136.39014,"20":4138.62988,"21":4145.81006,"22":4149.27979,"23":4153.77002,"24":4155.04004,"25":4153.47021},"high":{"0":4122.2998,"1":4123.60986,"2":4119.29004,"3":4125.81006,"4":4126.27002,"5":4126.89014,"6":4132.93018,"7":4129.27002,"8":4126.49023,"9":4129.2002,"10":4137.16992,"11":4137.27002,"12":4131.0498,"13":4131.47998,"14":4129.56982,"15":4126.43994,"16":4126.83008,"17":4121.22998,"18":4134.95996,"19":4136.68018,"20":4141.37988,"21":4145.81006,"22":4156.8501,"23":4153.77002,"24":4155.2998,"25":4156.68994},"low":{"0":4115.77002,"1":4115.2998,"2":4111.66992,"3":4111.77002,"4":4117.41992,"5":4117.27002,"6":4123.47021,"7":4121.18018,"8":4121.81006,"9":4122.06006,"10":4129.0,"11":4129.56006,"12":4121.66992,"13":4119.27979,"14":4118.64014,"15":4118.16016,"16":4115.2002,"17":4113.7998,"18":4116.47021,"19":4128.00977,"20":4132.60986,"21":4132.77979,"22":4144.54004,"23":4142.45996,"24":4142.7998,"25":4141.02979},"close":{"0":4118.33008,"1":4122.02002,"2":4117.37988,"3":4113.39014,"4":4125.14014,"5":4120.66016,"6":4123.97021,"7":4128.87988,"8":4126.04004,"9":4124.99023,"10":4129.04004,"11":4134.20996,"12":4130.75,"13":4121.72021,"14":4128.93018,"15":4119.6499,"16":4126.56006,"17":4115.45996,"18":4119.66992,"19":4129.08008,"20":4136.43018,"21":4138.52002,"22":4145.77979,"23":4149.22998,"24":4153.79004,"25":4155.00977},"volume":{"0":243331027,"1":96935299,"2":77656962,"3":73546681,"4":56359639,"5":60482772,"6":53962490,"7":54500815,"8":53304441,"9":57062605,"10":55047255,"11":55940147,"12":49618457,"13":57005972,"14":58548521,"15":58575309,"16":70243368,"17":81593650,"18":96434533,"19":82712199,"20":769848027,"21":90831043,"22":87393057,"23":100450112,"24":128442135,"25":144597295}}