{"datetime":{"0":1659735900000,"1":1659735000000,"2":1659734100000,"3":1659733200000,"4":1659732300000,"5":1659731400000,"6":1659730500000,"7":1659729600000,"8":1659728700000,"9":1659727800000,"10":1659726900000,"11":1659726000000,"12":1659725100000,"13":1659724200000,"14":1659723300000,"15":1659722400000,"16":1659721500000,"17":1659720600000,"18":1659719700000,"19":1659718800000,"20":1659717900000,"21":1659717000000,"22":1659716100000,"23":1659715200000,"24":1659714300000,"25":1659713400000},"open":{"0":4138.18018,"1":4135.1499,"2":4133.54004,"3":4129.87012,"4":4130.91992,"5":4126.87988,"6":4131.62988,"7":4135.47998,"8":4141.5,"9":4137.74023,"10":4141.9502,"11":4135.12012,"12":4127.35986,"13":4126.58984,"14":4125.1001,"15":4116.72998,"16":4117.33008,"17":4112.25,"18":4129.27979,"19":4140.62012,"20":4141.8501,"21":4144.41016,"22":4147.72998,"23":4131.08008,"24":4125.74023,"25":4115.87012},"high":{"0":4146.7998,"1":4138.47021,"2":4135.77979,"3":4135.02002,"4":4132.00977,"5":4131.47021,"6":4136.31982,"7":4136.0498,"8":4141.99023,"9":4144.41016,"10":4143.72021,"11":4142.25,"12":4135.54004,"13":4127.66016,"14":4128.72021,"15":4126.02002,"16":4121.58984,"17":4121.04004,"18":4131.91992,"19":4140.81982,"20":4144.99023,"21":4145.3999,"22":4151.58008,"23":4149.72998,"24":4132.6001,"25":4129.0498},"low":{"0":4138.18018,"1":4134.27002,"2":4130.56982,"3":4128.50977,"4":4125.81982,"5":4124.93018,"6":4126.87988,"7":4130.60986,"8":4133.41992,"9":4137.74023,"10":4136.89014,"11":4132.87012,"12":4127.16016,"13":4120.62988,"14":4123.02002,"15":4116.62988,"16":4114.72998,"17":4111.49023,"18":4112.33008,"19":4129.16016,"20":4136.16992,"21":4139.12012,"22":4141.50977,"23":4129.18994,"24":4120.8999,"25":4107.31006},"close":{"0":4144.66016,"1":4138.04004,"2":4135.18018,"3":4133.54004,"4":4129.81006,"5":4130.83984,"6":4126.87988,"7":4131.62012,"8":4135.54004,"9":4141.58008,"10":4137.77979,"11":4141.93994,"12":4135.10986,"13":4127.41016,"14":4126.5498,"15":4125.06982,"16":4116.89014,"17":4117.27002,"18":4112.33008,"19":4129.27002,"20":4140.45996,"21":4141.6499,"22":4144.3501,"23":4147.66992,"24":4131.1001,"25":4125.52002},"volume":{"0":208104982,"1":78167777,"2":56960454,"3":50877814,"4":43722091,"5":44992569,"6":48510724,"7":44214282,"8":41780749,"9":41504629,"10":44782679,"11":45843221,"12":46273871,"13":43234514,"14":46580507,"15":50739644,"16":51295066,"17":64302156,"18":71063476,"19":68365955,"20":66378670,"21":68403022,"22":86721505,"23":99173670,"24":103746514,"25":123207541}}