{"datetime":{"0":1624398300000,"1":1624397400000,"2":1624396500000,"3":1624395600000,"4":1624394700000,"5":1624393800000,"6":1624392900000,"7":1624392000000,"8":1624391100000,"9":1624390200000,"10":1624389300000,"11":1624388400000,"12":1624387500000,"13":1624386600000,"14":1624385700000,"15":1624384800000,"16":1624383900000,"17":1624383000000,"18":1624382100000,"19":1624381200000,"20":1624380300000,"21":1624379400000,"22":1624378500000,"23":1624377600000,"24":1624376700000,"25":1624375800000},"open":{"0":4249.89014,"1":4254.68018,"2":4251.54004,"3":4245.56006,"4":4243.99023,"5":4241.22998,"6":4240.29004,"7":4240.47021,"8":4240.22021,"9":4240.35986,"10":4240.50977,"11":4239.18018,"12":4238.93994,"13":4240.70996,"14":4239.16992,"15":4236.27979,"16":4237.7002,"17":4240.50977,"18":4240.70996,"19":4234.87012,"20":4229.81982,"21":4228.7002,"22":4225.06006,"23":4220.14014,"24":4222.43018,"25":4222.66016},"high":{"0":4250.91016,"1":4255.83984,"2":4255.75,"3":4251.93018,"4":4246.33008,"5":4245.3999,"6":4242.31006,"7":4240.66992,"8":4241.02002,"9":4240.8501,"10":4240.83984,"11":4241.4502,"12":4240.95996,"13":4240.77979,"14":4240.93018,"15":4239.58008,"16":4239.0,"17":4241.58984,"18":4242.2002,"19":4240.8999,"20":4234.97998,"21":4230.6001,"22":4229.24023,"23":4226.75977,"24":4226.87988,"25":4225.7002},"low":{"0":4246.16992,"1":4249.87988,"2":4250.52979,"3":4245.47998,"4":4242.27002,"5":4240.66992,"6":4239.58984,"7":4238.56982,"8":4239.7002,"9":4239.74023,"10":4237.58984,"11":4238.62988,"12":4238.77979,"13":4238.2002,"14":4237.89014,"15":4236.27979,"16":4236.00977,"17":4237.31982,"18":4239.56982,"19":4234.06006,"20":4229.2002,"21":4228.20996,"22":4224.81006,"23":4217.27002,"24":4218.6001,"25":4219.89014},"close":{"0":4246.25977,"1":4249.91016,"2":4254.68018,"3":4251.58008,"4":4245.5498,"5":4243.97998,"6":4241.20996,"7":4240.25,"8":4240.47021,"9":4240.24023,"10":4240.3501,"11":4240.54004,"12":4239.16992,"13":4238.9502,"14":4240.72021,"15":4239.0498,"16":4236.20996,"17":4237.66992,"18":4240.52002,"19":4240.50977,"20":4234.79004,"21":4229.81006,"22":4228.72021,"23":4225.00977,"24":4220.06982,"25":4222.4502},"volume":{"0":179624399,"1":76434286,"2":59097040,"3":50316200,"4":39240328,"5":41901081,"6":38302327,"7":38044409,"8":30407199,"9":33717840,"10":33988322,"11":33541437,"12":38619028,"13":38783383,"14":40369542,"15":41555589,"16":39023038,"17":47542213,"18":50357158,"19":999567835,"20":51658510,"21":60721774,"22":60369125,"23":71561977,"24":86867554,"25":128302463}}