{"datetime":{"0":1617918300000,"1":1617917400000,"2":1617916500000,"3":1617915600000,"4":1617914700000,"5":1617913800000,"6":1617912900000,"7":1617912000000,"8":1617911100000,"9":1617910200000,"10":1617909300000,"11":1617908400000,"12":1617907500000,"13":1617906600000,"14":1617905700000,"15":1617904800000,"16":1617903900000,"17":1617903000000,"18":1617902100000,"19":1617901200000,"20":1617900300000,"21":1617899400000,"22":1617898500000,"23":1617897600000,"24":1617896700000,"25":1617895800000},"open":{"0":4095.79004,"1":4096.7998,"2":4096.5498,"3":4097.12012,"4":4097.2002,"5":4096.2998,"6":4094.82007,"7":4093.30005,"8":4091.87012,"9":4094.38989,"10":4093.80005,"11":4093.38989,"12":4095.30005,"13":4094.73999,"14":4093.68994,"15":4091.69995,"16":4090.5,"17":4091.80005,"18":4090.3501,"19":4088.52002,"20":4092.16992,"21":4087.22998,"22":4084.17993,"23":4090.45996,"24":4086.57007,"25":4089.94995},"high":{"0":4098.12988,"1":4097.7998,"2":4098.5,"3":4098.7998,"4":4098.0,"5":4097.5,"6":4097.2998,"7":4094.80005,"8":4094.0,"9":4095.62988,"10":4094.91992,"11":4094.8999,"12":4095.57007,"13":4096.5,"14":4096.7998,"15":4093.80005,"16":4093.80005,"17":4093.63989,"18":4091.63989,"19":4090.94995,"20":4092.33008,"21":4092.30005,"22":4087.63989,"23":4091.17993,"24":4090.91992,"25":4093.87012},"low":{"0":4093.76001,"1":4095.06006,"2":4095.59009,"3":4095.55005,"4":4095.67993,"5":4095.67993,"6":4094.30005,"7":4093.08008,"8":4091.87012,"9":4091.63989,"10":4093.0,"11":4093.38989,"12":4092.94995,"13":4093.82007,"14":4093.68994,"15":4090.92993,"16":4089.52002,"17":4090.31006,"18":4087.86011,"19":4087.61011,"20":4088.12012,"21":4086.86011,"22":4083.80005,"23":4082.54004,"24":4084.5,"25":4085.5},"close":{"0":4098.12988,"1":4095.54004,"2":4096.08008,"3":4096.7998,"4":4097.7998,"5":4097.18994,"6":4096.20996,"7":4094.80005,"8":4093.58008,"9":4091.80005,"10":4094.13989,"11":4094.0,"12":4093.13989,"13":4095.5,"14":4094.48999,"15":4093.80005,"16":4091.68994,"17":4090.80005,"18":4091.5,"19":4090.34009,"20":4088.6001,"21":4092.22998,"22":4087.19995,"23":4084.17993,"24":4090.34009,"25":4086.42993},"volume":{"0":0,"1":0,"2":0,"3":0,"4":0,"5":0,"6":0,"7":0,"8":0,"9":0,"10":0,"11":0,"12":0,"13":0,"14":0,"15":0,"16":0,"17":0,"18":38265311,"19":1077726453,"20":2346750229,"21":2247702597,"22":1121465932,"23":4278276285,"24":3108208341,"25":3298008921}}