{"datetime":{"0":1680817500000,"1":1680816600000,"2":1680815700000,"3":1680814800000,"4":1680813900000,"5":1680813000000,"6":1680812100000,"7":1680811200000,"8":1680810300000,"9":1680809400000,"10":1680808500000,"11":1680807600000,"12":1680806700000,"13":1680805800000,"14":1680804900000,"15":1680804000000,"16":1680803100000,"17":1680802200000,"18":1680801300000,"19":1680800400000,"20":1680799500000,"21":1680798600000,"22":1680797700000,"23":1680796800000,"24":1680795900000,"25":1680795000000},"open":{"0":4101.81982,"1":4101.37012,"2":4100.75,"3":4102.2002,"4":4105.2998,"5":4105.49023,"6":4104.37988,"7":4101.43994,"8":4102.31982,"9":4102.52979,"10":4100.62012,"11":4098.6499,"12":4103.1499,"13":4097.43018,"14":4097.27979,"15":4093.94995,"16":4090.26001,"17":4084.53003,"18":4083.18994,"19":4076.63989,"20":4076.3501,"21":4080.84009,"22":4084.37012,"23":4074.19995,"24":4072.87988,"25":4081.1499},"high":{"0":4105.22998,"1":4104.06006,"2":4101.3501,"3":4104.31006,"4":4106.16992,"5":4107.31982,"6":4106.2002,"7":4104.52979,"8":4103.16992,"9":4104.87012,"10":4104.41016,"11":4102.3999,"12":4103.6499,"13":4103.8999,"14":4098.91016,"15":4099.00977,"16":4094.08008,"17":4090.37012,"18":4086.06006,"19":4084.8999,"20":4080.12988,"21":4084.21997,"22":4085.56006,"23":4085.31006,"24":4074.72998,"25":4081.87988},"low":{"0":4100.6001,"1":4100.4502,"2":4097.62988,"3":4099.75,"4":4101.6499,"5":4104.22021,"6":4103.5498,"7":4100.7002,"8":4100.33008,"9":4100.5498,"10":4100.58008,"11":4097.33008,"12":4098.37988,"13":4097.43018,"14":4095.29004,"15":4093.94995,"16":4089.70996,"17":4083.48999,"18":4082.78003,"19":4075.51001,"20":4074.44995,"21":4074.29004,"22":4079.21997,"23":4073.75,"24":4069.84009,"25":4070.30005},"close":{"0":4104.7998,"1":4101.89014,"2":4101.3501,"3":4100.72021,"4":4102.27002,"5":4105.2998,"6":4105.52002,"7":4104.39014,"8":4101.33984,"9":4102.33008,"10":4102.54004,"11":4100.6499,"12":4098.6001,"13":4103.12988,"14":4097.43994,"15":4097.31006,"16":4093.87988,"17":4090.25,"18":4084.52002,"19":4083.21997,"20":4076.53003,"21":4076.41992,"22":4080.79004,"23":4084.46997,"24":4073.88989,"25":4073.04004},"volume":{"0":209827736,"1":83272921,"2":66664307,"3":59347479,"4":51828316,"5":51834717,"6":50684290,"7":47000422,"8":45375316,"9":45542954,"10":45362786,"11":41196384,"12":47648067,"13":58433409,"14":43785395,"15":54688336,"16":54348509,"17":55130654,"18":54986882,"19":56346998,"20":58894961,"21":68285274,"22":75648670,"23":92309956,"24":93668511,"25":107244718}}