{"datetime":{"0":1658871900000,"1":1658871000000,"2":1658870100000,"3":1658869200000,"4":1658868300000,"5":1658867400000,"6":1658866500000,"7":1658865600000,"8":1658864700000,"9":1658863800000,"10":1658862900000,"11":1658862000000,"12":1658861100000,"13":1658860200000,"14":1658859300000,"15":1658858400000,"16":1658857500000,"17":1658856600000,"18":1658855700000,"19":1658854800000,"20":1658853900000,"21":1658853000000,"22":1658852100000,"23":1658851200000,"24":1658850300000,"25":1658849400000},"open":{"0":3917.97998,"1":3918.80005,"2":3917.34009,"3":3918.1499,"4":3915.19995,"5":3916.80005,"6":3924.98999,"7":3923.79004,"8":3927.03003,"9":3932.90991,"10":3929.93994,"11":3927.29004,"12":3921.09009,"13":3923.25,"14":3917.17993,"15":3917.01001,"16":3924.73999,"17":3924.81006,"18":3933.66992,"19":3939.48999,"20":3936.22998,"21":3936.20996,"22":3939.6001,"23":3943.84009,"24":3942.77002,"25":3953.21997},"high":{"0":3926.13989,"1":3922.78003,"2":3920.30005,"3":3918.8501,"4":3918.62988,"5":3916.80005,"6":3924.98999,"7":3934.09009,"8":3927.30005,"9":3933.42993,"10":3933.47998,"11":3934.32007,"12":3928.45996,"13":3927.57007,"14":3923.86011,"15":3920.56006,"16":3924.73999,"17":3925.68994,"18":3935.11011,"19":3941.45996,"20":3939.75,"21":3937.90991,"22":3942.34009,"23":3947.56006,"24":3946.77002,"25":3953.21997},"low":{"0":3914.28003,"1":3917.07007,"2":3915.84009,"3":3910.73999,"4":3913.80005,"5":3913.5,"6":3916.67993,"7":3923.63989,"8":3923.84009,"9":3925.36011,"10":3927.34009,"11":3925.94995,"12":3920.66992,"13":3920.93994,"14":3917.17993,"15":3915.45996,"16":3916.51001,"17":3920.91992,"18":3924.15991,"19":3931.06006,"20":3932.5,"21":3932.82007,"22":3934.07007,"23":3935.98999,"24":3936.70996,"25":3940.70996},"close":{"0":3920.32007,"1":3918.1001,"2":3918.78003,"3":3917.27002,"4":3918.11011,"5":3915.43994,"6":3916.80005,"7":3925.09009,"8":3923.87988,"9":3926.96997,"10":3932.95996,"11":3929.95996,"12":3927.34009,"13":3921.08008,"14":3923.26001,"15":3917.15991,"16":3917.04004,"17":3924.65991,"18":3924.91992,"19":3933.62012,"20":3939.6499,"21":3936.23999,"22":3936.25,"23":3939.71997,"24":3943.98999,"25":3942.95996},"volume":{"0":232901893,"1":81563287,"2":65713766,"3":61912241,"4":50177976,"5":45171226,"6":47445533,"7":51438106,"8":43521628,"9":42440854,"10":45139228,"11":44841108,"12":43565252,"13":48504095,"14":54251180,"15":54582242,"16":56669290,"17":59115960,"18":59081294,"19":61004850,"20":64584576,"21":67881682,"22":73583598,"23":85030880,"24":99530214,"25":128404546}}