{"datetime":{"0":1626126300000,"1":1626125400000,"2":1626124500000,"3":1626123600000,"4":1626122700000,"5":1626121800000,"6":1626120900000,"7":1626120000000,"8":1626119100000,"9":1626118200000,"10":1626117300000,"11":1626116400000,"12":1626115500000,"13":1626114600000,"14":1626113700000,"15":1626112800000,"16":1626111900000,"17":1626111000000,"18":1626110100000,"19":1626109200000,"20":1626108300000,"21":1626107400000,"22":1626106500000,"23":1626105600000,"24":1626104700000,"25":1626103800000},"open":{"0":4383.4502,"1":4385.25977,"2":4383.41992,"3":4382.43994,"4":4382.9502,"5":4383.16016,"6":4380.20996,"7":4379.18994,"8":4379.97021,"9":4380.58984,"10":4379.27002,"11":4379.41992,"12":4379.6001,"13":4378.81006,"14":4379.35986,"15":4379.81006,"16":4376.6499,"17":4377.5,"18":4378.83984,"19":4380.1499,"20":4381.29004,"21":4378.20996,"22":4375.06982,"23":4373.47998,"24":4370.81982,"25":4372.41016},"high":{"0":4386.68018,"1":4385.39014,"2":4385.56982,"3":4384.20996,"4":4383.25977,"5":4384.93018,"6":4383.25977,"7":4381.16016,"8":4380.0,"9":4381.4502,"10":4380.60986,"11":4380.18018,"12":4380.22021,"13":4380.0,"14":4381.1001,"15":4380.75977,"16":4380.14014,"17":4377.70996,"18":4379.70996,"19":4380.54004,"20":4381.29004,"21":4381.45996,"22":4378.41016,"23":4376.87988,"24":4373.10986,"25":4372.41016},"low":{"0":4382.47998,"1":4382.8501,"2":4383.37988,"3":4381.29004,"4":4381.27979,"5":4382.91992,"6":4380.0498,"7":4378.9502,"8":4377.74023,"9":4379.79004,"10":4378.66016,"11":4378.81006,"12":4378.0,"13":4378.77979,"14":4378.56006,"15":4378.60986,"16":4376.58984,"17":4374.75977,"18":4377.02002,"19":4378.18018,"20":4378.49023,"21":4378.20996,"22":4374.91992,"23":4370.72998,"24":4368.81006,"25":4364.02979},"close":{"0":4385.62012,"1":4383.47021,"2":4385.24023,"3":4383.47998,"4":4382.4502,"5":4382.97998,"6":4383.16016,"7":4380.20996,"8":4379.2002,"9":4379.97998,"10":4380.58008,"11":4379.27002,"12":4379.43994,"13":4379.58984,"14":4378.83984,"15":4379.39014,"16":4380.14014,"17":4376.64014,"18":4377.4502,"19":4378.87988,"20":4380.16992,"21":4381.24023,"22":4378.1499,"23":4375.06006,"24":4373.10986,"25":4370.74023},"volume":{"0":183872284,"1":65113673,"2":46174018,"3":40719448,"4":33417307,"5":34068502,"6":34720908,"7":33959908,"8":32413770,"9":33990740,"10":35662781,"11":33377878,"12":33589935,"13":31861396,"14":34464910,"15":41141380,"16":35766710,"17":38058673,"18":46555608,"19":44494903,"20":54047514,"21":57866860,"22":62168968,"23":76431383,"24":84497073,"25":110099067}}