{"datetime":{"0":1678398300000,"1":1678397400000,"2":1678396500000,"3":1678395600000,"4":1678394700000,"5":1678393800000,"6":1678392900000,"7":1678392000000,"8":1678391100000,"9":1678390200000,"10":1678389300000,"11":1678388400000,"12":1678387500000,"13":1678386600000,"14":1678385700000,"15":1678384800000,"16":1678383900000,"17":1678383000000,"18":1678382100000,"19":1678381200000,"20":1678380300000,"21":1678379400000,"22":1678378500000,"23":1678377600000,"24":1678376700000,"25":1678375800000},"open":{"0":3926.16992,"1":3917.44995,"2":3928.20996,"3":3937.08008,"4":3948.62012,"5":3950.1499,"6":3950.25,"7":3954.25,"8":3964.17993,"9":3967.51001,"10":3978.58008,"11":3982.23999,"12":3985.65991,"13":3994.69995,"14":3988.31006,"15":3993.62012,"16":3996.26001,"17":3995.51001,"18":4000.5,"19":4002.38989,"20":4011.86011,"21":4003.46997,"22":4004.73999,"23":4010.65991,"24":4005.71997,"25":3998.65991},"high":{"0":3932.15991,"1":3929.54004,"2":3928.20996,"3":3939.30005,"4":3951.3501,"5":3951.12012,"6":3956.55005,"7":3954.54004,"8":3964.33008,"9":3967.55005,"10":3979.01001,"11":3984.69995,"12":3985.67993,"13":3995.57007,"14":3995.02002,"15":3994.1001,"16":3999.77002,"17":3998.54004,"18":4002.5,"19":4003.02002,"20":4013.43994,"21":4012.26001,"22":4005.65991,"23":4015.59009,"24":4017.81006,"25":4008.75},"low":{"0":3917.16992,"1":3915.08008,"2":3908.69995,"3":3927.04004,"4":3936.81006,"5":3942.1001,"6":3948.94995,"7":3945.88989,"8":3950.71997,"9":3958.58008,"10":3965.04004,"11":3977.77002,"12":3980.44995,"13":3985.04004,"14":3986.70996,"15":3984.87012,"16":3993.51001,"17":3994.28003,"18":3995.37012,"19":3996.52002,"20":4002.23999,"21":4003.20996,"22":3997.26001,"23":4003.80005,"24":4005.71997,"25":3997.26001},"close":{"0":3918.25,"1":3926.23999,"2":3917.76001,"3":3928.32007,"4":3937.05005,"5":3948.62988,"6":3950.16992,"7":3950.27002,"8":3954.36011,"9":3964.19995,"10":3967.54004,"11":3978.62988,"12":3982.31006,"13":3985.62012,"14":3994.68994,"15":3988.27002,"16":3993.63989,"17":3996.29004,"18":3995.51001,"19":4000.51001,"20":4002.37012,"21":4011.8501,"22":4003.36011,"23":4004.95996,"24":4010.56006,"25":4005.78003},"volume":{"0":184692193,"1":113247990,"2":121114671,"3":86825250,"4":70731192,"5":67235583,"6":66941482,"7":74334188,"8":68022424,"9":67535704,"10":61909662,"11":59319211,"12":61679597,"13":59929972,"14":55861875,"15":66066098,"16":57450126,"17":60885111,"18":64214908,"19":69110930,"20":68241259,"21":75344997,"22":84533923,"23":97738929,"24":97123943,"25":101263558}}