{"datetime":{"0":1644529500000,"1":1644528600000,"2":1644527700000,"3":1644526800000,"4":1644525900000,"5":1644525000000,"6":1644524100000,"7":1644523200000,"8":1644522300000,"9":1644521400000,"10":1644520500000,"11":1644519600000,"12":1644518700000,"13":1644517800000,"14":1644516900000,"15":1644516000000,"16":1644515100000,"17":1644514200000,"18":1644513300000,"19":1644512400000,"20":1644511500000,"21":1644510600000,"22":1644509700000,"23":1644508800000,"24":1644507900000,"25":1644507000000},"open":{"0":4495.60986,"1":4510.56982,"2":4517.95996,"3":4509.91992,"4":4520.35986,"5":4519.25,"6":4516.83984,"7":4531.27002,"8":4526.77979,"9":4527.25,"10":4548.91016,"11":4548.91016,"12":4571.33984,"13":4573.6001,"14":4571.5498,"15":4573.77002,"16":4565.1499,"17":4563.18994,"18":4562.87012,"19":4566.5,"20":4585.3501,"21":4572.43018,"22":4573.62988,"23":4564.25,"24":4551.77979,"25":4553.24023},"high":{"0":4510.74023,"1":4510.56982,"2":4522.37012,"3":4521.16016,"4":4526.04004,"5":4527.91016,"6":4521.97998,"7":4532.72998,"8":4530.06982,"9":4529.87012,"10":4548.95996,"11":4554.18018,"12":4571.79004,"13":4576.60986,"14":4575.83984,"15":4574.16016,"16":4574.4502,"17":4564.99023,"18":4567.81006,"19":4573.4502,"20":4585.93994,"21":4588.91992,"22":4574.1001,"23":4580.81982,"24":4566.85986,"25":4555.29004},"low":{"0":4484.31006,"1":4493.58984,"2":4508.00977,"3":4503.56982,"4":4506.91016,"5":4517.66992,"6":4506.97021,"7":4515.93994,"8":4521.8999,"9":4513.22998,"10":4527.35986,"11":4544.93994,"12":4540.35986,"13":4567.45996,"14":4568.16016,"15":4567.66016,"16":4564.18994,"17":4555.0,"18":4558.3999,"19":4561.02979,"20":4563.41016,"21":4570.49023,"22":4566.22998,"23":4562.81982,"24":4548.54004,"25":4529.93994},"close":{"0":4503.27002,"1":4495.75,"2":4510.52979,"3":4518.02979,"4":4509.16992,"5":4520.33984,"6":4519.22998,"7":4517.02979,"8":4530.06982,"9":4527.02002,"10":4527.35986,"11":4548.91992,"12":4548.87988,"13":4571.3501,"14":4573.56982,"15":4571.52979,"16":4573.74023,"17":4564.99023,"18":4563.27979,"19":4562.87988,"20":4566.43994,"21":4585.33008,"22":4572.35986,"23":4573.7002,"24":4564.12012,"25":4551.68994},"volume":{"0":259731607,"1":112744377,"2":75399845,"3":69832868,"4":1823805188,"5":61823935,"6":68824683,"7":61473775,"8":55126260,"9":78448136,"10":73448286,"11":58695275,"12":92129886,"13":51509606,"14":51722686,"15":54258002,"16":59536443,"17":66791453,"18":67504048,"19":77697965,"20":93031197,"21":94007158,"22":91049929,"23":110862850,"24":126741011,"25":159328543}}