{"datetime":{"0":1609796700000,"1":1609795800000,"2":1609794900000,"3":1609794000000,"4":1609793100000,"5":1609792200000,"6":1609791300000,"7":1609790400000,"8":1609789500000,"9":1609788600000,"10":1609787700000,"11":1609786800000,"12":1609785900000,"13":1609785000000,"14":1609784100000,"15":1609783200000,"16":1609782300000,"17":1609781400000,"18":1609780500000,"19":1609779600000,"20":1609778700000,"21":1609777800000,"22":1609776900000,"23":1609776000000,"24":1609775100000,"25":1609774200000},"open":{"0":3700.93994,"1":3688.1001,"2":3692.80005,"3":3692.72998,"4":3686.0,"5":3689.3999,"6":3691.30005,"7":3697.8999,"8":3692.43994,"9":3692.91992,"10":3682.3999,"11":3674.1001,"12":3664.87988,"13":3674.87988,"14":3664.3999,"15":3681.5,"16":3696.69995,"17":3703.8999,"18":3706.47998,"19":3713.86011,"20":3734.01001,"21":3738.75,"22":3739.67993,"23":3748.65991,"24":3754.22998,"25":3764.61011},"high":{"0":3707.66992,"1":3700.68994,"2":3693.05005,"3":3695.1001,"4":3694.36011,"5":3690.23999,"6":3694.26001,"7":3699.41992,"8":3699.65991,"9":3695.52002,"10":3695.6001,"11":3684.57007,"12":3675.8999,"13":3676.0,"14":3677.1001,"15":3684.12988,"16":3696.86011,"17":3703.8999,"18":3707.38989,"19":3717.80005,"20":3734.01001,"21":3739.61011,"22":3741.65991,"23":3750.91992,"24":3757.02002,"25":3769.98999},"low":{"0":3696.8999,"1":3684.8999,"2":3685.3999,"3":3682.3999,"4":3678.1001,"5":3681.80005,"6":3686.8999,"7":3684.6001,"8":3690.5,"9":3685.8999,"10":3682.1001,"11":3672.3999,"12":3662.87988,"13":3664.12988,"14":3660.37988,"15":3663.87988,"16":3679.37988,"17":3695.26001,"18":3700.1001,"19":3691.31006,"20":3712.47998,"21":3731.34009,"22":3735.6001,"23":3739.6499,"24":3745.26001,"25":3749.16992},"close":{"0":3701.73999,"1":3699.93994,"2":3689.83008,"3":3692.05005,"4":3691.6001,"5":3686.51001,"6":3689.6001,"7":3691.55005,"8":3699.29004,"9":3691.68994,"10":3691.6001,"11":3682.1001,"12":3674.87988,"13":3665.62988,"14":3676.3999,"15":3664.8999,"16":3681.6001,"17":3696.67993,"18":3704.27002,"19":3706.38989,"20":3713.96997,"21":3734.09009,"22":3738.81006,"23":3739.78003,"24":3747.8999,"25":3754.27002},"volume":{"0":0,"1":0,"2":0,"3":0,"4":0,"5":0,"6":0,"7":0,"8":0,"9":0,"10":0,"11":0,"12":0,"13":0,"14":0,"15":0,"16":25887324,"17":66938880,"18":74315411,"19":105553537,"20":739693470,"21":91159250,"22":92473595,"23":102982097,"24":129832868,"25":136562994}}