{"datetime":{"0":1643060700000,"1":1643059800000,"2":1643058900000,"3":1643058000000,"4":1643057100000,"5":1643056200000,"6":1643055300000,"7":1643054400000,"8":1643053500000,"9":1643052600000,"10":1643051700000,"11":1643050800000,"12":1643049900000,"13":1643049000000,"14":1643048100000,"15":1643047200000,"16":1643046300000,"17":1643045400000,"18":1643044500000,"19":1643043600000,"20":1643042700000,"21":1643041800000,"22":1643040900000,"23":1643040000000,"24":1643039100000,"25":1643038200000},"open":{"0":4366.95996,"1":4345.75977,"2":4338.50977,"3":4317.9502,"4":4286.41016,"5":4299.50977,"6":4318.56006,"7":4327.27002,"8":4289.52002,"9":4278.16992,"10":4295.02002,"11":4267.70996,"12":4251.00977,"13":4239.2998,"14":4238.60986,"15":4270.18994,"16":4263.06006,"17":4289.87012,"18":4281.95996,"19":4301.31006,"20":4321.83984,"21":4300.02979,"22":4291.1001,"23":4303.12012,"24":4318.18018,"25":4356.31982},"high":{"0":4417.3501,"1":4383.83008,"2":4353.47998,"3":4338.81006,"4":4319.2998,"5":4311.58008,"6":4322.95996,"7":4344.00977,"8":4327.41016,"9":4299.27979,"10":4306.24023,"11":4295.27979,"12":4276.31006,"13":4252.74023,"14":4243.87988,"15":4270.18994,"16":4270.18018,"17":4293.16016,"18":4295.50977,"19":4301.31006,"20":4321.83984,"21":4321.9502,"22":4309.24023,"23":4315.91992,"24":4324.81982,"25":4356.31982},"low":{"0":4366.43994,"1":4337.08008,"2":4327.39014,"3":4314.75,"4":4275.91992,"5":4282.68018,"6":4294.6001,"7":4315.47021,"8":4289.52002,"9":4277.58984,"10":4276.58984,"11":4262.31982,"12":4248.12012,"13":4228.35986,"14":4222.62012,"15":4233.31006,"16":4243.5,"17":4259.93994,"18":4279.37988,"19":4279.81006,"20":4292.16016,"21":4299.62988,"22":4273.60986,"23":4271.79004,"24":4299.04004,"25":4316.52002},"close":{"0":4411.87012,"1":4366.25977,"2":4345.39014,"3":4338.62988,"4":4319.12988,"5":4286.33984,"6":4299.4502,"7":4318.25977,"8":4327.22998,"9":4289.60986,"10":4278.41992,"11":4295.27979,"12":4267.85986,"13":4250.77979,"14":4239.39014,"15":4238.5498,"16":4270.14014,"17":4263.08008,"18":4289.8501,"19":4281.85986,"20":4300.60986,"21":4321.74023,"22":4299.8501,"23":4291.0498,"24":4304.2002,"25":4318.31006},"volume":{"0":352753646,"1":162767522,"2":118688051,"3":91675025,"4":87580003,"5":84706623,"6":89951168,"7":106703722,"8":89492676,"9":85708057,"10":101342110,"11":98882765,"12":101332441,"13":100543950,"14":115738731,"15":105274453,"16":118559418,"17":109365863,"18":97722737,"19":103306883,"20":116795694,"21":120574372,"22":143181573,"23":170836777,"24":214754377,"25":194792379}}