{"datetime":{"0":1682545500000,"1":1682544600000,"2":1682543700000,"3":1682542800000,"4":1682541900000,"5":1682541000000,"6":1682540100000,"7":1682539200000,"8":1682538300000,"9":1682537400000,"10":1682536500000,"11":1682535600000,"12":1682534700000,"13":1682533800000,"14":1682532900000,"15":1682532000000,"16":1682531100000,"17":1682530200000,"18":1682529300000,"19":1682528400000,"20":1682527500000,"21":1682526600000,"22":1682525700000,"23":1682524800000,"24":1682523900000,"25":1682523000000},"open":{"0":4050.67993,"1":4054.1001,"2":4056.44995,"3":4054.79004,"4":4055.30005,"5":4064.11011,"6":4061.38989,"7":4063.97998,"8":4072.6001,"9":4073.77002,"10":4077.65991,"11":4078.03003,"12":4080.38989,"13":4082.55005,"14":4088.65991,"15":4084.73999,"16":4083.65991,"17":4083.01001,"18":4082.87988,"19":4073.71997,"20":4070.12012,"21":4065.09009,"22":4072.68994,"23":4080.12012,"24":4076.52002,"25":4087.78003},"high":{"0":4060.87988,"1":4055.45996,"2":4056.44995,"3":4058.11011,"4":4056.70996,"5":4064.25,"6":4064.33008,"7":4064.36011,"8":4072.6001,"9":4075.58008,"10":4077.8999,"11":4080.87012,"12":4080.51001,"13":4082.66992,"14":4089.12988,"15":4089.66992,"16":4086.58008,"17":4085.69995,"18":4086.65991,"19":4083.83008,"20":4074.51001,"21":4072.25,"22":4072.68994,"23":4080.72998,"24":4081.86011,"25":4087.78003},"low":{"0":4049.3501,"1":4050.05005,"2":4051.12012,"3":4051.52002,"4":4052.5,"5":4054.30005,"6":4057.54004,"7":4059.04004,"8":4061.76001,"9":4072.36011,"10":4072.37988,"11":4075.72998,"12":4076.72998,"13":4076.80005,"14":4082.21997,"15":4084.73999,"16":4083.33008,"17":4079.81006,"18":4081.81006,"19":4073.71997,"20":4068.82007,"21":4065.09009,"22":4061.72998,"23":4072.83008,"24":4074.76001,"25":4075.82007},"close":{"0":4056.27002,"1":4050.65991,"2":4054.07007,"3":4056.41992,"4":4054.62012,"5":4055.17993,"6":4064.15991,"7":4061.37988,"8":4063.94995,"9":4072.52002,"10":4073.67993,"11":4077.62988,"12":4078.02002,"13":4080.37012,"14":4082.59009,"15":4088.6499,"16":4084.72998,"17":4083.75,"18":4082.95996,"19":4082.84009,"20":4073.61011,"21":4070.1499,"22":4065.07007,"23":4072.83008,"24":4079.41992,"25":4076.45996},"volume":{"0":257928810,"1":110582236,"2":81018893,"3":74814615,"4":72936264,"5":67965150,"6":57623592,"7":57493540,"8":57539116,"9":51205844,"10":52177570,"11":49965186,"12":47335989,"13":54926857,"14":59699216,"15":64322025,"16":68769813,"17":72816045,"18":84240267,"19":87046975,"20":91462432,"21":101183285,"22":114798783,"23":125033397,"24":128606871,"25":139948321}}