{"datetime":{"0":1632174300000,"1":1632173400000,"2":1632172500000,"3":1632171600000,"4":1632170700000,"5":1632169800000,"6":1632168900000,"7":1632168000000,"8":1632167100000,"9":1632166200000,"10":1632165300000,"11":1632164400000,"12":1632163500000,"13":1632162600000,"14":1632161700000,"15":1632160800000,"16":1632159900000,"17":1632159000000,"18":1632158100000,"19":1632157200000,"20":1632156300000,"21":1632155400000,"22":1632154500000,"23":1632153600000,"24":1632152700000,"25":1632151800000},"open":{"0":4340.75,"1":4325.64014,"2":4309.97998,"3":4314.18994,"4":4313.87988,"5":4318.00977,"6":4323.39014,"7":4337.02002,"8":4334.24023,"9":4336.14014,"10":4327.18994,"11":4333.16016,"12":4338.1001,"13":4341.77002,"14":4341.04004,"15":4346.0498,"16":4354.5498,"17":4365.27979,"18":4366.62988,"19":4358.66992,"20":4360.3999,"21":4364.75,"22":4367.08984,"23":4375.08008,"24":4379.91016,"25":4402.9502},"high":{"0":4360.75,"1":4341.20996,"2":4325.52979,"3":4319.54004,"4":4319.9502,"5":4319.1001,"6":4325.93994,"7":4339.66992,"8":4339.58984,"9":4340.1499,"10":4336.31006,"11":4335.29004,"12":4341.50977,"13":4343.12012,"14":4343.2998,"15":4346.5498,"16":4356.37988,"17":4365.77002,"18":4367.33008,"19":4368.12988,"20":4366.0498,"21":4370.27979,"22":4367.08984,"23":4375.08008,"24":4382.16992,"25":4402.9502},"low":{"0":4338.87012,"1":4324.77002,"2":4305.91016,"3":4309.74023,"4":4309.1499,"5":4310.58008,"6":4316.83984,"7":4323.66992,"8":4334.06982,"9":4332.97021,"10":4326.5498,"11":4323.87988,"12":4332.9502,"13":4336.72998,"14":4335.16992,"15":4337.33984,"16":4346.0,"17":4353.64014,"18":4360.37988,"19":4353.58008,"20":4357.22998,"21":4360.31006,"22":4356.12012,"23":4364.33008,"24":4369.41992,"25":4356.29004},"close":{"0":4357.97998,"1":4340.6001,"2":4325.52979,"3":4310.00977,"4":4314.20996,"5":4313.97021,"6":4318.24023,"7":4323.66992,"8":4337.00977,"9":4334.25977,"10":4336.16016,"11":4327.2002,"12":4333.20996,"13":4338.1001,"14":4341.83008,"15":4341.12012,"16":4346.0,"17":4354.5498,"18":4365.37012,"19":4366.81006,"20":4358.64014,"21":4360.37012,"22":4364.68994,"23":4367.1001,"24":4374.93994,"25":4379.81982},"volume":{"0":173086376,"1":116930041,"2":83448606,"3":72087908,"4":66279848,"5":76453225,"6":60562603,"7":58086248,"8":44748141,"9":50661288,"10":54160540,"11":61820711,"12":53126826,"13":50810084,"14":63542650,"15":61219436,"16":59408716,"17":56685615,"18":63277593,"19":70801488,"20":69702702,"21":83210183,"22":100995140,"23":104472455,"24":118110197,"25":167875465}}