{"datetime":{"0":1597700700000,"1":1597699800000,"2":1597698900000,"3":1597698000000,"4":1597697100000,"5":1597696200000,"6":1597695300000,"7":1597694400000,"8":1597693500000,"9":1597692600000,"10":1597691700000,"11":1597690800000,"12":1597689900000,"13":1597689000000,"14":1597688100000,"15":1597687200000,"16":1597686300000,"17":1597685400000,"18":1597684500000,"19":1597683600000,"20":1597682700000,"21":1597681800000,"22":1597680900000,"23":1597680000000,"24":1597679100000,"25":1597678200000},"open":{"0":3384.95996,"1":3383.40991,"2":3380.94995,"3":3383.78003,"4":3385.21997,"5":3385.02002,"6":3385.31006,"7":3385.15991,"8":3385.5,"9":3385.01001,"10":3385.77002,"11":3386.03003,"12":3384.78003,"13":3382.77002,"14":3382.62988,"15":3384.3501,"16":3382.01001,"17":3385.84009,"18":3384.09009,"19":3384.66992,"20":3384.76001,"21":3383.47998,"22":3380.86011,"23":3382.97998,"24":3385.02002,"25":3380.86011},"high":{"0":3385.76001,"1":3385.23999,"2":3383.75,"3":3384.1001,"4":3385.21997,"5":3385.81006,"6":3386.1001,"7":3385.61011,"8":3385.71997,"9":3386.25,"10":3386.1499,"11":3386.11011,"12":3386.45996,"13":3384.84009,"14":3383.5,"15":3384.96997,"16":3384.37012,"17":3385.92993,"18":3385.92993,"19":3384.69995,"20":3387.59009,"21":3385.29004,"22":3383.62988,"23":3383.76001,"24":3385.79004,"25":3386.5},"low":{"0":3381.26001,"1":3383.40991,"2":3380.51001,"3":3380.54004,"4":3382.77002,"5":3384.78003,"6":3384.8501,"7":3384.33008,"8":3384.04004,"9":3384.87988,"10":3384.56006,"11":3385.21997,"12":3384.6001,"13":3382.77002,"14":3382.0,"15":3381.96997,"16":3381.83008,"17":3382.02002,"18":3383.96997,"19":3381.62988,"20":3384.62988,"21":3383.3999,"22":3379.21997,"23":3380.6499,"24":3382.09009,"25":3380.86011},"close":{"0":3382.41992,"1":3384.95996,"2":3383.42993,"3":3380.95996,"4":3383.77002,"5":3385.19995,"6":3385.03003,"7":3385.34009,"8":3385.15991,"9":3385.5,"10":3384.98999,"11":3385.75,"12":3386.03003,"13":3384.78003,"14":3382.84009,"15":3382.57007,"16":3384.34009,"17":3382.02002,"18":3385.88989,"19":3384.09009,"20":3384.71997,"21":3384.76001,"22":3383.46997,"23":3380.87012,"24":3382.87012,"25":3385.04004},"volume":{"0":209141530,"1":76025860,"2":56371132,"3":57042931,"4":42618322,"5":42515571,"6":40078576,"7":42621983,"8":41813012,"9":42535157,"10":37460169,"11":40038171,"12":46161338,"13":40139583,"14":38859213,"15":41344545,"16":41347047,"17":47251169,"18":55277738,"19":60408316,"20":63302807,"21":69252784,"22":65515909,"23":91896541,"24":105300856,"25":134653547}}