{"datetime":{"0":1654724700000,"1":1654723800000,"2":1654722900000,"3":1654722000000,"4":1654721100000,"5":1654720200000,"6":1654719300000,"7":1654718400000,"8":1654717500000,"9":1654716600000,"10":1654715700000,"11":1654714800000,"12":1654713900000,"13":1654713000000,"14":1654712100000,"15":1654711200000,"16":1654710300000,"17":1654709400000,"18":1654708500000,"19":1654707600000,"20":1654706700000,"21":1654705800000,"22":1654704900000,"23":1654704000000,"24":1654703100000,"25":1654702200000},"open":{"0":4122.68018,"1":4122.81006,"2":4116.49023,"3":4115.18018,"4":4117.2002,"5":4112.25,"6":4119.29004,"7":4118.2002,"8":4118.27002,"9":4121.1499,"10":4125.04004,"11":4129.64014,"12":4120.81982,"13":4142.39014,"14":4152.52002,"15":4150.89014,"16":4150.31006,"17":4155.37988,"18":4151.3999,"19":4144.22998,"20":4146.72998,"21":4147.41992,"22":4139.1001,"23":4156.75977,"24":4140.4502,"25":4147.12012},"high":{"0":4122.8999,"1":4127.12012,"2":4125.22021,"3":4117.3999,"4":4119.58984,"5":4117.8999,"6":4120.2998,"7":4122.47998,"8":4121.91992,"9":4121.1499,"10":4128.22998,"11":4129.64014,"12":4129.68018,"13":4142.43994,"14":4152.52002,"15":4156.02002,"16":4154.87988,"17":4159.14014,"18":4158.29004,"19":4151.37012,"20":4151.8999,"21":4156.14014,"22":4152.75977,"23":4156.75977,"24":4160.14014,"25":4147.12012},"low":{"0":4111.08008,"1":4121.1499,"2":4114.91992,"3":4107.2002,"4":4113.91992,"5":4107.58008,"6":4108.52979,"7":4116.70996,"8":4116.6499,"9":4109.47021,"10":4121.31006,"11":4122.14014,"12":4119.0498,"13":4120.75977,"14":4138.06982,"15":4148.66992,"16":4150.31006,"17":4150.02002,"18":4150.43018,"19":4140.18018,"20":4141.70996,"21":4142.70996,"22":4136.49023,"23":4138.91016,"24":4140.29004,"25":4130.9502},"close":{"0":4115.77002,"1":4122.66992,"2":4122.81982,"3":4116.4502,"4":4115.18994,"5":4117.33984,"6":4112.52979,"7":4119.27002,"8":4118.2002,"9":4118.33984,"10":4121.33008,"11":4125.02002,"12":4129.68018,"13":4120.75977,"14":4142.33984,"15":4152.41992,"16":4150.99023,"17":4150.22998,"18":4155.37012,"19":4151.37012,"20":4143.35986,"21":4145.43994,"22":4147.41016,"23":4139.12988,"24":4156.43994,"25":4140.29004},"volume":{"0":201302509,"1":83754780,"2":54440406,"3":50988299,"4":41106199,"5":44777017,"6":44341931,"7":44547005,"8":45174578,"9":53261205,"10":38827816,"11":40043742,"12":45649537,"13":53899265,"14":52198710,"15":43604598,"16":40843284,"17":42664968,"18":36874383,"19":39458573,"20":48945996,"21":56561953,"22":44096742,"23":44769326,"24":89253492,"25":95599646}}