{"datetime":{"0":1621979100000,"1":1621978200000,"2":1621977300000,"3":1621976400000,"4":1621975500000,"5":1621974600000,"6":1621973700000,"7":1621972800000,"8":1621971900000,"9":1621971000000,"10":1621970100000,"11":1621969200000,"12":1621968300000,"13":1621967400000,"14":1621966500000,"15":1621965600000,"16":1621964700000,"17":1621963800000,"18":1621962900000,"19":1621962000000,"20":1621961100000,"21":1621960200000,"22":1621959300000,"23":1621958400000,"24":1621957500000,"25":1621956600000},"open":{"0":4189.1001,"1":4190.75,"2":4185.16992,"3":4190.06006,"4":4192.74023,"5":4189.70996,"6":4191.93018,"7":4194.02979,"8":4194.68018,"9":4197.68018,"10":4195.12012,"11":4197.50977,"12":4198.93018,"13":4199.22998,"14":4198.58984,"15":4194.60986,"16":4190.99023,"17":4191.7002,"18":4198.52979,"19":4201.08984,"20":4200.22998,"21":4201.1001,"22":4200.97021,"23":4199.68018,"24":4208.49023,"25":4205.93994},"high":{"0":4190.3501,"1":4191.02979,"2":4193.31982,"3":4190.06006,"4":4192.89014,"5":4193.74023,"6":4192.49023,"7":4194.60986,"8":4195.62012,"9":4198.12012,"10":4198.49023,"11":4197.50977,"12":4199.50977,"13":4200.7002,"14":4200.8501,"15":4199.10986,"16":4194.62012,"17":4192.33984,"18":4198.93018,"19":4201.24023,"20":4202.43018,"21":4201.52979,"22":4202.47998,"23":4203.1499,"24":4208.49023,"25":4213.41992},"low":{"0":4182.52002,"1":4186.45996,"2":4184.91016,"3":4184.91992,"4":4188.99023,"5":4188.95996,"6":4189.06006,"7":4189.49023,"8":4193.37012,"9":4193.60986,"10":4194.91992,"11":4190.75,"12":4196.66992,"13":4197.06982,"14":4197.79004,"15":4194.06982,"16":4188.72998,"17":4186.52002,"18":4190.91992,"19":4194.89014,"20":4199.72021,"21":4196.12988,"22":4199.14014,"23":4198.29004,"24":4199.10986,"25":4205.93994},"close":{"0":4188.37988,"1":4189.20996,"2":4190.72021,"3":4185.18018,"4":4190.06006,"5":4192.74023,"6":4189.68018,"7":4191.97021,"8":4194.02002,"9":4194.70996,"10":4197.66992,"11":4195.1001,"12":4197.52979,"13":4198.93994,"14":4199.20996,"15":4198.6001,"16":4194.52002,"17":4190.9502,"18":4191.58984,"19":4198.52979,"20":4201.16016,"21":4200.22021,"22":4201.02002,"23":4200.9502,"24":4199.41992,"25":4208.50977},"volume":{"0":208251674,"1":83277678,"2":61501784,"3":58471102,"4":45621047,"5":45616596,"6":43767823,"7":46426667,"8":39611609,"9":45721206,"10":43672747,"11":44421732,"12":40413143,"13":42458060,"14":41151835,"15":48695061,"16":50853958,"17":60313868,"18":68183603,"19":77690429,"20":63550413,"21":73802174,"22":71332489,"23":94955863,"24":153282572,"25":136435525}}