{"datetime":{"0":1628718300000,"1":1628717400000,"2":1628716500000,"3":1628715600000,"4":1628714700000,"5":1628713800000,"6":1628712900000,"7":1628712000000,"8":1628711100000,"9":1628710200000,"10":1628709300000,"11":1628708400000,"12":1628707500000,"13":1628706600000,"14":1628705700000,"15":1628704800000,"16":1628703900000,"17":1628703000000,"18":1628702100000,"19":1628701200000,"20":1628700300000,"21":1628699400000,"22":1628698500000,"23":1628697600000,"24":1628696700000,"25":1628695800000},"open":{"0":4444.5,"1":4447.52979,"2":4446.70996,"3":4444.25977,"4":4444.16992,"5":4443.52002,"6":4444.75,"7":4444.2998,"8":4443.37012,"9":4444.8999,"10":4444.91992,"11":4442.81006,"12":4442.16992,"13":4440.45996,"14":4440.1001,"15":4437.9502,"16":4437.99023,"17":4439.54004,"18":4440.50977,"19":4444.20996,"20":4447.5,"21":4447.25,"22":4446.83984,"23":4445.8501,"24":4446.97021,"25":4442.18018},"high":{"0":4448.20996,"1":4447.62988,"2":4447.93018,"3":4447.1499,"4":4444.62012,"5":4445.33008,"6":4444.81006,"7":4445.66016,"8":4445.2002,"9":4445.2002,"10":4445.2998,"11":4445.66992,"12":4443.0498,"13":4442.56982,"14":4441.43994,"15":4441.77979,"16":4439.1499,"17":4441.3501,"18":4441.87012,"19":4444.3501,"20":4447.97998,"21":4447.83984,"22":4447.91992,"23":4448.68018,"24":4449.43994,"25":4449.1499},"low":{"0":4444.25977,"1":4444.27002,"2":4445.89014,"3":4444.25977,"4":4443.58008,"5":4443.50977,"6":4442.10986,"7":4443.33984,"8":4443.35986,"9":4442.18018,"10":4443.25977,"11":4442.75977,"12":4441.8999,"13":4440.25,"14":4438.83984,"15":4437.70996,"16":4436.41992,"17":4437.72998,"18":4437.68018,"19":4438.85986,"20":4444.04004,"21":4443.3999,"22":4445.56982,"23":4445.8501,"24":4445.68018,"25":4442.18018},"close":{"0":4447.54004,"1":4444.52979,"2":4447.52979,"3":4446.56006,"4":4444.24023,"5":4444.16992,"6":4443.52002,"7":4444.75,"8":4444.2998,"9":4443.37988,"10":4444.91016,"11":4444.8999,"12":4442.7998,"13":4442.18018,"14":4440.50977,"15":4440.00977,"16":4437.95996,"17":4437.99023,"18":4439.62988,"19":4440.52002,"20":4444.18018,"21":4447.5498,"22":4447.35986,"23":4446.83008,"24":4445.83008,"25":4446.87012},"volume":{"0":1666900064,"1":73974742,"2":53265130,"3":49832115,"4":44141410,"5":46003331,"6":39409271,"7":41146485,"8":41223013,"9":42639047,"10":39774249,"11":49115497,"12":961326663,"13":39371831,"14":42302512,"15":46161799,"16":49908470,"17":55072361,"18":64892951,"19":68767121,"20":572211172,"21":69768457,"22":70798051,"23":85980870,"24":103606857,"25":156152586}}