{"datetime":{"0":1611697500000,"1":1611696600000,"2":1611695700000,"3":1611694800000,"4":1611693900000,"5":1611693000000,"6":1611692100000,"7":1611691200000,"8":1611690300000,"9":1611689400000,"10":1611688500000,"11":1611687600000,"12":1611686700000,"13":1611685800000,"14":1611684900000,"15":1611684000000,"16":1611683100000,"17":1611682200000,"18":1611681300000,"19":1611680400000,"20":1611679500000,"21":1611678600000,"22":1611677700000,"23":1611676800000,"24":1611675900000,"25":1611675000000},"open":{"0":3855.80005,"1":3861.1001,"2":3858.61011,"3":3858.18994,"4":3856.6001,"5":3856.79004,"6":3860.55005,"7":3857.42993,"8":3860.08008,"9":3856.30005,"10":3855.80005,"11":3851.83008,"12":3850.69995,"13":3854.0,"14":3850.69995,"15":3848.65991,"16":3850.96997,"17":3854.62012,"18":3852.44995,"19":3857.19995,"20":3859.5,"21":3860.11011,"22":3854.15991,"23":3860.5,"24":3861.1001,"25":3866.3999},"high":{"0":3857.30005,"1":3861.30005,"2":3861.30005,"3":3859.8501,"4":3858.43994,"5":3858.54004,"6":3860.55005,"7":3860.80005,"8":3860.08008,"9":3860.1001,"10":3856.98999,"11":3855.80005,"12":3853.58008,"13":3855.0,"14":3854.69995,"15":3852.69995,"16":3851.5,"17":3856.0,"18":3857.19995,"19":3861.69995,"20":3862.19995,"21":3860.19995,"22":3860.5,"23":3865.02002,"24":3862.1001,"25":3869.80005},"low":{"0":3848.20996,"1":3853.18994,"2":3857.6001,"3":3855.68994,"4":3853.79004,"5":3856.04004,"6":3853.29004,"7":3857.05005,"8":3857.29004,"9":3855.51001,"10":3854.80005,"11":3851.28003,"12":3848.6001,"13":3850.56006,"14":3849.62012,"15":3848.1499,"16":3847.93994,"17":3851.19995,"18":3852.19995,"19":3850.96997,"20":3854.69995,"21":3856.12012,"22":3850.37988,"23":3852.41992,"24":3856.15991,"25":3859.08008},"close":{"0":3850.30005,"1":3855.30005,"2":3860.80005,"3":3858.36011,"4":3858.43994,"5":3856.83008,"6":3856.54004,"7":3860.80005,"8":3857.6001,"9":3859.83008,"10":3856.01001,"11":3855.30005,"12":3851.80005,"13":3851.19995,"14":3854.19995,"15":3850.36011,"16":3848.69995,"17":3851.19995,"18":3855.25,"19":3852.19995,"20":3856.69995,"21":3859.69995,"22":3859.11011,"23":3854.90991,"24":3860.1001,"25":3860.56006},"volume":{"0":0,"1":0,"2":0,"3":0,"4":0,"5":0,"6":0,"7":0,"8":0,"9":0,"10":0,"11":0,"12":0,"13":0,"14":0,"15":0,"16":0,"17":0,"18":0,"19":0,"20":0,"21":0,"22":0,"23":0,"24":0,"25":0}}