{"datetime":{"0":1681854300000,"1":1681853400000,"2":1681852500000,"3":1681851600000,"4":1681850700000,"5":1681849800000,"6":1681848900000,"7":1681848000000,"8":1681847100000,"9":1681846200000,"10":1681845300000,"11":1681844400000,"12":1681843500000,"13":1681842600000,"14":1681841700000,"15":1681840800000,"16":1681839900000,"17":1681839000000,"18":1681838100000,"19":1681837200000,"20":1681836300000,"21":1681835400000,"22":1681834500000,"23":1681833600000,"24":1681832700000,"25":1681831800000},"open":{"0":4154.9502,"1":4153.02002,"2":4154.56982,"3":4150.18994,"4":4152.75977,"5":4155.06006,"6":4152.93018,"7":4151.8501,"8":4153.47021,"9":4148.89014,"10":4151.52002,"11":4150.2002,"12":4151.81006,"13":4153.68994,"14":4151.43018,"15":4144.41016,"16":4145.18994,"17":4146.8999,"18":4145.02979,"19":4145.12988,"20":4149.50977,"21":4147.0498,"22":4154.08984,"23":4158.6499,"24":4166.06006,"25":4164.25977},"high":{"0":4158.0,"1":4155.02979,"2":4156.12988,"3":4155.20996,"4":4152.91992,"5":4156.70996,"6":4156.5,"7":4154.16992,"8":4156.3501,"9":4153.54004,"10":4151.6499,"11":4154.22021,"12":4153.52979,"13":4154.25,"14":4153.74023,"15":4152.22021,"16":4146.22998,"17":4150.22998,"18":4146.91016,"19":4148.20996,"20":4150.22998,"21":4149.62988,"22":4156.37012,"23":4158.81982,"24":4169.47998,"25":4167.33008},"low":{"0":4151.91016,"1":4151.60986,"2":4150.8501,"3":4150.18994,"4":4144.81982,"5":4152.02979,"6":4149.79004,"7":4149.18018,"8":4151.2998,"9":4147.93994,"10":4148.85986,"11":4149.06982,"12":4148.3501,"13":4151.12988,"14":4149.79004,"15":4143.68994,"16":4142.6001,"17":4140.35986,"18":4142.16016,"19":4143.02002,"20":4143.06982,"21":4141.89014,"22":4145.7998,"23":4150.43994,"24":4157.29004,"25":4162.24023},"close":{"0":4154.77002,"1":4154.95996,"2":4153.02979,"3":4154.60986,"4":4150.1499,"5":4152.77002,"6":4155.12988,"7":4152.9502,"8":4151.91016,"9":4153.43994,"10":4148.93018,"11":4151.5,"12":4150.18018,"13":4151.87012,"14":4153.68994,"15":4151.4502,"16":4144.43018,"17":4145.24023,"18":4146.91016,"19":4145.0498,"20":4145.08984,"21":4149.52002,"22":4147.06006,"23":4154.10986,"24":4158.85986,"25":4166.12012},"volume":{"0":216600399,"1":84983148,"2":70983168,"3":50775487,"4":56554148,"5":46118796,"6":52256154,"7":52742869,"8":49349506,"9":45818009,"10":43690991,"11":44230395,"12":47246846,"13":41963426,"14":49721694,"15":50180307,"16":44098470,"17":59605730,"18":58714101,"19":1293502885,"20":66247623,"21":72018931,"22":81227743,"23":96270612,"24":103770969,"25":106181842}}