{"datetime":{"0":1611870300000,"1":1611869400000,"2":1611868500000,"3":1611867600000,"4":1611866700000,"5":1611865800000,"6":1611864900000,"7":1611864000000,"8":1611863100000,"9":1611862200000,"10":1611861300000,"11":1611860400000,"12":1611859500000,"13":1611858600000,"14":1611857700000,"15":1611856800000,"16":1611855900000,"17":1611855000000,"18":1611854100000,"19":1611853200000,"20":1611852300000,"21":1611851400000,"22":1611850500000,"23":1611849600000,"24":1611848700000,"25":1611847800000},"open":{"0":3797.76001,"1":3804.77002,"2":3814.54004,"3":3817.88989,"4":3814.94995,"5":3819.41992,"6":3822.41992,"7":3827.79004,"8":3830.04004,"9":3823.37988,"10":3822.93994,"11":3826.04004,"12":3826.66992,"13":3825.17993,"14":3820.94995,"15":3816.93994,"16":3812.63989,"17":3809.66992,"18":3818.30005,"19":3808.76001,"20":3799.21997,"21":3801.03003,"22":3802.66992,"23":3787.41992,"24":3796.07007,"25":3755.75},"high":{"0":3802.47998,"1":3808.61011,"2":3815.94995,"3":3817.88989,"4":3820.05005,"5":3820.52002,"6":3823.03003,"7":3828.98999,"8":3830.17993,"9":3830.5,"10":3826.05005,"11":3829.6499,"12":3829.3999,"13":3828.33008,"14":3825.65991,"15":3825.36011,"16":3818.21997,"17":3814.53003,"18":3820.37012,"19":3819.80005,"20":3811.76001,"21":3806.47998,"22":3812.15991,"23":3805.01001,"24":3797.36011,"25":3797.8501},"low":{"0":3785.32007,"1":3796.67993,"2":3804.80005,"3":3811.98999,"4":3811.28003,"5":3813.58008,"6":3815.84009,"7":3821.97998,"8":3826.06006,"9":3823.25,"10":3820.3999,"11":3821.93994,"12":3823.8501,"13":3825.07007,"14":3820.94995,"15":3816.93994,"16":3810.93994,"17":3807.22998,"18":3808.92993,"19":3808.76001,"20":3799.0,"21":3795.53003,"22":3801.3501,"23":3784.87988,"24":3786.3999,"25":3755.75},"close":{"0":3785.67993,"1":3797.62012,"2":3804.80005,"3":3814.62012,"4":3817.88989,"5":3814.94995,"6":3819.38989,"7":3822.43994,"8":3827.68994,"9":3830.02002,"10":3823.37988,"11":3822.8999,"12":3825.72998,"13":3826.90991,"14":3825.20996,"15":3820.90991,"16":3816.93994,"17":3812.43994,"18":3809.69995,"19":3818.33008,"20":3808.70996,"21":3799.25,"22":3801.3999,"23":3802.77002,"24":3787.33008,"25":3796.34009},"volume":{"0":282938686,"1":120722241,"2":89899330,"3":78958771,"4":2321033425,"5":65665016,"6":69135842,"7":67762492,"8":2040399796,"9":66593265,"10":64830100,"11":72551060,"12":1781220177,"13":67955902,"14":73892503,"15":92436504,"16":1474787791,"17":97164418,"18":117982546,"19":117048526,"20":1052116936,"21":128607935,"22":138933585,"23":147279738,"24":520429284,"25":169606953}}