{"datetime":{"0":1667335500000,"1":1667334600000,"2":1667333700000,"3":1667332800000,"4":1667331900000,"5":1667331000000,"6":1667330100000,"7":1667329200000,"8":1667328300000,"9":1667327400000,"10":1667326500000,"11":1667325600000,"12":1667324700000,"13":1667323800000,"14":1667322900000,"15":1667322000000,"16":1667321100000,"17":1667320200000,"18":1667319300000,"19":1667318400000,"20":1667317500000,"21":1667316600000,"22":1667315700000,"23":1667314800000,"24":1667313900000,"25":1667313000000},"open":{"0":3859.87012,"1":3857.62012,"2":3861.18994,"3":3864.0,"4":3856.67993,"5":3860.43994,"6":3859.70996,"7":3860.42993,"8":3857.22998,"9":3858.78003,"10":3861.75,"11":3857.12012,"12":3857.3999,"13":3855.04004,"14":3857.78003,"15":3854.92993,"16":3844.82007,"17":3854.48999,"18":3854.73999,"19":3849.26001,"20":3856.32007,"21":3873.01001,"22":3865.05005,"23":3890.26001,"24":3906.43994,"25":3901.79004},"high":{"0":3864.42993,"1":3861.18994,"2":3864.09009,"3":3867.80005,"4":3864.98999,"5":3861.25,"6":3860.47998,"7":3861.93994,"8":3860.37988,"9":3859.03003,"10":3863.94995,"11":3863.88989,"12":3858.47998,"13":3857.42993,"14":3859.72998,"15":3869.23999,"16":3856.66992,"17":3857.51001,"18":3857.02002,"19":3854.93994,"20":3859.68994,"21":3875.56006,"22":3873.36011,"23":3892.23999,"24":3906.44995,"25":3911.79004},"low":{"0":3855.63989,"1":3856.69995,"2":3857.25,"3":3860.92993,"4":3853.20996,"5":3855.78003,"6":3856.46997,"7":3857.91992,"8":3856.05005,"9":3853.21997,"10":3858.48999,"11":3853.56006,"12":3853.08008,"13":3850.02002,"14":3853.3501,"15":3854.08008,"16":3844.17993,"17":3843.80005,"18":3847.40991,"19":3846.93994,"20":3846.43994,"21":3854.44995,"22":3860.13989,"23":3861.54004,"24":3887.71997,"25":3901.79004},"close":{"0":3855.63989,"1":3859.87012,"2":3857.53003,"3":3861.18994,"4":3864.09009,"5":3856.69995,"6":3860.44995,"7":3859.70996,"8":3860.37988,"9":3857.1001,"10":3858.78003,"11":3862.16992,"12":3857.07007,"13":3857.42993,"14":3855.16992,"15":3857.80005,"16":3854.93994,"17":3844.79004,"18":3854.56006,"19":3854.75,"20":3848.92993,"21":3856.19995,"22":3872.78003,"23":3865.08008,"24":3890.27002,"25":3906.27002},"volume":{"0":270488657,"1":104668575,"2":79766464,"3":72198433,"4":71276219,"5":60480110,"6":56102601,"7":57223898,"8":56889669,"9":55588917,"10":56425982,"11":65710289,"12":61054813,"13":63731650,"14":65729357,"15":1145077585,"16":65793943,"17":75926102,"18":71856102,"19":75232794,"20":84193837,"21":94225101,"22":105932974,"23":120265746,"24":111567078,"25":142010395}}