{"datetime":{"0":1665092700000,"1":1665091800000,"2":1665090900000,"3":1665090000000,"4":1665089100000,"5":1665088200000,"6":1665087300000,"7":1665086400000,"8":1665085500000,"9":1665084600000,"10":1665083700000,"11":1665082800000,"12":1665081900000,"13":1665081000000,"14":1665080100000,"15":1665079200000,"16":1665078300000,"17":1665077400000,"18":1665076500000,"19":1665075600000,"20":1665074700000,"21":1665073800000,"22":1665072900000,"23":1665072000000,"24":1665071100000,"25":1665070200000},"open":{"0":3751.03003,"1":3757.03003,"2":3748.28003,"3":3746.26001,"4":3752.07007,"5":3755.68994,"6":3757.42993,"7":3765.96997,"8":3765.38989,"9":3769.53003,"10":3767.62012,"11":3766.51001,"12":3770.61011,"13":3764.40991,"14":3753.88989,"15":3759.18994,"16":3768.19995,"17":3776.33008,"18":3761.93994,"19":3775.81006,"20":3758.21997,"21":3748.63989,"22":3754.01001,"23":3773.88989,"24":3792.03003,"25":3771.96997},"high":{"0":3753.95996,"1":3757.03003,"2":3754.32007,"3":3746.57007,"4":3752.07007,"5":3760.58008,"6":3758.46997,"7":3766.11011,"8":3768.28003,"9":3769.53003,"10":3770.94995,"11":3768.71997,"12":3774.26001,"13":3770.71997,"14":3764.8501,"15":3760.36011,"16":3779.91992,"17":3776.5,"18":3779.43994,"19":3776.43994,"20":3776.08008,"21":3760.61011,"22":3762.73999,"23":3773.88989,"24":3792.96997,"25":3797.92993},"low":{"0":3741.21997,"1":3748.37988,"2":3743.33008,"3":3739.21997,"4":3740.12012,"5":3752.37012,"6":3752.47998,"7":3755.26001,"8":3763.36011,"9":3759.6001,"10":3764.92993,"11":3759.40991,"12":3766.22998,"13":3759.77002,"14":3751.8501,"15":3753.17993,"16":3758.26001,"17":3766.29004,"18":3761.48999,"19":3762.06006,"20":3756.12012,"21":3746.58008,"22":3748.53003,"23":3750.34009,"24":3772.61011,"25":3767.56006},"close":{"0":3744.6001,"1":3751.3501,"2":3753.27002,"3":3745.68994,"4":3746.18994,"5":3752.37012,"6":3755.65991,"7":3757.43994,"8":3765.96997,"9":3765.37012,"10":3769.55005,"11":3767.61011,"12":3766.53003,"13":3770.34009,"14":3764.36011,"15":3753.70996,"16":3759.27002,"17":3768.22998,"18":3776.12012,"19":3762.06006,"20":3775.84009,"21":3758.07007,"22":3748.73999,"23":3754.1001,"24":3773.87988,"25":3792.07007},"volume":{"0":251103897,"1":5760138168,"2":1897171653,"3":70318153,"4":75957745,"5":3307889291,"6":54727167,"7":58879778,"8":57247547,"9":52577969,"10":1393116150,"11":54295327,"12":58361776,"13":55373096,"14":53363973,"15":61478433,"16":77534134,"17":69312302,"18":79609882,"19":79867642,"20":90858620,"21":94088193,"22":97857247,"23":113499479,"24":144630302,"25":121652757}}