{"datetime":{"0":1678311900000,"1":1678311000000,"2":1678310100000,"3":1678309200000,"4":1678308300000,"5":1678307400000,"6":1678306500000,"7":1678305600000,"8":1678304700000,"9":1678303800000,"10":1678302900000,"11":1678302000000,"12":1678301100000,"13":1678300200000,"14":1678299300000,"15":1678298400000,"16":1678297500000,"17":1678296600000,"18":1678295700000,"19":1678294800000,"20":1678293900000,"21":1678293000000,"22":1678292100000,"23":1678291200000,"24":1678290300000,"25":1678289400000},"open":{"0":3990.11011,"1":3975.47998,"2":3975.3999,"3":3976.88989,"4":3979.6499,"5":3981.42993,"6":3977.12012,"7":3973.16992,"8":3971.69995,"9":3971.68994,"10":3977.56006,"11":3982.88989,"12":3986.18994,"13":3983.41992,"14":3985.42993,"15":3996.73999,"16":3990.98999,"17":3989.26001,"18":3992.5,"19":3989.05005,"20":3992.34009,"21":3990.18994,"22":3987.83008,"23":3990.84009,"24":3983.58008,"25":3987.55005},"high":{"0":3994.96997,"1":3990.54004,"2":3976.30005,"3":3978.65991,"4":3980.16992,"5":3983.12988,"6":3981.88989,"7":3980.31006,"8":3975.79004,"9":3973.79004,"10":3977.95996,"11":3984.6499,"12":3987.01001,"13":3986.66992,"14":3988.18994,"15":3998.21997,"16":4000.40991,"17":3991.87012,"18":3994.56006,"19":3995.17993,"20":3993.43994,"21":3999.8999,"22":3995.36011,"23":3994.23999,"24":3992.79004,"25":3993.72998},"low":{"0":3989.92993,"1":3975.26001,"2":3973.17993,"3":3973.53003,"4":3976.30005,"5":3979.12012,"6":3976.20996,"7":3973.02002,"8":3969.76001,"9":3969.98999,"10":3971.33008,"11":3975.20996,"12":3981.01001,"13":3976.43994,"14":3982.88989,"15":3985.07007,"16":3990.98999,"17":3981.3501,"18":3988.48999,"19":3986.73999,"20":3984.78003,"21":3988.08008,"22":3978.45996,"23":3973.28003,"24":3983.37012,"25":3983.3999},"close":{"0":3991.90991,"1":3990.12012,"2":3975.48999,"3":3975.37988,"4":3976.84009,"5":3979.6001,"6":3981.3999,"7":3977.13989,"8":3973.11011,"9":3971.69995,"10":3971.59009,"11":3977.57007,"12":3982.86011,"13":3986.12988,"14":3983.37988,"15":3985.43994,"16":3996.72998,"17":3991.0,"18":3989.19995,"19":3992.40991,"20":3987.26001,"21":3992.32007,"22":3990.52002,"23":3987.76001,"24":3990.70996,"25":3983.54004},"volume":{"0":171610864,"1":95552903,"2":63097372,"3":56630901,"4":45800608,"5":50875455,"6":45777245,"7":48109989,"8":47440413,"9":46650847,"10":43007026,"11":50882798,"12":43856540,"13":50163085,"14":47237338,"15":52997923,"16":54774101,"17":56281108,"18":53161965,"19":59119131,"20":60468425,"21":72328715,"22":81693867,"23":94329813,"24":85467568,"25":95352018}}