{"datetime":{"0":1678999500000,"1":1678998600000,"2":1678997700000,"3":1678996800000,"4":1678995900000,"5":1678995000000,"6":1678994100000,"7":1678993200000,"8":1678992300000,"9":1678991400000,"10":1678990500000,"11":1678989600000,"12":1678988700000,"13":1678987800000,"14":1678986900000,"15":1678986000000,"16":1678985100000,"17":1678984200000,"18":1678983300000,"19":1678982400000,"20":1678981500000,"21":1678980600000,"22":1678979700000,"23":1678978800000,"24":1678977900000,"25":1678977000000},"open":{"0":3964.13989,"1":3960.44995,"2":3953.43994,"3":3952.62012,"4":3948.75,"5":3947.5,"6":3944.29004,"7":3950.78003,"8":3951.29004,"9":3951.97998,"10":3955.77002,"11":3953.03003,"12":3938.68994,"13":3938.41992,"14":3929.70996,"15":3939.37012,"16":3936.03003,"17":3930.59009,"18":3919.30005,"19":3916.81006,"20":3890.91992,"21":3878.67993,"22":3873.19995,"23":3886.23999,"24":3878.45996,"25":3870.16992},"high":{"0":3964.13989,"1":3964.45996,"2":3961.18994,"3":3957.76001,"4":3952.68994,"5":3949.40991,"6":3947.72998,"7":3950.80005,"8":3953.02002,"9":3953.37012,"10":3956.37012,"11":3961.51001,"12":3954.77002,"13":3939.05005,"14":3939.22998,"15":3940.93994,"16":3944.70996,"17":3937.12012,"18":3933.32007,"19":3923.87988,"20":3920.53003,"21":3893.21997,"22":3879.17993,"23":3889.45996,"24":3886.33008,"25":3881.95996},"low":{"0":3953.8999,"1":3954.53003,"2":3951.71997,"3":3952.06006,"4":3945.54004,"5":3937.48999,"6":3941.09009,"7":3942.1001,"8":3945.04004,"9":3946.86011,"10":3946.71997,"11":3952.97998,"12":3937.13989,"13":3930.95996,"14":3929.33008,"15":3925.8501,"16":3931.54004,"17":3926.45996,"18":3918.17993,"19":3909.29004,"20":3890.76001,"21":3877.02002,"22":3866.91992,"23":3869.13989,"24":3870.80005,"25":3864.11011},"close":{"0":3959.70996,"1":3964.18994,"2":3960.37012,"3":3953.42993,"4":3952.62012,"5":3948.70996,"6":3947.54004,"7":3944.28003,"8":3950.79004,"9":3951.25,"10":3952.08008,"11":3955.83008,"12":3953.26001,"13":3938.65991,"14":3938.51001,"15":3929.6499,"16":3939.3999,"17":3935.92993,"18":3930.17993,"19":3919.36011,"20":3916.72998,"21":3890.95996,"22":3878.57007,"23":3873.5,"24":3886.05005,"25":3878.25},"volume":{"0":310483929,"1":143978119,"2":119104619,"3":94532288,"4":80409568,"5":86930788,"6":76485069,"7":82441988,"8":88513857,"9":82227510,"10":91877895,"11":114413406,"12":117222528,"13":85045206,"14":87437598,"15":103559107,"16":112547540,"17":106525865,"18":127972027,"19":124162830,"20":153474426,"21":117799609,"22":120507947,"23":137744788,"24":147517282,"25":137672558}}