{"datetime":{"0":1599774300000,"1":1599773400000,"2":1599772500000,"3":1599771600000,"4":1599770700000,"5":1599769800000,"6":1599768900000,"7":1599768000000,"8":1599767100000,"9":1599766200000,"10":1599765300000,"11":1599764400000,"12":1599763500000,"13":1599762600000,"14":1599761700000,"15":1599760800000,"16":1599759900000,"17":1599759000000,"18":1599758100000,"19":1599757200000,"20":1599756300000,"21":1599755400000,"22":1599754500000,"23":1599753600000,"24":1599752700000,"25":1599751800000},"open":{"0":3352.43994,"1":3340.38989,"2":3343.58008,"3":3360.37988,"4":3344.37988,"5":3343.58008,"6":3374.57007,"7":3378.0,"8":3381.71997,"9":3385.78003,"10":3387.83008,"11":3385.55005,"12":3374.54004,"13":3388.32007,"14":3392.59009,"15":3394.57007,"16":3405.57007,"17":3407.88989,"18":3401.5,"19":3388.5,"20":3414.65991,"21":3413.77002,"22":3420.29004,"23":3417.08008,"24":3420.86011,"25":3412.56006},"high":{"0":3352.69995,"1":3356.02002,"2":3343.62988,"3":3360.68994,"4":3362.0,"5":3356.1499,"6":3375.05005,"7":3384.68994,"8":3385.51001,"9":3391.32007,"10":3395.41992,"11":3392.06006,"12":3386.83008,"13":3391.54004,"14":3394.53003,"15":3399.06006,"16":3407.31006,"17":3408.37988,"18":3407.86011,"19":3402.27002,"20":3415.63989,"21":3422.06006,"22":3425.55005,"23":3425.23999,"24":3424.51001,"25":3423.36011},"low":{"0":3336.51001,"1":3336.95996,"2":3329.25,"3":3339.11011,"4":3344.37988,"5":3342.1499,"6":3343.15991,"7":3374.62012,"8":3376.6001,"9":3381.5,"10":3384.67993,"11":3383.07007,"12":3374.26001,"13":3374.52002,"14":3383.88989,"15":3388.58008,"16":3392.42993,"17":3401.12012,"18":3389.70996,"19":3382.05005,"20":3387.65991,"21":3413.77002,"22":3414.13989,"23":3416.37988,"24":3412.59009,"25":3412.29004},"close":{"0":3338.12012,"1":3352.37012,"2":3340.41992,"3":3344.51001,"4":3360.37012,"5":3344.48999,"6":3343.86011,"7":3374.62012,"8":3378.42993,"9":3381.61011,"10":3385.81006,"11":3387.82007,"12":3385.53003,"13":3374.52002,"14":3388.33008,"15":3393.02002,"16":3394.57007,"17":3405.56006,"18":3407.86011,"19":3401.48999,"20":3388.46997,"21":3414.71997,"22":3414.13989,"23":3420.33008,"24":3416.31006,"25":3420.75},"volume":{"0":271744002,"1":118746388,"2":126334722,"3":85651524,"4":76997840,"5":87047734,"6":96711791,"7":59013928,"8":51659584,"9":44576123,"10":46399331,"11":52417046,"12":52298910,"13":66954173,"14":53515237,"15":61729632,"16":60646214,"17":55197750,"18":78179568,"19":84546886,"20":111571764,"21":75125105,"22":80596236,"23":91355625,"24":118650842,"25":142571764}}