{"datetime":{"0":1660945500000,"1":1660944600000,"2":1660943700000,"3":1660942800000,"4":1660941900000,"5":1660941000000,"6":1660940100000,"7":1660939200000,"8":1660938300000,"9":1660937400000,"10":1660936500000,"11":1660935600000,"12":1660934700000,"13":1660933800000,"14":1660932900000,"15":1660932000000,"16":1660931100000,"17":1660930200000,"18":1660929300000,"19":1660928400000,"20":1660927500000,"21":1660926600000,"22":1660925700000,"23":1660924800000,"24":1660923900000,"25":1660923000000},"open":{"0":4229.1499,"1":4229.27979,"2":4227.5498,"3":4224.47998,"4":4228.81982,"5":4230.37012,"6":4228.7002,"7":4235.10986,"8":4230.6499,"9":4234.47021,"10":4237.68994,"11":4240.08008,"12":4240.5,"13":4232.54004,"14":4233.43994,"15":4231.43994,"16":4231.43018,"17":4229.02002,"18":4226.14014,"19":4231.58984,"20":4239.31006,"21":4237.95996,"22":4234.60986,"23":4237.72998,"24":4246.45996,"25":4266.31006},"high":{"0":4233.91992,"1":4231.5498,"2":4230.22021,"3":4227.72021,"4":4229.87988,"5":4231.64014,"6":4230.74023,"7":4235.47021,"8":4236.0498,"9":4234.47021,"10":4239.18018,"11":4242.77002,"12":4243.27002,"13":4240.56982,"14":4236.56982,"15":4233.6499,"16":4236.93018,"17":4232.99023,"18":4229.33008,"19":4233.5498,"20":4241.49023,"21":4241.06982,"22":4240.74023,"23":4241.68994,"24":4247.0,"25":4266.31006},"low":{"0":4226.22998,"1":4225.93994,"2":4226.66016,"3":4218.7002,"4":4222.6499,"5":4225.97998,"6":4226.8999,"7":4228.68018,"8":4230.27002,"9":4227.25977,"10":4234.27002,"11":4236.87988,"12":4238.10986,"13":4231.25,"14":4231.85986,"15":4228.04004,"16":4231.04004,"17":4225.43018,"18":4225.18018,"19":4223.91992,"20":4231.16016,"21":4234.31982,"22":4233.18018,"23":4234.35986,"24":4235.31982,"25":4245.81982},"close":{"0":4228.37012,"1":4229.12988,"2":4229.25,"3":4227.45996,"4":4224.37988,"5":4228.81006,"6":4230.35986,"7":4228.68018,"8":4235.16016,"9":4230.72021,"10":4234.47998,"11":4237.70996,"12":4240.12012,"13":4240.56982,"14":4232.54004,"15":4233.4502,"16":4231.4502,"17":4231.3999,"18":4229.08984,"19":4226.1499,"20":4231.66992,"21":4239.31982,"22":4237.70996,"23":4234.3999,"24":4237.6001,"25":4246.62012},"volume":{"0":203709968,"1":82511590,"2":57449054,"3":57236840,"4":47233300,"5":49885500,"6":43951050,"7":44901914,"8":45696982,"9":45954004,"10":43788446,"11":44816336,"12":39819262,"13":41968920,"14":39768612,"15":43023549,"16":46520958,"17":51065581,"18":53365892,"19":63129876,"20":69181919,"21":62636903,"22":71265789,"23":407603999,"24":82771040,"25":106938718}}