{"datetime":{"0":1655415900000,"1":1655415000000,"2":1655414100000,"3":1655413200000,"4":1655412300000,"5":1655411400000,"6":1655410500000,"7":1655409600000,"8":1655408700000,"9":1655407800000,"10":1655406900000,"11":1655406000000,"12":1655405100000,"13":1655404200000,"14":1655403300000,"15":1655402400000,"16":1655401500000,"17":1655400600000,"18":1655399700000,"19":1655398800000,"20":1655397900000,"21":1655397000000,"22":1655396100000,"23":1655395200000,"24":1655394300000,"25":1655393400000},"open":{"0":3657.05005,"1":3667.93994,"2":3661.32007,"3":3646.3501,"4":3655.01001,"5":3650.72998,"6":3657.83008,"7":3657.57007,"8":3670.06006,"9":3683.38989,"10":3679.58008,"11":3674.51001,"12":3674.68994,"13":3674.5,"14":3661.80005,"15":3676.54004,"16":3669.27002,"17":3679.95996,"18":3676.13989,"19":3659.41992,"20":3666.46997,"21":3688.5,"22":3674.52002,"23":3687.75,"24":3682.59009,"25":3728.17993},"high":{"0":3668.65991,"1":3668.86011,"2":3672.58008,"3":3671.02002,"4":3656.08008,"5":3661.56006,"6":3657.87012,"7":3661.58008,"8":3670.26001,"9":3684.86011,"10":3687.33008,"11":3685.09009,"12":3678.76001,"13":3676.41992,"14":3674.97998,"15":3677.81006,"16":3676.23999,"17":3680.91992,"18":3685.72998,"19":3675.94995,"20":3667.83008,"21":3689.15991,"22":3689.90991,"23":3688.68994,"24":3697.62012,"25":3728.17993},"low":{"0":3646.91992,"1":3653.33008,"2":3655.32007,"3":3645.45996,"4":3639.77002,"5":3649.1499,"6":3650.71997,"7":3653.06006,"8":3657.44995,"9":3669.95996,"10":3669.42993,"11":3672.04004,"12":3669.75,"13":3665.44995,"14":3661.71997,"15":3661.61011,"16":3665.37988,"17":3666.21997,"18":3670.21997,"19":3658.80005,"20":3657.04004,"21":3666.19995,"22":3673.07007,"23":3673.19995,"24":3681.81006,"25":3680.01001},"close":{"0":3668.65991,"1":3657.1499,"2":3667.98999,"3":3661.58008,"4":3646.32007,"5":3655.01001,"6":3650.71997,"7":3657.98999,"8":3658.07007,"9":3669.95996,"10":3683.38989,"11":3679.71997,"12":3673.70996,"13":3674.61011,"14":3674.48999,"15":3661.96997,"16":3676.23999,"17":3669.21997,"18":3679.80005,"19":3675.94995,"20":3659.33008,"21":3666.31006,"22":3688.71997,"23":3674.59009,"24":3687.83008,"25":3682.80005},"volume":{"0":225154640,"1":145123020,"2":98449211,"3":105222535,"4":86512453,"5":79253169,"6":71630889,"7":77617614,"8":75091918,"9":69867963,"10":69286239,"11":67842072,"12":67981903,"13":67302962,"14":66829182,"15":69536841,"16":66417981,"17":76174746,"18":83248962,"19":90331519,"20":97569033,"21":102746432,"22":103038619,"23":119860504,"24":131519290,"25":151743726}}