{"datetime":{"0":1655329500000,"1":1655328600000,"2":1655327700000,"3":1655326800000,"4":1655325900000,"5":1655325000000,"6":1655324100000,"7":1655323200000,"8":1655322300000,"9":1655321400000,"10":1655320500000,"11":1655319600000,"12":1655318700000,"13":1655317800000,"14":1655316900000,"15":1655316000000,"16":1655315100000,"17":1655314200000,"18":1655313300000,"19":1655312400000,"20":1655311500000,"21":1655310600000,"22":1655309700000,"23":1655308800000,"24":1655307900000,"25":1655307000000},"open":{"0":3798.03003,"1":3822.30005,"2":3787.41992,"3":3780.97998,"4":3815.91992,"5":3748.5,"6":3756.45996,"7":3780.57007,"8":3771.75,"9":3773.75,"10":3767.28003,"11":3761.21997,"12":3771.20996,"13":3779.56006,"14":3776.65991,"15":3773.71997,"16":3768.96997,"17":3766.31006,"18":3763.05005,"19":3771.54004,"20":3774.78003,"21":3784.46997,"22":3786.6499,"23":3786.05005,"24":3783.95996,"25":3769.87988},"high":{"0":3804.08008,"1":3837.56006,"2":3822.5,"3":3801.0,"4":3823.62012,"5":3818.32007,"6":3772.54004,"7":3796.08008,"8":3784.09009,"9":3774.81006,"10":3774.5,"11":3768.37012,"12":3772.06006,"13":3782.12988,"14":3781.40991,"15":3776.66992,"16":3774.22998,"17":3771.40991,"18":3767.01001,"19":3774.01001,"20":3774.84009,"21":3785.07007,"22":3789.92993,"23":3794.72998,"24":3791.08008,"25":3786.36011},"low":{"0":3783.26001,"1":3797.09009,"2":3779.56006,"3":3779.54004,"4":3773.23999,"5":3722.30005,"6":3747.65991,"7":3738.80005,"8":3761.91992,"9":3770.90991,"10":3764.8501,"11":3760.83008,"12":3760.15991,"13":3769.72998,"14":3776.31006,"15":3770.87988,"16":3767.48999,"17":3764.15991,"18":3760.58008,"19":3762.5,"20":3764.19995,"21":3774.38989,"22":3781.3501,"23":3783.8999,"24":3782.62988,"25":3764.05005},"close":{"0":3788.96997,"1":3798.0,"2":3822.43994,"3":3787.66992,"4":3780.6499,"5":3814.23999,"6":3749.05005,"7":3756.19995,"8":3780.51001,"9":3771.75,"10":3773.72998,"11":3767.25,"12":3761.33008,"13":3771.06006,"14":3779.57007,"15":3776.62012,"16":3773.72998,"17":3768.98999,"18":3766.45996,"19":3763.13989,"20":3771.87012,"21":3774.87012,"22":3784.09009,"23":3786.8999,"24":3785.12012,"25":3783.6001},"volume":{"0":211031706,"1":158189119,"2":122457522,"3":105486537,"4":134035139,"5":175865610,"6":82231756,"7":120090413,"8":63197161,"9":45863765,"10":45857642,"11":45658825,"12":1027204201,"13":52806577,"14":50507077,"15":49504538,"16":50281911,"17":58310456,"18":61379901,"19":72208854,"20":73228539,"21":74894890,"22":74073599,"23":86762985,"24":103454881,"25":122566165}}