{"datetime":{"0":1629838800000,"1":1629837900000,"2":1629837000000,"3":1629836100000,"4":1629835200000,"5":1629834300000,"6":1629833400000,"7":1629832500000,"8":1629831600000,"9":1629830700000,"10":1629829800000,"11":1629828900000,"12":1629828000000,"13":1629827100000,"14":1629826200000,"15":1629825300000,"16":1629824400000,"17":1629823500000,"18":1629822600000,"19":1629821700000,"20":1629820800000,"21":1629819900000,"22":1629819000000},"open":{"0":4492.37012,"1":4491.1001,"2":4490.41016,"3":4491.12988,"4":4489.91016,"5":4489.7998,"6":4487.7998,"7":4487.49023,"8":4486.7002,"9":4486.6499,"10":4484.64014,"11":4486.8501,"12":4488.0498,"13":4487.16016,"14":4487.5,"15":4490.7002,"16":4489.41016,"17":4491.1001,"18":4491.33008,"19":4488.58008,"20":4487.72998,"21":4487.58984,"22":4484.3999},"high":{"0":4492.68994,"1":4492.3999,"2":4491.52979,"3":4491.56006,"4":4491.27979,"5":4490.77002,"6":4490.31006,"7":4488.22998,"8":4488.16016,"9":4487.10986,"10":4486.77979,"11":4487.02979,"12":4488.16016,"13":4488.5,"14":4487.91992,"15":4491.54004,"16":4490.77979,"17":4492.10986,"18":4491.72998,"19":4491.4502,"20":4489.66016,"21":4489.31006,"22":4488.79004},"low":{"0":4490.9502,"1":4491.0498,"2":4490.39014,"3":4490.12988,"4":4489.87012,"5":4489.10986,"6":4487.75977,"7":4486.97998,"8":4486.66016,"9":4485.95996,"10":4483.74023,"11":4484.27002,"12":4485.83008,"13":4486.37988,"14":4485.31982,"15":4487.52979,"16":4488.35986,"17":4488.66016,"18":4489.41016,"19":4488.58008,"20":4485.9502,"21":4486.52002,"22":4482.27979},"close":{"0":4491.66016,"1":4492.3501,"2":4491.10986,"3":4490.41992,"4":4491.14014,"5":4489.91016,"6":4489.7998,"7":4487.7998,"8":4487.49023,"9":4486.7002,"10":4486.68018,"11":4484.66016,"12":4486.8501,"13":4488.00977,"14":4487.16016,"15":4487.52979,"16":4490.7002,"17":4489.3999,"18":4491.16016,"19":4491.33008,"20":4488.56982,"21":4487.58008,"22":4487.58984},"volume":{"0":43608461,"1":42557725,"2":36100966,"3":39048857,"4":37035775,"5":34881688,"6":35504296,"7":37897125,"8":37425428,"9":35852531,"10":40087427,"11":37013933,"12":37230460,"13":41170863,"14":52145921,"15":49160039,"16":51400689,"17":55111875,"18":58527621,"19":63845186,"20":83785003,"21":100350210,"22":122225467}}