{"datetime":{"0":1676411100000,"1":1676410200000,"2":1676409300000,"3":1676408400000,"4":1676407500000,"5":1676406600000,"6":1676405700000,"7":1676404800000,"8":1676403900000,"9":1676403000000,"10":1676402100000,"11":1676401200000,"12":1676400300000,"13":1676399400000,"14":1676398500000,"15":1676397600000,"16":1676396700000,"17":1676395800000,"18":1676394900000,"19":1676394000000,"20":1676393100000,"21":1676392200000,"22":1676391300000,"23":1676390400000,"24":1676389500000,"25":1676388600000},"open":{"0":4144.60986,"1":4140.31982,"2":4139.2998,"3":4140.81006,"4":4142.95996,"5":4134.2998,"6":4129.6499,"7":4133.75977,"8":4128.02979,"9":4134.47021,"10":4135.2998,"11":4120.0,"12":4115.79004,"13":4114.47021,"14":4115.45996,"15":4105.0498,"16":4097.83008,"17":4108.56006,"18":4121.06982,"19":4114.27002,"20":4116.58984,"21":4143.3501,"22":4156.25,"23":4142.58008,"24":4121.54004,"25":4126.7002},"high":{"0":4145.95996,"1":4145.47021,"2":4143.66992,"3":4143.68994,"4":4145.47021,"5":4144.87012,"6":4136.81982,"7":4138.52002,"8":4137.52979,"9":4138.24023,"10":4143.85986,"11":4138.74023,"12":4121.22998,"13":4119.77979,"14":4118.62988,"15":4115.58008,"16":4105.93018,"17":4108.56006,"18":4127.95996,"19":4127.91016,"20":4118.16992,"21":4146.2998,"22":4159.77002,"23":4159.52002,"24":4145.77002,"25":4126.7002},"low":{"0":4135.12988,"1":4137.81982,"2":4136.68018,"3":4133.83984,"4":4139.39014,"5":4134.27979,"6":4129.56006,"7":4122.47021,"8":4128.02979,"9":4127.9502,"10":4131.97021,"11":4119.33008,"12":4113.24023,"13":4113.52979,"14":4111.91992,"15":4103.50977,"16":4095.01001,"17":4095.94995,"18":4107.66016,"19":4113.33984,"20":4103.3999,"21":4112.2998,"22":4143.16992,"23":4142.58008,"24":4121.54004,"25":4105.60986},"close":{"0":4136.02979,"1":4144.6499,"2":4140.31982,"3":4139.2998,"4":4140.81006,"5":4142.93994,"6":4134.24023,"7":4129.60986,"8":4133.75,"9":4127.9502,"10":4134.3999,"11":4135.24023,"12":4120.02002,"13":4115.79004,"14":4114.45996,"15":4115.47998,"16":4105.22021,"17":4097.97998,"18":4108.52002,"19":4121.08008,"20":4114.22998,"21":4116.68994,"22":4143.47998,"23":4156.04004,"24":4142.52979,"25":4121.47998},"volume":{"0":172126212,"1":90179494,"2":67125238,"3":56246205,"4":48899307,"5":54540691,"6":43624494,"7":53210985,"8":40713970,"9":46065693,"10":52604508,"11":61981724,"12":43049877,"13":56765913,"14":43576775,"15":48957252,"16":53844026,"17":68234068,"18":63523295,"19":63808774,"20":83977978,"21":96429100,"22":81929881,"23":100608920,"24":100486294,"25":108924302}}