{"datetime":{"0":1601329500000,"1":1601328600000,"2":1601327700000,"3":1601326800000,"4":1601325900000,"5":1601325000000,"6":1601324100000,"7":1601323200000,"8":1601322300000,"9":1601321400000,"10":1601320500000,"11":1601319600000,"12":1601318700000,"13":1601317800000,"14":1601316900000,"15":1601316000000,"16":1601315100000,"17":1601314200000,"18":1601313300000,"19":1601312400000,"20":1601311500000,"21":1601310600000,"22":1601309700000,"23":1601308800000,"24":1601307900000,"25":1601307000000},"open":{"0":3354.86011,"1":3357.26001,"2":3355.71997,"3":3358.8501,"4":3359.53003,"5":3356.61011,"6":3357.52002,"7":3357.48999,"8":3356.59009,"9":3353.6001,"10":3351.62988,"11":3353.33008,"12":3350.42993,"13":3345.62012,"14":3347.77002,"15":3347.87012,"16":3351.42993,"17":3348.65991,"18":3348.01001,"19":3342.27002,"20":3349.38989,"21":3351.83008,"22":3344.11011,"23":3338.51001,"24":3338.69995,"25":3333.8999},"high":{"0":3354.86011,"1":3357.26001,"2":3358.04004,"3":3359.18994,"4":3360.73999,"5":3360.51001,"6":3359.52002,"7":3359.01001,"8":3359.1499,"9":3358.41992,"10":3355.95996,"11":3353.58008,"12":3353.37988,"13":3350.37988,"14":3348.87012,"15":3347.97998,"16":3352.32007,"17":3353.67993,"18":3350.93994,"19":3348.25,"20":3351.15991,"21":3355.65991,"22":3357.05005,"23":3344.04004,"24":3343.05005,"25":3350.13989},"low":{"0":3347.77002,"1":3347.56006,"2":3353.3501,"3":3352.6499,"4":3357.47998,"5":3355.8501,"6":3353.57007,"7":3353.84009,"8":3356.02002,"9":3353.6001,"10":3351.62988,"11":3349.6499,"12":3350.42993,"13":3343.57007,"14":3342.65991,"15":3344.27002,"16":3345.6001,"17":3347.13989,"18":3344.34009,"19":3342.12988,"20":3339.71997,"21":3346.61011,"22":3344.11011,"23":3334.90991,"24":3332.98999,"25":3333.8999},"close":{"0":3352.07007,"1":3354.72998,"2":3357.23999,"3":3355.70996,"4":3358.86011,"5":3359.6001,"6":3356.66992,"7":3357.41992,"8":3357.53003,"9":3356.56006,"10":3353.68994,"11":3351.58008,"12":3353.16992,"13":3350.34009,"14":3345.66992,"15":3347.76001,"16":3347.88989,"17":3351.41992,"18":3348.67993,"19":3348.07007,"20":3342.31006,"21":3349.42993,"22":3352.04004,"23":3344.01001,"24":3337.75,"25":3338.68994},"volume":{"0":241574609,"1":89041126,"2":65379366,"3":59137550,"4":49535803,"5":49653636,"6":44991853,"7":54285044,"8":46464086,"9":51485726,"10":48327627,"11":51550231,"12":51386042,"13":47863116,"14":51857621,"15":50365836,"16":53297251,"17":58071427,"18":53991427,"19":60125051,"20":69649538,"21":77247129,"22":86869736,"23":82451873,"24":126977921,"25":150462087}}