{"datetime":{"0":1625867100000,"1":1625866200000,"2":1625865300000,"3":1625864400000,"4":1625863500000,"5":1625862600000,"6":1625861700000,"7":1625860800000,"8":1625859900000,"9":1625859000000,"10":1625858100000,"11":1625857200000,"12":1625856300000,"13":1625855400000,"14":1625854500000,"15":1625853600000,"16":1625852700000,"17":1625851800000,"18":1625850900000,"19":1625850000000,"20":1625849100000,"21":1625848200000,"22":1625847300000,"23":1625846400000,"24":1625845500000,"25":1625844600000},"open":{"0":4367.02002,"1":4369.1499,"2":4369.25977,"3":4369.3999,"4":4367.43994,"5":4365.58984,"6":4363.77979,"7":4363.75977,"8":4363.5498,"9":4362.2998,"10":4360.35986,"11":4362.08984,"12":4364.37988,"13":4360.41016,"14":4362.18018,"15":4361.14014,"16":4365.24023,"17":4361.45996,"18":4356.66992,"19":4354.27002,"20":4354.8501,"21":4355.3999,"22":4351.93994,"23":4349.77002,"24":4348.06006,"25":4329.37988},"high":{"0":4371.6001,"1":4369.74023,"2":4370.52002,"3":4370.12012,"4":4369.99023,"5":4367.58008,"6":4366.10986,"7":4364.66992,"8":4363.77979,"9":4363.81982,"10":4362.37988,"11":4362.91016,"12":4364.77002,"13":4364.47021,"14":4363.12988,"15":4363.37012,"16":4365.43018,"17":4365.89014,"18":4362.27002,"19":4358.12012,"20":4357.9502,"21":4356.18018,"22":4357.31982,"23":4355.0498,"24":4350.10986,"25":4348.47021},"low":{"0":4366.52979,"1":4367.0,"2":4368.2998,"3":4367.8999,"4":4367.22998,"5":4365.1499,"6":4363.77979,"7":4363.50977,"8":4362.29004,"9":4361.33008,"10":4360.3501,"11":4360.08984,"12":4361.8501,"13":4359.97998,"14":4359.97998,"15":4361.14014,"16":4360.52979,"17":4361.43994,"18":4356.39014,"19":4354.27002,"20":4354.20996,"21":4353.37988,"22":4351.81982,"23":4349.77002,"24":4345.87012,"25":4329.37988},"close":{"0":4369.35986,"1":4367.0,"2":4369.1499,"3":4369.20996,"4":4369.3501,"5":4367.43018,"6":4365.60986,"7":4363.79004,"8":4363.75,"9":4363.52979,"10":4362.27979,"11":4360.37988,"12":4362.04004,"13":4364.37988,"14":4360.41016,"15":4362.2002,"16":4361.10986,"17":4365.18018,"18":4361.5498,"19":4356.72021,"20":4354.25977,"21":4354.83008,"22":4355.41016,"23":4351.93018,"24":4349.81982,"25":4348.08984},"volume":{"0":196557637,"1":70906707,"2":45635061,"3":41479965,"4":35190441,"5":36744732,"6":37976228,"7":34765549,"8":1005640881,"9":32733019,"10":34968480,"11":36401025,"12":868406065,"13":40721063,"14":40205551,"15":38457480,"16":715184630,"17":47049557,"18":53199675,"19":51647952,"20":520006593,"21":65756765,"22":66241376,"23":73832987,"24":252226522,"25":111759766}}