{"datetime":{"0":1673473500000,"1":1673472600000,"2":1673471700000,"3":1673470800000,"4":1673469900000,"5":1673469000000,"6":1673468100000,"7":1673467200000,"8":1673466300000,"9":1673465400000,"10":1673464500000,"11":1673463600000,"12":1673462700000,"13":1673461800000,"14":1673460900000,"15":1673460000000,"16":1673459100000,"17":1673458200000,"18":1673457300000,"19":1673456400000,"20":1673455500000,"21":1673454600000,"22":1673453700000,"23":1673452800000,"24":1673451900000,"25":1673451000000},"open":{"0":3959.1001,"1":3959.75,"2":3959.69995,"3":3956.63989,"4":3958.70996,"5":3951.78003,"6":3948.65991,"7":3949.92993,"8":3953.43994,"9":3952.07007,"10":3954.30005,"11":3945.6499,"12":3944.70996,"13":3948.37988,"14":3947.26001,"15":3941.43994,"16":3941.26001,"17":3939.81006,"18":3937.82007,"19":3929.6499,"20":3936.54004,"21":3944.48999,"22":3939.15991,"23":3937.31006,"24":3944.02002,"25":3932.3501},"high":{"0":3970.07007,"1":3959.78003,"2":3962.70996,"3":3961.37988,"4":3959.03003,"5":3958.96997,"6":3953.09009,"7":3951.11011,"8":3953.43994,"9":3954.59009,"10":3954.30005,"11":3955.18994,"12":3947.81006,"13":3949.08008,"14":3949.88989,"15":3947.6001,"16":3943.88989,"17":3941.59009,"18":3940.77002,"19":3937.81006,"20":3939.45996,"21":3944.48999,"22":3944.66992,"23":3942.76001,"24":3945.07007,"25":3945.23999},"low":{"0":3958.05005,"1":3954.52002,"2":3959.36011,"3":3956.32007,"4":3954.83008,"5":3951.6001,"6":3948.3999,"7":3945.87012,"8":3948.11011,"9":3951.54004,"10":3944.18994,"11":3945.55005,"12":3944.3999,"13":3943.67993,"14":3946.12012,"15":3941.43994,"16":3940.82007,"17":3937.23999,"18":3937.82007,"19":3929.37012,"20":3928.54004,"21":3932.59009,"22":3936.16992,"23":3934.90991,"24":3934.3999,"25":3932.3501},"close":{"0":3969.12988,"1":3959.08008,"2":3959.77002,"3":3959.72998,"4":3956.65991,"5":3958.68994,"6":3951.83008,"7":3948.62012,"8":3949.90991,"9":3953.42993,"10":3952.08008,"11":3954.3501,"12":3945.65991,"13":3944.69995,"14":3948.3501,"15":3947.31006,"16":3941.42993,"17":3941.26001,"18":3939.72998,"19":3937.81006,"20":3929.68994,"21":3936.47998,"22":3944.38989,"23":3939.11011,"24":3937.43994,"25":3943.97998},"volume":{"0":263752607,"1":95347838,"2":75181140,"3":64930753,"4":54619884,"5":50960858,"6":47298436,"7":48658861,"8":47545692,"9":48189520,"10":56144258,"11":51813638,"12":45656710,"13":50231648,"14":53960936,"15":57339387,"16":56955697,"17":62823970,"18":65046767,"19":66322383,"20":75403939,"21":82928217,"22":106089939,"23":91965716,"24":100304635,"25":111732121}}