{"datetime":{"0":1619473500000,"1":1619472600000,"2":1619471700000,"3":1619470800000,"4":1619469900000,"5":1619469000000,"6":1619468100000,"7":1619467200000,"8":1619466300000,"9":1619465400000,"10":1619464500000,"11":1619463600000,"12":1619462700000,"13":1619461800000,"14":1619460900000,"15":1619460000000,"16":1619459100000,"17":1619458200000,"18":1619457300000,"19":1619456400000,"20":1619455500000,"21":1619454600000,"22":1619453700000,"23":1619452800000,"24":1619451900000,"25":1619451000000},"open":{"0":4189.7998,"1":4185.0,"2":4193.04004,"3":4193.2998,"4":4192.47021,"5":4191.2998,"6":4189.7998,"7":4189.50977,"8":4186.66992,"9":4186.7998,"10":4188.16016,"11":4188.2002,"12":4190.0,"13":4186.43018,"14":4186.00977,"15":4189.3501,"16":4190.33984,"17":4191.2998,"18":4192.7998,"19":4189.99023,"20":4189.5,"21":4190.75977,"22":4193.37012,"23":4189.7998,"24":4190.77979,"25":4187.14014},"high":{"0":4190.2998,"1":4191.2998,"2":4194.2998,"3":4193.7998,"4":4193.24023,"5":4192.2998,"6":4191.5,"7":4191.0,"8":4189.5,"9":4187.2998,"10":4188.41016,"11":4188.93994,"12":4190.2998,"13":4189.7998,"14":4187.47021,"15":4189.8501,"16":4190.7998,"17":4191.56006,"18":4193.50977,"19":4193.5,"20":4192.2998,"21":4191.0,"22":4193.85986,"23":4193.87012,"24":4191.27979,"25":4191.72998},"low":{"0":4184.83008,"1":4182.0,"2":4184.2998,"3":4191.75977,"4":4191.72021,"5":4190.72998,"6":4189.5,"7":4189.5,"8":4186.66992,"9":4185.14014,"10":4185.16992,"11":4186.41992,"12":4187.7998,"13":4185.91992,"14":4185.20996,"15":4185.79004,"16":4188.5,"17":4190.1001,"18":4190.7998,"19":4189.75,"20":4188.41992,"21":4189.0,"22":4189.27002,"23":4189.0,"24":4183.7998,"25":4185.5},"close":{"0":4189.2998,"1":4190.2998,"2":4184.7998,"3":4192.7998,"4":4192.99023,"5":4192.22021,"6":4191.5,"7":4189.5,"8":4189.25977,"9":4186.41992,"10":4186.12012,"11":4187.91016,"12":4187.9502,"13":4189.7998,"14":4186.18018,"15":4186.50977,"16":4189.0,"17":4190.1001,"18":4191.5,"19":4193.0,"20":4189.7998,"21":4189.7998,"22":4190.50977,"23":4193.5,"24":4189.79004,"25":4190.5},"volume":{"0":0,"1":0,"2":0,"3":0,"4":0,"5":0,"6":0,"7":0,"8":0,"9":0,"10":0,"11":0,"12":0,"13":0,"14":0,"15":0,"16":0,"17":0,"18":0,"19":0,"20":0,"21":0,"22":0,"23":0,"24":0,"25":0}}