{"datetime":{"0":1665697500000,"1":1665696600000,"2":1665695700000,"3":1665694800000,"4":1665693900000,"5":1665693000000,"6":1665692100000,"7":1665691200000,"8":1665690300000,"9":1665689400000,"10":1665688500000,"11":1665687600000,"12":1665686700000,"13":1665685800000,"14":1665684900000,"15":1665684000000,"16":1665683100000,"17":1665682200000,"18":1665681300000,"19":1665680400000,"20":1665679500000,"21":1665678600000,"22":1665677700000,"23":1665676800000,"24":1665675900000,"25":1665675000000},"open":{"0":3671.68994,"1":3671.82007,"2":3679.03003,"3":3678.69995,"4":3666.86011,"5":3651.40991,"6":3662.07007,"7":3665.73999,"8":3662.63989,"9":3663.43994,"10":3643.31006,"11":3640.0,"12":3640.06006,"13":3624.02002,"14":3630.04004,"15":3638.26001,"16":3639.8501,"17":3613.02002,"18":3578.87012,"19":3546.57007,"20":3541.33008,"21":3530.3999,"22":3548.04004,"23":3529.15991,"24":3501.5,"25":3520.37012},"high":{"0":3681.36011,"1":3676.6499,"2":3683.42993,"3":3685.40991,"4":3681.47998,"5":3666.79004,"6":3665.34009,"7":3666.81006,"8":3667.87012,"9":3675.08008,"10":3667.29004,"11":3649.06006,"12":3646.63989,"13":3641.31006,"14":3633.17993,"15":3650.16992,"16":3641.92993,"17":3662.51001,"18":3635.22998,"19":3577.87012,"20":3556.87988,"21":3545.75,"22":3550.96997,"23":3547.98999,"24":3535.1499,"25":3520.37012},"low":{"0":3667.09009,"1":3661.28003,"2":3671.04004,"3":3672.98999,"4":3665.67993,"5":3651.40991,"6":3650.70996,"7":3657.02002,"8":3659.66992,"9":3661.34009,"10":3643.31006,"11":3640.0,"12":3635.90991,"13":3622.3501,"14":3620.23999,"15":3627.43994,"16":3627.43994,"17":3609.82007,"18":3575.95996,"19":3544.40991,"20":3540.11011,"21":3528.70996,"22":3528.33008,"23":3524.95996,"24":3499.37012,"25":3491.58008},"close":{"0":3669.47998,"1":3671.73999,"2":3671.95996,"3":3679.03003,"4":3678.62012,"5":3666.05005,"6":3651.42993,"7":3662.08008,"8":3665.78003,"9":3661.82007,"10":3663.36011,"11":3643.3501,"12":3640.0,"13":3640.11011,"14":3624.21997,"15":3630.13989,"16":3638.23999,"17":3639.86011,"18":3611.62012,"19":3577.87012,"20":3546.61011,"21":3541.37012,"22":3530.90991,"23":3547.8999,"24":3529.1499,"25":3501.3501},"volume":{"0":210424726,"1":123213374,"2":92497018,"3":85788290,"4":76247110,"5":63514384,"6":60512977,"7":63579242,"8":2041766062,"9":82427523,"10":77053829,"11":1801850871,"12":1763625543,"13":1706451543,"14":84628556,"15":87840575,"16":1508083274,"17":1340422280,"18":164050261,"19":104976060,"20":106294626,"21":103324899,"22":117842239,"23":132447060,"24":191197807,"25":171944543}}