{"datetime":{"0":1665611100000,"1":1665610200000,"2":1665609300000,"3":1665608400000,"4":1665607500000,"5":1665606600000,"6":1665605700000,"7":1665604800000,"8":1665603900000,"9":1665603000000,"10":1665602100000,"11":1665601200000,"12":1665600300000,"13":1665599400000,"14":1665598500000,"15":1665597600000,"16":1665596700000,"17":1665595800000,"18":1665594900000,"19":1665594000000,"20":1665593100000,"21":1665592200000,"22":1665591300000,"23":1665590400000,"24":1665589500000,"25":1665588600000},"open":{"0":3591.47998,"1":3587.12012,"2":3588.04004,"3":3587.71997,"4":3597.23999,"5":3601.71997,"6":3599.88989,"7":3587.45996,"8":3587.18994,"9":3594.17993,"10":3597.26001,"11":3596.94995,"12":3588.41992,"13":3593.06006,"14":3596.25,"15":3602.94995,"16":3600.70996,"17":3598.0,"18":3598.56006,"19":3589.3999,"20":3585.12012,"21":3594.72998,"22":3589.97998,"23":3599.23999,"24":3604.37988,"25":3590.83008},"high":{"0":3591.47998,"1":3593.57007,"2":3592.47998,"3":3589.04004,"4":3598.25,"5":3604.34009,"6":3602.98999,"7":3601.37988,"8":3589.90991,"9":3594.25,"10":3597.33008,"11":3598.90991,"12":3597.79004,"13":3594.27002,"14":3599.77002,"15":3608.34009,"16":3604.87012,"17":3604.06006,"18":3602.42993,"19":3599.72998,"20":3594.01001,"21":3601.62012,"22":3598.04004,"23":3604.11011,"24":3607.68994,"25":3604.76001},"low":{"0":3576.37012,"1":3586.3999,"2":3583.8501,"3":3582.88989,"4":3586.04004,"5":3596.43994,"6":3590.20996,"7":3583.27002,"8":3584.8501,"9":3584.69995,"10":3590.62012,"11":3593.76001,"12":3588.37012,"13":3587.41992,"14":3592.29004,"15":3593.78003,"16":3597.46997,"17":3592.65991,"18":3594.52002,"19":3588.6001,"20":3582.21997,"21":3585.11011,"22":3581.6499,"23":3590.1001,"24":3592.92993,"25":3573.86011},"close":{"0":3576.8999,"1":3591.40991,"2":3587.1499,"3":3588.02002,"4":3587.93994,"5":3597.33008,"6":3601.78003,"7":3599.84009,"8":3587.46997,"9":3587.15991,"10":3593.88989,"11":3597.23999,"12":3596.91992,"13":3588.38989,"14":3593.13989,"15":3596.23999,"16":3603.03003,"17":3600.73999,"18":3598.09009,"19":3598.16992,"20":3589.71997,"21":3585.11011,"22":3594.70996,"23":3590.3999,"24":3599.20996,"25":3604.76001},"volume":{"0":216316530,"1":97107406,"2":1749850342,"3":1652442580,"4":1589981818,"5":59461646,"6":64251723,"7":98503236,"8":1313137416,"9":53145403,"10":48095295,"11":52436437,"12":49658178,"13":46794985,"14":52385689,"15":70009572,"16":60715961,"17":73883767,"18":70347518,"19":69263171,"20":72333126,"21":568487425,"22":81746290,"23":93479389,"24":104488045,"25":128087730}}