{"datetime":{"0":1668807900000,"1":1668807000000,"2":1668806100000,"3":1668805200000,"4":1668804300000,"5":1668803400000,"6":1668802500000,"7":1668801600000,"8":1668800700000,"9":1668799800000,"10":1668798900000,"11":1668798000000,"12":1668797100000,"13":1668796200000,"14":1668795300000,"15":1668794400000,"16":1668793500000,"17":1668792600000,"18":1668791700000,"19":1668790800000,"20":1668789900000,"21":1668789000000,"22":1668788100000,"23":1668787200000,"24":1668786300000,"25":1668785400000},"open":{"0":3969.6499,"1":3963.8501,"2":3959.32007,"3":3952.15991,"4":3947.70996,"5":3949.46997,"6":3947.22998,"7":3943.72998,"8":3941.97998,"9":3952.22998,"10":3949.1001,"11":3943.09009,"12":3942.08008,"13":3943.53003,"14":3949.43994,"15":3955.94995,"16":3956.17993,"17":3959.97998,"18":3955.15991,"19":3950.40991,"20":3958.42993,"21":3958.20996,"22":3953.03003,"23":3962.78003,"24":3966.05005,"25":3966.38989},"high":{"0":3974.87012,"1":3969.95996,"2":3963.91992,"3":3961.78003,"4":3952.73999,"5":3952.51001,"6":3951.61011,"7":3949.76001,"8":3943.70996,"9":3953.15991,"10":3952.40991,"11":3949.83008,"12":3943.67993,"13":3946.51001,"14":3949.43994,"15":3957.37012,"16":3957.07007,"17":3964.30005,"18":3963.05005,"19":3955.3501,"20":3960.12012,"21":3961.71997,"22":3960.53003,"23":3964.11011,"24":3969.68994,"25":3979.88989},"low":{"0":3957.06006,"1":3960.53003,"2":3953.56006,"3":3951.78003,"4":3946.03003,"5":3945.1499,"6":3947.22998,"7":3943.6001,"8":3939.40991,"9":3941.82007,"10":3943.1499,"11":3942.02002,"12":3937.33008,"13":3940.62988,"14":3935.97998,"15":3948.78003,"16":3950.65991,"17":3953.83008,"18":3954.56006,"19":3945.81006,"20":3948.09009,"21":3955.27002,"22":3950.51001,"23":3948.44995,"24":3960.94995,"25":3963.78003},"close":{"0":3967.12012,"1":3969.68994,"2":3963.88989,"3":3959.32007,"4":3952.36011,"5":3947.70996,"6":3949.46997,"7":3947.28003,"8":3943.70996,"9":3942.02002,"10":3952.30005,"11":3949.08008,"12":3943.09009,"13":3942.06006,"14":3943.5,"15":3949.51001,"16":3955.69995,"17":3956.16992,"18":3959.91992,"19":3955.13989,"20":3950.3999,"21":3958.42993,"22":3958.19995,"23":3953.19995,"24":3962.69995,"25":3966.1499},"volume":{"0":236408344,"1":92152393,"2":63953362,"3":63726247,"4":1360633558,"5":49727389,"6":49641045,"7":47059636,"8":43945794,"9":42624212,"10":45644493,"11":43990292,"12":43395855,"13":44929318,"14":61490764,"15":50617784,"16":49751379,"17":53034443,"18":63583603,"19":56363723,"20":59713292,"21":62566211,"22":68953956,"23":81524999,"24":97370706,"25":110388562}}