{"datetime":{"0":1609191900000,"1":1609191000000,"2":1609190100000,"3":1609189200000,"4":1609188300000,"5":1609187400000,"6":1609186500000,"7":1609185600000,"8":1609184700000,"9":1609183800000,"10":1609182900000,"11":1609182000000,"12":1609181100000,"13":1609180200000,"14":1609179300000,"15":1609178400000,"16":1609177500000,"17":1609176600000,"18":1609175700000,"19":1609174800000,"20":1609173900000,"21":1609173000000,"22":1609172100000,"23":1609171200000,"24":1609170300000,"25":1609169400000},"open":{"0":3736.75,"1":3735.96997,"2":3738.8999,"3":3739.3501,"4":3740.29004,"5":3739.0,"6":3738.57007,"7":3737.28003,"8":3737.75,"9":3735.55005,"10":3736.26001,"11":3735.17993,"12":3736.01001,"13":3735.02002,"14":3734.5,"15":3733.3501,"16":3734.11011,"17":3734.0,"18":3733.8999,"19":3735.6499,"20":3736.12988,"21":3734.29004,"22":3729.79004,"23":3728.70996,"24":3729.13989,"25":3723.03003},"high":{"0":3737.97998,"1":3737.41992,"2":3739.56006,"3":3740.12988,"4":3740.51001,"5":3740.45996,"6":3739.8501,"7":3739.06006,"8":3737.90991,"9":3737.95996,"10":3736.44995,"11":3736.25,"12":3736.27002,"13":3736.40991,"14":3735.30005,"15":3734.87012,"16":3735.30005,"17":3734.84009,"18":3734.31006,"19":3735.77002,"20":3737.42993,"21":3737.82007,"22":3734.76001,"23":3731.68994,"24":3731.02002,"25":3731.37988},"low":{"0":3734.18994,"1":3733.57007,"2":3735.8999,"3":3738.33008,"4":3738.57007,"5":3738.79004,"6":3738.25,"7":3736.86011,"8":3735.95996,"9":3735.5,"10":3734.69995,"11":3734.73999,"12":3734.1001,"13":3735.02002,"14":3733.53003,"15":3732.97998,"16":3732.58008,"17":3732.95996,"18":3732.69995,"19":3733.5,"20":3735.37012,"21":3734.15991,"22":3728.77002,"23":3726.13989,"24":3727.33008,"25":3723.03003},"close":{"0":3735.25,"1":3736.69995,"2":3735.95996,"3":3738.86011,"4":3739.37988,"5":3740.30005,"6":3739.01001,"7":3738.57007,"8":3737.23999,"9":3737.73999,"10":3735.56006,"11":3736.22998,"12":3735.22998,"13":3736.0,"14":3735.07007,"15":3734.42993,"16":3733.32007,"17":3734.11011,"18":3733.87988,"19":3733.87012,"20":3735.59009,"21":3736.1499,"22":3734.22998,"23":3729.80005,"24":3728.68994,"25":3729.11011},"volume":{"0":156886937,"1":67458334,"2":47523392,"3":43119696,"4":36938577,"5":36838819,"6":38020118,"7":37643835,"8":33490202,"9":36565690,"10":35517990,"11":36338702,"12":38204330,"13":38829085,"14":39363457,"15":42378312,"16":43429353,"17":44790737,"18":43981902,"19":49887978,"20":53216358,"21":63400970,"22":77527012,"23":78726090,"24":81189893,"25":93277082}}