{"datetime":{"0":1618523100000,"1":1618522200000,"2":1618521300000,"3":1618520400000,"4":1618519500000,"5":1618518600000,"6":1618517700000,"7":1618516800000,"8":1618515900000,"9":1618515000000,"10":1618514100000,"11":1618513200000,"12":1618512300000,"13":1618511400000,"14":1618510500000,"15":1618509600000,"16":1618508700000,"17":1618507800000,"18":1618506900000,"19":1618506000000,"20":1618505100000,"21":1618504200000,"22":1618503300000,"23":1618502400000,"24":1618501500000,"25":1618500600000},"open":{"0":4169.75977,"1":4162.2998,"2":4163.7998,"3":4165.12012,"4":4167.18018,"5":4168.74023,"6":4165.6001,"7":4166.56006,"8":4168.02002,"9":4165.35986,"10":4164.5,"11":4168.97998,"12":4167.7002,"13":4164.6001,"14":4163.27002,"15":4160.6001,"16":4159.68018,"17":4158.62012,"18":4163.5,"19":4162.02979,"20":4163.1001,"21":4158.27002,"22":4154.12012,"23":4152.2002,"24":4151.37012,"25":4150.2002},"high":{"0":4174.1001,"1":4169.52002,"2":4165.6499,"3":4167.64014,"4":4167.7998,"5":4170.1001,"6":4168.95996,"7":4169.2998,"8":4168.7002,"9":4168.5,"10":4167.0,"11":4169.45996,"12":4169.25,"13":4167.7002,"14":4165.0,"15":4163.5498,"16":4161.2002,"17":4160.10986,"18":4163.5,"19":4167.0,"20":4163.1001,"21":4164.0,"22":4157.77002,"23":4154.2002,"24":4153.5,"25":4155.4502},"low":{"0":4167.49023,"1":4162.2998,"2":4161.6499,"3":4161.6001,"4":4164.2998,"5":4167.24023,"6":4165.2998,"7":4164.79004,"8":4165.08008,"9":4165.10986,"10":4163.7998,"11":4163.56006,"12":4166.5,"13":4164.5,"14":4162.43994,"15":4159.7002,"16":4159.43018,"17":4157.91992,"18":4158.37012,"19":4161.77979,"20":4159.70996,"21":4158.27002,"22":4153.06006,"23":4149.9502,"24":4149.52002,"25":4149.4502},"close":{"0":4169.2998,"1":4169.52002,"2":4162.1001,"3":4163.47021,"4":4165.62012,"5":4167.68018,"6":4168.6001,"7":4164.7998,"8":4166.31006,"9":4168.27002,"10":4165.10986,"11":4164.2002,"12":4169.0,"13":4167.5,"14":4164.5,"15":4163.27979,"16":4160.58984,"17":4159.43018,"18":4158.87012,"19":4163.2002,"20":4161.52979,"21":4163.08984,"22":4157.77002,"23":4153.87012,"24":4151.50977,"25":4150.8999},"volume":{"0":0,"1":0,"2":0,"3":0,"4":0,"5":0,"6":0,"7":0,"8":0,"9":0,"10":0,"11":0,"12":0,"13":0,"14":0,"15":0,"16":0,"17":0,"18":0,"19":0,"20":0,"21":0,"22":0,"23":0,"24":0,"25":0}}