{"datetime":{"0":1690839900000,"1":1690839000000,"2":1690838100000,"3":1690837200000,"4":1690836300000,"5":1690835400000,"6":1690834500000,"7":1690833600000,"8":1690832700000,"9":1690831800000,"10":1690830900000,"11":1690830000000,"12":1690829100000,"13":1690828200000,"14":1690827300000,"15":1690826400000,"16":1690825500000,"17":1690824600000,"18":1690823700000,"19":1690822800000,"20":1690821900000,"21":1690821000000,"22":1690820100000,"23":1690819200000,"24":1690818300000,"25":1690817400000},"open":{"0":4577.2998,"1":4579.43994,"2":4578.33984,"3":4583.22998,"4":4579.9502,"5":4579.41992,"6":4579.58008,"7":4581.25,"8":4583.31006,"9":4578.7998,"10":4581.0,"11":4578.8999,"12":4581.62012,"13":4584.68994,"14":4581.87988,"15":4581.75,"16":4583.75,"17":4585.7002,"18":4588.77002,"19":4587.5,"20":4588.93018,"21":4589.3501,"22":4586.24023,"23":4583.18994,"24":4592.4502,"25":4584.81982},"high":{"0":4589.6001,"1":4580.54004,"2":4580.6001,"3":4583.5498,"4":4584.2998,"5":4581.2998,"6":4580.3501,"7":4582.60986,"8":4583.43994,"9":4584.08008,"10":4581.12012,"11":4582.31982,"12":4581.62012,"13":4584.77979,"14":4584.8501,"15":4583.75977,"16":4585.47998,"17":4586.25977,"18":4588.7998,"19":4590.58008,"20":4589.31982,"21":4590.66992,"22":4589.33984,"23":4586.56006,"24":4594.22021,"25":4593.75977},"low":{"0":4573.14014,"1":4574.83984,"2":4577.58008,"3":4577.37012,"4":4578.7998,"5":4578.6499,"6":4577.5,"7":4579.04004,"8":4580.12988,"9":4578.6499,"10":4576.83008,"11":4575.31982,"12":4577.91992,"13":4580.02002,"14":4580.75977,"15":4580.97998,"16":4579.52002,"17":4579.83008,"18":4583.95996,"19":4586.77002,"20":4585.6001,"21":4584.43018,"22":4585.1001,"23":4579.77002,"24":4578.31006,"25":4584.81982},"close":{"0":4589.47998,"1":4577.31982,"2":4579.43018,"3":4578.25,"4":4583.22021,"5":4579.93018,"6":4579.52002,"7":4579.6499,"8":4581.16992,"9":4583.2998,"10":4578.8501,"11":4580.97998,"12":4578.9502,"13":4581.6001,"14":4584.79004,"15":4581.97998,"16":4581.68994,"17":4583.75977,"18":4585.72998,"19":4588.77002,"20":4587.4502,"21":4589.00977,"22":4589.2998,"23":4586.12012,"24":4582.35986,"25":4592.39014},"volume":{"0":249047965,"1":84413640,"2":65859146,"3":51732903,"4":45866660,"5":47335107,"6":43751171,"7":47042974,"8":42459492,"9":44027735,"10":43084242,"11":44155453,"12":38779424,"13":42321543,"14":48167145,"15":46290060,"16":50542560,"17":54026762,"18":50561218,"19":648322281,"20":1147771215,"21":69753032,"22":67406721,"23":82928579,"24":100833147,"25":111855945}}