{"datetime":{"0":1669239900000,"1":1669239000000,"2":1669238100000,"3":1669237200000,"4":1669236300000,"5":1669235400000,"6":1669234500000,"7":1669233600000,"8":1669232700000,"9":1669231800000,"10":1669230900000,"11":1669230000000,"12":1669229100000,"13":1669228200000,"14":1669227300000,"15":1669226400000,"16":1669225500000,"17":1669224600000,"18":1669223700000,"19":1669222800000,"20":1669221900000,"21":1669221000000,"22":1669220100000,"23":1669219200000,"24":1669218300000,"25":1669217400000},"open":{"0":4026.82007,"1":4029.05005,"2":4029.38989,"3":4026.86011,"4":4024.05005,"5":4028.67993,"6":4025.09009,"7":4014.15991,"8":4015.56006,"9":4011.18994,"10":4004.16992,"11":4002.5,"12":4008.62012,"13":4012.68994,"14":4012.37012,"15":4008.08008,"16":4023.80005,"17":4025.95996,"18":4027.36011,"19":4025.82007,"20":4027.18994,"21":4023.61011,"22":4021.20996,"23":4018.47998,"24":4010.84009,"25":4000.30005},"high":{"0":4028.40991,"1":4029.05005,"2":4033.78003,"3":4029.93994,"4":4031.34009,"5":4028.70996,"6":4032.97998,"7":4032.03003,"8":4016.34009,"9":4015.6001,"10":4011.17993,"11":4006.23999,"12":4011.05005,"13":4013.93994,"14":4014.78003,"15":4013.72998,"16":4023.81006,"17":4025.95996,"18":4029.65991,"19":4027.86011,"20":4027.34009,"21":4029.58008,"22":4023.97998,"23":4025.38989,"24":4022.81006,"25":4013.08008},"low":{"0":4022.26001,"1":4024.21997,"2":4027.98999,"3":4023.25,"4":4023.06006,"5":4018.16992,"6":4022.25,"7":4007.97998,"8":4012.17993,"9":4011.18994,"10":4004.1499,"11":4000.81006,"12":3998.65991,"13":4008.34009,"14":4011.1499,"15":4007.66992,"16":4003.44995,"17":4022.34009,"18":4024.01001,"19":4023.81006,"20":4023.30005,"21":4023.43994,"22":4016.97998,"23":4012.73999,"24":4010.84009,"25":3999.12012},"close":{"0":4027.86011,"1":4026.75,"2":4029.04004,"3":4029.38989,"4":4026.84009,"5":4024.02002,"6":4028.66992,"7":4025.12012,"8":4014.19995,"9":4015.6001,"10":4011.12988,"11":4004.16992,"12":4002.45996,"13":4008.62012,"14":4012.68994,"15":4012.41992,"16":4008.17993,"17":4023.79004,"18":4025.95996,"19":4027.43994,"20":4025.68994,"21":4027.20996,"22":4023.56006,"23":4021.12988,"24":4018.56006,"25":4010.96997},"volume":{"0":165236410,"1":57088209,"2":53017112,"3":45609395,"4":44540039,"5":41425214,"6":47230443,"7":70969456,"8":31065366,"9":34499834,"10":33229178,"11":31925114,"12":39659753,"13":37074571,"14":38459347,"15":42704382,"16":56996918,"17":45947640,"18":55753548,"19":58685136,"20":54583140,"21":66968591,"22":61659766,"23":76541313,"24":100107692,"25":79566976}}