{"datetime":{"0":1669067100000,"1":1669066200000,"2":1669065300000,"3":1669064400000,"4":1669063500000,"5":1669062600000,"6":1669061700000,"7":1669060800000,"8":1669059900000,"9":1669059000000,"10":1669058100000,"11":1669057200000,"12":1669056300000,"13":1669055400000,"14":1669054500000,"15":1669053600000,"16":1669052700000,"17":1669051800000,"18":1669050900000,"19":1669050000000,"20":1669049100000,"21":1669048200000,"22":1669047300000,"23":1669046400000,"24":1669045500000,"25":1669044600000},"open":{"0":3948.02002,"1":3947.5,"2":3951.91992,"3":3949.86011,"4":3948.8501,"5":3951.61011,"6":3955.51001,"7":3952.27002,"8":3959.12988,"9":3954.40991,"10":3955.13989,"11":3943.73999,"12":3948.67993,"13":3941.42993,"14":3943.01001,"15":3936.88989,"16":3941.0,"17":3942.09009,"18":3943.5,"19":3943.25,"20":3940.76001,"21":3944.04004,"22":3949.37988,"23":3956.36011,"24":3949.19995,"25":3956.22998},"high":{"0":3955.67993,"1":3950.83008,"2":3954.22998,"3":3953.28003,"4":3953.30005,"5":3953.62988,"6":3957.48999,"7":3957.83008,"8":3959.62988,"9":3960.36011,"10":3956.06006,"11":3956.65991,"12":3949.75,"13":3950.90991,"14":3944.22998,"15":3945.75,"16":3945.90991,"17":3944.1001,"18":3947.59009,"19":3945.22998,"20":3943.48999,"21":3945.79004,"22":3951.8999,"23":3959.5,"24":3962.0,"25":3961.76001},"low":{"0":3948.02002,"1":3946.09009,"2":3945.23999,"3":3948.95996,"4":3948.16992,"5":3948.63989,"6":3950.30005,"7":3952.19995,"8":3952.32007,"9":3953.08008,"10":3952.79004,"11":3943.55005,"12":3942.08008,"13":3941.02002,"14":3940.09009,"15":3936.19995,"16":3933.34009,"17":3939.07007,"18":3941.3999,"19":3940.81006,"20":3937.03003,"21":3939.34009,"22":3940.98999,"23":3948.68994,"24":3949.06006,"25":3947.52002},"close":{"0":3950.25,"1":3948.03003,"2":3947.51001,"3":3951.97998,"4":3950.11011,"5":3948.84009,"6":3951.83008,"7":3955.52002,"8":3952.32007,"9":3959.1499,"10":3954.37988,"11":3955.30005,"12":3943.69995,"13":3948.62988,"14":3941.48999,"15":3942.98999,"16":3936.90991,"17":3941.01001,"18":3941.66992,"19":3943.28003,"20":3943.21997,"21":3940.61011,"22":3944.12988,"23":3949.40991,"24":3956.45996,"25":3949.16992},"volume":{"0":164942474,"1":79648362,"2":60583865,"3":51847812,"4":44065814,"5":42715689,"6":44718845,"7":41381646,"8":42074292,"9":46833408,"10":48829330,"11":51853084,"12":44920743,"13":49389641,"14":52247257,"15":62856110,"16":58686847,"17":52043197,"18":62545211,"19":64889067,"20":79513682,"21":80987558,"22":77290846,"23":82456256,"24":101278966,"25":103391919}}