{"datetime":{"0":1663364700000,"1":1663363800000,"2":1663362900000,"3":1663362000000,"4":1663361100000,"5":1663360200000,"6":1663359300000,"7":1663358400000,"8":1663357500000,"9":1663356600000,"10":1663355700000,"11":1663354800000,"12":1663353900000,"13":1663353000000,"14":1663352100000,"15":1663351200000,"16":1663350300000,"17":1663349400000,"18":1663348500000,"19":1663347600000,"20":1663346700000,"21":1663345800000,"22":1663344900000,"23":1663344000000,"24":1663343100000,"25":1663342200000},"open":{"0":3873.59009,"1":3864.69995,"2":3864.93994,"3":3864.20996,"4":3856.34009,"5":3858.61011,"6":3845.46997,"7":3843.45996,"8":3848.53003,"9":3845.03003,"10":3844.09009,"11":3850.79004,"12":3846.68994,"13":3839.05005,"14":3847.0,"15":3858.18994,"16":3849.28003,"17":3850.56006,"18":3852.46997,"19":3851.19995,"20":3861.3501,"21":3858.06006,"22":3864.22998,"23":3840.42993,"24":3847.0,"25":3880.94995},"high":{"0":3877.82007,"1":3874.90991,"2":3875.06006,"3":3876.44995,"4":3867.16992,"5":3861.44995,"6":3861.21997,"7":3848.27002,"8":3848.53003,"9":3853.25,"10":3846.95996,"11":3851.96997,"12":3851.33008,"13":3846.90991,"14":3848.5,"15":3858.70996,"16":3858.87012,"17":3854.70996,"18":3861.40991,"19":3858.32007,"20":3862.37012,"21":3873.87012,"22":3865.82007,"23":3867.57007,"24":3851.86011,"25":3880.94995},"low":{"0":3865.1499,"1":3857.57007,"2":3862.02002,"3":3863.78003,"4":3856.34009,"5":3852.93994,"6":3843.51001,"7":3842.56006,"8":3840.40991,"9":3844.54004,"10":3842.95996,"11":3842.82007,"12":3844.08008,"13":3838.22998,"14":3837.08008,"15":3846.77002,"16":3846.53003,"17":3844.78003,"18":3849.95996,"19":3850.11011,"20":3850.90991,"21":3858.06006,"22":3854.06006,"23":3840.42993,"24":3837.44995,"25":3845.44995},"close":{"0":3872.56006,"1":3873.48999,"2":3864.43994,"3":3864.71997,"4":3864.30005,"5":3856.42993,"6":3858.6001,"7":3845.47998,"8":3843.51001,"9":3848.8999,"10":3845.05005,"11":3844.08008,"12":3850.80005,"13":3846.71997,"14":3839.04004,"15":3846.95996,"16":3858.30005,"17":3849.26001,"18":3850.86011,"19":3852.56006,"20":3851.48999,"21":3861.44995,"22":3857.6001,"23":3864.1499,"24":3840.47998,"25":3846.90991},"volume":{"0":196506905,"1":124127402,"2":88172641,"3":81045902,"4":74836177,"5":62803272,"6":76613153,"7":58869318,"8":59484555,"9":1643478239,"10":49136586,"11":54176780,"12":57641586,"13":57865535,"14":65238590,"15":58630188,"16":59139462,"17":62994512,"18":66515457,"19":1049396031,"20":76138502,"21":89663573,"22":95348036,"23":115520940,"24":627156359,"25":176387730}}