{"datetime":{"0":1686865500000,"1":1686864600000,"2":1686863700000,"3":1686862800000,"4":1686861900000,"5":1686861000000,"6":1686860100000,"7":1686859200000,"8":1686858300000,"9":1686857400000,"10":1686856500000,"11":1686855600000,"12":1686854700000,"13":1686853800000,"14":1686852900000,"15":1686852000000,"16":1686851100000,"17":1686850200000,"18":1686849300000,"19":1686848400000,"20":1686847500000,"21":1686846600000,"22":1686845700000,"23":1686844800000,"24":1686843900000,"25":1686843000000},"open":{"0":4428.60986,"1":4432.22021,"2":4435.70996,"3":4436.87988,"4":4428.83984,"5":4419.2998,"6":4414.50977,"7":4418.25,"8":4413.02979,"9":4409.37988,"10":4402.93994,"11":4409.2998,"12":4410.08008,"13":4409.75,"14":4405.04004,"15":4408.22021,"16":4408.27979,"17":4408.00977,"18":4399.06006,"19":4395.79004,"20":4391.60986,"21":4395.27002,"22":4392.16016,"23":4388.31006,"24":4377.27979,"25":4365.33008},"high":{"0":4435.10986,"1":4434.18994,"2":4437.99023,"3":4439.0,"4":4439.2002,"5":4429.2002,"6":4420.12988,"7":4420.58984,"8":4419.68018,"9":4413.72998,"10":4409.41992,"11":4409.72021,"12":4410.16992,"13":4412.10986,"14":4410.62988,"15":4409.68018,"16":4410.14014,"17":4411.9502,"18":4408.00977,"19":4400.49023,"20":4398.31982,"21":4395.93994,"22":4396.60986,"23":4395.7002,"24":4389.62988,"25":4377.77002},"low":{"0":4421.95996,"1":4427.41992,"2":4428.56006,"3":4428.66992,"4":4426.77979,"5":4419.18018,"6":4413.66992,"7":4413.56006,"8":4413.02979,"9":4408.8501,"10":4402.41016,"11":4402.93018,"12":4406.81982,"13":4406.6499,"14":4404.77002,"15":4405.02002,"16":4402.16016,"17":4404.4502,"18":4399.06006,"19":4393.24023,"20":4390.52979,"21":4385.06982,"22":4388.18018,"23":4385.56982,"24":4376.81006,"25":4362.6001},"close":{"0":4426.3999,"1":4428.47021,"2":4432.14014,"3":4435.70996,"4":4436.81006,"5":4428.64014,"6":4419.2002,"7":4414.56982,"8":4418.10986,"9":4412.91016,"10":4409.3501,"11":4402.93018,"12":4409.24023,"13":4410.1001,"14":4409.62012,"15":4405.1499,"16":4408.27979,"17":4408.25977,"18":4407.97998,"19":4399.02002,"20":4394.75977,"21":4391.62012,"22":4395.12012,"23":4392.18018,"24":4388.1001,"25":4377.56006},"volume":{"0":242220800,"1":102552437,"2":75324932,"3":76157448,"4":72377550,"5":61604290,"6":53889648,"7":59258212,"8":56840562,"9":59004364,"10":50603759,"11":54880577,"12":47923449,"13":61494510,"14":51081117,"15":57251801,"16":65784972,"17":71044697,"18":64298611,"19":72296937,"20":653283398,"21":81758656,"22":83560358,"23":104732450,"24":113188975,"25":162960732}}