{"datetime":{"0":1621547100000,"1":1621546200000,"2":1621545300000,"3":1621544400000,"4":1621543500000,"5":1621542600000,"6":1621541700000,"7":1621540800000,"8":1621539900000,"9":1621539000000,"10":1621538100000,"11":1621537200000,"12":1621536300000,"13":1621535400000,"14":1621534500000,"15":1621533600000,"16":1621532700000,"17":1621531800000,"18":1621530900000,"19":1621530000000,"20":1621529100000,"21":1621528200000,"22":1621527300000,"23":1621526400000,"24":1621525500000,"25":1621524600000},"open":{"0":4165.1001,"1":4173.6001,"2":4165.6001,"3":4162.7002,"4":4162.9502,"5":4162.99023,"6":4160.0,"7":4159.1001,"8":4162.1001,"9":4161.8999,"10":4160.3999,"11":4155.6001,"12":4149.3999,"13":4154.6001,"14":4157.37988,"15":4162.50977,"16":4164.16016,"17":4156.08008,"18":4149.47021,"19":4147.25977,"20":4144.4502,"21":4143.47998,"22":4139.5,"23":4138.0,"24":4133.04004,"25":4121.97021},"high":{"0":4167.8999,"1":4173.6001,"2":4173.5,"3":4166.6001,"4":4165.8999,"5":4164.3999,"6":4162.8999,"7":4161.3999,"8":4162.6001,"9":4162.8999,"10":4162.3999,"11":4160.3999,"12":4156.3999,"13":4157.3999,"14":4159.3999,"15":4163.3999,"16":4168.8999,"17":4165.1001,"18":4156.1001,"19":4150.6001,"20":4148.77979,"21":4144.81982,"22":4143.75,"23":4143.75,"24":4140.00977,"25":4135.16016},"low":{"0":4156.39014,"1":4162.68994,"2":4164.91992,"3":4159.45996,"4":4161.18994,"5":4160.0,"6":4157.77002,"7":4158.04004,"8":4153.56006,"9":4160.14014,"10":4159.41016,"11":4153.54004,"12":4149.3999,"13":4148.31982,"14":4153.77002,"15":4156.58008,"16":4162.25,"17":4155.56982,"18":4149.20996,"19":4147.00977,"20":4144.3501,"21":4141.24023,"22":4139.5,"23":4137.18018,"24":4133.04004,"25":4121.97021},"close":{"0":4158.54004,"1":4164.18018,"2":4173.3999,"3":4165.3999,"4":4162.4502,"5":4162.7002,"6":4162.8999,"7":4160.25,"8":4158.8999,"9":4162.3999,"10":4161.6001,"11":4159.8999,"12":4155.8999,"13":4149.1001,"14":4154.3999,"15":4156.87988,"16":4162.25977,"17":4164.16016,"18":4155.83008,"19":4149.3999,"20":4147.1001,"21":4144.4502,"22":4143.45996,"23":4139.49023,"24":4137.91016,"25":4133.06006},"volume":{"0":32632366,"1":0,"2":0,"3":0,"4":0,"5":0,"6":0,"7":0,"8":0,"9":0,"10":0,"11":0,"12":0,"13":0,"14":0,"15":0,"16":0,"17":0,"18":0,"19":9312998,"20":602492053,"21":75500990,"22":71478513,"23":85018118,"24":309351451,"25":137531735}}