{"datetime":{"0":1654638300000,"1":1654637400000,"2":1654636500000,"3":1654635600000,"4":1654634700000,"5":1654633800000,"6":1654632900000,"7":1654632000000,"8":1654631100000,"9":1654630200000,"10":1654629300000,"11":1654628400000,"12":1654627500000,"13":1654626600000,"14":1654625700000,"15":1654624800000,"16":1654623900000,"17":1654623000000,"18":1654622100000,"19":1654621200000,"20":1654620300000,"21":1654619400000,"22":1654618500000,"23":1654617600000,"24":1654616700000,"25":1654615800000},"open":{"0":4158.64014,"1":4151.47998,"2":4147.0,"3":4143.72021,"4":4140.83008,"5":4147.1499,"6":4148.25977,"7":4134.00977,"8":4134.87988,"9":4136.1499,"10":4133.83984,"11":4127.66016,"12":4124.79004,"13":4116.1001,"14":4117.31982,"15":4120.68994,"16":4119.79004,"17":4120.49023,"18":4134.75,"19":4133.31006,"20":4134.02979,"21":4116.04004,"22":4096.14014,"23":4100.52979,"24":4097.37012,"25":4096.47021},"high":{"0":4164.85986,"1":4160.49023,"2":4152.43994,"3":4150.31982,"4":4143.93018,"5":4151.33008,"6":4149.24023,"7":4148.52002,"8":4137.83984,"9":4137.83984,"10":4138.08008,"11":4134.56982,"12":4128.87012,"13":4127.49023,"14":4117.35986,"15":4122.18994,"16":4121.81006,"17":4121.87012,"18":4135.2002,"19":4136.06006,"20":4139.14014,"21":4136.93018,"22":4117.12988,"23":4108.22998,"24":4107.83008,"25":4098.45996},"low":{"0":4158.10986,"1":4150.14014,"2":4147.0,"3":4143.02002,"4":4137.66016,"5":4139.93994,"6":4144.27002,"7":4132.52002,"8":4133.54004,"9":4133.1499,"10":4133.83984,"11":4125.47998,"12":4124.22021,"13":4113.91016,"14":4110.22021,"15":4113.97998,"16":4112.04004,"17":4116.41016,"18":4119.25,"19":4127.4502,"20":4132.45996,"21":4115.02002,"22":4093.53003,"23":4093.59009,"24":4094.76001,"25":4080.18994},"close":{"0":4159.68018,"1":4158.6499,"2":4151.45996,"3":4146.99023,"4":4143.66992,"5":4140.83008,"6":4147.16992,"7":4148.25977,"8":4133.8501,"9":4134.91992,"10":4136.2002,"11":4133.7998,"12":4127.66992,"13":4125.68018,"14":4116.08984,"15":4117.39014,"16":4120.43994,"17":4119.7998,"18":4120.52979,"19":4134.75,"20":4133.33008,"21":4134.02979,"22":4116.00977,"23":4096.1001,"24":4100.20996,"25":4097.43994},"volume":{"0":210580294,"1":91905315,"2":53955210,"3":48420411,"4":44341551,"5":48025778,"6":39653024,"7":44805914,"8":37183257,"9":38138341,"10":39271200,"11":42481388,"12":38299694,"13":41528292,"14":42780083,"15":31222160,"16":47840290,"17":46312750,"18":47454055,"19":53137685,"20":54564606,"21":60126550,"22":61528512,"23":68435961,"24":95596379,"25":107368833}}