{"datetime":{"0":1620337500000,"1":1620336600000,"2":1620335700000,"3":1620334800000,"4":1620333900000,"5":1620333000000,"6":1620332100000,"7":1620331200000,"8":1620330300000,"9":1620329400000,"10":1620328500000,"11":1620327600000,"12":1620326700000,"13":1620325800000,"14":1620324900000,"15":1620324000000,"16":1620323100000,"17":1620322200000,"18":1620321300000,"19":1620320400000,"20":1620319500000,"21":1620318600000,"22":1620317700000,"23":1620316800000,"24":1620315900000,"25":1620315000000},"open":{"0":4189.2998,"1":4181.10986,"2":4178.14014,"3":4172.66016,"4":4169.2002,"5":4170.2998,"6":4175.6001,"7":4173.6001,"8":4178.5,"9":4177.7998,"10":4178.2998,"11":4180.45996,"12":4183.54004,"13":4185.7002,"14":4177.18018,"15":4179.7002,"16":4182.62012,"17":4171.62988,"18":4155.0,"19":4162.81982,"20":4160.5,"21":4152.68018,"22":4154.00977,"23":4156.5,"24":4165.1001,"25":4169.6001},"high":{"0":4202.7998,"1":4190.6001,"2":4183.1001,"3":4180.12988,"4":4176.2998,"5":4172.1001,"6":4177.4502,"7":4178.5,"8":4178.5,"9":4180.2998,"10":4179.6001,"11":4183.1001,"12":4184.6001,"13":4186.16992,"14":4185.91016,"15":4180.9502,"16":4186.22998,"17":4184.1001,"18":4171.62012,"19":4162.93994,"20":4163.66016,"21":4164.0,"22":4156.2002,"23":4159.0,"24":4168.7998,"25":4173.7998},"low":{"0":4187.77979,"1":4180.37012,"2":4176.41016,"3":4171.27979,"4":4168.93994,"5":4167.43994,"6":4168.87988,"7":4169.2998,"8":4173.00977,"9":4176.02002,"10":4175.06006,"11":4178.27979,"12":4180.2998,"13":4179.7002,"14":4177.18018,"15":4176.7002,"16":4179.2002,"17":4170.35986,"18":4154.2002,"19":4153.25977,"20":4158.93994,"21":4152.68018,"22":4147.5,"23":4152.02002,"24":4158.25,"25":4160.6001},"close":{"0":4201.1001,"1":4188.7998,"2":4181.35986,"3":4178.39014,"4":4172.41016,"5":4168.6001,"6":4170.5,"7":4175.7998,"8":4173.25977,"9":4178.2002,"10":4178.02979,"11":4178.27979,"12":4180.2998,"13":4183.54004,"14":4185.8999,"15":4176.93018,"16":4179.2002,"17":4182.37012,"18":4170.87988,"19":4154.75,"20":4162.18994,"21":4160.08984,"22":4153.41992,"23":4154.75977,"24":4158.25,"25":4165.2998},"volume":{"0":0,"1":0,"2":0,"3":0,"4":0,"5":0,"6":0,"7":0,"8":0,"9":0,"10":0,"11":0,"12":0,"13":0,"14":0,"15":0,"16":0,"17":0,"18":0,"19":0,"20":0,"21":0,"22":0,"23":0,"24":0,"25":0}}