{"datetime":{"0":1652823900000,"1":1652823000000,"2":1652822100000,"3":1652821200000,"4":1652820300000,"5":1652819400000,"6":1652818500000,"7":1652817600000,"8":1652816700000,"9":1652815800000,"10":1652814900000,"11":1652814000000,"12":1652813100000,"13":1652812200000,"14":1652811300000,"15":1652810400000,"16":1652809500000,"17":1652808600000,"18":1652807700000,"19":1652806800000,"20":1652805900000,"21":1652805000000,"22":1652804100000,"23":1652803200000,"24":1652802300000,"25":1652801400000},"open":{"0":4080.76,"1":4088.07007,"2":4084.73999,"3":4078.30005,"4":4070.34009,"5":4055.33008,"6":4060.68994,"7":4070.23999,"8":4074.61011,"9":4071.84009,"10":4075.12012,"11":4069.70996,"12":4071.73999,"13":4066.36011,"14":4058.41992,"15":4062.31006,"16":4061.40991,"17":4059.48999,"18":4050.41992,"19":4045.09009,"20":4039.75,"21":4049.36011,"22":4058.45996,"23":4058.78003,"24":4065.13989,"25":4052.0},"high":{"0":4089.29004,"1":4090.69995,"2":4090.71997,"3":4090.08008,"4":4084.38989,"5":4071.30005,"6":4065.30005,"7":4081.22998,"8":4075.63989,"9":4076.44995,"10":4078.25,"11":4076.02002,"12":4075.80005,"13":4072.80005,"14":4068.32007,"15":4063.37988,"16":4065.03003,"17":4067.28003,"18":4060.51001,"19":4051.66992,"20":4045.04004,"21":4053.95996,"22":4065.34009,"23":4068.09009,"24":4067.61011,"25":4070.98999},"low":{"0":4076.75,"1":4080.38989,"2":4083.32007,"3":4078.0,"4":4069.79004,"5":4046.07007,"6":4043.04004,"7":4056.3999,"8":4069.79004,"9":4071.77002,"10":4071.69995,"11":4062.80005,"12":4068.3501,"13":4064.54004,"14":4058.01001,"15":4054.19995,"16":4058.33008,"17":4059.48999,"18":4045.32007,"19":4044.06006,"20":4033.92993,"21":4038.69995,"22":4049.22998,"23":4053.13989,"24":4051.96997,"25":4052.0},"close":{"0":4089.21997,"1":4084.91,"2":4087.70996,"3":4084.75,"4":4078.28003,"5":4070.09009,"6":4055.37988,"7":4060.28003,"8":4070.08008,"9":4074.62988,"10":4071.82007,"11":4075.12012,"12":4069.67993,"13":4071.77002,"14":4066.27002,"15":4058.36011,"16":4062.32007,"17":4061.27002,"18":4059.3999,"19":4050.40991,"20":4045.04004,"21":4039.76001,"22":4049.3501,"23":4058.3501,"24":4058.37012,"25":4064.83008},"volume":{"0":32581591,"1":87858698,"2":73583267,"3":82676747,"4":71178244,"5":71926552,"6":76807822,"7":84324137,"8":48734911,"9":47730916,"10":51119475,"11":49577104,"12":49098594,"13":50617514,"14":52965668,"15":51416223,"16":52912984,"17":64342447,"18":68630016,"19":68217370,"20":76676441,"21":80778816,"22":87158969,"23":100915742,"24":114062336,"25":155528604}}