{"datetime":{"0":1663883100000,"1":1663882200000,"2":1663881300000,"3":1663880400000,"4":1663879500000,"5":1663878600000,"6":1663877700000,"7":1663876800000,"8":1663875900000,"9":1663875000000,"10":1663874100000,"11":1663873200000,"12":1663872300000,"13":1663871400000,"14":1663870500000,"15":1663869600000,"16":1663868700000,"17":1663867800000,"18":1663866900000,"19":1663866000000,"20":1663865100000,"21":1663864200000,"22":1663863300000,"23":1663862400000,"24":1663861500000,"25":1663860600000},"open":{"0":3777.32007,"1":3775.30005,"2":3784.93994,"3":3768.57007,"4":3760.87988,"5":3757.07007,"6":3759.12012,"7":3769.37012,"8":3763.45996,"9":3764.07007,"10":3758.1001,"11":3766.45996,"12":3766.6499,"13":3765.37988,"14":3759.28003,"15":3759.54004,"16":3758.21997,"17":3757.63989,"18":3754.25,"19":3755.56006,"20":3764.5,"21":3770.73999,"22":3778.80005,"23":3764.1499,"24":3767.55005,"25":3782.36011},"high":{"0":3789.66992,"1":3783.22998,"2":3785.1499,"3":3785.15991,"4":3770.62988,"5":3763.0,"6":3761.01001,"7":3770.76001,"8":3772.47998,"9":3768.65991,"10":3764.06006,"11":3768.20996,"12":3773.31006,"13":3769.08008,"14":3773.52002,"15":3765.98999,"16":3768.09009,"17":3763.48999,"18":3759.01001,"19":3761.75,"20":3767.94995,"21":3775.79004,"22":3779.55005,"23":3778.70996,"24":3771.63989,"25":3790.8999},"low":{"0":3756.86011,"1":3774.13989,"2":3767.52002,"3":3768.57007,"4":3754.92993,"5":3755.02002,"6":3752.32007,"7":3758.72998,"8":3761.87988,"9":3763.43994,"10":3754.78003,"11":3757.86011,"12":3764.1001,"13":3761.37988,"14":3757.40991,"15":3756.96997,"16":3757.01001,"17":3756.15991,"18":3749.44995,"19":3753.12012,"20":3754.58008,"21":3763.8501,"22":3762.79004,"23":3757.6001,"24":3759.5,"25":3765.1499},"close":{"0":3756.90991,"1":3777.31006,"2":3775.30005,"3":3785.15991,"4":3768.48999,"5":3760.87988,"6":3757.06006,"7":3759.12988,"8":3769.43994,"9":3763.5,"10":3764.06006,"11":3758.22998,"12":3766.42993,"13":3766.58008,"14":3765.36011,"15":3758.6499,"16":3759.67993,"17":3758.28003,"18":3757.58008,"19":3754.09009,"20":3755.58008,"21":3764.55005,"22":3770.72998,"23":3778.70996,"24":3764.3501,"25":3767.62988},"volume":{"0":253848497,"1":104958592,"2":84683818,"3":86280816,"4":65552343,"5":59798712,"6":65399845,"7":58527478,"8":58503996,"9":51818188,"10":48063868,"11":50534297,"12":53877548,"13":52949428,"14":62403592,"15":60632204,"16":65226971,"17":71238044,"18":74906844,"19":79897200,"20":84012707,"21":83638891,"22":87936988,"23":111785694,"24":114384828,"25":201279772}}