{"datetime":{"0":1656107100000,"1":1656106200000,"2":1656105300000,"3":1656104400000,"4":1656103500000,"5":1656102600000,"6":1656101700000,"7":1656100800000,"8":1656099900000,"9":1656099000000,"10":1656098100000,"11":1656097200000,"12":1656096300000,"13":1656095400000,"14":1656094500000,"15":1656093600000,"16":1656092700000,"17":1656091800000,"18":1656090900000,"19":1656090000000,"20":1656089100000,"21":1656088200000,"22":1656087300000,"23":1656086400000,"24":1656085500000,"25":1656084600000},"open":{"0":3899.55005,"1":3895.36011,"2":3893.16992,"3":3893.18994,"4":3889.1499,"5":3888.09009,"6":3885.8999,"7":3884.15991,"8":3888.02002,"9":3887.18994,"10":3890.66992,"11":3887.0,"12":3887.06006,"13":3883.70996,"14":3886.75,"15":3884.84009,"16":3884.76001,"17":3883.62012,"18":3880.43994,"19":3880.25,"20":3874.51001,"21":3880.12012,"22":3877.17993,"23":3852.21997,"24":3848.69995,"25":3821.75},"high":{"0":3912.70996,"1":3899.55005,"2":3895.87988,"3":3893.97998,"4":3893.57007,"5":3891.3501,"6":3888.93994,"7":3886.98999,"8":3888.12012,"9":3888.69995,"10":3890.76001,"11":3890.76001,"12":3887.75,"13":3887.42993,"14":3888.98999,"15":3888.62012,"16":3886.46997,"17":3886.11011,"18":3884.04004,"19":3886.51001,"20":3882.54004,"21":3882.70996,"22":3886.30005,"23":3884.78003,"24":3855.40991,"25":3849.09009},"low":{"0":3897.98999,"1":3892.07007,"2":3893.1001,"3":3891.09009,"4":3889.03003,"5":3887.65991,"6":3884.83008,"7":3882.76001,"8":3883.3501,"9":3884.93994,"10":3885.63989,"11":3886.12012,"12":3882.56006,"13":3880.6001,"14":3882.88989,"15":3883.8999,"16":3881.66992,"17":3880.31006,"18":3875.07007,"19":3879.70996,"20":3872.12988,"21":3872.1499,"22":3877.15991,"23":3852.21997,"24":3846.05005,"25":3821.75},"close":{"0":3912.20996,"1":3899.55005,"2":3895.37012,"3":3893.13989,"4":3893.27002,"5":3889.15991,"6":3888.06006,"7":3885.88989,"8":3884.18994,"9":3888.08008,"10":3887.18994,"11":3890.6499,"12":3887.04004,"13":3887.04004,"14":3883.67993,"15":3886.8501,"16":3884.88989,"17":3884.73999,"18":3883.66992,"19":3880.6001,"20":3880.38989,"21":3874.45996,"22":3880.05005,"23":3877.07007,"24":3852.1001,"25":3848.65991},"volume":{"0":309654658,"1":118903597,"2":75694529,"3":66012368,"4":52664952,"5":51748153,"6":51880355,"7":49398985,"8":51955193,"9":51775487,"10":50740635,"11":45905909,"12":46146392,"13":52834654,"14":58114865,"15":55274713,"16":55976448,"17":67974576,"18":74564326,"19":74857883,"20":804063633,"21":90242012,"22":102601482,"23":140256975,"24":131005869,"25":153518238}}