{"datetime":{"0":1625262300000,"1":1625261400000,"2":1625260500000,"3":1625259600000,"4":1625258700000,"5":1625257800000,"6":1625256900000,"7":1625256000000,"8":1625255100000,"9":1625254200000,"10":1625253300000,"11":1625252400000,"12":1625251500000,"13":1625250600000,"14":1625249700000,"15":1625248800000,"16":1625247900000,"17":1625247000000,"18":1625246100000,"19":1625245200000,"20":1625244300000,"21":1625243400000,"22":1625242500000,"23":1625241600000,"24":1625240700000,"25":1625239800000},"open":{"0":4351.66992,"1":4350.52002,"2":4349.50977,"3":4347.08984,"4":4348.45996,"5":4350.04004,"6":4348.47021,"7":4347.58984,"8":4348.16016,"9":4345.99023,"10":4346.54004,"11":4347.25,"12":4344.27979,"13":4339.68018,"14":4338.24023,"15":4339.33984,"16":4336.25977,"17":4335.50977,"18":4334.08008,"19":4333.50977,"20":4332.18018,"21":4333.35986,"22":4331.43994,"23":4333.08984,"24":4330.33008,"25":4326.6001},"high":{"0":4355.43018,"1":4352.02002,"2":4350.79004,"3":4351.0,"4":4348.49023,"5":4350.08008,"6":4350.06006,"7":4349.29004,"8":4348.16016,"9":4348.31006,"10":4346.85986,"11":4349.27002,"12":4347.45996,"13":4344.27002,"14":4340.14014,"15":4339.68018,"16":4340.7002,"17":4336.31982,"18":4335.25,"19":4335.27979,"20":4333.93994,"21":4333.8501,"22":4333.97021,"23":4333.49023,"24":4334.16016,"25":4332.3501},"low":{"0":4350.54004,"1":4349.04004,"2":4349.49023,"3":4346.8501,"4":4346.52979,"5":4348.1001,"6":4348.12988,"7":4347.37012,"8":4346.74023,"9":4345.1499,"10":4345.39014,"11":4346.08984,"12":4343.93018,"13":4339.27002,"14":4337.91992,"15":4337.93994,"16":4336.2002,"17":4334.95996,"18":4333.54004,"19":4333.22021,"20":4331.95996,"21":4331.89014,"22":4331.43994,"23":4331.08984,"24":4330.33008,"25":4326.6001},"close":{"0":4352.37988,"1":4351.66992,"2":4350.50977,"3":4349.50977,"4":4347.1001,"5":4348.47021,"6":4350.02002,"7":4348.45996,"8":4347.56006,"9":4348.16016,"10":4345.91016,"11":4346.52979,"12":4347.27979,"13":4344.27002,"14":4339.7002,"15":4338.24023,"16":4339.31006,"17":4336.27002,"18":4335.22021,"19":4334.08008,"20":4333.5,"21":4332.18994,"22":4333.39014,"23":4331.43994,"24":4333.06006,"25":4330.33008},"volume":{"0":138331259,"1":62205398,"2":41729349,"3":40004189,"4":30979197,"5":30742975,"6":31404544,"7":33508502,"8":31513336,"9":33252941,"10":32516673,"11":32509857,"12":37343668,"13":37154096,"14":36220173,"15":36085074,"16":38155355,"17":41991974,"18":40124689,"19":43924638,"20":48554461,"21":57718681,"22":56686921,"23":65418298,"24":75098483,"25":130424990}}