{"datetime":{"0":1664228700000,"1":1664227800000,"2":1664226900000,"3":1664226000000,"4":1664225100000,"5":1664224200000,"6":1664223300000,"7":1664222400000,"8":1664221500000,"9":1664220600000,"10":1664219700000,"11":1664218800000,"12":1664217900000,"13":1664217000000,"14":1664216100000,"15":1664215200000,"16":1664214300000,"17":1664213400000,"18":1664212500000,"19":1664211600000,"20":1664210700000,"21":1664209800000,"22":1664208900000,"23":1664208000000,"24":1664207100000,"25":1664206200000},"open":{"0":3667.02002,"1":3668.68994,"2":3670.40991,"3":3669.40991,"4":3654.63989,"5":3652.78003,"6":3663.45996,"7":3647.29004,"8":3650.8999,"9":3650.55005,"10":3650.66992,"11":3669.95996,"12":3654.67993,"13":3660.87012,"14":3675.61011,"15":3682.57007,"16":3671.28003,"17":3674.12988,"18":3688.68994,"19":3699.68994,"20":3706.81006,"21":3713.05005,"22":3704.16992,"23":3698.91992,"24":3686.52002,"25":3682.71997},"high":{"0":3682.47998,"1":3671.96997,"2":3675.04004,"3":3676.11011,"4":3673.13989,"5":3658.07007,"6":3665.26001,"7":3665.82007,"8":3660.70996,"9":3657.03003,"10":3654.98999,"11":3670.02002,"12":3672.61011,"13":3661.46997,"14":3678.12012,"15":3682.66992,"16":3685.03003,"17":3682.70996,"18":3689.05005,"19":3702.04004,"20":3707.12012,"21":3713.27002,"22":3715.66992,"23":3705.04004,"24":3700.23999,"25":3699.38989},"low":{"0":3653.6499,"1":3660.34009,"2":3662.93994,"3":3667.68994,"4":3653.56006,"5":3649.63989,"6":3652.73999,"7":3646.55005,"8":3646.70996,"9":3649.62988,"10":3644.76001,"11":3650.3999,"12":3654.44995,"13":3653.73999,"14":3659.0,"15":3673.04004,"16":3668.38989,"17":3671.58008,"18":3674.22998,"19":3683.02002,"20":3693.1499,"21":3699.8501,"22":3704.16992,"23":3689.06006,"24":3685.90991,"25":3676.05005},"close":{"0":3656.12988,"1":3666.95996,"2":3668.58008,"3":3670.3999,"4":3669.27002,"5":3654.69995,"6":3652.97998,"7":3663.48999,"8":3647.21997,"9":3650.91992,"10":3650.57007,"11":3650.78003,"12":3669.92993,"13":3654.87012,"14":3660.91992,"15":3675.70996,"16":3682.57007,"17":3671.58008,"18":3674.22998,"19":3686.3501,"20":3700.1001,"21":3706.82007,"22":3713.21997,"23":3704.15991,"24":3699.80005,"25":3686.56006},"volume":{"0":209876069,"1":116077148,"2":84285696,"3":78260868,"4":82301694,"5":57789112,"6":55147109,"7":1527570935,"8":1436729671,"9":70050583,"10":57297370,"11":58194771,"12":1187847408,"13":66706174,"14":65072334,"15":983701260,"16":67818444,"17":68943313,"18":1565501114,"19":71558347,"20":74562997,"21":77518222,"22":83747872,"23":97162897,"24":317603617,"25":129960802}}