{"datetime":{"0":1643838300000,"1":1643837400000,"2":1643836500000,"3":1643835600000,"4":1643834700000,"5":1643833800000,"6":1643832900000,"7":1643832000000,"8":1643831100000,"9":1643830200000,"10":1643829300000,"11":1643828400000,"12":1643827500000,"13":1643826600000,"14":1643825700000,"15":1643824800000,"16":1643823900000,"17":1643823000000,"18":1643822100000,"19":1643821200000,"20":1643820300000,"21":1643819400000,"22":1643818500000,"23":1643817600000,"24":1643816700000,"25":1643815800000},"open":{"0":4590.58984,"1":4587.41016,"2":4584.7998,"3":4584.0498,"4":4586.06982,"5":4576.58008,"6":4575.3999,"7":4576.95996,"8":4577.74023,"9":4570.60986,"10":4575.74023,"11":4582.0498,"12":4571.99023,"13":4565.39014,"14":4571.20996,"15":4561.68018,"16":4553.6001,"17":4556.6001,"18":4547.0,"19":4565.33984,"20":4567.04004,"21":4556.02979,"22":4562.1001,"23":4560.02979,"24":4564.89014,"25":4566.39014},"high":{"0":4595.31006,"1":4591.74023,"2":4594.18018,"3":4589.68994,"4":4590.6001,"5":4587.87988,"6":4578.47021,"7":4582.04004,"8":4578.85986,"9":4580.25,"10":4578.81006,"11":4582.45996,"12":4582.08008,"13":4571.95996,"14":4573.6499,"15":4571.52979,"16":4561.89014,"17":4556.6001,"18":4559.64014,"19":4566.83984,"20":4571.47998,"21":4567.7998,"22":4566.72998,"23":4574.3999,"24":4565.74023,"25":4578.43018},"low":{"0":4583.41016,"1":4585.43994,"2":4583.83984,"3":4580.18018,"4":4583.91992,"5":4576.37988,"6":4569.29004,"7":4574.8501,"8":4572.43018,"9":4570.06006,"10":4567.1001,"11":4572.91016,"12":4571.99023,"13":4562.33008,"14":4564.04004,"15":4557.27002,"16":4551.18994,"17":4546.25,"18":4544.31982,"19":4546.75,"20":4557.62012,"21":4548.4502,"22":4552.77002,"23":4560.02979,"24":4554.7998,"25":4560.54004},"close":{"0":4587.72998,"1":4590.5498,"2":4587.35986,"3":4584.83008,"4":4584.12988,"5":4586.02002,"6":4576.56982,"7":4575.41016,"8":4577.0,"9":4577.72021,"10":4570.5498,"11":4575.6499,"12":4582.08008,"13":4571.95996,"14":4565.41016,"15":4571.22998,"16":4561.6499,"17":4553.54004,"18":4556.52979,"19":4546.75977,"20":4565.47021,"21":4566.97998,"22":4556.06982,"23":4562.06982,"24":4559.87012,"25":4564.95996},"volume":{"0":258771868,"1":106497235,"2":88531514,"3":71777410,"4":62623160,"5":67989026,"6":60569608,"7":61242805,"8":58093008,"9":54632909,"10":58319167,"11":63380520,"12":55461058,"13":54780435,"14":58617790,"15":63535045,"16":64402823,"17":75948195,"18":80925318,"19":88604791,"20":86557741,"21":99891348,"22":100515581,"23":124574763,"24":170175394,"25":182130693}}