{"datetime":{"0":1615841100000,"1":1615840200000,"2":1615839300000,"3":1615838400000,"4":1615837500000,"5":1615836600000,"6":1615835700000,"7":1615834800000,"8":1615833900000,"9":1615833000000,"10":1615832100000,"11":1615831200000,"12":1615830300000,"13":1615829400000,"14":1615828500000,"15":1615827600000,"16":1615826700000,"17":1615825800000,"18":1615824900000,"19":1615824000000,"20":1615823100000,"21":1615822200000,"22":1615821300000,"23":1615820400000,"24":1615819500000,"25":1615818600000},"open":{"0":3953.30005,"1":3950.27002,"2":3951.5,"3":3955.1499,"4":3955.0,"5":3956.23999,"6":3952.95996,"7":3949.95996,"8":3947.11011,"9":3943.8999,"10":3943.98999,"11":3945.01001,"12":3940.19995,"13":3939.16992,"14":3937.79004,"15":3932.8999,"16":3930.41992,"17":3932.19995,"18":3941.1001,"19":3942.36011,"20":3938.65991,"21":3938.78003,"22":3941.56006,"23":3942.3501,"24":3943.21997,"25":3945.69995},"high":{"0":3969.87988,"1":3953.0,"2":3953.5,"3":3956.61011,"4":3955.5,"5":3958.0,"6":3956.01001,"7":3952.80005,"8":3949.70996,"9":3947.1001,"10":3945.1001,"11":3945.26001,"12":3944.76001,"13":3942.81006,"14":3939.55005,"15":3938.03003,"16":3934.98999,"17":3932.69995,"18":3942.71997,"19":3944.65991,"20":3942.11011,"21":3940.59009,"22":3942.1499,"23":3943.69995,"24":3946.3999,"25":3949.44995},"low":{"0":3953.0,"1":3948.0,"2":3949.0,"3":3950.80005,"4":3953.30005,"5":3954.30005,"6":3952.5,"7":3949.8999,"8":3947.0,"9":3943.3999,"10":3942.69995,"11":3941.69995,"12":3940.0,"13":3938.3999,"14":3935.8999,"15":3932.3999,"16":3928.8999,"17":3923.0,"18":3931.3999,"19":3939.8999,"20":3938.19995,"21":3936.19995,"22":3937.3999,"23":3936.19995,"24":3939.63989,"25":3941.3999},"close":{"0":3968.13989,"1":3952.95996,"2":3950.30005,"3":3951.34009,"4":3955.30005,"5":3954.97998,"6":3956.0,"7":3952.70996,"8":3949.70996,"9":3947.0,"10":3944.0,"11":3944.23999,"12":3944.76001,"13":3940.3999,"14":3939.55005,"15":3937.19995,"16":3933.3999,"17":3930.19995,"18":3932.3999,"19":3940.8999,"20":3942.11011,"21":3938.90991,"22":3939.02002,"23":3943.06006,"24":3942.8501,"25":3943.71997},"volume":{"0":0,"1":0,"2":0,"3":0,"4":0,"5":0,"6":0,"7":0,"8":0,"9":0,"10":0,"11":0,"12":0,"13":0,"14":0,"15":0,"16":0,"17":0,"18":0,"19":0,"20":0,"21":0,"22":0,"23":0,"24":0,"25":0}}