{"datetime":{"0":1655502300000,"1":1655501400000,"2":1655500500000,"3":1655499600000,"4":1655498700000,"5":1655497800000,"6":1655496900000,"7":1655496000000,"8":1655495100000,"9":1655494200000,"10":1655493300000,"11":1655492400000,"12":1655491500000,"13":1655490600000,"14":1655489700000,"15":1655488800000,"16":1655487900000,"17":1655487000000,"18":1655486100000,"19":1655485200000,"20":1655484300000,"21":1655483400000,"22":1655482500000,"23":1655481600000,"24":1655480700000,"25":1655479800000},"open":{"0":3684.08008,"1":3694.05005,"2":3673.8999,"3":3689.71997,"4":3696.83008,"5":3692.5,"6":3694.59009,"7":3686.75,"8":3691.19995,"9":3686.6499,"10":3698.05005,"11":3671.62012,"12":3674.37988,"13":3671.68994,"14":3669.71997,"15":3663.37988,"16":3669.51001,"17":3678.30005,"18":3666.82007,"19":3650.12988,"20":3652.92993,"21":3660.02002,"22":3685.41992,"23":3698.71997,"24":3698.17993,"25":3665.8999},"high":{"0":3684.84009,"1":3694.93994,"2":3696.37988,"3":3695.69995,"4":3697.47998,"5":3704.21997,"6":3700.66992,"7":3694.58008,"8":3691.19995,"9":3692.1001,"10":3698.27002,"11":3701.71997,"12":3676.19995,"13":3675.22998,"14":3674.13989,"15":3670.04004,"16":3672.32007,"17":3686.3999,"18":3681.52002,"19":3673.6001,"20":3652.92993,"21":3663.62988,"22":3685.94995,"23":3700.0,"24":3707.70996,"25":3700.18994},"low":{"0":3673.62988,"1":3682.79004,"2":3672.03003,"3":3671.75,"4":3686.26001,"5":3685.23999,"6":3692.27002,"7":3686.28003,"8":3677.8501,"9":3682.63989,"10":3686.01001,"11":3669.68994,"12":3664.73999,"13":3665.43994,"14":3664.02002,"15":3655.42993,"16":3659.87988,"17":3669.58008,"18":3665.73999,"19":3642.92993,"20":3636.87012,"21":3641.37988,"22":3656.06006,"23":3681.91992,"24":3692.82007,"25":3665.8999},"close":{"0":3673.62988,"1":3684.1001,"2":3693.8999,"3":3673.90991,"4":3688.96997,"5":3696.6001,"6":3692.43994,"7":3694.58008,"8":3686.62012,"9":3691.25,"10":3686.31006,"11":3697.95996,"12":3671.61011,"13":3673.73999,"14":3671.25,"15":3669.76001,"16":3663.79004,"17":3669.71997,"18":3678.31006,"19":3666.84009,"20":3650.51001,"21":3652.88989,"22":3660.09009,"23":3685.70996,"24":3698.68994,"25":3698.3501},"volume":{"0":215094944,"1":141729259,"2":106597873,"3":96864343,"4":77564714,"5":76206156,"6":68977609,"7":67954369,"8":61217733,"9":62688029,"10":68399867,"11":84935088,"12":1669083001,"13":65979132,"14":67060320,"15":69762985,"16":81241905,"17":85394010,"18":98487554,"19":100345217,"20":95580348,"21":103267188,"22":108167872,"23":104964237,"24":108721313,"25":150321954}}