{"datetime":{"0":1637099100000,"1":1637098200000,"2":1637097300000,"3":1637096400000,"4":1637095500000,"5":1637094600000,"6":1637093700000,"7":1637092800000,"8":1637091900000,"9":1637091000000,"10":1637090100000,"11":1637089200000,"12":1637088300000,"13":1637087400000,"14":1637086500000,"15":1637085600000,"16":1637084700000,"17":1637083800000,"18":1637082900000,"19":1637082000000,"20":1637081100000,"21":1637080200000,"22":1637079300000,"23":1637078400000,"24":1637077500000,"25":1637076600000},"open":{"0":4707.3999,"1":4707.25,"2":4707.43018,"3":4708.91992,"4":4709.50977,"5":4711.33984,"6":4713.41992,"7":4713.85986,"8":4713.33008,"9":4710.9502,"10":4711.43018,"11":4709.5,"12":4710.68994,"13":4706.70996,"14":4706.77979,"15":4707.0498,"16":4706.02002,"17":4707.10986,"18":4702.68018,"19":4693.91016,"20":4692.77979,"21":4690.95996,"22":4698.91992,"23":4694.7998,"24":4695.20996,"25":4679.41992},"high":{"0":4707.41992,"1":4709.8999,"2":4708.79004,"3":4709.49023,"4":4710.5,"5":4711.83008,"6":4713.50977,"7":4714.9502,"8":4714.25977,"9":4713.31982,"10":4712.77979,"11":4712.89014,"12":4711.54004,"13":4710.77979,"14":4708.56006,"15":4708.08008,"16":4707.3999,"17":4709.08008,"18":4708.47021,"19":4702.75,"20":4694.00977,"21":4695.02979,"22":4700.22998,"23":4699.27979,"24":4699.06982,"25":4696.22998},"low":{"0":4699.66016,"1":4706.66992,"2":4706.22998,"3":4705.47998,"4":4708.62012,"5":4709.25,"6":4709.7002,"7":4713.22021,"8":4712.43018,"9":4710.91016,"10":4709.83984,"11":4709.14014,"12":4709.12988,"13":4705.95996,"14":4706.18018,"15":4705.37012,"16":4704.91992,"17":4706.02002,"18":4702.68018,"19":4693.87012,"20":4691.1499,"21":4690.58984,"22":4691.02979,"23":4694.74023,"24":4692.97021,"25":4679.41992},"close":{"0":4700.25,"1":4707.3999,"2":4707.25977,"3":4707.22998,"4":4708.9502,"5":4709.43994,"6":4711.31006,"7":4713.4502,"8":4713.93018,"9":4713.29004,"10":4710.91992,"11":4711.47021,"12":4709.45996,"13":4710.60986,"14":4706.66992,"15":4706.77002,"16":4707.02979,"17":4706.0498,"18":4707.12988,"19":4702.66992,"20":4693.87012,"21":4692.75,"22":4691.0498,"23":4698.77979,"24":4694.41992,"25":4695.02979},"volume":{"0":1600023645,"1":81968923,"2":53646568,"3":46716290,"4":44036952,"5":46314162,"6":46952713,"7":43317551,"8":40151679,"9":41191495,"10":39521412,"11":38221947,"12":39604013,"13":44661192,"14":43148748,"15":44355309,"16":762017350,"17":53823584,"18":61820741,"19":60504870,"20":58898349,"21":62759752,"22":68673522,"23":76088152,"24":274057978,"25":138262471}}