{"datetime":{"0":1609451100000,"1":1609450200000,"2":1609449300000,"3":1609448400000,"4":1609447500000,"5":1609446600000,"6":1609445700000,"7":1609444800000,"8":1609443900000,"9":1609443000000,"10":1609442100000,"11":1609441200000,"12":1609440300000,"13":1609439400000,"14":1609438500000,"15":1609437600000,"16":1609436700000,"17":1609435800000,"18":1609434900000,"19":1609434000000,"20":1609433100000,"21":1609432200000,"22":1609431300000,"23":1609430400000,"24":1609429500000,"25":1609428600000},"open":{"0":3746.66992,"1":3746.96997,"2":3748.07007,"3":3741.62988,"4":3743.67993,"5":3738.76001,"6":3735.6499,"7":3731.28003,"8":3730.65991,"9":3732.25,"10":3733.30005,"11":3733.02002,"12":3733.78003,"13":3732.31006,"14":3730.29004,"15":3727.87012,"16":3729.70996,"17":3731.30005,"18":3732.1001,"19":3732.6001,"20":3733.80005,"21":3733.70996,"22":3733.57007,"23":3731.09009,"24":3730.18994,"25":3733.27002},"high":{"0":3760.19995,"1":3750.18994,"2":3749.96997,"3":3749.19995,"4":3743.81006,"5":3744.16992,"6":3740.09009,"7":3735.17993,"8":3731.80005,"9":3732.97998,"10":3733.78003,"11":3733.56006,"12":3734.76001,"13":3733.80005,"14":3732.80005,"15":3730.80005,"16":3730.69995,"17":3731.84009,"18":3733.1001,"19":3734.12988,"20":3734.80005,"21":3734.34009,"22":3736.25,"23":3735.96997,"24":3731.57007,"25":3733.27002},"low":{"0":3746.3999,"1":3745.02002,"2":3746.91992,"3":3741.53003,"4":3741.43994,"5":3738.5,"6":3735.1499,"7":3728.73999,"8":3730.06006,"9":3730.40991,"10":3731.76001,"11":3731.58008,"12":3732.69995,"13":3731.09009,"14":3729.54004,"15":3727.80005,"16":3727.30005,"17":3728.84009,"18":3730.8501,"19":3729.6001,"20":3732.30005,"21":3732.32007,"22":3733.57007,"23":3731.09009,"24":3728.59009,"25":3727.17993},"close":{"0":3756.31006,"1":3746.65991,"2":3747.03003,"3":3748.11011,"4":3741.66992,"5":3743.81006,"6":3738.26001,"7":3735.1499,"8":3731.53003,"9":3730.40991,"10":3732.25,"11":3733.05005,"12":3732.77002,"13":3733.53003,"14":3732.42993,"15":3730.54004,"16":3727.80005,"17":3729.95996,"18":3731.3501,"19":3731.61011,"20":3732.30005,"21":3733.30005,"22":3733.79004,"23":3733.65991,"24":3731.1001,"25":3730.16992},"volume":{"0":205644029,"1":64181666,"2":50084256,"3":44734744,"4":12169798,"5":0,"6":0,"7":0,"8":0,"9":0,"10":0,"11":0,"12":0,"13":0,"14":0,"15":0,"16":0,"17":0,"18":0,"19":0,"20":0,"21":51541989,"22":53658490,"23":60505634,"24":66512234,"25":81004525}}