{"datetime":{"0":1624916700000,"1":1624915800000,"2":1624914900000,"3":1624914000000,"4":1624913100000,"5":1624912200000,"6":1624911300000,"7":1624910400000,"8":1624909500000,"9":1624908600000,"10":1624907700000,"11":1624906800000,"12":1624905900000,"13":1624905000000,"14":1624904100000,"15":1624903200000,"16":1624902300000,"17":1624901400000,"18":1624900500000,"19":1624899600000,"20":1624898700000,"21":1624897800000,"22":1624896900000,"23":1624896000000,"24":1624895100000,"25":1624894200000},"open":{"0":4288.91992,"1":4288.1001,"2":4285.83984,"3":4285.39014,"4":4283.68018,"5":4283.29004,"6":4282.35986,"7":4281.02002,"8":4278.37012,"9":4275.20996,"10":4275.31982,"11":4277.85986,"12":4278.83984,"13":4279.29004,"14":4281.41992,"15":4281.29004,"16":4280.29004,"17":4278.68018,"18":4281.08984,"19":4280.68994,"20":4280.62988,"21":4282.2998,"22":4281.41016,"23":4282.70996,"24":4279.6001,"25":4284.8999},"high":{"0":4292.14014,"1":4289.62988,"2":4288.72998,"3":4287.58984,"4":4285.9502,"5":4284.72021,"6":4283.52002,"7":4283.2002,"8":4281.12988,"9":4278.31982,"10":4277.33984,"11":4277.85986,"12":4279.50977,"13":4280.08984,"14":4281.45996,"15":4282.52002,"16":4281.62012,"17":4280.37012,"18":4281.24023,"19":4283.97021,"20":4284.41992,"21":4283.37012,"22":4283.22998,"23":4284.10986,"24":4282.74023,"25":4288.41016},"low":{"0":4286.87988,"1":4287.91016,"2":4285.08008,"3":4283.16992,"4":4283.33008,"5":4282.7998,"6":4282.35986,"7":4280.68994,"8":4278.37012,"9":4275.0,"10":4274.66992,"11":4274.97021,"12":4277.72998,"13":4278.12012,"14":4279.16992,"15":4281.1001,"16":4279.72998,"17":4277.5498,"18":4278.1499,"19":4279.58008,"20":4279.95996,"21":4280.20996,"22":4279.99023,"23":4279.58008,"24":4275.93018,"25":4276.72998},"close":{"0":4290.41992,"1":4288.91992,"2":4288.08008,"3":4285.7998,"4":4285.43018,"5":4283.77979,"6":4283.27979,"7":4282.29004,"8":4281.00977,"9":4278.27002,"10":4275.16016,"11":4275.31006,"12":4277.85986,"13":4278.83984,"14":4279.31982,"15":4281.4502,"16":4281.27002,"17":4280.31982,"18":4278.68018,"19":4281.06982,"20":4280.68018,"21":4280.56006,"22":4282.37988,"23":4281.43018,"24":4282.68018,"25":4279.56982},"volume":{"0":1692772721,"1":77672088,"2":53837626,"3":57946285,"4":47620176,"5":39994813,"6":39561376,"7":41637762,"8":39795306,"9":38604938,"10":42786228,"11":45294798,"12":42175908,"13":43534089,"14":47180045,"15":51306946,"16":56914491,"17":54316821,"18":52721806,"19":62599328,"20":65707207,"21":76498195,"22":72831325,"23":87429369,"24":108039302,"25":137303812}}