{"datetime":{"0":1664574300000,"1":1664573400000,"2":1664572500000,"3":1664571600000,"4":1664570700000,"5":1664569800000,"6":1664568900000,"7":1664568000000,"8":1664567100000,"9":1664566200000,"10":1664565300000,"11":1664564400000,"12":1664563500000,"13":1664562600000,"14":1664561700000,"15":1664560800000,"16":1664559900000,"17":1664559000000,"18":1664558100000,"19":1664557200000,"20":1664556300000,"21":1664555400000,"22":1664554500000,"23":1664553600000,"24":1664552700000,"25":1664551800000},"open":{"0":3607.15991,"1":3612.94995,"2":3606.47998,"3":3606.12988,"4":3614.17993,"5":3620.11011,"6":3625.37988,"7":3622.22998,"8":3624.09009,"9":3640.02002,"10":3636.73999,"11":3638.72998,"12":3645.15991,"13":3637.52002,"14":3637.92993,"15":3642.6499,"16":3649.3999,"17":3666.42993,"18":3669.34009,"19":3654.1001,"20":3653.55005,"21":3643.48999,"22":3639.06006,"23":3643.48999,"24":3628.67993,"25":3633.47998},"high":{"0":3612.65991,"1":3619.05005,"2":3613.32007,"3":3619.41992,"4":3614.3999,"5":3624.80005,"6":3630.28003,"7":3626.87988,"8":3626.68994,"9":3641.46997,"10":3641.31006,"11":3642.27002,"12":3646.34009,"13":3645.41992,"14":3641.12012,"15":3642.6499,"16":3651.12012,"17":3668.81006,"18":3671.30005,"19":3671.43994,"20":3657.6499,"21":3658.12012,"22":3646.82007,"23":3646.02002,"24":3648.91992,"25":3639.62012},"low":{"0":3584.12988,"1":3602.92993,"2":3601.94995,"3":3604.86011,"4":3604.5,"5":3611.37012,"6":3616.90991,"7":3618.87988,"8":3620.07007,"9":3624.11011,"10":3633.78003,"11":3633.96997,"12":3639.42993,"13":3637.08008,"14":3631.53003,"15":3633.94995,"16":3640.8999,"17":3649.43994,"18":3665.51001,"19":3649.91992,"20":3649.55005,"21":3642.55005,"22":3629.30005,"23":3635.41992,"24":3620.59009,"25":3614.54004},"close":{"0":3589.69995,"1":3608.26001,"2":3612.71997,"3":3606.32007,"4":3606.20996,"5":3614.16992,"6":3620.1001,"7":3625.40991,"8":3624.96997,"9":3624.12012,"10":3640.0,"11":3636.73999,"12":3640.65991,"13":3645.13989,"14":3637.53003,"15":3638.01001,"16":3642.72998,"17":3649.46997,"18":3666.40991,"19":3669.28003,"20":3653.93994,"21":3653.58008,"22":3643.5,"23":3638.75,"24":3643.29004,"25":3628.73999},"volume":{"0":234842678,"1":100049807,"2":2055771086,"3":1943909843,"4":1851373957,"5":70191174,"6":61318135,"7":1638856795,"8":61564233,"9":1571137885,"10":51141690,"11":54299767,"12":47272543,"13":53606807,"14":64988118,"15":63259133,"16":70553688,"17":1098858893,"18":81114697,"19":88811327,"20":88451743,"21":109223090,"22":117802660,"23":123265596,"24":162535809,"25":147421881}}