{"datetime":{"0":1601415900000,"1":1601415000000,"2":1601414100000,"3":1601413200000,"4":1601412300000,"5":1601411400000,"6":1601410500000,"7":1601409600000,"8":1601408700000,"9":1601407800000,"10":1601406900000,"11":1601406000000,"12":1601405100000,"13":1601404200000,"14":1601403300000,"15":1601402400000,"16":1601401500000,"17":1601400600000,"18":1601399700000,"19":1601398800000,"20":1601397900000,"21":1601397000000,"22":1601396100000,"23":1601395200000,"24":1601394300000,"25":1601393400000},"open":{"0":3338.59009,"1":3341.97998,"2":3344.72998,"3":3343.98999,"4":3347.83008,"5":3346.58008,"6":3341.12988,"7":3343.31006,"8":3337.45996,"9":3336.61011,"10":3328.53003,"11":3337.75,"12":3334.40991,"13":3332.80005,"14":3332.31006,"15":3332.3501,"16":3334.27002,"17":3339.78003,"18":3336.73999,"19":3340.36011,"20":3344.03003,"21":3355.21997,"22":3355.92993,"23":3349.41992,"24":3347.76001,"25":3350.91992},"high":{"0":3343.06006,"1":3343.75,"2":3348.11011,"3":3345.79004,"4":3347.87988,"5":3349.43994,"6":3346.69995,"7":3344.37988,"8":3346.0,"9":3338.6499,"10":3336.67993,"11":3337.75,"12":3338.21997,"13":3335.67993,"14":3333.47998,"15":3333.31006,"16":3335.16992,"17":3344.20996,"18":3342.79004,"19":3341.63989,"20":3344.03003,"21":3355.6499,"22":3357.91992,"23":3357.27002,"24":3354.73999,"25":3354.07007},"low":{"0":3335.0,"1":3336.66992,"2":3340.3999,"3":3342.72998,"4":3343.95996,"5":3345.68994,"6":3340.41992,"7":3340.65991,"8":3337.45996,"9":3336.58008,"10":3327.54004,"11":3328.03003,"12":3333.75,"13":3331.68994,"14":3329.82007,"15":3328.65991,"16":3329.37012,"17":3332.87012,"18":3336.73999,"19":3336.34009,"20":3337.76001,"21":3342.75,"22":3354.18994,"23":3347.01001,"24":3347.47998,"25":3345.36011},"close":{"0":3335.46997,"1":3338.52002,"2":3342.04004,"3":3344.67993,"4":3343.98999,"5":3347.94995,"6":3346.53003,"7":3341.15991,"8":3343.28003,"9":3337.43994,"10":3336.62012,"11":3328.48999,"12":3337.78003,"13":3334.41992,"14":3332.76001,"15":3332.36011,"16":3332.43994,"17":3334.25,"18":3339.77002,"19":3336.70996,"20":3340.3999,"21":3343.95996,"22":3355.26001,"23":3356.05005,"24":3349.3999,"25":3347.68994},"volume":{"0":77089783,"1":74093082,"2":61635204,"3":47826164,"4":47725146,"5":53399457,"6":49409274,"7":41204683,"8":45351351,"9":39921408,"10":44361047,"11":50761133,"12":46271084,"13":47476291,"14":42469547,"15":51837883,"16":59422277,"17":64074416,"18":57348671,"19":71960745,"20":69383449,"21":75935657,"22":71655243,"23":80001745,"24":98611879,"25":109380387}}