{"datetime":{"0":1630446300000,"1":1630445400000,"2":1630434600000,"3":1630433700000,"4":1630432800000,"5":1630431900000,"6":1630431000000,"7":1630430100000,"8":1630429200000,"9":1630428300000,"10":1630427400000,"11":1630426500000,"12":1630425600000,"13":1630424700000,"14":1630423800000},"open":{"0":4523.58008,"1":4519.85986,"2":4531.1001,"3":4528.72998,"4":4529.66016,"5":4531.02979,"6":4528.18018,"7":4525.14014,"8":4526.5498,"9":4524.41992,"10":4522.5498,"11":4525.58008,"12":4517.29004,"13":4521.81982,"14":4529.75},"high":{"0":4525.75,"1":4523.58984,"2":4531.1001,"3":4531.22021,"4":4530.27002,"5":4531.08984,"6":4531.39014,"7":4531.06982,"8":4527.47998,"9":4527.31982,"10":4526.12012,"11":4525.81982,"12":4526.0,"13":4522.1499,"14":4529.75},"low":{"0":4519.93018,"1":4518.3501,"2":4529.89014,"3":4527.99023,"4":4528.20996,"5":4529.62012,"6":4527.58984,"7":4525.14014,"8":4523.0498,"9":4524.22998,"10":4521.37988,"11":4520.1001,"12":4516.74023,"13":4515.7998,"14":4520.62012},"close":{"0":4522.4502,"1":4523.58984,"2":4530.58984,"3":4531.12988,"4":4528.70996,"5":4529.64014,"6":4531.02002,"7":4528.18018,"8":4525.10986,"9":4526.45996,"10":4524.43018,"11":4522.50977,"12":4525.52979,"13":4517.27979,"14":4522.1001},"volume":{"0":1641322144,"1":1407381693,"2":14344428,"3":37196824,"4":39693822,"5":41880370,"6":47318466,"7":49479668,"8":48809752,"9":57790386,"10":60308034,"11":66526297,"12":73408089,"13":106568238,"14":145699065}}