{"datetime":{"0":1684878300000,"1":1684877400000,"2":1684876500000,"3":1684875600000,"4":1684874700000,"5":1684873800000,"6":1684872900000,"7":1684872000000,"8":1684871100000,"9":1684870200000,"10":1684869300000,"11":1684868400000,"12":1684867500000,"13":1684866600000,"14":1684865700000,"15":1684864800000,"16":1684863900000,"17":1684863000000,"18":1684862100000,"19":1684861200000,"20":1684860300000,"21":1684859400000,"22":1684858500000,"23":1684857600000,"24":1684856700000,"25":1684855800000},"open":{"0":4154.08984,"1":4152.6001,"2":4153.87988,"3":4152.54004,"4":4148.39014,"5":4148.66016,"6":4159.16992,"7":4162.1001,"8":4165.47021,"9":4163.00977,"10":4172.54004,"11":4168.33984,"12":4167.27979,"13":4177.62012,"14":4180.70996,"15":4182.22021,"16":4185.10986,"17":4184.2002,"18":4181.33984,"19":4178.97021,"20":4182.77002,"21":4182.66016,"22":4181.72998,"23":4182.0,"24":4177.81006,"25":4176.7998},"high":{"0":4155.8501,"1":4155.27002,"2":4153.95996,"3":4153.47021,"4":4153.33008,"5":4153.6499,"6":4160.87012,"7":4167.2998,"8":4166.56982,"9":4166.2002,"10":4174.24023,"11":4173.64014,"12":4170.58008,"13":4178.41992,"14":4180.70996,"15":4184.37988,"16":4185.68018,"17":4185.5498,"18":4184.62012,"19":4183.25977,"20":4183.37012,"21":4185.3999,"22":4183.77002,"23":4185.02979,"24":4185.66016,"25":4179.20996},"low":{"0":4145.6001,"1":4152.0498,"2":4144.49023,"3":4147.1499,"4":4146.99023,"5":4145.47998,"6":4142.54004,"7":4158.16016,"8":4161.04004,"9":4157.72998,"10":4162.77002,"11":4166.8999,"12":4164.58008,"13":4166.72021,"14":4177.22998,"15":4177.68994,"16":4181.79004,"17":4181.87988,"18":4179.31982,"19":4178.41992,"20":4177.5,"21":4181.12012,"22":4175.93018,"23":4180.72021,"24":4177.25,"25":4172.97998},"close":{"0":4145.97021,"1":4154.0498,"2":4152.6001,"3":4153.47021,"4":4152.58008,"5":4148.3999,"6":4148.66016,"7":4159.2002,"8":4162.10986,"9":4165.4502,"10":4163.06982,"11":4172.56006,"12":4168.37012,"13":4167.31006,"14":4177.62012,"15":4180.72998,"16":4182.18018,"17":4185.08984,"18":4184.16016,"19":4181.33984,"20":4178.99023,"21":4182.7998,"22":4182.66992,"23":4181.68994,"24":4182.08008,"25":4177.87012},"volume":{"0":171340338,"1":89771030,"2":74775807,"3":66375830,"4":53287365,"5":61017331,"6":79542089,"7":56728450,"8":48009622,"9":61436383,"10":60085614,"11":55892122,"12":60831072,"13":68711634,"14":54806899,"15":59215303,"16":70391631,"17":66057187,"18":794322927,"19":65321298,"20":74683962,"21":81799210,"22":510313391,"23":92525441,"24":106091730,"25":147813619}}