{"datetime":{"0":1621287900000,"1":1621287000000,"2":1621286100000,"3":1621285200000,"4":1621284300000,"5":1621283400000,"6":1621282500000,"7":1621281600000,"8":1621280700000,"9":1621279800000,"10":1621278900000,"11":1621278000000,"12":1621277100000,"13":1621276200000,"14":1621275300000,"15":1621274400000,"16":1621273500000,"17":1621272600000,"18":1621271700000,"19":1621270800000,"20":1621269900000,"21":1621269000000,"22":1621268100000,"23":1621267200000,"24":1621266300000,"25":1621265400000},"open":{"0":4161.2002,"1":4157.8999,"2":4163.7002,"3":4160.18018,"4":4152.3999,"5":4154.7002,"6":4151.7002,"7":4148.7998,"8":4145.7002,"9":4148.22021,"10":4151.5498,"11":4153.2002,"12":4159.1001,"13":4155.04004,"14":4148.5498,"15":4149.37988,"16":4153.2002,"17":4150.81982,"18":4153.8999,"19":4157.77002,"20":4159.33984,"21":4152.3999,"22":4155.00977,"23":4156.7998,"24":4163.27002,"25":4162.60986},"high":{"0":4164.8999,"1":4162.49023,"2":4164.3999,"3":4165.3999,"4":4160.43018,"5":4157.6001,"6":4154.72021,"7":4153.8999,"8":4150.7002,"9":4151.7002,"10":4151.5498,"11":4155.7002,"12":4159.3999,"13":4159.3999,"14":4156.2002,"15":4152.8999,"16":4156.2002,"17":4153.8999,"18":4156.7002,"19":4159.52002,"20":4161.8999,"21":4162.3999,"22":4164.3999,"23":4159.3999,"24":4165.3999,"25":4171.8999},"low":{"0":4159.58008,"1":4156.37988,"2":4156.49023,"3":4158.43994,"4":4150.5,"5":4150.29004,"6":4150.72998,"7":4147.2002,"8":4144.20996,"9":4142.7002,"10":4145.75977,"11":4149.56006,"12":4152.18994,"13":4151.93994,"14":4148.5498,"15":4147.14014,"16":4147.6499,"17":4147.58984,"18":4150.56982,"19":4147.31982,"20":4155.74023,"21":4148.25977,"22":4151.7002,"23":4150.29004,"24":4153.6001,"25":4159.6001},"close":{"0":4163.66016,"1":4161.7002,"2":4157.97998,"3":4163.3999,"4":4159.93018,"5":4152.2002,"6":4153.99023,"7":4152.2002,"8":4149.2998,"9":4145.45996,"10":4148.47021,"11":4151.0498,"12":4152.9502,"13":4158.3999,"14":4155.7002,"15":4150.29004,"16":4150.25,"17":4153.3999,"18":4150.56982,"19":4154.7002,"20":4158.02002,"21":4158.20996,"22":4151.7002,"23":4155.50977,"24":4158.2998,"25":4163.02002},"volume":{"0":0,"1":0,"2":0,"3":0,"4":0,"5":0,"6":0,"7":0,"8":0,"9":0,"10":0,"11":0,"12":0,"13":0,"14":0,"15":0,"16":0,"17":0,"18":0,"19":0,"20":0,"21":0,"22":0,"23":0,"24":0,"25":0}}