{"datetime":{"0":1646084700000,"1":1646083800000,"2":1646082900000,"3":1646082000000,"4":1646081100000,"5":1646080200000,"6":1646079300000,"7":1646078400000,"8":1646077500000,"9":1646076600000,"10":1646075700000,"11":1646074800000,"12":1646073900000,"13":1646073000000,"14":1646072100000,"15":1646071200000,"16":1646070300000,"17":1646069400000,"18":1646068500000,"19":1646067600000,"20":1646066700000,"21":1646065800000,"22":1646064900000,"23":1646064000000,"24":1646063100000,"25":1646062200000},"open":{"0":4343.68018,"1":4342.66992,"2":4329.06006,"3":4336.56982,"4":4334.02002,"5":4319.6499,"6":4322.33984,"7":4352.72998,"8":4345.16016,"9":4345.1499,"10":4357.33984,"11":4342.87988,"12":4339.95996,"13":4354.25977,"14":4356.77002,"15":4380.3501,"16":4379.52002,"17":4384.02979,"18":4365.72998,"19":4366.41016,"20":4363.6499,"21":4337.47998,"22":4332.31006,"23":4349.47998,"24":4339.6499,"25":4354.16992},"high":{"0":4376.27002,"1":4344.81982,"2":4348.83984,"3":4337.6499,"4":4340.20996,"5":4335.43994,"6":4327.66016,"7":4352.72998,"8":4356.77979,"9":4350.91992,"10":4357.81982,"11":4360.89014,"12":4342.93994,"13":4355.89014,"14":4359.52002,"15":4383.33008,"16":4381.43018,"17":4388.83984,"18":4385.60986,"19":4372.27979,"20":4368.8501,"21":4364.72021,"22":4342.02002,"23":4351.91016,"24":4351.54004,"25":4354.16992},"low":{"0":4343.68018,"1":4323.74023,"2":4328.66992,"3":4324.41016,"4":4327.24023,"5":4315.12012,"6":4317.0498,"7":4315.35986,"8":4340.12012,"9":4339.74023,"10":4336.81006,"11":4341.72998,"12":4334.54004,"13":4340.14014,"14":4349.87988,"15":4354.37012,"16":4369.68018,"17":4374.87012,"18":4365.56982,"19":4362.83008,"20":4357.22998,"21":4337.00977,"22":4326.62012,"23":4330.81006,"24":4335.75977,"25":4331.64014},"close":{"0":4373.75,"1":4343.7002,"2":4342.81006,"3":4328.99023,"4":4336.87012,"5":4334.02979,"6":4319.6499,"7":4322.43994,"8":4352.77979,"9":4344.91016,"10":4345.06982,"11":4357.3501,"12":4342.93994,"13":4340.14014,"14":4354.33008,"15":4356.74023,"16":4380.47998,"17":4379.47021,"18":4384.02979,"19":4365.6499,"20":4366.37988,"21":4363.75,"22":4337.81982,"23":4332.41992,"24":4348.89014,"25":4339.66016},"volume":{"0":327845583,"1":121406712,"2":85476657,"3":68351670,"4":61683225,"5":65917605,"6":68131366,"7":76500741,"8":55842726,"9":55922958,"10":67890030,"11":58204204,"12":65261623,"13":66346780,"14":61791638,"15":70549542,"16":1041435015,"17":75149677,"18":79331322,"19":78420629,"20":739163903,"21":104671431,"22":95902771,"23":110094309,"24":132070073,"25":147799816}}