{"datetime":{"0":1626212700000,"1":1626211800000,"2":1626210900000,"3":1626210000000,"4":1626209100000,"5":1626208200000,"6":1626207300000,"7":1626206400000,"8":1626205500000,"9":1626204600000,"10":1626203700000,"11":1626202800000,"12":1626201900000,"13":1626201000000,"14":1626200100000,"15":1626199200000,"16":1626198300000,"17":1626197400000,"18":1626196500000,"19":1626195600000,"20":1626194700000,"21":1626193800000,"22":1626192900000,"23":1626192000000,"24":1626191100000,"25":1626190200000},"open":{"0":4375.1499,"1":4370.60986,"2":4370.20996,"3":4376.8501,"4":4371.97021,"5":4378.31982,"6":4377.33984,"7":4378.85986,"8":4375.77979,"9":4378.75,"10":4382.6001,"11":4388.97021,"12":4388.58984,"13":4388.64014,"14":4389.8999,"15":4391.56006,"16":4389.27979,"17":4390.77979,"18":4386.83984,"19":4383.18018,"20":4383.6001,"21":4385.25,"22":4383.58008,"23":4381.72021,"24":4382.16992,"25":4381.06982},"high":{"0":4375.60986,"1":4375.8999,"2":4372.27002,"3":4376.8501,"4":4376.85986,"5":4378.31982,"6":4379.1499,"7":4378.85986,"8":4379.68018,"9":4378.75,"10":4383.50977,"11":4389.25977,"12":4389.62988,"13":4390.27979,"14":4389.95996,"15":4392.37012,"16":4391.6001,"17":4391.27979,"18":4391.83984,"19":4386.87988,"20":4385.64014,"21":4388.70996,"22":4385.89014,"23":4384.58008,"24":4384.87012,"25":4382.2998},"low":{"0":4366.91992,"1":4367.85986,"2":4369.06006,"3":4369.68994,"4":4371.08008,"5":4371.27979,"6":4374.37988,"7":4369.60986,"8":4374.52002,"9":4371.77002,"10":4376.06006,"11":4381.7998,"12":4388.12988,"13":4388.2998,"14":4388.22021,"15":4389.62988,"16":4389.06006,"17":4389.12012,"18":4386.35986,"19":4383.18018,"20":4383.0,"21":4383.50977,"22":4383.54004,"23":4380.20996,"24":4379.81982,"25":4376.83984},"close":{"0":4370.04004,"1":4375.12012,"2":4370.6001,"3":4370.18018,"4":4376.85986,"5":4372.10986,"6":4378.33008,"7":4377.45996,"8":4378.87012,"9":4375.77002,"10":4378.85986,"11":4382.56982,"12":4388.95996,"13":4388.56982,"14":4388.66992,"15":4389.85986,"16":4391.6001,"17":4389.24023,"18":4390.77979,"19":4386.87988,"20":4383.22021,"21":4383.6001,"22":4385.24023,"23":4383.56982,"24":4381.62988,"25":4382.18018},"volume":{"0":1556349583,"1":76767854,"2":55315043,"3":48442679,"4":1186933246,"5":38758417,"6":40400096,"7":51206488,"8":1019236968,"9":47994876,"10":47960600,"11":38447421,"12":41482896,"13":43248883,"14":38313973,"15":38920859,"16":40861580,"17":48675068,"18":50833622,"19":54994784,"20":56920106,"21":60253900,"22":64931205,"23":76868391,"24":83572718,"25":97237968}}