{"datetime":{"0":1604526300000,"1":1604525400000,"2":1604524500000,"3":1604523600000,"4":1604522700000,"5":1604521800000,"6":1604520900000,"7":1604520000000,"8":1604519100000,"9":1604518200000,"10":1604517300000,"11":1604516400000,"12":1604515500000,"13":1604514600000,"14":1604513700000,"15":1604512800000,"16":1604511900000,"17":1604511000000,"18":1604510100000,"19":1604509200000,"20":1604508300000,"21":1604507400000,"22":1604506500000,"23":1604505600000,"24":1604504700000,"25":1604503800000},"open":{"0":3445.59009,"1":3446.29004,"2":3451.3999,"3":3462.53003,"4":3457.57007,"5":3467.90991,"6":3469.0,"7":3466.29004,"8":3464.48999,"9":3470.84009,"10":3471.3999,"11":3476.30005,"12":3483.80005,"13":3480.87012,"14":3475.17993,"15":3473.8999,"16":3466.38989,"17":3463.69995,"18":3455.5,"19":3465.5,"20":3452.30005,"21":3459.5,"22":3451.76001,"23":3432.30005,"24":3416.91992,"25":3416.80005},"high":{"0":3452.80005,"1":3451.55005,"2":3451.81006,"3":3464.52002,"4":3464.80005,"5":3468.40991,"6":3470.51001,"7":3472.30005,"8":3469.37012,"9":3479.11011,"10":3473.30005,"11":3477.5,"12":3484.5,"13":3485.80005,"14":3486.3501,"15":3478.30005,"16":3477.54004,"17":3470.68994,"18":3465.40991,"19":3467.69995,"20":3466.20996,"21":3460.96997,"22":3471.80005,"23":3453.19995,"24":3431.5,"25":3429.76001},"low":{"0":3439.29004,"1":3443.0,"2":3444.91992,"3":3450.3999,"4":3457.57007,"5":3455.81006,"6":3462.72998,"7":3462.75,"8":3462.41992,"9":3462.46997,"10":3467.12988,"11":3468.1001,"12":3474.5,"13":3480.87012,"14":3473.92993,"15":3470.71997,"16":3464.80005,"17":3463.69995,"18":3451.0,"19":3453.26001,"20":3450.8999,"21":3447.19995,"22":3450.28003,"23":3430.8999,"24":3410.19995,"25":3404.0},"close":{"0":3441.51001,"1":3445.84009,"2":3445.29004,"3":3452.30005,"4":3460.78003,"5":3458.07007,"6":3466.40991,"7":3468.3999,"8":3465.65991,"9":3464.69995,"10":3470.70996,"11":3472.0,"12":3475.0,"13":3484.0,"14":3481.30005,"15":3474.17993,"16":3474.30005,"17":3466.13989,"18":3464.1001,"19":3454.27002,"20":3465.70996,"21":3451.91992,"22":3458.30005,"23":3452.26001,"24":3431.5,"25":3416.69995},"volume":{"0":0,"1":0,"2":0,"3":0,"4":0,"5":0,"6":0,"7":0,"8":0,"9":0,"10":0,"11":0,"12":0,"13":0,"14":0,"15":0,"16":0,"17":0,"18":0,"19":0,"20":0,"21":0,"22":0,"23":0,"24":0,"25":0}}