{"datetime":{"0":1646430300000,"1":1646429400000,"2":1646428500000,"3":1646427600000,"4":1646426700000,"5":1646425800000,"6":1646424900000,"7":1646424000000,"8":1646423100000,"9":1646422200000,"10":1646421300000,"11":1646420400000,"12":1646419500000,"13":1646418600000,"14":1646417700000,"15":1646416800000,"16":1646415900000,"17":1646415000000,"18":1646414100000,"19":1646413200000,"20":1646412300000,"21":1646411400000,"22":1646410500000,"23":1646409600000,"24":1646408700000,"25":1646407800000},"open":{"0":4310.6499,"1":4312.6499,"2":4303.79004,"3":4299.02979,"4":4309.5498,"5":4317.68018,"6":4306.06982,"7":4310.43994,"8":4318.58008,"9":4324.27979,"10":4332.93018,"11":4324.93994,"12":4312.93994,"13":4320.70996,"14":4316.52002,"15":4297.87988,"16":4300.97021,"17":4296.0,"18":4288.41016,"19":4290.9502,"20":4297.12012,"21":4303.31006,"22":4296.41016,"23":4324.04004,"24":4316.10986,"25":4342.12012},"high":{"0":4331.66016,"1":4315.43018,"2":4318.97998,"3":4314.33008,"4":4312.20996,"5":4321.60986,"6":4323.6499,"7":4313.25,"8":4321.68994,"9":4333.97021,"10":4334.91016,"11":4339.47998,"12":4328.39014,"13":4323.00977,"14":4323.93018,"15":4317.25977,"16":4305.4502,"17":4304.16016,"18":4299.37012,"19":4294.3501,"20":4298.91992,"21":4310.35986,"22":4305.3501,"23":4329.1499,"24":4325.3501,"25":4342.12012},"low":{"0":4306.02002,"1":4302.37012,"2":4302.75977,"3":4298.81982,"4":4298.56982,"5":4308.85986,"6":4303.47021,"7":4304.06006,"8":4309.83984,"9":4318.10986,"10":4323.66016,"11":4324.93994,"12":4311.70996,"13":4311.83008,"14":4310.85986,"15":4293.7002,"16":4296.50977,"17":4286.37988,"18":4286.9502,"19":4284.97998,"20":4290.0498,"21":4295.12012,"22":4293.9502,"23":4296.20996,"24":4300.81982,"25":4313.62988},"close":{"0":4329.35986,"1":4310.64014,"2":4312.62012,"3":4303.89014,"4":4299.00977,"5":4309.31006,"6":4317.66016,"7":4306.14014,"8":4310.39014,"9":4318.8999,"10":4324.25,"11":4333.0498,"12":4324.87012,"13":4312.93018,"14":4320.72021,"15":4316.52002,"16":4297.8999,"17":4300.9502,"18":4296.58984,"19":4288.43994,"20":4290.89014,"21":4297.12012,"22":4303.4502,"23":4296.45996,"24":4324.25,"25":4315.93018},"volume":{"0":302924153,"1":132263943,"2":104521699,"3":87102570,"4":81848244,"5":76629235,"6":89131658,"7":80202327,"8":64627876,"9":65711061,"10":67733028,"11":74819840,"12":68561464,"13":66450910,"14":77781151,"15":80990289,"16":78604115,"17":89526786,"18":87955929,"19":102321129,"20":94565941,"21":98856583,"22":105057124,"23":115580856,"24":139681303,"25":193375233}}