{"datetime":{"0":1623188700000,"1":1623187800000,"2":1623186900000,"3":1623186000000,"4":1623185100000,"5":1623184200000,"6":1623183300000,"7":1623182400000,"8":1623181500000,"9":1623180600000,"10":1623179700000,"11":1623178800000,"12":1623177900000,"13":1623177000000,"14":1623176100000,"15":1623175200000,"16":1623174300000,"17":1623173400000,"18":1623172500000,"19":1623171600000,"20":1623170700000,"21":1623169800000,"22":1623168900000,"23":1623168000000,"24":1623167100000,"25":1623166200000},"open":{"0":4229.7998,"1":4231.00977,"2":4232.50977,"3":4231.91992,"4":4228.5,"5":4230.0,"6":4227.77979,"7":4226.79004,"8":4230.0,"9":4226.24023,"10":4228.7998,"11":4229.7998,"12":4229.2998,"13":4228.8501,"14":4228.12012,"15":4224.2998,"16":4223.25977,"17":4213.5,"18":4219.02002,"19":4223.5,"20":4225.2998,"21":4223.06006,"22":4225.7998,"23":4222.0,"24":4231.8999,"25":4236.2002},"high":{"0":4231.5,"1":4231.99023,"2":4233.54004,"3":4233.0,"4":4232.1499,"5":4230.5,"6":4230.2998,"7":4229.0,"8":4230.2998,"9":4230.74023,"10":4229.0498,"11":4230.5,"12":4230.2998,"13":4230.7998,"14":4228.85986,"15":4228.37012,"16":4225.5,"17":4223.00977,"18":4220.25977,"19":4226.22998,"20":4226.7998,"21":4225.7998,"22":4225.7998,"23":4226.74023,"24":4233.41992,"25":4236.2002},"low":{"0":4227.16992,"1":4229.0,"2":4230.0,"3":4231.47021,"4":4228.0,"5":4228.5,"6":4227.0,"7":4226.0,"8":4226.2998,"9":4226.24023,"10":4226.49023,"11":4228.3999,"12":4227.54004,"13":4228.31006,"14":4226.1001,"15":4223.64014,"16":4221.97998,"17":4213.2998,"18":4208.2998,"19":4219.0,"20":4222.0,"21":4220.56982,"22":4222.0,"23":4220.04004,"24":4220.8999,"25":4230.2002},"close":{"0":4227.5,"1":4230.0,"2":4231.25977,"3":4232.75977,"4":4231.66992,"5":4228.7998,"6":4230.2998,"7":4227.52979,"8":4226.54004,"9":4230.25,"10":4226.49023,"11":4228.3999,"12":4229.83008,"13":4229.29004,"14":4228.6001,"15":4228.37012,"16":4224.5,"17":4223.00977,"18":4214.0498,"19":4219.0,"20":4223.2998,"21":4225.00977,"22":4223.2998,"23":4225.75,"24":4222.02002,"25":4231.6499},"volume":{"0":0,"1":0,"2":0,"3":0,"4":0,"5":0,"6":0,"7":0,"8":0,"9":0,"10":0,"11":0,"12":0,"13":0,"14":0,"15":0,"16":0,"17":0,"18":0,"19":0,"20":0,"21":0,"22":0,"23":0,"24":0,"25":0}}