{"datetime":{"0":1612388700000,"1":1612387800000,"2":1612386900000,"3":1612386000000,"4":1612385100000,"5":1612384200000,"6":1612383300000,"7":1612382400000,"8":1612381500000,"9":1612380600000,"10":1612379700000,"11":1612378800000,"12":1612377900000,"13":1612377000000,"14":1612376100000,"15":1612375200000,"16":1612374300000,"17":1612373400000,"18":1612372500000,"19":1612371600000,"20":1612370700000,"21":1612369800000,"22":1612368900000,"23":1612368000000,"24":1612367100000,"25":1612366200000},"open":{"0":3836.62012,"1":3835.75,"2":3840.92993,"3":3841.08008,"4":3844.43994,"5":3845.8999,"6":3844.79004,"7":3844.27002,"8":3844.06006,"9":3840.03003,"10":3839.0,"11":3840.05005,"12":3839.20996,"13":3836.36011,"14":3835.31006,"15":3837.88989,"16":3836.11011,"17":3830.03003,"18":3827.6499,"19":3827.81006,"20":3825.77002,"21":3819.37012,"22":3830.25,"23":3840.95996,"24":3833.57007,"25":3840.27002},"high":{"0":3838.03003,"1":3839.22998,"2":3842.42993,"3":3842.29004,"4":3845.38989,"5":3847.51001,"6":3846.3999,"7":3846.77002,"8":3844.30005,"9":3844.41992,"10":3840.34009,"11":3840.82007,"12":3840.8999,"13":3839.18994,"14":3837.78003,"15":3838.12012,"16":3838.5,"17":3835.97998,"18":3832.38989,"19":3830.82007,"20":3830.58008,"21":3826.87988,"22":3834.08008,"23":3841.62012,"24":3840.95996,"25":3841.29004},"low":{"0":3830.11011,"1":3834.61011,"2":3834.57007,"3":3838.81006,"4":3841.31006,"5":3843.71997,"6":3843.25,"7":3843.61011,"8":3842.66992,"9":3838.68994,"10":3837.3999,"11":3838.33008,"12":3838.78003,"13":3833.01001,"14":3835.27002,"15":3835.08008,"16":3835.13989,"17":3827.79004,"18":3826.75,"19":3825.84009,"20":3822.16992,"21":3816.67993,"22":3819.33008,"23":3828.37988,"24":3831.43994,"25":3830.70996},"close":{"0":3830.11011,"1":3836.63989,"2":3835.75,"3":3840.87012,"4":3841.31006,"5":3844.53003,"6":3845.91992,"7":3844.79004,"8":3844.23999,"9":3844.06006,"10":3840.06006,"11":3839.07007,"12":3840.06006,"13":3839.17993,"14":3836.37012,"15":3835.31006,"16":3837.8999,"17":3835.97998,"18":3830.02002,"19":3827.61011,"20":3827.76001,"21":3825.78003,"22":3819.33008,"23":3830.17993,"24":3840.8999,"25":3833.51001},"volume":{"0":223441387,"1":88966564,"2":72596426,"3":60908609,"4":53571778,"5":54254039,"6":51383789,"7":51681068,"8":44825672,"9":48718705,"10":45855130,"11":44818915,"12":47468521,"13":49932337,"14":50764872,"15":59679988,"16":56352429,"17":57588602,"18":60256632,"19":64576096,"20":98527185,"21":78272006,"22":85974353,"23":96988839,"24":98615306,"25":109982570}}