{"datetime":{"0":1606859100000,"1":1606858200000,"2":1606857300000,"3":1606856400000,"4":1606855500000,"5":1606854600000,"6":1606853700000,"7":1606852800000,"8":1606851900000,"9":1606851000000,"10":1606850100000,"11":1606849200000,"12":1606848300000,"13":1606847400000,"14":1606846500000,"15":1606845600000,"16":1606844700000,"17":1606843800000,"18":1606842900000,"19":1606842000000,"20":1606841100000,"21":1606840200000,"22":1606839300000,"23":1606838400000,"24":1606837500000,"25":1606836600000},"open":{"0":3660.51001,"1":3664.45996,"2":3662.47998,"3":3670.03003,"4":3677.26001,"5":3674.51001,"6":3676.44995,"7":3673.56006,"8":3673.96997,"9":3672.20996,"10":3669.30005,"11":3666.53003,"12":3665.75,"13":3669.1499,"14":3669.46997,"15":3665.40991,"16":3670.05005,"17":3668.71997,"18":3670.13989,"19":3665.1001,"20":3666.22998,"21":3672.40991,"22":3668.3999,"23":3664.3999,"24":3661.11011,"25":3658.63989},"high":{"0":3666.6001,"1":3664.56006,"2":3664.62988,"3":3670.3501,"4":3677.28003,"5":3678.06006,"6":3678.44995,"7":3677.79004,"8":3674.32007,"9":3674.6001,"10":3672.26001,"11":3670.1001,"12":3669.23999,"13":3671.68994,"14":3669.83008,"15":3670.55005,"16":3670.08008,"17":3672.06006,"18":3672.25,"19":3672.40991,"20":3666.45996,"21":3673.17993,"22":3676.21997,"23":3671.28003,"24":3666.06006,"25":3661.27002},"low":{"0":3658.83008,"1":3658.65991,"2":3657.3999,"3":3658.29004,"4":3669.46997,"5":3672.19995,"6":3672.8501,"7":3673.22998,"8":3672.0,"9":3671.12012,"10":3668.37988,"11":3666.53003,"12":3665.19995,"13":3665.43994,"14":3666.31006,"15":3664.42993,"16":3664.03003,"17":3664.12988,"18":3668.08008,"19":3665.1001,"20":3660.96997,"21":3662.84009,"22":3668.3999,"23":3662.53003,"24":3659.8999,"25":3651.65991},"close":{"0":3661.87988,"1":3660.58008,"2":3664.47998,"3":3662.51001,"4":3669.97998,"5":3677.26001,"6":3674.57007,"7":3676.42993,"8":3673.62012,"9":3673.95996,"10":3672.26001,"11":3669.28003,"12":3666.56006,"13":3665.77002,"14":3669.16992,"15":3669.48999,"16":3665.46997,"17":3670.05005,"18":3668.70996,"19":3670.17993,"20":3665.07007,"21":3666.1499,"22":3672.45996,"23":3668.47998,"24":3662.8501,"25":3661.08008},"volume":{"0":2276271481,"1":99277846,"2":69142662,"3":76752555,"4":1782338651,"5":57600095,"6":54934620,"7":54744725,"8":1553968204,"9":49410358,"10":48939477,"11":52186780,"12":1352126711,"13":58022527,"14":55598520,"15":61152893,"16":1125972469,"17":81940440,"18":71603261,"19":75771624,"20":87670516,"21":100075476,"22":160039364,"23":113740529,"24":134592456,"25":160931539}}