{"datetime":{"0":1690926300000,"1":1690925400000,"2":1690924500000,"3":1690923600000,"4":1690922700000,"5":1690921800000,"6":1690920900000,"7":1690920000000,"8":1690919100000,"9":1690918200000,"10":1690917300000,"11":1690916400000,"12":1690915500000,"13":1690914600000,"14":1690913700000,"15":1690912800000,"16":1690911900000,"17":1690911000000,"18":1690910100000,"19":1690909200000,"20":1690908300000,"21":1690907400000,"22":1690906500000,"23":1690905600000,"24":1690904700000,"25":1690903800000},"open":{"0":4575.64014,"1":4579.33008,"2":4580.97021,"3":4579.75,"4":4579.52002,"5":4578.12988,"6":4578.31006,"7":4576.77002,"8":4574.70996,"9":4575.7002,"10":4575.64014,"11":4575.7998,"12":4573.41016,"13":4570.27002,"14":4574.66992,"15":4573.87988,"16":4570.97998,"17":4574.95996,"18":4572.87988,"19":4576.2002,"20":4573.62988,"21":4571.64014,"22":4572.77002,"23":4581.12012,"24":4578.18018,"25":4578.83008},"high":{"0":4581.47998,"1":4581.08984,"2":4581.79004,"3":4582.3501,"4":4581.39014,"5":4580.95996,"6":4581.91992,"7":4578.93994,"8":4576.99023,"9":4575.87012,"10":4576.47021,"11":4577.37988,"12":4575.95996,"13":4573.72021,"14":4575.27979,"15":4575.08008,"16":4574.99023,"17":4575.3999,"18":4575.83008,"19":4577.3501,"20":4578.85986,"21":4578.02979,"22":4573.3501,"23":4584.62012,"24":4581.2002,"25":4582.06982},"low":{"0":4575.04004,"1":4574.7002,"2":4577.81006,"3":4579.56006,"4":4577.64014,"5":4577.74023,"6":4577.04004,"7":4576.77002,"8":4573.58984,"9":4572.43018,"10":4574.16016,"11":4574.60986,"12":4572.02002,"13":4567.52979,"14":4569.18994,"15":4571.87012,"16":4570.50977,"17":4571.25,"18":4570.6001,"19":4572.77979,"20":4573.25977,"21":4570.49023,"22":4567.66016,"23":4572.24023,"24":4576.72021,"25":4573.12012},"close":{"0":4576.60986,"1":4575.64014,"2":4579.25,"3":4580.97998,"4":4579.79004,"5":4579.47998,"6":4578.12988,"7":4578.31006,"8":4576.75977,"9":4574.6499,"10":4575.58008,"11":4575.62012,"12":4575.8501,"13":4573.43994,"14":4570.31006,"15":4574.66992,"16":4573.93994,"17":4571.29004,"18":4574.93994,"19":4572.87988,"20":4575.62988,"21":4573.70996,"22":4571.6499,"23":4572.75977,"24":4580.4502,"25":4578.20996},"volume":{"0":211054692,"1":84326246,"2":60016697,"3":53057197,"4":45356565,"5":45132938,"6":49361132,"7":42481908,"8":40977061,"9":42108239,"10":39732058,"11":45414219,"12":41220314,"13":42410631,"14":52385799,"15":49631389,"16":58743771,"17":56375353,"18":60410737,"19":66987960,"20":74594792,"21":80591752,"22":91170135,"23":99305792,"24":98534799,"25":155548464}}