{"datetime":{"0":1655243100000,"1":1655242200000,"2":1655241300000,"3":1655240400000,"4":1655239500000,"5":1655238600000,"6":1655237700000,"7":1655236800000,"8":1655235900000,"9":1655235000000,"10":1655234100000,"11":1655233200000,"12":1655232300000,"13":1655231400000,"14":1655230500000,"15":1655229600000,"16":1655228700000,"17":1655227800000,"18":1655226900000,"19":1655226000000,"20":1655225100000,"21":1655224200000,"22":1655223300000,"23":1655222400000,"24":1655221500000,"25":1655220600000},"open":{"0":3737.1001,"1":3723.69995,"2":3708.83008,"3":3721.5,"4":3726.91992,"5":3735.56006,"6":3732.76001,"7":3731.34009,"8":3729.48999,"9":3748.58008,"10":3745.55005,"11":3739.17993,"12":3730.88989,"13":3735.22998,"14":3732.76001,"15":3749.5,"16":3750.0,"17":3741.01001,"18":3738.68994,"19":3751.54004,"20":3735.95996,"21":3741.16992,"22":3753.87988,"23":3774.34009,"24":3745.21997,"25":3763.52002},"high":{"0":3749.20996,"1":3748.59009,"2":3724.6001,"3":3724.53003,"4":3729.8501,"5":3737.95996,"6":3738.98999,"7":3743.13989,"8":3735.79004,"9":3749.09009,"10":3763.31006,"11":3748.82007,"12":3739.34009,"13":3736.66992,"14":3744.09009,"15":3749.57007,"16":3752.15991,"17":3751.26001,"18":3747.68994,"19":3758.29004,"20":3760.59009,"21":3747.26001,"22":3755.29004,"23":3778.17993,"24":3775.16992,"25":3770.67993},"low":{"0":3733.11011,"1":3723.57007,"2":3705.67993,"3":3708.86011,"4":3719.96997,"5":3726.63989,"6":3732.08008,"7":3730.77002,"8":3726.87012,"9":3727.6499,"10":3745.55005,"11":3735.55005,"12":3729.31006,"13":3726.87988,"14":3730.20996,"15":3732.53003,"16":3739.61011,"17":3735.06006,"18":3731.56006,"19":3737.11011,"20":3735.53003,"21":3731.12988,"22":3741.13989,"23":3752.52002,"24":3745.21997,"25":3745.46997},"close":{"0":3736.02002,"1":3736.72998,"2":3723.67993,"3":3708.86011,"4":3721.61011,"5":3726.8501,"6":3735.57007,"7":3732.41992,"8":3731.3999,"9":3729.41992,"10":3748.6499,"11":3745.56006,"12":3739.34009,"13":3731.11011,"14":3735.18994,"15":3732.67993,"16":3749.86011,"17":3750.05005,"18":3740.95996,"19":3738.68994,"20":3752.12012,"21":3735.71997,"22":3741.13989,"23":3753.91992,"24":3774.51001,"25":3745.46997},"volume":{"0":222217858,"1":139190194,"2":95383965,"3":82507791,"4":65189433,"5":62247699,"6":57750690,"7":58994521,"8":59868269,"9":70517448,"10":69194318,"11":59265040,"12":55799846,"13":57903213,"14":63926330,"15":63107185,"16":73128792,"17":68493140,"18":76101679,"19":78580667,"20":89810663,"21":86574900,"22":83506452,"23":117510279,"24":113679549,"25":131187837}}