{"datetime":{"0":1674164700000,"1":1674163800000,"2":1674162900000,"3":1674162000000,"4":1674161100000,"5":1674160200000,"6":1674159300000,"7":1674158400000,"8":1674157500000,"9":1674156600000,"10":1674155700000,"11":1674154800000,"12":1674153900000,"13":1674153000000,"14":1674152100000,"15":1674151200000,"16":1674150300000,"17":1674149400000,"18":1674148500000,"19":1674147600000,"20":1674146700000,"21":1674145800000,"22":1674144900000,"23":1674144000000,"24":1674143100000,"25":1674142200000},"open":{"0":3909.09009,"1":3915.12012,"2":3915.33008,"3":3917.62012,"4":3920.17993,"5":3919.21997,"6":3913.26001,"7":3910.8501,"8":3911.62012,"9":3903.58008,"10":3903.30005,"11":3898.18994,"12":3895.29004,"13":3896.15991,"14":3899.1001,"15":3890.42993,"16":3886.11011,"17":3890.58008,"18":3899.15991,"19":3891.93994,"20":3897.76001,"21":3902.97998,"22":3901.38989,"23":3905.70996,"24":3905.1499,"25":3911.84009},"high":{"0":3910.59009,"1":3915.44995,"2":3917.78003,"3":3921.12988,"4":3922.6499,"5":3922.93994,"6":3921.17993,"7":3913.92993,"8":3912.91992,"9":3917.75,"10":3908.87988,"11":3905.66992,"12":3898.20996,"13":3897.62988,"14":3902.87988,"15":3899.13989,"16":3890.45996,"17":3892.62988,"18":3899.98999,"19":3902.47998,"20":3897.76001,"21":3902.97998,"22":3910.48999,"23":3911.57007,"24":3909.8999,"25":3916.33008},"low":{"0":3897.69995,"1":3908.48999,"2":3911.98999,"3":3912.56006,"4":3915.40991,"5":3916.30005,"6":3911.75,"7":3905.6001,"8":3907.68994,"9":3903.58008,"10":3898.91992,"11":3898.18994,"12":3892.17993,"13":3894.3999,"14":3895.31006,"15":3890.3501,"16":3885.54004,"17":3885.96997,"18":3889.92993,"19":3890.63989,"20":3888.38989,"21":3895.57007,"22":3899.88989,"23":3897.87988,"24":3899.20996,"25":3905.17993},"close":{"0":3898.15991,"1":3909.06006,"2":3915.06006,"3":3915.34009,"4":3917.61011,"5":3920.16992,"6":3919.18994,"7":3913.26001,"8":3910.92993,"9":3911.62012,"10":3903.58008,"11":3903.34009,"12":3898.20996,"13":3895.28003,"14":3896.22998,"15":3899.12988,"16":3890.33008,"17":3886.12988,"18":3890.6001,"19":3899.1499,"20":3891.91992,"21":3897.6499,"22":3902.97998,"23":3901.3999,"24":3905.17993,"25":3905.28003},"volume":{"0":202631097,"1":94100489,"2":71581941,"3":59625519,"4":60392078,"5":58388840,"6":60230377,"7":55550987,"8":51167419,"9":67115513,"10":62433649,"11":57369000,"12":51554273,"13":47329334,"14":55123063,"15":59347887,"16":61608161,"17":69048969,"18":71836515,"19":73685203,"20":79623114,"21":82697051,"22":83277900,"23":112145496,"24":112086069,"25":125553495}}