{"datetime":{"0":1645652700000,"1":1645651800000,"2":1645650900000,"3":1645650000000,"4":1645649100000,"5":1645648200000,"6":1645647300000,"7":1645646400000,"8":1645645500000,"9":1645644600000,"10":1645643700000,"11":1645642800000,"12":1645641900000,"13":1645641000000,"14":1645640100000,"15":1645639200000,"16":1645638300000,"17":1645637400000,"18":1645636500000,"19":1645635600000,"20":1645634700000,"21":1645633800000,"22":1645632900000,"23":1645632000000,"24":1645631100000,"25":1645630200000},"open":{"0":4230.68994,"1":4244.60986,"2":4235.41992,"3":4244.1499,"4":4240.52979,"5":4251.41992,"6":4265.2002,"7":4270.0,"8":4271.24023,"9":4265.08008,"10":4269.20996,"11":4288.06006,"12":4300.68994,"13":4309.18018,"14":4294.72021,"15":4296.02979,"16":4282.87988,"17":4279.08984,"18":4281.60986,"19":4289.24023,"20":4290.35986,"21":4291.91992,"22":4310.72021,"23":4320.27002,"24":4331.12012,"25":4324.93018},"high":{"0":4234.12012,"1":4245.70996,"2":4246.04004,"3":4245.37012,"4":4249.8999,"5":4254.74023,"6":4269.29004,"7":4273.85986,"8":4279.89014,"9":4272.1499,"10":4273.72021,"11":4288.08984,"12":4302.12988,"13":4310.29004,"14":4309.79004,"15":4300.39014,"16":4298.68994,"17":4290.75977,"18":4283.47998,"19":4291.54004,"20":4294.0498,"21":4302.02002,"22":4310.72021,"23":4320.27002,"24":4339.1499,"25":4341.50977},"low":{"0":4221.50977,"1":4230.41016,"2":4232.16016,"3":4230.06006,"4":4240.25,"5":4238.75,"6":4249.97021,"7":4261.1499,"8":4265.02002,"9":4259.27979,"10":4264.72998,"11":4268.47998,"12":4285.37012,"13":4296.56982,"14":4294.72021,"15":4290.9502,"16":4280.72998,"17":4275.95996,"18":4274.50977,"19":4276.93994,"20":4286.08984,"21":4286.99023,"22":4289.8999,"23":4303.27002,"24":4319.29004,"25":4324.93018},"close":{"0":4226.1001,"1":4230.75,"2":4244.72998,"3":4235.16992,"4":4244.1499,"5":4240.7002,"6":4251.37012,"7":4265.29004,"8":4270.0,"9":4271.14014,"10":4264.97021,"11":4269.24023,"12":4287.95996,"13":4300.66992,"14":4309.2002,"15":4294.56982,"16":4296.08008,"17":4282.95996,"18":4278.8999,"19":4281.56982,"20":4289.31982,"21":4290.4502,"22":4291.91992,"23":4310.75,"24":4320.16992,"25":4331.22021},"volume":{"0":275220932,"1":117708961,"2":89753888,"3":79394857,"4":68630942,"5":72989945,"6":70802335,"7":60072274,"8":56198108,"9":57866838,"10":58472519,"11":52706744,"12":49864998,"13":52401165,"14":56746571,"15":54876160,"16":61697675,"17":67727331,"18":67693092,"19":71257744,"20":68148386,"21":76999470,"22":82476106,"23":92160837,"24":95074181,"25":151990136}}