{"datetime":{"0":1617054300000,"1":1617053400000,"2":1617052500000,"3":1617051600000,"4":1617050700000,"5":1617049800000,"6":1617048900000,"7":1617048000000,"8":1617047100000,"9":1617046200000,"10":1617045300000,"11":1617044400000,"12":1617043500000,"13":1617042600000,"14":1617041700000,"15":1617040800000,"16":1617039900000,"17":1617039000000,"18":1617038100000,"19":1617037200000,"20":1617036300000,"21":1617035400000,"22":1617034500000,"23":1617033600000,"24":1617032700000,"25":1617031800000},"open":{"0":3973.47998,"1":3980.65991,"2":3976.01001,"3":3968.83008,"4":3966.96997,"5":3970.53003,"6":3973.12012,"7":3971.1499,"8":3973.69995,"9":3971.33008,"10":3976.57007,"11":3973.23999,"12":3967.94995,"13":3958.53003,"14":3953.15991,"15":3961.68994,"16":3958.18994,"17":3954.17993,"18":3946.36011,"19":3947.19995,"20":3951.02002,"21":3946.8999,"22":3955.91992,"23":3956.79004,"24":3966.6499,"25":3969.31006},"high":{"0":3977.93994,"1":3981.12012,"2":3981.83008,"3":3977.91992,"4":3974.12988,"5":3970.53003,"6":3973.12012,"7":3972.98999,"8":3977.77002,"9":3980.75,"10":3977.19995,"11":3979.71997,"12":3973.54004,"13":3969.12012,"14":3958.79004,"15":3962.36011,"16":3963.52002,"17":3958.83008,"18":3954.40991,"19":3949.27002,"20":3951.44995,"21":3955.8501,"22":3955.91992,"23":3958.31006,"24":3968.26001,"25":3972.12012},"low":{"0":3966.83008,"1":3973.37988,"2":3975.66992,"3":3968.83008,"4":3965.41992,"5":3963.79004,"6":3967.56006,"7":3966.6499,"8":3970.48999,"9":3969.91992,"10":3970.31006,"11":3973.23999,"12":3966.29004,"13":3957.11011,"14":3950.6001,"15":3951.12988,"16":3955.96997,"17":3952.75,"18":3944.32007,"19":3943.25,"20":3945.16992,"21":3945.76001,"22":3947.31006,"23":3950.27002,"24":3956.43994,"25":3958.41992},"close":{"0":3971.51001,"1":3973.52002,"2":3980.62988,"3":3976.0,"4":3968.91992,"5":3967.02002,"6":3970.61011,"7":3972.96997,"8":3971.1499,"9":3973.72998,"10":3971.32007,"11":3976.56006,"12":3973.26001,"13":3967.95996,"14":3958.48999,"15":3953.19995,"16":3961.69995,"17":3958.16992,"18":3954.12012,"19":3946.0,"20":3947.32007,"21":3950.96997,"22":3947.31006,"23":3955.91992,"24":3956.72998,"25":3966.55005},"volume":{"0":213668103,"1":90148415,"2":69624993,"3":64506549,"4":57245222,"5":56385520,"6":51905280,"7":53818150,"8":49044312,"9":50874307,"10":48724760,"11":63192253,"12":53553134,"13":61459570,"14":49679732,"15":53035421,"16":61503760,"17":62747628,"18":68734204,"19":77692203,"20":79089666,"21":80113069,"22":85145654,"23":95010841,"24":112621381,"25":132871559}}