{"datetime":{"0":1648849500000,"1":1648848600000,"2":1648847700000,"3":1648846800000,"4":1648845900000,"5":1648845000000,"6":1648844100000,"7":1648843200000,"8":1648842300000,"9":1648841400000,"10":1648840500000,"11":1648839600000,"12":1648838700000,"13":1648837800000,"14":1648836900000,"15":1648836000000,"16":1648835100000,"17":1648834200000,"18":1648833300000,"19":1648832400000,"20":1648831500000,"21":1648830600000,"22":1648829700000,"23":1648828800000,"24":1648827900000,"25":1648827000000},"open":{"0":4521.70996,"1":4526.7002,"2":4533.70996,"3":4534.0,"4":4540.93018,"5":4537.31006,"6":4531.43018,"7":4521.45996,"8":4521.45996,"9":4512.33984,"10":4511.49023,"11":4515.18994,"12":4517.7998,"13":4520.24023,"14":4516.72021,"15":4519.16992,"16":4520.33008,"17":4533.0,"18":4534.60986,"19":4536.00977,"20":4528.95996,"21":4526.5498,"22":4542.77002,"23":4537.95996,"24":4540.12988,"25":4540.31982},"high":{"0":4547.56006,"1":4528.54004,"2":4535.2998,"3":4540.1001,"4":4541.72998,"5":4542.14014,"6":4537.37988,"7":4533.02979,"8":4522.50977,"9":4524.18018,"10":4513.35986,"11":4517.41016,"12":4519.41016,"13":4520.24023,"14":4520.37988,"15":4519.27002,"16":4526.60986,"17":4533.31982,"18":4538.43994,"19":4539.95996,"20":4538.47998,"21":4532.7002,"22":4542.8501,"23":4543.47021,"24":4544.47021,"25":4548.7002},"low":{"0":4519.8999,"1":4519.64014,"2":4522.56006,"3":4529.72998,"4":4532.8501,"5":4536.66016,"6":4530.3501,"7":4520.91016,"8":4518.41992,"9":4511.72998,"10":4507.56982,"11":4510.66992,"12":4514.72998,"13":4509.66016,"14":4512.97021,"15":4513.18994,"16":4517.58008,"17":4519.97021,"18":4532.58008,"19":4533.62988,"20":4528.83008,"21":4524.68994,"22":4524.52002,"23":4531.81982,"24":4532.22998,"25":4538.0498},"close":{"0":4544.79004,"1":4521.74023,"2":4526.79004,"3":4533.77979,"4":4534.0,"5":4540.93994,"6":4537.37988,"7":4531.14014,"8":4521.52979,"9":4521.58008,"10":4512.37012,"11":4511.43018,"12":4515.18994,"13":4517.72021,"14":4520.1499,"15":4516.66016,"16":4519.16992,"17":4520.49023,"18":4532.93994,"19":4534.89014,"20":4535.93994,"21":4528.9502,"22":4526.43994,"23":4542.77002,"24":4537.52002,"25":4540.1499},"volume":{"0":190963346,"1":92557244,"2":63196902,"3":55897911,"4":1344976337,"5":50959831,"6":50930630,"7":52903238,"8":1142969777,"9":45922529,"10":42953992,"11":43053772,"12":42729717,"13":47690939,"14":45562070,"15":49211447,"16":50616009,"17":58416700,"18":57344971,"19":60683271,"20":67252816,"21":73779846,"22":78815428,"23":85576754,"24":97069724,"25":139430479}}