{"datetime":{"0":1666388700000,"1":1666387800000,"2":1666386900000,"3":1666386000000,"4":1666385100000,"5":1666384200000,"6":1666383300000,"7":1666382400000,"8":1666381500000,"9":1666380600000,"10":1666379700000,"11":1666378800000,"12":1666377900000,"13":1666377000000,"14":1666376100000,"15":1666375200000,"16":1666374300000,"17":1666373400000,"18":1666372500000,"19":1666371600000,"20":1666370700000,"21":1666369800000,"22":1666368900000,"23":1666368000000,"24":1666367100000,"25":1666366200000},"open":{"0":3756.26001,"1":3756.48999,"2":3745.96997,"3":3738.8501,"4":3733.23999,"5":3735.87988,"6":3736.71997,"7":3736.09009,"8":3727.12988,"9":3723.3999,"10":3721.47998,"11":3723.11011,"12":3717.04004,"13":3704.07007,"14":3713.18994,"15":3710.03003,"16":3701.20996,"17":3687.61011,"18":3679.81006,"19":3677.51001,"20":3683.46997,"21":3683.18994,"22":3708.54004,"23":3701.02002,"24":3675.11011,"25":3657.1001},"high":{"0":3756.27002,"1":3757.88989,"2":3756.70996,"3":3747.32007,"4":3739.20996,"5":3740.08008,"6":3738.76001,"7":3743.28003,"8":3736.30005,"9":3730.66992,"10":3726.71997,"11":3729.38989,"12":3728.72998,"13":3718.78003,"14":3714.84009,"15":3721.42993,"16":3709.3999,"17":3703.18994,"18":3690.12988,"19":3683.43994,"20":3694.08008,"21":3690.51001,"22":3709.94995,"23":3715.28003,"24":3700.90991,"25":3672.83008},"low":{"0":3749.47998,"1":3751.75,"2":3745.96997,"3":3737.8999,"4":3732.0,"5":3733.32007,"6":3731.16992,"7":3736.0,"8":3727.12988,"9":3722.95996,"10":3718.20996,"11":3721.52002,"12":3716.70996,"13":3703.37988,"14":3703.68994,"15":3706.63989,"16":3697.95996,"17":3686.69995,"18":3673.77002,"19":3668.87012,"20":3676.08008,"21":3673.82007,"22":3683.16992,"23":3698.6001,"24":3675.11011,"25":3647.41992},"close":{"0":3752.75,"1":3756.28003,"2":3756.51001,"3":3747.25,"4":3738.83008,"5":3733.32007,"6":3735.86011,"7":3736.68994,"8":3736.05005,"9":3727.05005,"10":3723.43994,"11":3721.52002,"12":3723.08008,"13":3716.93994,"14":3704.09009,"15":3713.21997,"16":3709.3999,"17":3701.46997,"18":3687.53003,"19":3680.67993,"20":3677.32007,"21":3683.66992,"22":3683.21997,"23":3708.52002,"24":3700.90991,"25":3671.93994},"volume":{"0":291937293,"1":126664957,"2":92095015,"3":74906641,"4":65921322,"5":60053935,"6":59061930,"7":66985777,"8":63865225,"9":1715777511,"10":62268536,"11":61520605,"12":62771519,"13":64211219,"14":69133454,"15":1325981679,"16":1226634768,"17":82147880,"18":75725601,"19":82124531,"20":92827705,"21":102850459,"22":109903949,"23":129960054,"24":136328431,"25":347313854}}