{"datetime":{"0":1652996700000,"1":1652995800000,"2":1652994900000,"3":1652994000000,"4":1652993100000,"5":1652992200000,"6":1652991300000,"7":1652990400000,"8":1652989500000,"9":1652988600000,"10":1652987700000,"11":1652986800000,"12":1652985900000,"13":1652985000000,"14":1652984100000,"15":1652983200000,"16":1652982300000,"17":1652981400000,"18":1652980500000,"19":1652979600000,"20":1652978700000,"21":1652977800000,"22":1652976900000,"23":1652976000000,"24":1652975100000,"25":1652974200000},"open":{"0":3911.54,"1":3904.09009,"2":3927.62988,"3":3933.13989,"4":3920.87988,"5":3914.04004,"6":3914.09009,"7":3922.87012,"8":3908.3501,"9":3901.53003,"10":3892.77002,"11":3904.62988,"12":3899.20996,"13":3922.55005,"14":3930.44995,"15":3924.37012,"16":3935.07007,"17":3900.68994,"18":3897.04004,"19":3897.13989,"20":3891.77002,"21":3902.1499,"22":3904.6499,"23":3891.78003,"24":3896.09009,"25":3899.0},"high":{"0":3911.54,"1":3910.52002,"2":3928.5,"3":3945.95996,"4":3936.25,"5":3927.28003,"6":3919.05005,"7":3923.48999,"8":3926.70996,"9":3910.96997,"10":3907.81006,"11":3910.18994,"12":3905.11011,"13":3923.92993,"14":3935.08008,"15":3932.8501,"16":3938.08008,"17":3938.12012,"18":3908.22998,"19":3907.38989,"20":3906.43994,"21":3911.84009,"22":3923.8999,"23":3915.42993,"24":3900.63989,"25":3921.88989},"low":{"0":3897.39,"1":3896.80005,"2":3903.72998,"3":3923.04004,"4":3919.0,"5":3910.71997,"6":3907.48999,"7":3906.71997,"8":3891.41992,"9":3899.17993,"10":3889.75,"11":3889.6499,"12":3894.31006,"13":3898.87012,"14":3914.45996,"15":3921.47998,"16":3919.21997,"17":3900.68994,"18":3891.41992,"19":3889.1499,"20":3884.69995,"21":3888.27002,"22":3897.63989,"23":3889.59009,"24":3876.58008,"25":3891.41992},"close":{"0":3902.09,"1":3907.81006,"2":3904.11011,"3":3927.8999,"4":3933.03003,"5":3920.66992,"6":3913.78003,"7":3914.02002,"8":3922.68994,"9":3908.32007,"10":3901.44995,"11":3892.3999,"12":3904.6001,"13":3899.37988,"14":3922.54004,"15":3930.58008,"16":3924.51001,"17":3935.08008,"18":3900.71997,"19":3897.29004,"20":3896.83008,"21":3891.79004,"22":3902.79004,"23":3904.58008,"24":3889.06006,"25":3895.87012},"volume":{"0":0,"1":114409942,"2":85553605,"3":83568733,"4":74145160,"5":69433670,"6":59138838,"7":64905353,"8":74134062,"9":64673401,"10":64859288,"11":63814407,"12":59078044,"13":63231973,"14":67222956,"15":56512964,"16":76524169,"17":89282693,"18":75211256,"19":89297053,"20":93414490,"21":98496252,"22":97513830,"23":123490316,"24":149999181,"25":152450722}}