{"datetime":{"0":1624484700000,"1":1624483800000,"2":1624482900000,"3":1624482000000,"4":1624481100000,"5":1624480200000,"6":1624479300000,"7":1624478400000,"8":1624477500000,"9":1624476600000,"10":1624475700000,"11":1624474800000,"12":1624473900000,"13":1624473000000,"14":1624472100000,"15":1624471200000,"16":1624470300000,"17":1624469400000,"18":1624468500000,"19":1624467600000,"20":1624466700000,"21":1624465800000,"22":1624464900000,"23":1624464000000,"24":1624463100000,"25":1624462200000},"open":{"0":4248.79004,"1":4253.22998,"2":4250.37012,"3":4249.7998,"4":4249.00977,"5":4248.64014,"6":4250.97021,"7":4251.93018,"8":4250.75,"9":4251.77002,"10":4250.83984,"11":4247.79004,"12":4247.5498,"13":4250.00977,"14":4249.91992,"15":4249.22021,"16":4248.66016,"17":4248.39014,"18":4247.77002,"19":4251.77979,"20":4250.5498,"21":4253.04004,"22":4254.47021,"23":4253.00977,"24":4251.83008,"25":4249.27002},"high":{"0":4248.79004,"1":4253.27002,"2":4253.87012,"3":4250.6001,"4":4250.33984,"5":4250.52002,"6":4250.97021,"7":4251.93018,"8":4252.08984,"9":4252.18994,"10":4252.0498,"11":4250.81006,"12":4248.33008,"13":4250.00977,"14":4250.56006,"15":4250.52979,"16":4249.81982,"17":4248.95996,"18":4249.39014,"19":4252.8999,"20":4251.85986,"21":4253.2998,"22":4256.6001,"23":4254.43018,"24":4253.79004,"25":4254.16016},"low":{"0":4241.43018,"1":4248.66016,"2":4249.18018,"3":4248.08984,"4":4248.56006,"5":4247.9502,"6":4248.54004,"7":4249.33008,"8":4250.00977,"9":4250.18994,"10":4250.79004,"11":4247.16016,"12":4246.18994,"13":4243.41992,"14":4249.33984,"15":4248.39014,"16":4248.18018,"17":4245.64014,"18":4247.22998,"19":4246.1001,"20":4248.8501,"21":4249.3501,"22":4252.7002,"23":4249.6001,"24":4247.47021,"25":4247.99023},"close":{"0":4241.43018,"1":4248.74023,"2":4253.22998,"3":4250.37988,"4":4249.79004,"5":4248.9502,"6":4248.6499,"7":4250.97998,"8":4251.8999,"9":4250.77002,"10":4251.83984,"11":4250.81006,"12":4247.81006,"13":4247.54004,"14":4250.02002,"15":4249.91016,"16":4249.22021,"17":4248.64014,"18":4248.37012,"19":4247.75977,"20":4251.77002,"21":4250.50977,"22":4253.02979,"23":4254.35986,"24":4252.93994,"25":4251.75977},"volume":{"0":194854452,"1":73088220,"2":61851176,"3":48908609,"4":49156742,"5":39572350,"6":38184464,"7":38538029,"8":33225393,"9":37970050,"10":38488853,"11":39320371,"12":39904965,"13":45559702,"14":40722884,"15":39936538,"16":39905188,"17":42467124,"18":45275415,"19":58095488,"20":495262012,"21":57386101,"22":62527087,"23":72314740,"24":88272848,"25":97634216}}