{"datetime":{"0":1637271900000,"1":1637271000000,"2":1637270100000,"3":1637269200000,"4":1637268300000,"5":1637267400000,"6":1637266500000,"7":1637265600000,"8":1637264700000,"9":1637263800000,"10":1637262900000,"11":1637262000000,"12":1637261100000,"13":1637260200000,"14":1637259300000,"15":1637258400000,"16":1637257500000,"17":1637256600000,"18":1637255700000,"19":1637254800000,"20":1637253900000,"21":1637253000000,"22":1637252100000,"23":1637251200000,"24":1637250300000,"25":1637249400000},"open":{"0":4705.16992,"1":4706.18994,"2":4705.00977,"3":4703.66016,"4":4700.2002,"5":4698.08008,"6":4702.1001,"7":4702.29004,"8":4701.8501,"9":4700.50977,"10":4703.31982,"11":4698.83008,"12":4704.8999,"13":4707.91992,"14":4704.6499,"15":4698.68018,"16":4699.37012,"17":4688.62012,"18":4687.60986,"19":4683.56982,"20":4680.1001,"21":4676.50977,"22":4679.3999,"23":4693.91016,"24":4695.83984,"25":4700.72021},"high":{"0":4708.7998,"1":4707.0498,"2":4706.2998,"3":4706.83008,"4":4704.14014,"5":4700.83984,"6":4702.31982,"7":4703.8501,"8":4703.22998,"9":4702.39014,"10":4703.31982,"11":4704.20996,"12":4705.04004,"13":4708.70996,"14":4708.75,"15":4704.56982,"16":4701.33984,"17":4700.02979,"18":4690.27979,"19":4688.43018,"20":4684.77979,"21":4685.08984,"22":4681.31006,"23":4695.9502,"24":4700.64014,"25":4703.06982},"low":{"0":4702.5498,"1":4704.12988,"2":4703.31982,"3":4702.62988,"4":4700.14014,"5":4695.12012,"6":4696.85986,"7":4698.91016,"8":4700.68018,"9":4699.31982,"10":4698.2998,"11":4697.56982,"12":4695.95996,"13":4703.79004,"14":4703.87012,"15":4698.68018,"16":4698.37988,"17":4688.54004,"18":4687.60986,"19":4680.29004,"20":4679.97021,"21":4676.4502,"22":4672.77979,"23":4676.99023,"24":4691.8501,"25":4694.74023},"close":{"0":4704.70996,"1":4705.35986,"2":4706.22998,"3":4704.95996,"4":4703.66992,"5":4700.16992,"6":4698.04004,"7":4702.10986,"8":4702.3501,"9":4701.7998,"10":4700.52979,"11":4703.2998,"12":4698.8501,"13":4704.79004,"14":4708.02979,"15":4704.5498,"16":4698.5498,"17":4699.37988,"18":4688.97021,"19":4687.58984,"20":4683.47021,"21":4680.10986,"22":4676.37988,"23":4679.3501,"24":4693.68018,"25":4696.00977},"volume":{"0":1902197947,"1":84550302,"2":55476294,"3":52874412,"4":1545299761,"5":50852064,"6":52287477,"7":52216505,"8":46554994,"9":45133945,"10":50683312,"11":49656891,"12":1147755266,"13":65599764,"14":51471225,"15":47100836,"16":54984002,"17":59372412,"18":56989507,"19":64226348,"20":66313605,"21":78683654,"22":94625310,"23":104551557,"24":132073639,"25":136304589}}