{"datetime":{"0":1679517900000,"1":1679517000000,"2":1679516100000,"3":1679515200000,"4":1679514300000,"5":1679513400000,"6":1679512500000,"7":1679511600000,"8":1679510700000,"9":1679509800000,"10":1679508900000,"11":1679508000000,"12":1679507100000,"13":1679506200000,"14":1679505300000,"15":1679504400000,"16":1679503500000,"17":1679502600000,"18":1679501700000,"19":1679500800000,"20":1679499900000,"21":1679499000000,"22":1679498100000,"23":1679497200000,"24":1679496300000,"25":1679495400000},"open":{"0":3978.62012,"1":4004.54004,"2":3989.16992,"3":4001.19995,"4":4024.92993,"5":4014.45996,"6":4006.09009,"7":4000.90991,"8":3998.65991,"9":3997.16992,"10":3993.03003,"11":3994.62012,"12":3996.68994,"13":3997.73999,"14":3998.22998,"15":4004.27002,"16":4003.19995,"17":4003.86011,"18":4002.23999,"19":4007.8999,"20":4011.43994,"21":4012.87988,"22":3999.47998,"23":4000.8999,"24":3996.94995,"25":4002.04004},"high":{"0":3978.62012,"1":4006.28003,"2":4013.09009,"3":4005.04004,"4":4039.48999,"5":4030.04004,"6":4017.46997,"7":4031.42993,"8":4002.36011,"9":3999.37988,"10":3997.47998,"11":3994.69995,"12":3997.04004,"13":3998.6499,"14":3999.84009,"15":4004.58008,"16":4006.08008,"17":4006.71997,"18":4005.8999,"19":4008.96997,"20":4012.1499,"21":4014.11011,"22":4013.42993,"23":4002.8999,"24":4003.1499,"25":4003.98999},"low":{"0":3936.34009,"1":3978.87012,"2":3989.16992,"3":3972.81006,"4":4000.37988,"5":3990.59009,"6":4005.71997,"7":4000.48999,"8":3998.48999,"9":3996.42993,"10":3992.75,"11":3989.18994,"12":3993.78003,"13":3994.69995,"14":3995.67993,"15":3997.57007,"16":4002.76001,"17":4003.01001,"18":4001.75,"19":3999.82007,"20":4006.71997,"21":4009.73999,"22":3998.78003,"23":3998.57007,"24":3995.69995,"25":3996.18994},"close":{"0":3936.52002,"1":3978.87012,"2":4004.5,"3":3988.94995,"4":4001.16992,"5":4024.87012,"6":4014.54004,"7":4006.12012,"8":4000.87012,"9":3998.63989,"10":3997.1499,"11":3993.04004,"12":3994.62012,"13":3996.68994,"14":3997.77002,"15":3998.22998,"16":4004.28003,"17":4003.19995,"18":4003.86011,"19":4002.18994,"20":4007.97998,"21":4011.38989,"22":4013.03003,"23":3999.52002,"24":4001.0,"25":3996.93994},"volume":{"0":281857149,"1":139898904,"2":116466764,"3":133962274,"4":121058605,"5":134696436,"6":80788082,"7":134153409,"8":52525196,"9":49813573,"10":45904949,"11":48122415,"12":46289234,"13":50463008,"14":62274339,"15":1714172859,"16":55015567,"17":60538013,"18":57551958,"19":64935245,"20":66290528,"21":71954061,"22":75481896,"23":85804529,"24":93533276,"25":105840489}}