{"datetime":{"0":1617313500000,"1":1617312600000,"2":1617311700000,"3":1617310800000,"4":1617309900000,"5":1617309000000,"6":1617308100000,"7":1617307200000,"8":1617306300000,"9":1617305400000,"10":1617304500000,"11":1617303600000,"12":1617302700000,"13":1617301800000,"14":1617300900000,"15":1617300000000,"16":1617299100000,"17":1617298200000,"18":1617297300000,"19":1617296400000,"20":1617295500000,"21":1617294600000,"22":1617293700000,"23":1617292800000,"24":1617291900000,"25":1617291000000},"open":{"0":4011.63989,"1":4010.16992,"2":4011.13989,"3":4013.42993,"4":4014.19995,"5":4012.87988,"6":4011.69995,"7":4010.96997,"8":4012.19995,"9":4008.36011,"10":4010.6001,"11":4012.30005,"12":4011.80005,"13":4012.30005,"14":4010.30005,"15":4005.73999,"16":4006.32007,"17":4006.33008,"18":4006.02002,"19":4007.30005,"20":4007.6001,"21":4006.6001,"22":4004.1001,"23":3998.0,"24":3998.8999,"25":3998.3999},"high":{"0":4020.8999,"1":4012.3999,"2":4012.37988,"3":4014.17993,"4":4014.19995,"5":4014.19995,"6":4013.8999,"7":4011.96997,"8":4012.19995,"9":4012.8999,"10":4010.80005,"11":4012.81006,"12":4013.1001,"13":4012.6001,"14":4012.1001,"15":4011.1001,"16":4008.80005,"17":4008.08008,"18":4008.82007,"19":4009.80005,"20":4007.6001,"21":4007.6001,"22":4006.45996,"23":4004.6001,"24":4000.8999,"25":4001.28003},"low":{"0":4011.38989,"1":4008.8999,"2":4008.66992,"3":4011.13989,"4":4012.8999,"5":4012.62988,"6":4011.3999,"7":4010.43994,"8":4010.18994,"9":4007.8999,"10":4007.72998,"11":4009.30005,"12":4010.08008,"13":4010.54004,"14":4008.69995,"15":4005.73999,"16":4005.06006,"17":4005.08008,"18":4005.06006,"19":4005.54004,"20":4002.17993,"21":4004.17993,"22":4003.72998,"23":3996.83008,"24":3997.0,"25":3996.57007},"close":{"0":4019.8999,"1":4011.19995,"2":4010.19995,"3":4011.38989,"4":4013.67993,"5":4013.92993,"6":4013.12988,"7":4011.8999,"8":4011.09009,"9":4012.44995,"10":4008.3999,"11":4010.30005,"12":4011.81006,"13":4011.69995,"14":4011.71997,"15":4009.70996,"16":4006.30005,"17":4006.57007,"18":4006.80005,"19":4006.27002,"20":4007.1001,"21":4007.30005,"22":4006.45996,"23":4003.80005,"24":3997.80005,"25":3998.3999},"volume":{"0":0,"1":0,"2":0,"3":0,"4":0,"5":0,"6":0,"7":0,"8":0,"9":0,"10":0,"11":0,"12":0,"13":0,"14":0,"15":0,"16":0,"17":0,"18":0,"19":0,"20":0,"21":0,"22":0,"23":0,"24":0,"25":0}}