{"datetime":{"0":1632260700000,"1":1632259800000,"2":1632258900000,"3":1632258000000,"4":1632257100000,"5":1632256200000,"6":1632255300000,"7":1632254400000,"8":1632253500000,"9":1632252600000,"10":1632251700000,"11":1632250800000,"12":1632249900000,"13":1632249000000,"14":1632248100000,"15":1632247200000,"16":1632246300000,"17":1632245400000,"18":1632244500000,"19":1632243600000,"20":1632242700000,"21":1632241800000,"22":1632240900000,"23":1632240000000,"24":1632239100000,"25":1632238200000},"open":{"0":4371.81006,"1":4373.89014,"2":4372.8999,"3":4366.45996,"4":4360.97998,"5":4353.35986,"6":4363.00977,"7":4358.87012,"8":4360.06006,"9":4360.66992,"10":4367.89014,"11":4370.7002,"12":4378.06982,"13":4377.58008,"14":4385.27979,"15":4375.37012,"16":4376.83008,"17":4361.81006,"18":4368.31006,"19":4354.33008,"20":4365.97021,"21":4369.64014,"22":4368.68018,"23":4380.68994,"24":4382.4502,"25":4374.4502},"high":{"0":4371.81006,"1":4376.49023,"2":4376.5,"3":4373.27002,"4":4373.33984,"5":4361.75977,"6":4363.87012,"7":4364.7998,"8":4365.6001,"9":4362.5,"10":4371.12988,"11":4372.2002,"12":4378.06982,"13":4379.00977,"14":4385.75977,"15":4385.91992,"16":4378.54004,"17":4377.31006,"18":4368.91992,"19":4368.64014,"20":4366.56006,"21":4370.74023,"22":4372.66992,"23":4382.77979,"24":4394.87012,"25":4385.75977},"low":{"0":4353.3999,"1":4369.50977,"2":4368.02979,"3":4366.45996,"4":4359.14014,"5":4353.10986,"6":4352.91016,"7":4358.83984,"8":4355.5498,"9":4359.0,"10":4360.08984,"11":4365.97998,"12":4366.8999,"13":4375.0,"14":4377.58984,"15":4374.93994,"16":4375.1499,"17":4361.81006,"18":4360.25,"19":4349.08008,"20":4347.95996,"21":4359.5,"22":4361.79004,"23":4362.87012,"24":4378.54004,"25":4372.58008},"close":{"0":4353.41016,"1":4371.77002,"2":4373.93018,"3":4372.83984,"4":4366.37988,"5":4360.99023,"6":4353.3501,"7":4363.04004,"8":4358.87012,"9":4360.08008,"10":4360.60986,"11":4367.97998,"12":4370.7002,"13":4378.08008,"14":4377.58984,"15":4385.37012,"16":4375.3501,"17":4376.79004,"18":4361.62988,"19":4368.25,"20":4354.33008,"21":4365.97998,"22":4369.47998,"23":4368.74023,"24":4380.87012,"25":4382.43018},"volume":{"0":1608728274,"1":79849293,"2":58934002,"3":52000684,"4":48978357,"5":44787342,"6":50146151,"7":39540591,"8":1085829639,"9":38820117,"10":42682870,"11":37280593,"12":1809384839,"13":36535186,"14":43611835,"15":46836213,"16":43211513,"17":52122381,"18":48883705,"19":61185478,"20":595146695,"21":58608162,"22":65885829,"23":81635866,"24":119313761,"25":97603454}}