{"datetime":{"0":1663796700000,"1":1663795800000,"2":1663794900000,"3":1663794000000,"4":1663793100000,"5":1663792200000,"6":1663791300000,"7":1663790400000,"8":1663789500000,"9":1663788600000,"10":1663787700000,"11":1663786800000,"12":1663785900000,"13":1663785000000,"14":1663784100000,"15":1663783200000,"16":1663782300000,"17":1663781400000,"18":1663780500000,"19":1663779600000,"20":1663778700000,"21":1663777800000,"22":1663776900000,"23":1663776000000,"24":1663775100000,"25":1663774200000},"open":{"0":3805.25,"1":3831.67993,"2":3871.5,"3":3889.1001,"4":3895.46997,"5":3834.12988,"6":3823.40991,"7":3885.62012,"8":3881.03003,"9":3874.98999,"10":3875.21997,"11":3874.67993,"12":3879.23999,"13":3880.08008,"14":3878.88989,"15":3876.03003,"16":3877.61011,"17":3873.95996,"18":3875.29004,"19":3874.86011,"20":3875.0,"21":3887.15991,"22":3881.43994,"23":3877.59009,"24":3871.42993,"25":3871.3999},"high":{"0":3809.37988,"1":3834.42993,"2":3878.02002,"3":3895.23999,"4":3907.07007,"5":3896.8999,"6":3844.26001,"7":3886.43994,"8":3886.57007,"9":3881.22998,"10":3875.21997,"11":3876.59009,"12":3880.34009,"13":3883.48999,"14":3880.12988,"15":3879.95996,"16":3878.20996,"17":3878.72998,"18":3875.37012,"19":3877.01001,"20":3877.09009,"21":3887.55005,"22":3887.3501,"23":3883.28003,"24":3883.31006,"25":3881.31006},"low":{"0":3789.65991,"1":3805.3501,"2":3831.45996,"3":3842.04004,"4":3869.01001,"5":3824.54004,"6":3822.03003,"7":3819.34009,"8":3878.93994,"9":3874.92993,"10":3871.70996,"11":3873.95996,"12":3874.70996,"13":3879.0,"14":3876.91992,"15":3873.73999,"16":3873.43994,"17":3873.87988,"18":3870.83008,"19":3869.78003,"20":3871.75,"21":3874.88989,"22":3877.3999,"23":3874.61011,"24":3871.19995,"25":3870.28003},"close":{"0":3789.83008,"1":3805.3501,"2":3832.01001,"3":3871.44995,"4":3887.58008,"5":3895.33008,"6":3834.20996,"7":3823.75,"8":3885.69995,"9":3881.03003,"10":3874.98999,"11":3875.33008,"12":3874.70996,"13":3879.26001,"14":3880.12988,"15":3878.91992,"16":3876.04004,"17":3877.54004,"18":3873.97998,"19":3875.27002,"20":3874.78003,"21":3875.05005,"22":3887.15991,"23":3881.65991,"24":3877.68994,"25":3871.66992},"volume":{"0":268320622,"1":137039088,"2":91091744,"3":109977984,"4":129463032,"5":163589033,"6":93387823,"7":146276147,"8":52919549,"9":45417437,"10":39932149,"11":40558250,"12":40567557,"13":37848146,"14":39097491,"15":40890148,"16":38500184,"17":44144747,"18":50823607,"19":55244712,"20":60991717,"21":66630774,"22":74635003,"23":359254872,"24":90297689,"25":99771093}}