{"datetime":{"0":1607723100000,"1":1607722200000,"2":1607721300000,"3":1607720400000,"4":1607719500000,"5":1607718600000,"6":1607717700000,"7":1607716800000,"8":1607715900000,"9":1607715000000,"10":1607714100000,"11":1607713200000,"12":1607712300000,"13":1607711400000,"14":1607710500000,"15":1607709600000,"16":1607708700000,"17":1607707800000,"18":1607706900000,"19":1607706000000,"20":1607705100000,"21":1607704200000,"22":1607703300000,"23":1607702400000,"24":1607701500000,"25":1607700600000},"open":{"0":3661.95996,"1":3661.25,"2":3659.28003,"3":3657.75,"4":3661.11011,"5":3657.04004,"6":3656.16992,"7":3657.17993,"8":3652.33008,"9":3646.86011,"10":3647.36011,"11":3643.40991,"12":3636.98999,"13":3638.05005,"14":3636.77002,"15":3643.94995,"16":3640.79004,"17":3646.04004,"18":3652.15991,"19":3650.26001,"20":3652.95996,"21":3655.51001,"22":3658.55005,"23":3651.62012,"24":3645.69995,"25":3656.08008},"high":{"0":3664.59009,"1":3665.65991,"2":3665.90991,"3":3659.3999,"4":3662.28003,"5":3661.96997,"6":3659.43994,"7":3659.26001,"8":3659.62988,"9":3653.41992,"10":3648.1001,"11":3647.71997,"12":3643.83008,"13":3638.05005,"14":3639.42993,"15":3645.58008,"16":3645.41992,"17":3647.93994,"18":3652.93994,"19":3653.5,"20":3653.01001,"21":3655.77002,"22":3659.63989,"23":3658.63989,"24":3653.70996,"25":3656.08008},"low":{"0":3658.1499,"1":3660.83008,"2":3659.28003,"3":3655.11011,"4":3657.78003,"5":3657.04004,"6":3655.45996,"7":3655.0,"8":3650.3501,"9":3646.82007,"10":3643.21997,"11":3642.53003,"12":3636.44995,"13":3633.3999,"14":3633.45996,"15":3636.79004,"16":3638.95996,"17":3640.73999,"18":3645.8999,"19":3650.26001,"20":3647.41992,"21":3651.86011,"22":3654.86011,"23":3650.93994,"24":3644.57007,"25":3645.17993},"close":{"0":3663.30005,"1":3661.96997,"2":3661.19995,"3":3659.30005,"4":3657.78003,"5":3661.11011,"6":3657.04004,"7":3656.12012,"8":3657.16992,"9":3652.40991,"10":3646.83008,"11":3647.37012,"12":3643.41992,"13":3636.94995,"14":3638.01001,"15":3636.91992,"16":3643.92993,"17":3640.82007,"18":3646.01001,"19":3652.12988,"20":3650.3501,"21":3652.95996,"22":3655.5,"23":3658.55005,"24":3652.05005,"25":3645.84009},"volume":{"0":203379862,"1":84101722,"2":65928352,"3":52458983,"4":1547060233,"5":51376472,"6":52097921,"7":50910776,"8":1340749929,"9":51341253,"10":48303625,"11":52679836,"12":1134823168,"13":62882418,"14":67079825,"15":59949967,"16":60657713,"17":71813508,"18":67727691,"19":68265840,"20":73017287,"21":72111419,"22":80467911,"23":86895710,"24":109757884,"25":131347868}}