{"datetime":{"0":1614980700000,"1":1614979800000,"2":1614978900000,"3":1614978000000,"4":1614977100000,"5":1614976200000,"6":1614975300000,"7":1614974400000,"8":1614973500000,"9":1614972600000,"10":1614971700000,"11":1614970800000,"12":1614969900000,"13":1614969000000,"14":1614968100000,"15":1614967200000,"16":1614966300000,"17":1614965400000,"18":1614964500000,"19":1614963600000,"20":1614962700000,"21":1614961800000,"22":1614960900000,"23":1614960000000,"24":1614959100000,"25":1614958200000},"open":{"0":3844.3999,"1":3838.05005,"2":3834.78003,"3":3835.19995,"4":3824.11011,"5":3821.08008,"6":3812.40991,"7":3818.19995,"8":3816.12988,"9":3813.30005,"10":3796.73999,"11":3794.69995,"12":3794.69995,"13":3783.5,"14":3762.48999,"15":3762.54004,"16":3754.19995,"17":3736.43994,"18":3745.38989,"19":3757.62988,"20":3758.69995,"21":3765.44995,"22":3774.55005,"23":3776.93994,"24":3788.18994,"25":3809.5},"high":{"0":3851.93994,"1":3847.79004,"2":3841.01001,"3":3838.96997,"4":3836.51001,"5":3830.5,"6":3822.20996,"7":3821.3999,"8":3823.13989,"9":3822.3501,"10":3814.07007,"11":3800.28003,"12":3799.67993,"13":3795.3999,"14":3785.87012,"15":3766.69995,"16":3763.79004,"17":3753.69995,"18":3748.12988,"19":3761.6499,"20":3773.30005,"21":3772.8501,"22":3782.47998,"23":3795.96997,"24":3795.43994,"25":3809.5},"low":{"0":3837.04004,"1":3834.19995,"2":3830.69995,"3":3829.53003,"4":3822.3999,"5":3821.08008,"6":3804.12988,"7":3805.19995,"8":3809.69995,"9":3808.30005,"10":3795.5,"11":3783.19995,"12":3790.3999,"13":3779.56006,"14":3760.30005,"15":3758.78003,"16":3742.33008,"17":3736.43994,"18":3730.46997,"19":3743.88989,"20":3753.84009,"21":3756.09009,"22":3764.94995,"23":3768.57007,"24":3762.78003,"25":3782.69995},"close":{"0":3841.02002,"1":3844.19995,"2":3837.30005,"3":3834.28003,"4":3835.26001,"5":3824.36011,"6":3821.94995,"7":3811.40991,"8":3817.3999,"9":3814.87988,"10":3812.56006,"11":3797.73999,"12":3794.8999,"13":3794.8999,"14":3784.25,"15":3762.61011,"16":3763.54004,"17":3753.69995,"18":3734.18994,"19":3744.69995,"20":3757.37988,"21":3759.69995,"22":3764.94995,"23":3771.67993,"24":3776.43994,"25":3787.18994},"volume":{"0":0,"1":0,"2":0,"3":0,"4":0,"5":0,"6":0,"7":0,"8":0,"9":0,"10":0,"11":0,"12":0,"13":0,"14":0,"15":0,"16":0,"17":0,"18":0,"19":0,"20":0,"21":0,"22":0,"23":0,"24":0,"25":15780411}}