{"datetime":{"0":1635457500000,"1":1635456600000,"2":1635455700000,"3":1635454800000,"4":1635453900000,"5":1635453000000,"6":1635452100000,"7":1635451200000,"8":1635450300000,"9":1635449400000,"10":1635448500000,"11":1635447600000,"12":1635446700000,"13":1635445800000,"14":1635444900000,"15":1635444000000,"16":1635443100000,"17":1635442200000,"18":1635441300000,"19":1635440400000,"20":1635439500000,"21":1635438600000,"22":1635437700000,"23":1635436800000,"24":1635435900000,"25":1635435000000},"open":{"0":4585.54004,"1":4585.66992,"2":4585.08984,"3":4588.29004,"4":4589.83008,"5":4591.31982,"6":4588.58984,"7":4586.68018,"8":4587.6499,"9":4583.97998,"10":4582.97998,"11":4580.10986,"12":4587.1499,"13":4586.31982,"14":4588.83984,"15":4584.1001,"16":4592.27002,"17":4588.7998,"18":4590.14014,"19":4587.52979,"20":4586.91016,"21":4583.8999,"22":4578.18018,"23":4580.81982,"24":4576.00977,"25":4562.83984},"high":{"0":4597.5498,"1":4590.31006,"2":4589.1001,"3":4588.29004,"4":4591.12988,"5":4592.68994,"6":4591.9502,"7":4590.10986,"8":4588.0498,"9":4588.14014,"10":4584.02979,"11":4584.27002,"12":4587.77002,"13":4587.45996,"14":4590.29004,"15":4588.77979,"16":4592.37988,"17":4592.29004,"18":4591.77979,"19":4591.25,"20":4592.6001,"21":4587.6001,"22":4584.5498,"23":4583.02979,"24":4582.68018,"25":4576.81982},"low":{"0":4584.74023,"1":4584.91016,"2":4584.6499,"3":4585.0,"4":4587.41016,"5":4589.22998,"6":4588.2998,"7":4586.68018,"8":4585.9502,"9":4583.8999,"10":4581.16992,"11":4580.10986,"12":4578.5498,"13":4584.41016,"14":4586.1499,"15":4584.1001,"16":4582.6499,"17":4587.93018,"18":4588.24023,"19":4587.08984,"20":4586.91016,"21":4583.56982,"22":4576.62012,"23":4574.62988,"24":4576.00977,"25":4562.83984},"close":{"0":4596.06006,"1":4585.45996,"2":4585.6001,"3":4585.1001,"4":4588.31006,"5":4589.8501,"6":4591.31006,"7":4588.58008,"8":4586.66016,"9":4587.62988,"10":4583.93994,"11":4582.93994,"12":4580.04004,"13":4587.14014,"14":4586.22998,"15":4588.5498,"16":4584.06006,"17":4592.25,"18":4588.81982,"19":4590.1499,"20":4587.52979,"21":4586.87988,"22":4583.8999,"23":4578.12988,"24":4580.75,"25":4575.97998},"volume":{"0":150996762,"1":91707976,"2":68125878,"3":57531654,"4":54052359,"5":53692826,"6":57848030,"7":45841690,"8":42345035,"9":43886371,"10":42891363,"11":43110687,"12":51025902,"13":44898349,"14":45853235,"15":51301251,"16":55507196,"17":63448019,"18":60670087,"19":65444164,"20":64969073,"21":73534495,"22":86662174,"23":110301159,"24":121366605,"25":198923529}}