{"datetime":{"0":1677707100000,"1":1677706200000,"2":1677705300000,"3":1677704400000,"4":1677703500000,"5":1677702600000,"6":1677701700000,"7":1677700800000,"8":1677699900000,"9":1677699000000,"10":1677698100000,"11":1677697200000,"12":1677696300000,"13":1677695400000,"14":1677694500000,"15":1677693600000,"16":1677692700000,"17":1677691800000,"18":1677690900000,"19":1677690000000,"20":1677689100000,"21":1677688200000,"22":1677687300000,"23":1677686400000,"24":1677685500000,"25":1677684600000},"open":{"0":3954.58008,"1":3946.68994,"2":3949.92993,"3":3945.43994,"4":3946.29004,"5":3945.65991,"6":3952.65991,"7":3952.97998,"8":3951.26001,"9":3954.30005,"10":3958.51001,"11":3961.22998,"12":3965.03003,"13":3962.59009,"14":3963.80005,"15":3962.23999,"16":3954.76001,"17":3948.69995,"18":3942.76001,"19":3963.48999,"20":3963.72998,"21":3951.67993,"22":3948.41992,"23":3966.53003,"24":3960.44995,"25":3963.34009},"high":{"0":3956.48999,"1":3955.37988,"2":3952.3999,"3":3951.33008,"4":3946.87012,"5":3947.37988,"6":3952.65991,"7":3953.70996,"8":3953.59009,"9":3954.30005,"10":3959.55005,"11":3961.27002,"12":3966.91992,"13":3965.21997,"14":3966.40991,"15":3968.69995,"16":3965.62988,"17":3957.1499,"18":3950.17993,"19":3963.48999,"20":3967.06006,"21":3966.45996,"22":3954.36011,"23":3969.95996,"24":3971.72998,"25":3964.67993},"low":{"0":3950.23999,"1":3946.19995,"2":3945.92993,"3":3944.81006,"4":3941.51001,"5":3943.92993,"6":3945.52002,"7":3947.23999,"8":3948.30005,"9":3950.44995,"10":3953.75,"11":3955.90991,"12":3960.26001,"13":3960.61011,"14":3962.23999,"15":3959.62012,"16":3954.76001,"17":3948.08008,"18":3939.05005,"19":3941.63989,"20":3960.16992,"21":3947.87012,"22":3945.72998,"23":3946.47998,"24":3960.21997,"25":3957.34009},"close":{"0":3951.62988,"1":3954.59009,"2":3946.66992,"3":3949.94995,"4":3945.3999,"5":3946.32007,"6":3945.65991,"7":3952.63989,"8":3953.02002,"9":3951.25,"10":3954.27002,"11":3958.41992,"12":3961.22998,"13":3965.02002,"14":3962.61011,"15":3963.87012,"16":3962.23999,"17":3954.73999,"18":3948.67993,"19":3942.58008,"20":3963.46997,"21":3963.36011,"22":3952.02002,"23":3948.38989,"24":3965.75,"25":3960.45996},"volume":{"0":232369139,"1":97756699,"2":70081095,"3":60781542,"4":53968036,"5":39602254,"6":51316292,"7":46039685,"8":43277021,"9":45252432,"10":43184336,"11":39919645,"12":42363883,"13":44863661,"14":47745477,"15":51308246,"16":57814711,"17":60022091,"18":66992939,"19":75567013,"20":72638198,"21":79435159,"22":83993792,"23":108790103,"24":103105149,"25":106967074}}