{"datetime":{"0":1668030300000,"1":1668029400000,"2":1668028500000,"3":1668027600000,"4":1668026700000,"5":1668025800000,"6":1668024900000,"7":1668024000000,"8":1668023100000,"9":1668022200000,"10":1668021300000,"11":1668020400000,"12":1668019500000,"13":1668018600000,"14":1668017700000,"15":1668016800000,"16":1668015900000,"17":1668015000000,"18":1668014100000,"19":1668013200000,"20":1668012300000,"21":1668011400000,"22":1668010500000,"23":1668009600000,"24":1668008700000,"25":1668007800000},"open":{"0":3750.54004,"1":3760.83008,"2":3761.48999,"3":3755.73999,"4":3762.77002,"5":3771.37988,"6":3774.76001,"7":3768.38989,"8":3769.56006,"9":3779.92993,"10":3786.51001,"11":3792.23999,"12":3788.01001,"13":3790.82007,"14":3792.91992,"15":3798.22998,"16":3808.90991,"17":3799.16992,"18":3798.37988,"19":3789.62012,"20":3793.79004,"21":3803.16992,"22":3813.62988,"23":3794.68994,"24":3799.80005,"25":3810.93994},"high":{"0":3753.43994,"1":3761.21997,"2":3764.20996,"3":3768.91992,"4":3763.95996,"5":3771.37988,"6":3774.76001,"7":3775.23999,"8":3769.56006,"9":3779.92993,"10":3788.62988,"11":3794.67993,"12":3792.6499,"13":3796.65991,"14":3795.66992,"15":3800.05005,"16":3809.26001,"17":3809.09009,"18":3803.70996,"19":3800.62988,"20":3797.0,"21":3806.67993,"22":3818.19995,"23":3815.96997,"24":3807.77002,"25":3810.93994},"low":{"0":3744.21997,"1":3750.57007,"2":3758.12988,"3":3754.63989,"4":3753.71997,"5":3758.34009,"6":3768.13989,"7":3764.94995,"8":3762.32007,"9":3766.03003,"10":3779.20996,"11":3780.69995,"12":3787.47998,"13":3787.06006,"14":3788.69995,"15":3792.51001,"16":3797.54004,"17":3793.66992,"18":3793.61011,"19":3789.57007,"20":3783.70996,"21":3789.26001,"22":3801.88989,"23":3793.36011,"24":3790.58008,"25":3792.69995},"close":{"0":3749.15991,"1":3750.57007,"2":3760.78003,"3":3761.51001,"4":3755.75,"5":3762.73999,"6":3771.3501,"7":3774.69995,"8":3768.40991,"9":3769.56006,"10":3779.90991,"11":3786.45996,"12":3792.21997,"13":3788.11011,"14":3790.90991,"15":3792.8501,"16":3798.21997,"17":3808.84009,"18":3799.22998,"19":3798.48999,"20":3789.62012,"21":3793.76001,"22":3803.1499,"23":3813.6499,"24":3794.77002,"25":3799.63989},"volume":{"0":199424440,"1":111655361,"2":80238278,"3":72524575,"4":61625381,"5":66910765,"6":55639908,"7":61239084,"8":61649664,"9":75763525,"10":53646875,"11":65907664,"12":48836290,"13":65053901,"14":52393871,"15":52133281,"16":56665242,"17":65635853,"18":64984128,"19":786549483,"20":66080348,"21":91916592,"22":87620106,"23":107904675,"24":115190474,"25":131765124}}