{"datetime":{"0":1615326300000,"1":1615325400000,"2":1615324500000,"3":1615323600000,"4":1615322700000,"5":1615321800000,"6":1615320900000,"7":1615320000000,"8":1615319100000,"9":1615318200000,"10":1615317300000,"11":1615316400000,"12":1615315500000,"13":1615314600000,"14":1615313700000,"15":1615312800000,"16":1615311900000,"17":1615311000000,"18":1615310100000,"19":1615309200000,"20":1615308300000,"21":1615307400000,"22":1615306500000,"23":1615305600000,"24":1615304700000,"25":1615303800000},"open":{"0":3883.30005,"1":3894.8999,"2":3898.80005,"3":3895.0,"4":3900.5,"5":3894.83008,"6":3900.87988,"7":3902.90991,"8":3902.8501,"9":3898.80005,"10":3902.0,"11":3896.0,"12":3900.12012,"13":3900.62988,"14":3899.0,"15":3894.30005,"16":3891.0,"17":3891.65991,"18":3893.0,"19":3889.18994,"20":3890.12012,"21":3888.80005,"22":3878.95996,"23":3878.27002,"24":3864.97998,"25":3863.61011},"high":{"0":3886.80005,"1":3895.01001,"2":3898.80005,"3":3900.80005,"4":3900.5,"5":3902.34009,"6":3900.87988,"7":3903.6499,"8":3903.38989,"9":3903.3501,"10":3902.29004,"11":3903.0,"12":3900.12012,"13":3901.94995,"14":3900.84009,"15":3899.30005,"16":3894.1001,"17":3893.80005,"18":3893.6499,"19":3894.43994,"20":3891.5,"21":3891.6001,"22":3890.5,"23":3887.5,"24":3879.30005,"25":3868.30005},"low":{"0":3873.32007,"1":3884.30005,"2":3894.77002,"3":3894.30005,"4":3894.0,"5":3894.83008,"6":3894.0,"7":3899.5,"8":3900.75,"9":3898.04004,"10":3896.80005,"11":3896.0,"12":3892.75,"13":3899.62012,"14":3897.80005,"15":3892.59009,"16":3888.5,"17":3888.66992,"18":3890.15991,"19":3885.95996,"20":3885.40991,"21":3885.0,"22":3878.95996,"23":3875.28003,"24":3864.47998,"25":3857.21997},"close":{"0":3873.32007,"1":3884.30005,"2":3894.80005,"3":3898.34009,"4":3894.90991,"5":3900.37988,"6":3894.58008,"7":3901.12988,"8":3902.15991,"9":3903.1001,"10":3898.5,"11":3901.80005,"12":3894.75,"13":3899.87012,"14":3900.12988,"15":3898.80005,"16":3893.80005,"17":3891.5,"18":3891.40991,"19":3892.80005,"20":3889.30005,"21":3889.37012,"22":3887.5,"23":3878.20996,"24":3876.77002,"25":3864.22998},"volume":{"0":0,"1":0,"2":0,"3":0,"4":0,"5":0,"6":0,"7":0,"8":0,"9":0,"10":0,"11":0,"12":0,"13":0,"14":0,"15":0,"16":0,"17":0,"18":0,"19":0,"20":0,"21":0,"22":0,"23":0,"24":0,"25":0}}