{"datetime":{"0":1646343900000,"1":1646343000000,"2":1646342100000,"3":1646341200000,"4":1646340300000,"5":1646339400000,"6":1646338500000,"7":1646337600000,"8":1646336700000,"9":1646335800000,"10":1646334900000,"11":1646334000000,"12":1646333100000,"13":1646332200000,"14":1646331300000,"15":1646330400000,"16":1646329500000,"17":1646328600000,"18":1646327700000,"19":1646326800000,"20":1646325900000,"21":1646325000000,"22":1646324100000,"23":1646323200000,"24":1646322300000,"25":1646321400000},"open":{"0":4350.6001,"1":4370.4502,"2":4359.04004,"3":4368.75,"4":4378.79004,"5":4392.83984,"6":4396.95996,"7":4386.12012,"8":4383.91992,"9":4394.95996,"10":4388.91992,"11":4384.81982,"12":4383.08984,"13":4362.06006,"14":4375.66016,"15":4369.66016,"16":4369.50977,"17":4364.7002,"18":4349.56982,"19":4356.10986,"20":4365.50977,"21":4383.33008,"22":4396.37012,"23":4403.81982,"24":4408.41992,"25":4401.31006},"high":{"0":4363.81982,"1":4370.4502,"2":4370.66016,"3":4368.75,"4":4379.43994,"5":4392.83984,"6":4397.77002,"7":4397.74023,"8":4389.95996,"9":4394.95996,"10":4395.33984,"11":4391.43018,"12":4386.8501,"13":4397.95996,"14":4378.89014,"15":4379.37012,"16":4373.95996,"17":4371.33008,"18":4366.91992,"19":4360.41992,"20":4368.4502,"21":4386.7002,"22":4396.37012,"23":4408.66992,"24":4416.77979,"25":4413.47998},"low":{"0":4346.02979,"1":4350.49023,"2":4357.77979,"3":4354.41992,"4":4365.5498,"5":4377.7002,"6":4389.41016,"7":4382.22998,"8":4380.91016,"9":4380.52002,"10":4388.81982,"11":4381.22998,"12":4377.18018,"13":4361.43994,"14":4360.99023,"15":4367.58008,"16":4359.10986,"17":4357.6499,"18":4345.56006,"19":4349.7998,"20":4356.35986,"21":4365.06006,"22":4378.1001,"23":4392.85986,"24":4396.56982,"25":4400.97998},"close":{"0":4363.74023,"1":4350.75977,"2":4370.3999,"3":4359.0,"4":4368.75,"5":4378.75977,"6":4392.74023,"7":4396.93018,"8":4386.12012,"9":4383.8999,"10":4395.02002,"11":4389.14014,"12":4384.81006,"13":4382.7002,"14":4361.97998,"15":4375.58984,"16":4369.6001,"17":4369.41992,"18":4364.8501,"19":4349.91016,"20":4356.3999,"21":4365.93994,"22":4383.29004,"23":4396.20996,"24":4404.00977,"25":4408.6499},"volume":{"0":258201341,"1":113415201,"2":81565378,"3":79457730,"4":63831309,"5":53497673,"6":55301142,"7":59955263,"8":50884818,"9":54084225,"10":51168779,"11":53406118,"12":53038182,"13":99977828,"14":57300582,"15":60185965,"16":66735987,"17":67421945,"18":76472457,"19":1585604412,"20":83635669,"21":90526084,"22":95950802,"23":108336383,"24":144131122,"25":178156167}}