{"datetime":{"0":1614894300000,"1":1614893400000,"2":1614892500000,"3":1614891600000,"4":1614890700000,"5":1614889800000,"6":1614888900000,"7":1614888000000,"8":1614887100000,"9":1614886200000,"10":1614885300000,"11":1614884400000,"12":1614883500000,"13":1614882600000,"14":1614881700000,"15":1614880800000,"16":1614879900000,"17":1614879000000,"18":1614878100000,"19":1614877200000,"20":1614876300000,"21":1614875400000,"22":1614874500000,"23":1614873600000,"24":1614872700000,"25":1614871800000},"open":{"0":3769.30005,"1":3762.30005,"2":3756.8999,"3":3778.68994,"4":3768.62988,"5":3763.3999,"6":3745.12012,"7":3724.67993,"8":3756.5,"9":3770.19995,"10":3761.30005,"11":3774.1001,"12":3800.28003,"13":3808.1001,"14":3824.6001,"15":3835.3999,"16":3838.31006,"17":3824.86011,"18":3818.62012,"19":3823.20996,"20":3821.61011,"21":3807.28003,"22":3799.87988,"23":3813.76001,"24":3832.92993,"25":3817.11011},"high":{"0":3776.21997,"1":3773.3501,"2":3766.67993,"3":3778.82007,"4":3778.93994,"5":3769.37988,"6":3765.92993,"7":3749.25,"8":3757.75,"9":3771.61011,"10":3772.1001,"11":3782.73999,"12":3800.28003,"13":3812.23999,"14":3838.1001,"15":3844.05005,"16":3840.8501,"17":3839.31006,"18":3830.08008,"19":3832.55005,"20":3828.55005,"21":3822.8999,"22":3809.1001,"23":3815.91992,"24":3833.80005,"25":3838.0},"low":{"0":3758.06006,"1":3759.73999,"2":3747.6001,"3":3755.3501,"4":3764.53003,"5":3749.3999,"6":3738.8999,"7":3724.67993,"8":3723.18994,"9":3753.6001,"10":3755.07007,"11":3760.6001,"12":3768.3999,"13":3794.6001,"14":3800.6001,"15":3822.6001,"16":3832.3999,"17":3822.6001,"18":3816.8999,"19":3818.37012,"20":3811.6001,"21":3804.70996,"22":3790.1001,"23":3792.69995,"24":3806.3501,"25":3817.11011},"close":{"0":3770.73999,"1":3768.3999,"2":3763.80005,"3":3757.1001,"4":3776.44995,"5":3769.37988,"6":3765.1001,"7":3745.87012,"8":3723.56006,"9":3756.3999,"10":3772.1001,"11":3761.8999,"12":3774.33008,"13":3800.40991,"14":3809.68994,"15":3825.3999,"16":3833.6001,"17":3838.17993,"18":3825.11011,"19":3818.37012,"20":3822.3999,"21":3821.11011,"22":3807.03003,"23":3800.62988,"24":3812.77002,"25":3832.42993},"volume":{"0":0,"1":0,"2":0,"3":0,"4":0,"5":0,"6":0,"7":0,"8":0,"9":0,"10":0,"11":0,"12":0,"13":0,"14":0,"15":0,"16":0,"17":0,"18":0,"19":0,"20":0,"21":0,"22":0,"23":0,"24":0,"25":0}}