{"datetime":{"0":1602193500000,"1":1602192600000,"2":1602191700000,"3":1602190800000,"4":1602189900000,"5":1602189000000,"6":1602188100000,"7":1602187200000,"8":1602186300000,"9":1602185400000,"10":1602184500000,"11":1602183600000,"12":1602182700000,"13":1602181800000,"14":1602180900000,"15":1602180000000,"16":1602179100000,"17":1602178200000,"18":1602177300000,"19":1602176400000,"20":1602175500000,"21":1602174600000,"22":1602173700000,"23":1602172800000,"24":1602171900000,"25":1602171000000},"open":{"0":3444.71997,"1":3445.12988,"2":3444.11011,"3":3444.01001,"4":3444.59009,"5":3442.46997,"6":3441.96997,"7":3438.07007,"8":3441.08008,"9":3439.36011,"10":3441.06006,"11":3442.23999,"12":3441.75,"13":3441.81006,"14":3440.52002,"15":3433.63989,"16":3437.16992,"17":3436.05005,"18":3442.57007,"19":3439.13989,"20":3439.75,"21":3436.80005,"22":3437.0,"23":3441.03003,"24":3437.27002,"25":3434.28003},"high":{"0":3447.28003,"1":3445.87012,"2":3445.32007,"3":3445.8999,"4":3445.3999,"5":3444.61011,"6":3444.1499,"7":3443.15991,"8":3441.44995,"9":3441.28003,"10":3441.12988,"11":3442.65991,"12":3443.63989,"13":3443.41992,"14":3442.47998,"15":3441.12988,"16":3437.65991,"17":3438.01001,"18":3443.8999,"19":3442.63989,"20":3444.44995,"21":3443.53003,"22":3439.67993,"23":3443.16992,"24":3441.6001,"25":3439.09009},"low":{"0":3443.09009,"1":3443.37988,"2":3441.65991,"3":3439.57007,"4":3442.88989,"5":3442.28003,"6":3441.95996,"7":3437.37012,"8":3438.06006,"9":3438.92993,"10":3437.71997,"11":3439.98999,"12":3439.98999,"13":3441.53003,"14":3439.15991,"15":3433.47998,"16":3432.87012,"17":3428.1499,"18":3435.72998,"19":3437.72998,"20":3438.25,"21":3436.80005,"22":3434.08008,"23":3432.84009,"24":3433.32007,"25":3434.28003},"close":{"0":3447.06006,"1":3444.69995,"2":3444.98999,"3":3444.12012,"4":3444.0,"5":3444.61011,"6":3442.47998,"7":3442.01001,"8":3438.06006,"9":3441.12012,"10":3439.3501,"11":3441.04004,"12":3442.1499,"13":3441.73999,"14":3441.82007,"15":3440.56006,"16":3433.65991,"17":3437.19995,"18":3436.09009,"19":3442.62988,"20":3439.63989,"21":3439.72998,"22":3436.67993,"23":3437.12012,"24":3440.69995,"25":3437.3999},"volume":{"0":195384661,"1":77497876,"2":61412824,"3":59233647,"4":52067899,"5":45055068,"6":41575285,"7":48134471,"8":42165465,"9":45049312,"10":40490226,"11":37437151,"12":40221116,"13":44968192,"14":47739212,"15":59922131,"16":55236308,"17":91107419,"18":90474652,"19":64211408,"20":66643898,"21":83138112,"22":93653523,"23":91524248,"24":93807689,"25":120809946}}