{"datetime":{"0":1606167900000,"1":1606167000000,"2":1606166100000,"3":1606165200000,"4":1606164300000,"5":1606163400000,"6":1606162500000,"7":1606161600000,"8":1606160700000,"9":1606159800000,"10":1606158900000,"11":1606158000000,"12":1606157100000,"13":1606156200000,"14":1606155300000,"15":1606154400000,"16":1606153500000,"17":1606152600000,"18":1606151700000,"19":1606150800000,"20":1606149900000,"21":1606149000000,"22":1606148100000,"23":1606147200000,"24":1606146300000,"25":1606145400000},"open":{"0":3578.6001,"1":3580.6001,"2":3585.1001,"3":3579.80005,"4":3570.6001,"5":3567.84009,"6":3569.1001,"7":3571.07007,"8":3568.6001,"9":3569.78003,"10":3571.78003,"11":3570.30005,"12":3565.6001,"13":3564.59009,"14":3559.08008,"15":3560.6001,"16":3556.1001,"17":3558.78003,"18":3556.80005,"19":3574.19995,"20":3571.18994,"21":3562.19995,"22":3575.80005,"23":3585.56006,"24":3583.19995,"25":3566.82007},"high":{"0":3583.1001,"1":3580.80005,"2":3585.1001,"3":3587.1001,"4":3579.63989,"5":3572.1001,"6":3570.6001,"7":3572.06006,"8":3573.30005,"9":3571.6001,"10":3572.30005,"11":3572.80005,"12":3570.15991,"13":3566.6001,"14":3566.30005,"15":3561.33008,"16":3563.12012,"17":3561.27002,"18":3562.22998,"19":3575.70996,"20":3576.1001,"21":3572.80005,"22":3577.80005,"23":3585.81006,"24":3590.80005,"25":3581.80005},"low":{"0":3573.3501,"1":3574.76001,"2":3579.40991,"3":3579.1001,"4":3569.06006,"5":3567.84009,"6":3565.80005,"7":3566.30005,"8":3567.62012,"9":3567.73999,"10":3568.77002,"11":3568.90991,"12":3564.65991,"13":3563.36011,"14":3558.80005,"15":3555.6001,"16":3555.6001,"17":3552.1001,"18":3556.27002,"19":3556.77002,"20":3569.93994,"21":3562.19995,"22":3563.6001,"23":3572.90991,"24":3583.19995,"25":3566.82007},"close":{"0":3579.30005,"1":3578.80005,"2":3580.5,"3":3584.80005,"4":3579.38989,"5":3570.80005,"6":3568.34009,"7":3568.8501,"8":3570.82007,"9":3568.12012,"10":3569.53003,"11":3571.53003,"12":3569.8999,"13":3565.80005,"14":3563.84009,"15":3559.33008,"16":3561.6001,"17":3556.30005,"18":3560.1001,"19":3557.02002,"20":3574.44995,"21":3570.80005,"22":3564.19995,"23":3576.1001,"24":3584.57007,"25":3581.3999},"volume":{"0":0,"1":0,"2":0,"3":0,"4":0,"5":0,"6":0,"7":0,"8":0,"9":0,"10":0,"11":0,"12":0,"13":0,"14":0,"15":0,"16":0,"17":0,"18":0,"19":0,"20":0,"21":0,"22":0,"23":0,"24":21016903,"25":122930513}}