{"datetime":{"0":1631569500000,"1":1631568600000,"2":1631567700000,"3":1631566800000,"4":1631565900000,"5":1631565000000,"6":1631564100000,"7":1631563200000,"8":1631562300000,"9":1631561400000,"10":1631560500000,"11":1631559600000,"12":1631558700000,"13":1631557800000,"14":1631556900000,"15":1631556000000,"16":1631555100000,"17":1631554200000,"18":1631553300000,"19":1631552400000,"20":1631551500000,"21":1631550600000,"22":1631549700000,"23":1631548800000,"24":1631547900000,"25":1631547000000},"open":{"0":4460.37012,"1":4464.06982,"2":4456.49023,"3":4452.8999,"4":4451.3501,"5":4448.77979,"6":4449.4502,"7":4453.56006,"8":4453.81982,"9":4457.24023,"10":4463.16992,"11":4465.06006,"12":4459.35986,"13":4462.97021,"14":4463.27002,"15":4458.47998,"16":4461.56982,"17":4462.83008,"18":4458.04004,"19":4471.3999,"20":4466.27979,"21":4464.37012,"22":4462.72021,"23":4476.58984,"24":4476.02979,"25":4474.81006},"high":{"0":4469.62012,"1":4466.22021,"2":4464.37012,"3":4457.95996,"4":4454.27979,"5":4451.49023,"6":4451.3501,"7":4457.14014,"8":4455.79004,"9":4457.9502,"10":4463.29004,"11":4467.74023,"12":4465.74023,"13":4464.95996,"14":4466.0,"15":4464.02979,"16":4466.70996,"17":4466.5498,"18":4463.50977,"19":4472.58008,"20":4475.50977,"21":4470.12012,"22":4466.4502,"23":4478.31982,"24":4483.52002,"25":4492.64014},"low":{"0":4458.87012,"1":4460.22021,"2":4454.62988,"3":4445.7002,"4":4449.52979,"5":4445.8999,"6":4447.33984,"7":4449.47021,"8":4451.8999,"9":4453.7998,"10":4456.3999,"11":4463.16016,"12":4458.7002,"13":4458.33984,"14":4459.79004,"15":4455.72021,"16":4458.22021,"17":4461.00977,"18":4453.62988,"19":4457.47021,"20":4466.18994,"21":4459.93994,"22":4459.02002,"23":4460.79004,"24":4472.33008,"25":4473.95996},"close":{"0":4469.12988,"1":4460.35986,"2":4463.99023,"3":4456.41992,"4":4452.9502,"5":4451.31982,"6":4448.6499,"7":4449.47021,"8":4453.58008,"9":4453.83008,"10":4457.18994,"11":4463.16016,"12":4465.0498,"13":4459.35986,"14":4462.97998,"15":4463.24023,"16":4458.47021,"17":4461.54004,"18":4462.89014,"19":4458.18994,"20":4471.33984,"21":4466.12988,"22":4464.24023,"23":4462.81982,"24":4476.37988,"25":4476.1499},"volume":{"0":199688295,"1":84606540,"2":59159604,"3":56175007,"4":42315674,"5":39581418,"6":45167656,"7":43586098,"8":39212515,"9":42166675,"10":40694993,"11":37832376,"12":36958628,"13":41361289,"14":43293087,"15":48945366,"16":896935264,"17":52682484,"18":57498238,"19":67903865,"20":648351749,"21":77400307,"22":88363634,"23":108907508,"24":117413989,"25":125036300}}