{"datetime":{"0":1686260700000,"1":1686259800000,"2":1686258900000,"3":1686258000000,"4":1686257100000,"5":1686256200000,"6":1686255300000,"7":1686254400000,"8":1686253500000,"9":1686252600000,"10":1686251700000,"11":1686250800000,"12":1686249900000,"13":1686249000000,"14":1686248100000,"15":1686247200000,"16":1686246300000,"17":1686245400000,"18":1686244500000,"19":1686243600000,"20":1686242700000,"21":1686241800000,"22":1686240900000,"23":1686240000000,"24":1686239100000,"25":1686238200000},"open":{"0":4295.31006,"1":4292.22998,"2":4292.16016,"3":4291.81006,"4":4293.06006,"5":4288.93994,"6":4285.31006,"7":4284.12012,"8":4282.16992,"9":4286.22998,"10":4289.06982,"11":4288.70996,"12":4289.6499,"13":4293.2002,"14":4284.2002,"15":4282.75977,"16":4284.16016,"17":4284.91016,"18":4282.1499,"19":4282.08984,"20":4277.91992,"21":4276.2002,"22":4273.5,"23":4266.75,"24":4269.0,"25":4268.68994},"high":{"0":4298.00977,"1":4295.3999,"2":4293.6001,"3":4294.47998,"4":4293.1499,"5":4293.06982,"6":4289.12988,"7":4286.1001,"8":4284.04004,"9":4286.83008,"10":4290.33008,"11":4290.24023,"12":4289.70996,"13":4293.3999,"14":4293.72998,"15":4285.1001,"16":4286.0498,"17":4285.47998,"18":4284.8999,"19":4284.08008,"20":4282.56006,"21":4278.77002,"22":4276.68018,"23":4274.68018,"24":4269.0,"25":4272.99023},"low":{"0":4292.58984,"1":4290.72998,"2":4290.5,"3":4291.31006,"4":4290.75977,"5":4288.93994,"6":4285.12012,"7":4282.25,"8":4279.6001,"9":4281.35986,"10":4285.79004,"11":4288.16016,"12":4285.7998,"13":4287.72021,"14":4283.1499,"15":4279.7002,"16":4281.89014,"17":4283.31982,"18":4280.41992,"19":4281.06982,"20":4277.91992,"21":4272.2002,"22":4271.97998,"23":4265.66016,"24":4261.06982,"25":4266.91016},"close":{"0":4293.66016,"1":4295.31006,"2":4292.2002,"3":4292.2002,"4":4291.83008,"5":4293.04004,"6":4288.93018,"7":4285.2998,"8":4284.0,"9":4282.1499,"10":4286.25977,"11":4289.1001,"12":4288.72998,"13":4289.64014,"14":4293.22998,"15":4284.22998,"16":4282.87012,"17":4284.16992,"18":4284.8999,"19":4282.2002,"20":4282.0,"21":4278.02002,"22":4276.16016,"23":4273.41992,"24":4266.7002,"25":4269.02979},"volume":{"0":229333857,"1":88851026,"2":65260029,"3":55978320,"4":48282925,"5":51375524,"6":46907969,"7":44979351,"8":48783299,"9":48097941,"10":46691862,"11":42639233,"12":45782024,"13":52135899,"14":57460542,"15":54141991,"16":65483098,"17":57009437,"18":62591500,"19":670141859,"20":618484005,"21":81924232,"22":78511357,"23":93872534,"24":103031925,"25":147310170}}