{"datetime":{"0":1627508700000,"1":1627507800000,"2":1627506900000,"3":1627506000000,"4":1627505100000,"5":1627504200000,"6":1627503300000,"7":1627502400000,"8":1627501500000,"9":1627500600000,"10":1627499700000,"11":1627498800000,"12":1627497900000,"13":1627497000000,"14":1627496100000,"15":1627495200000,"16":1627494300000,"17":1627493400000,"18":1627492500000,"19":1627491600000,"20":1627490700000,"21":1627489800000,"22":1627488900000,"23":1627488000000,"24":1627487100000,"25":1627486200000},"open":{"0":4409.22021,"1":4408.22021,"2":4409.8501,"3":4410.02002,"4":4409.0,"5":4403.43018,"6":4403.52979,"7":4394.6001,"8":4395.24023,"9":4394.12988,"10":4396.0,"11":4399.1001,"12":4397.06982,"13":4400.83008,"14":4404.47998,"15":4405.22998,"16":4405.3501,"17":4402.62988,"18":4404.02979,"19":4406.12988,"20":4397.33984,"21":4404.43994,"22":4395.33008,"23":4398.77002,"24":4395.75977,"25":4402.9502},"high":{"0":4409.22021,"1":4411.02979,"2":4411.39014,"3":4412.29004,"4":4415.47021,"5":4409.31982,"6":4405.5498,"7":4403.5,"8":4397.72021,"9":4395.56982,"10":4396.27979,"11":4399.91016,"12":4400.02002,"13":4402.81982,"14":4404.47998,"15":4405.9502,"16":4407.18994,"17":4406.54004,"18":4406.72998,"19":4407.60986,"20":4406.00977,"21":4408.24023,"22":4405.77979,"23":4400.43994,"24":4399.81006,"25":4411.14014},"low":{"0":4400.33984,"1":4406.31006,"2":4404.1499,"3":4406.87988,"4":4408.5498,"5":4398.2002,"6":4402.06006,"7":4387.00977,"8":4393.91992,"9":4392.02002,"10":4393.43994,"11":4395.87012,"12":4396.97021,"13":4397.02002,"14":4400.7998,"15":4403.20996,"16":4402.2002,"17":4401.81982,"18":4402.43018,"19":4403.93994,"20":4397.22021,"21":4396.7002,"22":4395.33008,"23":4394.41992,"24":4393.41992,"25":4394.29004},"close":{"0":4400.33984,"1":4409.22021,"2":4408.20996,"3":4409.77002,"4":4410.04004,"5":4408.95996,"6":4403.45996,"7":4403.5,"8":4394.60986,"9":4395.25977,"10":4394.12988,"11":4395.99023,"12":4399.06982,"13":4397.02002,"14":4400.81982,"15":4404.5,"16":4405.16992,"17":4405.3501,"18":4402.70996,"19":4404.10986,"20":4405.64014,"21":4397.41016,"22":4404.29004,"23":4395.41992,"24":4398.68018,"25":4395.77979},"volume":{"0":197968348,"1":84341093,"2":66102682,"3":68287395,"4":66281288,"5":64414119,"6":44700687,"7":65879315,"8":39854436,"9":40590921,"10":46217288,"11":47664650,"12":48013291,"13":51013930,"14":59251702,"15":49383094,"16":55300842,"17":61166281,"18":63988736,"19":66195376,"20":61090625,"21":74348182,"22":87818937,"23":88250205,"24":90133661,"25":130259575}}