{"datetime":{"0":1615239900000,"1":1615239000000,"2":1615238100000,"3":1615237200000,"4":1615236300000,"5":1615235400000,"6":1615234500000,"7":1615233600000,"8":1615232700000,"9":1615231800000,"10":1615230900000,"11":1615230000000,"12":1615229100000,"13":1615228200000,"14":1615227300000,"15":1615226400000,"16":1615225500000,"17":1615224600000,"18":1615223700000,"19":1615222800000,"20":1615221900000,"21":1615221000000,"22":1615220100000,"23":1615219200000,"24":1615218300000,"25":1615217400000},"open":{"0":3845.65991,"1":3836.1001,"2":3841.6001,"3":3851.8999,"4":3849.6001,"5":3862.58008,"6":3858.78003,"7":3846.87012,"8":3866.3999,"9":3878.6001,"10":3878.6001,"11":3872.6001,"12":3875.5,"13":3873.81006,"14":3861.1001,"15":3857.3999,"16":3860.6001,"17":3876.77002,"18":3866.5,"19":3871.55005,"20":3874.69995,"21":3872.97998,"22":3862.1001,"23":3845.3999,"24":3862.80005,"25":3849.19995},"high":{"0":3846.53003,"1":3847.8999,"2":3843.1001,"3":3851.8999,"4":3852.6001,"5":3865.6001,"6":3863.8999,"7":3860.3999,"8":3866.8999,"9":3878.6001,"10":3881.3999,"11":3879.8999,"12":3880.8999,"13":3879.1001,"14":3874.8999,"15":3864.88989,"16":3865.6499,"17":3876.77002,"18":3878.1001,"19":3877.8999,"20":3876.30005,"21":3878.40991,"22":3873.72998,"23":3862.51001,"24":3864.30005,"25":3863.01001},"low":{"0":3819.6001,"1":3835.6001,"2":3832.31006,"3":3836.31006,"4":3844.11011,"5":3847.72998,"6":3854.59009,"7":3846.87012,"8":3847.1001,"9":3866.15991,"10":3875.95996,"11":3871.96997,"12":3871.8999,"13":3872.32007,"14":3857.3999,"15":3855.66992,"16":3856.69995,"17":3860.73999,"18":3863.88989,"19":3864.86011,"20":3866.07007,"21":3867.13989,"22":3858.1001,"23":3838.5,"24":3839.3999,"25":3832.69995},"close":{"0":3822.6001,"1":3844.65991,"2":3836.19995,"3":3841.03003,"4":3852.6001,"5":3849.1001,"6":3862.33008,"7":3858.8999,"8":3848.12012,"9":3866.6001,"10":3878.19995,"11":3878.68994,"12":3871.8999,"13":3875.3999,"14":3873.43994,"15":3861.19995,"16":3856.69995,"17":3860.73999,"18":3876.02002,"19":3866.75,"20":3870.80005,"21":3873.09009,"22":3871.47998,"23":3860.6001,"24":3842.69995,"25":3862.55005},"volume":{"0":0,"1":0,"2":0,"3":0,"4":0,"5":0,"6":0,"7":0,"8":0,"9":0,"10":0,"11":0,"12":0,"13":0,"14":0,"15":0,"16":0,"17":0,"18":0,"19":0,"20":0,"21":0,"22":0,"23":0,"24":0,"25":0}}