{"datetime":{"0":1649367900000,"1":1649361600000,"2":1649360700000,"3":1649359800000,"4":1649358900000,"5":1649357100000,"6":1649356200000,"7":1649347200000,"8":1649346300000},"open":{"0":4517.45996,"1":4489.75,"2":4476.24023,"3":4480.12012,"4":4475.5498,"5":4454.83984,"6":4457.83008,"7":4485.39014,"8":4484.4502},"high":{"0":4521.16016,"1":4492.87012,"2":4490.5498,"3":4482.3501,"4":4481.56982,"5":4456.06982,"6":4459.62012,"7":4491.37012,"8":4485.6001},"low":{"0":4498.83984,"1":4485.99023,"2":4475.68018,"3":4477.31006,"4":4475.33008,"5":4450.70996,"6":4454.7998,"7":4474.3501,"8":4482.27979},"close":{"0":4499.49023,"1":4489.41016,"2":4490.02979,"3":4478.08984,"4":4480.0498,"5":4450.93994,"6":4454.83984,"7":4474.3501,"8":4484.64014},"volume":{"0":243808255,"1":39700839,"2":25163745,"3":37601057,"4":43388483,"5":1193105828,"6":60523454,"7":73955052,"8":38759682}}