{"datetime":{"0":1660686300000,"1":1660685400000,"2":1660684500000,"3":1660683600000,"4":1660682700000,"5":1660681800000,"6":1660680900000,"7":1660680000000,"8":1660679100000,"9":1660678200000,"10":1660677300000,"11":1660676400000,"12":1660675500000,"13":1660674600000,"14":1660673700000,"15":1660672800000,"16":1660671900000,"17":1660671000000,"18":1660670100000,"19":1660669200000,"20":1660668300000,"21":1660667400000,"22":1660666500000,"23":1660665600000,"24":1660664700000,"25":1660663800000},"open":{"0":4304.83984,"1":4303.22021,"2":4296.93994,"3":4299.14014,"4":4300.6499,"5":4320.35986,"6":4323.77002,"7":4318.02979,"8":4315.8501,"9":4311.24023,"10":4310.72021,"11":4306.41992,"12":4305.52979,"13":4308.41016,"14":4310.66016,"15":4310.24023,"16":4302.91992,"17":4299.56006,"18":4294.2998,"19":4283.50977,"20":4284.95996,"21":4286.16992,"22":4290.52002,"23":4292.72021,"24":4290.81006,"25":4290.45996},"high":{"0":4312.22998,"1":4306.74023,"2":4304.37988,"3":4299.14014,"4":4300.6499,"5":4320.37988,"6":4325.02002,"7":4325.27979,"8":4318.68994,"9":4316.87012,"10":4312.99023,"11":4311.29004,"12":4307.39014,"13":4310.56006,"14":4313.04004,"15":4310.79004,"16":4311.56982,"17":4304.04004,"18":4300.22998,"19":4294.18994,"20":4288.56006,"21":4286.16992,"22":4291.83984,"23":4293.18994,"24":4294.72998,"25":4295.58008},"low":{"0":4303.58984,"1":4303.02002,"2":4294.62988,"3":4292.33984,"4":4290.06982,"5":4299.1499,"6":4319.06982,"7":4316.9502,"8":4315.83984,"9":4310.58984,"10":4309.9502,"11":4305.0498,"12":4305.08008,"13":4305.43994,"14":4308.3999,"15":4307.5,"16":4302.06006,"17":4298.4502,"18":4294.08984,"19":4283.10986,"20":4282.3999,"21":4277.77002,"22":4285.5498,"23":4283.35986,"24":4286.1001,"25":4286.62988},"close":{"0":4305.3501,"1":4304.83008,"2":4303.25,"3":4296.9502,"4":4299.10986,"5":4300.72021,"6":4320.33008,"7":4323.81982,"8":4318.02979,"9":4315.85986,"10":4311.10986,"11":4310.70996,"12":4306.41016,"13":4305.5498,"14":4308.5498,"15":4310.64014,"16":4310.37012,"17":4303.02979,"18":4299.75,"19":4294.16992,"20":4283.56982,"21":4285.00977,"22":4286.24023,"23":4290.66992,"24":4292.97998,"25":4290.8501},"volume":{"0":180419917,"1":71056235,"2":55090371,"3":49588191,"4":60224606,"5":58782579,"6":46757246,"7":52605638,"8":44392775,"9":46715601,"10":38435449,"11":40428255,"12":40807681,"13":41949791,"14":52114657,"15":59612721,"16":51901137,"17":56515747,"18":55234260,"19":56530183,"20":59317048,"21":68962899,"22":66095551,"23":76532649,"24":87806686,"25":97939229}}