{"datetime":{"0":1623707100000,"1":1623706200000,"2":1623705300000,"3":1623704400000,"4":1623703500000,"5":1623702600000,"6":1623701700000,"7":1623700800000,"8":1623699900000,"9":1623699000000,"10":1623698100000,"11":1623697200000,"12":1623696300000,"13":1623695400000,"14":1623694500000,"15":1623693600000,"16":1623692700000,"17":1623691800000,"18":1623690900000,"19":1623690000000,"20":1623689100000,"21":1623688200000,"22":1623687300000,"23":1623686400000,"24":1623685500000,"25":1623684600000},"open":{"0":4244.27979,"1":4240.06982,"2":4237.5498,"3":4237.97998,"4":4238.20996,"5":4234.68018,"6":4235.79004,"7":4235.81982,"8":4236.64014,"9":4236.60986,"10":4236.22021,"11":4234.64014,"12":4234.75,"13":4236.91016,"14":4238.37012,"15":4236.8999,"16":4236.81006,"17":4237.60986,"18":4239.66992,"19":4240.49023,"20":4237.49023,"21":4238.49023,"22":4238.0,"23":4242.50977,"24":4242.35986,"25":4248.31006},"high":{"0":4255.02979,"1":4244.47021,"2":4240.06982,"3":4239.37012,"4":4238.58008,"5":4238.27979,"6":4236.37012,"7":4236.74023,"8":4237.93018,"9":4237.8999,"10":4236.62012,"11":4236.24023,"12":4235.52979,"13":4236.91016,"14":4238.7002,"15":4238.62988,"16":4238.08984,"17":4237.74023,"18":4239.77002,"19":4242.83984,"20":4240.97021,"21":4240.66992,"22":4239.83984,"23":4243.00977,"24":4245.52002,"25":4248.31006},"low":{"0":4243.7998,"1":4239.95996,"2":4237.08008,"3":4237.1499,"4":4237.45996,"5":4234.6001,"6":4234.66992,"7":4235.39014,"8":4235.41992,"9":4236.3999,"10":4235.18018,"11":4234.12012,"12":4234.06982,"13":4234.62012,"14":4236.2998,"15":4236.27002,"16":4236.45996,"17":4235.10986,"18":4236.79004,"19":4238.91016,"20":4236.29004,"21":4235.52979,"22":4237.58008,"23":4236.50977,"24":4239.99023,"25":4239.81006},"close":{"0":4255.02979,"1":4244.24023,"2":4240.06982,"3":4237.56982,"4":4237.99023,"5":4238.14014,"6":4234.66992,"7":4235.77002,"8":4235.83008,"9":4236.62988,"10":4236.62012,"11":4236.22998,"12":4234.64014,"13":4234.72998,"14":4236.91016,"15":4238.3501,"16":4236.8999,"17":4236.83008,"18":4237.58984,"19":4239.66992,"20":4240.97021,"21":4237.50977,"22":4238.47021,"23":4238.3999,"24":4242.25977,"25":4242.31982},"volume":{"0":1534607132,"1":80680662,"2":53546348,"3":46931717,"4":1156604123,"5":44823006,"6":45503027,"7":46054731,"8":973009456,"9":34529188,"10":36748238,"11":40214419,"12":815957169,"13":36772053,"14":39896679,"15":43958131,"16":657447934,"17":50147842,"18":50552348,"19":56338162,"20":50264074,"21":56885359,"22":28685296,"23":6043813,"24":90391218,"25":100054358}}