{"datetime":{"0":1605822300000,"1":1605821400000,"2":1605820500000,"3":1605819600000,"4":1605818700000,"5":1605817800000,"6":1605816900000,"7":1605816000000,"8":1605815100000,"9":1605814200000,"10":1605813300000,"11":1605812400000,"12":1605811500000,"13":1605810600000,"14":1605809700000,"15":1605808800000,"16":1605807900000,"17":1605807000000,"18":1605806100000,"19":1605805200000,"20":1605804300000,"21":1605803400000,"22":1605802500000,"23":1605801600000,"24":1605800700000,"25":1605799800000},"open":{"0":3583.32007,"1":3577.71997,"2":3582.62988,"3":3580.27002,"4":3583.13989,"5":3571.0,"6":3571.6001,"7":3569.04004,"8":3564.94995,"9":3565.33008,"10":3561.66992,"11":3559.19995,"12":3559.59009,"13":3562.8999,"14":3565.67993,"15":3562.92993,"16":3561.05005,"17":3565.09009,"18":3559.20996,"19":3563.41992,"20":3566.02002,"21":3555.90991,"22":3559.5,"23":3565.27002,"24":3557.90991,"25":3559.40991},"high":{"0":3584.69995,"1":3585.21997,"2":3582.83008,"3":3582.66992,"4":3583.53003,"5":3584.34009,"6":3571.68994,"7":3571.75,"8":3570.31006,"9":3566.12012,"10":3568.69995,"11":3563.37012,"12":3560.30005,"13":3566.22998,"14":3565.68994,"15":3565.98999,"16":3563.34009,"17":3566.22998,"18":3566.76001,"19":3563.76001,"20":3570.62988,"21":3566.27002,"22":3562.3999,"23":3567.8999,"24":3567.5,"25":3559.40991},"low":{"0":3579.42993,"1":3576.47998,"2":3575.37012,"3":3576.0,"4":3577.92993,"5":3570.95996,"6":3569.07007,"7":3568.07007,"8":3564.93994,"9":3564.29004,"10":3560.58008,"11":3558.54004,"12":3556.25,"13":3559.23999,"14":3559.55005,"15":3561.48999,"16":3558.80005,"17":3557.88989,"18":3559.02002,"19":3558.3999,"20":3563.48999,"21":3555.21997,"22":3552.37012,"23":3558.56006,"24":3557.34009,"25":3543.84009},"close":{"0":3581.90991,"1":3583.47998,"2":3577.72998,"3":3582.6499,"4":3580.26001,"5":3583.15991,"6":3571.0,"7":3571.62012,"8":3569.02002,"9":3564.95996,"10":3565.34009,"11":3561.59009,"12":3559.19995,"13":3559.75,"14":3562.90991,"15":3565.75,"16":3562.95996,"17":3561.08008,"18":3565.22998,"19":3559.19995,"20":3563.48999,"21":3565.98999,"22":3555.95996,"23":3559.47998,"24":3564.88989,"25":3557.87012},"volume":{"0":224696598,"1":100139241,"2":72469556,"3":64497664,"4":57402717,"5":67953784,"6":49496809,"7":45948129,"8":1314430693,"9":43067816,"10":52137050,"11":56299298,"12":1114395249,"13":54654095,"14":52693057,"15":54620623,"16":55673093,"17":61713149,"18":61727487,"19":67352960,"20":665440381,"21":82731389,"22":88001504,"23":94834829,"24":112131839,"25":144159797}}