{"datetime":{"0":1642715100000,"1":1642714200000,"2":1642713300000,"3":1642712400000,"4":1642711500000,"5":1642710600000,"6":1642709700000,"7":1642708800000,"8":1642707900000,"9":1642707000000,"10":1642706100000,"11":1642705200000,"12":1642704300000,"13":1642703400000,"14":1642702500000,"15":1642701600000,"16":1642700700000,"17":1642699800000,"18":1642698900000,"19":1642698000000,"20":1642697100000,"21":1642696200000,"22":1642695300000,"23":1642694400000,"24":1642693500000,"25":1642692600000},"open":{"0":4505.0498,"1":4521.75,"2":4530.89014,"3":4547.75,"4":4549.33984,"5":4558.47998,"6":4563.66992,"7":4567.93018,"8":4572.93018,"9":4572.12012,"10":4575.27979,"11":4582.58008,"12":4591.37988,"13":4589.5498,"14":4588.83984,"15":4590.31006,"16":4585.39014,"17":4594.75,"18":4592.58984,"19":4595.89014,"20":4588.89014,"21":4579.99023,"22":4577.72021,"23":4581.75,"24":4567.99023,"25":4556.27002},"high":{"0":4506.2998,"1":4522.2998,"2":4536.06982,"3":4552.62012,"4":4553.29004,"5":4558.50977,"6":4567.2002,"7":4579.95996,"8":4574.49023,"9":4575.37988,"10":4575.74023,"11":4582.58008,"12":4591.54004,"13":4592.87012,"14":4589.45996,"15":4592.8999,"16":4593.68018,"17":4596.7998,"18":4595.25977,"19":4602.10986,"20":4598.5,"21":4591.54004,"22":4580.91016,"23":4583.58984,"24":4584.04004,"25":4568.2002},"low":{"0":4477.9502,"1":4503.68018,"2":4517.93018,"3":4530.31982,"4":4545.77979,"5":4548.50977,"6":4558.43994,"7":4563.6001,"8":4567.35986,"9":4568.31982,"10":4568.89014,"11":4570.91016,"12":4580.95996,"13":4588.72998,"14":4583.1001,"15":4585.87012,"16":4585.12012,"17":4584.95996,"18":4588.27002,"19":4591.25977,"20":4588.45996,"21":4579.99023,"22":4570.83984,"23":4574.16992,"24":4564.81006,"25":4547.3501},"close":{"0":4482.27002,"1":4505.12988,"2":4521.75977,"3":4530.83008,"4":4547.8501,"5":4549.41992,"6":4558.43994,"7":4563.66016,"8":4567.91016,"9":4572.93018,"10":4572.1001,"11":4575.29004,"12":4582.5498,"13":4591.3501,"14":4589.45996,"15":4588.87012,"16":4590.37988,"17":4585.33008,"18":4594.89014,"19":4592.62012,"20":4595.91016,"21":4588.87012,"22":4580.27979,"23":4577.72021,"24":4581.7002,"25":4567.8999},"volume":{"0":188663957,"1":128063594,"2":97717360,"3":82370150,"4":66094362,"5":63103283,"6":62849053,"7":60214914,"8":45421668,"9":50022915,"10":48576028,"11":52719628,"12":46532533,"13":53814699,"14":61107506,"15":53673759,"16":63640610,"17":66443035,"18":63537225,"19":70439497,"20":80268423,"21":87681806,"22":86242113,"23":104269180,"24":124668893,"25":143403214}}