{"datetime":{"0":1679431500000,"1":1679430600000,"2":1679429700000,"3":1679428800000,"4":1679427900000,"5":1679427000000,"6":1679426100000,"7":1679425200000,"8":1679424300000,"9":1679423400000,"10":1679422500000,"11":1679421600000,"12":1679420700000,"13":1679419800000,"14":1679418900000,"15":1679418000000,"16":1679417100000,"17":1679416200000,"18":1679415300000,"19":1679414400000,"20":1679413500000,"21":1679412600000,"22":1679411700000,"23":1679410800000,"24":1679409900000,"25":1679409000000},"open":{"0":4008.88989,"1":3997.62012,"2":3996.51001,"3":3992.06006,"4":3987.8999,"5":3985.81006,"6":3980.36011,"7":3978.1001,"8":3986.43994,"9":3984.77002,"10":3982.0,"11":3979.47998,"12":3978.05005,"13":3980.6001,"14":3977.88989,"15":3974.34009,"16":3974.96997,"17":3984.38989,"18":3986.67993,"19":3977.73999,"20":3980.31006,"21":3979.63989,"22":3985.97998,"23":3994.59009,"24":3990.54004,"25":3975.88989},"high":{"0":4009.08008,"1":4009.02002,"2":4000.15991,"3":3998.91992,"4":3994.23999,"5":3987.91992,"6":3986.63989,"7":3981.53003,"8":3987.19995,"9":3989.04004,"10":3985.33008,"11":3983.36011,"12":3982.05005,"13":3984.28003,"14":3981.90991,"15":3979.63989,"16":3977.38989,"17":3987.93994,"18":3988.12012,"19":3987.11011,"20":3985.41992,"21":3982.62012,"22":3986.0,"23":3998.51001,"24":3995.12012,"25":3995.61011},"low":{"0":3999.92993,"1":3995.87988,"2":3995.08008,"3":3991.57007,"4":3987.6499,"5":3984.47998,"6":3979.86011,"7":3977.90991,"8":3978.12012,"9":3984.77002,"10":3981.52002,"11":3977.12988,"12":3976.31006,"13":3977.8999,"14":3977.23999,"15":3972.09009,"16":3971.18994,"17":3973.77002,"18":3983.37988,"19":3976.98999,"20":3974.28003,"21":3975.12012,"22":3976.01001,"23":3984.94995,"24":3987.11011,"25":3975.88989},"close":{"0":4002.40991,"1":4008.82007,"2":3997.65991,"3":3996.61011,"4":3992.1001,"5":3987.91992,"6":3985.79004,"7":3980.36011,"8":3978.12988,"9":3986.44995,"10":3984.75,"11":3981.95996,"12":3979.5,"13":3978.02002,"14":3980.80005,"15":3977.94995,"16":3974.42993,"17":3975.09009,"18":3984.41992,"19":3986.66992,"20":3977.59009,"21":3980.21997,"22":3979.61011,"23":3986.0,"24":3994.44995,"25":3990.53003},"volume":{"0":260967424,"1":120365820,"2":85692397,"3":80986557,"4":71047405,"5":67371202,"6":68186392,"7":67487170,"8":70961325,"9":63328710,"10":63829347,"11":1448233294,"12":63021431,"13":63372763,"14":59601421,"15":66336664,"16":75857706,"17":91017080,"18":79847481,"19":80882614,"20":94959503,"21":95284368,"22":111043946,"23":128972398,"24":133305372,"25":142435253}}