{"datetime":{"0":1626385500000,"1":1626384600000,"2":1626383700000,"3":1626382800000,"4":1626381900000,"5":1626381000000,"6":1626380100000,"7":1626379200000,"8":1626378300000,"9":1626377400000,"10":1626376500000,"11":1626375600000,"12":1626374700000,"13":1626373800000,"14":1626372900000,"15":1626372000000,"16":1626371100000,"17":1626370200000,"18":1626369300000,"19":1626368400000,"20":1626367500000,"21":1626366600000,"22":1626365700000,"23":1626364800000,"24":1626363900000,"25":1626363000000},"open":{"0":4355.25,"1":4356.68994,"2":4353.91992,"3":4354.91992,"4":4348.75977,"5":4352.72021,"6":4346.68994,"7":4340.99023,"8":4344.79004,"9":4352.06006,"10":4351.62988,"11":4359.02979,"12":4361.75977,"13":4359.14014,"14":4356.93994,"15":4360.56006,"16":4365.64014,"17":4363.68018,"18":4362.79004,"19":4361.25977,"20":4358.08984,"21":4359.47998,"22":4367.95996,"23":4367.02979,"24":4356.27002,"25":4369.02002},"high":{"0":4359.8501,"1":4361.08008,"2":4357.31006,"3":4356.87988,"4":4355.04004,"5":4352.83984,"6":4353.31006,"7":4347.22021,"8":4347.33008,"9":4352.06006,"10":4354.77979,"11":4359.08008,"12":4362.52002,"13":4361.8999,"14":4359.49023,"15":4360.68018,"16":4366.35986,"17":4366.6001,"18":4363.77002,"19":4363.18994,"20":4362.95996,"21":4366.33984,"22":4368.75,"23":4368.20996,"24":4367.18994,"25":4369.02002},"low":{"0":4355.25,"1":4354.95996,"2":4353.72021,"3":4353.68018,"4":4345.91016,"5":4347.74023,"6":4345.68994,"7":4340.7002,"8":4340.77979,"9":4344.37988,"10":4350.43018,"11":4351.43018,"12":4359.14014,"13":4357.16016,"14":4354.08008,"15":4353.27979,"16":4360.29004,"17":4363.56982,"18":4361.27979,"19":4355.64014,"20":4355.33984,"21":4358.22021,"22":4358.16992,"23":4365.77979,"24":4355.87012,"25":4353.27979},"close":{"0":4359.72998,"1":4355.22998,"2":4356.74023,"3":4353.9502,"4":4354.87012,"5":4348.75977,"6":4352.72021,"7":4346.68994,"8":4341.0498,"9":4344.81006,"10":4352.24023,"11":4351.60986,"12":4359.14014,"13":4361.75977,"14":4359.1001,"15":4356.91992,"16":4360.5,"17":4365.52979,"18":4363.60986,"19":4362.6499,"20":4361.27979,"21":4358.22998,"22":4359.3999,"23":4368.02979,"24":4366.87012,"25":4356.2998},"volume":{"0":162490154,"1":86243080,"2":61020394,"3":50031316,"4":1374216606,"5":43443148,"6":46287626,"7":50080294,"8":58867900,"9":58483615,"10":49945593,"11":51837757,"12":39398354,"13":39673960,"14":45051874,"15":58435295,"16":44893236,"17":46300967,"18":50098581,"19":64861324,"20":71436419,"21":65099853,"22":75975825,"23":76742773,"24":112465079,"25":113152520}}