{"datetime":{"0":1659649500000,"1":1659648600000,"2":1659647700000,"3":1659646800000,"4":1659645900000,"5":1659645000000,"6":1659644100000,"7":1659643200000,"8":1659642300000,"9":1659641400000,"10":1659640500000,"11":1659639600000,"12":1659638700000,"13":1659637800000,"14":1659636900000,"15":1659636000000,"16":1659635100000,"17":1659634200000,"18":1659633300000,"19":1659632400000,"20":1659631500000,"21":1659630600000,"22":1659629700000,"23":1659628800000,"24":1659627900000,"25":1659627000000},"open":{"0":4148.10986,"1":4157.12012,"2":4158.3999,"3":4153.2998,"4":4151.43018,"5":4152.74023,"6":4148.95996,"7":4152.52002,"8":4153.52002,"9":4153.91016,"10":4149.52979,"11":4142.77002,"12":4151.35986,"13":4156.62012,"14":4154.25,"15":4153.47021,"16":4143.64014,"17":4143.89014,"18":4142.68994,"19":4150.54004,"20":4138.99023,"21":4145.9502,"22":4153.02979,"23":4155.45996,"24":4158.06982,"25":4154.8501},"high":{"0":4152.25,"1":4157.16016,"2":4160.62988,"3":4159.31982,"4":4155.66992,"5":4154.3999,"6":4153.43994,"7":4154.41992,"8":4156.68994,"9":4157.18018,"10":4154.9502,"11":4150.18018,"12":4151.52002,"13":4156.68994,"14":4156.87988,"15":4156.81982,"16":4154.64014,"17":4148.1001,"18":4150.83008,"19":4153.0498,"20":4152.77002,"21":4147.72021,"22":4154.87988,"23":4161.29004,"24":4160.66992,"25":4158.68994},"low":{"0":4146.9502,"1":4148.08008,"2":4154.06982,"3":4151.3999,"4":4149.72998,"5":4147.2002,"6":4148.47998,"7":4147.20996,"8":4150.14014,"9":4152.41992,"10":4147.20996,"11":4142.54004,"12":4141.77002,"13":4148.66992,"14":4150.74023,"15":4149.5498,"16":4143.64014,"17":4138.83984,"18":4140.54004,"19":4142.75,"20":4137.81006,"21":4135.41992,"22":4143.83008,"23":4152.1001,"24":4149.52979,"25":4145.16016},"close":{"0":4152.08984,"1":4148.16992,"2":4157.08008,"3":4158.37012,"4":4153.4502,"5":4151.41992,"6":4152.72998,"7":4149.02979,"8":4152.5498,"9":4153.5498,"10":4153.91016,"11":4149.50977,"12":4142.91992,"13":4151.37988,"14":4156.58984,"15":4154.25,"16":4153.4502,"17":4143.58984,"18":4143.83984,"19":4142.75,"20":4150.49023,"21":4138.91992,"22":4146.18018,"23":4152.3501,"24":4155.31006,"25":4158.00977},"volume":{"0":224597039,"1":94160492,"2":68028193,"3":60356141,"4":50520698,"5":49777660,"6":45991001,"7":46312013,"8":42577559,"9":45804993,"10":47669101,"11":47571636,"12":51615910,"13":53071239,"14":55908870,"15":57704947,"16":57406385,"17":63774784,"18":69867355,"19":71343077,"20":77830940,"21":87419866,"22":85056794,"23":97518114,"24":125905287,"25":143082446}}