{"datetime":{"0":1616186700000,"1":1616185800000,"2":1616184900000,"3":1616184000000,"4":1616183100000,"5":1616182200000,"6":1616181300000,"7":1616180400000,"8":1616179500000,"9":1616178600000,"10":1616177700000,"11":1616176800000,"12":1616175900000,"13":1616175000000,"14":1616174100000,"15":1616173200000,"16":1616172300000,"17":1616171400000,"18":1616170500000,"19":1616169600000,"20":1616168700000,"21":1616167800000,"22":1616166900000,"23":1616166000000,"24":1616165100000,"25":1616164200000},"open":{"0":3925.12012,"1":3923.1499,"2":3922.42993,"3":3929.3999,"4":3925.1001,"5":3923.6001,"6":3923.8999,"7":3926.3999,"8":3924.68994,"9":3924.44995,"10":3922.17993,"11":3925.5,"12":3923.11011,"13":3921.32007,"14":3919.46997,"15":3920.56006,"16":3915.3999,"17":3904.59009,"18":3909.08008,"19":3913.86011,"20":3907.04004,"21":3903.03003,"22":3896.63989,"23":3900.45996,"24":3898.02002,"25":3913.13989},"high":{"0":3926.62012,"1":3928.3999,"2":3924.16992,"3":3930.6001,"4":3929.69995,"5":3925.96997,"6":3923.8999,"7":3928.62988,"8":3928.36011,"9":3925.84009,"10":3924.77002,"11":3925.65991,"12":3927.09009,"13":3924.25,"14":3924.40991,"15":3923.76001,"16":3923.6499,"17":3915.42993,"18":3910.92993,"19":3915.1001,"20":3914.22998,"21":3907.82007,"22":3906.02002,"23":3900.54004,"24":3904.37012,"25":3916.33008},"low":{"0":3910.81006,"1":3920.66992,"2":3920.16992,"3":3922.6001,"4":3921.6001,"5":3922.3999,"6":3917.3999,"7":3920.44995,"8":3923.52002,"9":3922.28003,"10":3920.01001,"11":3917.59009,"12":3923.11011,"13":3919.41992,"14":3919.02002,"15":3917.97998,"16":3914.92993,"17":3903.05005,"18":3899.1499,"19":3906.83008,"20":3906.44995,"21":3893.20996,"22":3893.82007,"23":3886.75,"24":3889.41992,"25":3892.30005},"close":{"0":3910.81006,"1":3925.37012,"2":3922.90991,"3":3922.67993,"4":3929.43994,"5":3924.8999,"6":3923.3999,"7":3923.3999,"8":3926.15991,"9":3924.67993,"10":3924.45996,"11":3922.12988,"12":3925.48999,"13":3923.13989,"14":3921.33008,"15":3919.47998,"16":3920.78003,"17":3915.42993,"18":3904.58008,"19":3909.05005,"20":3913.48999,"21":3907.15991,"22":3903.05005,"23":3896.69995,"24":3900.36011,"25":3897.96997},"volume":{"0":0,"1":0,"2":0,"3":0,"4":0,"5":0,"6":0,"7":13636470,"8":44605306,"9":53218618,"10":45683625,"11":48437435,"12":53206119,"13":54549035,"14":54192045,"15":57973944,"16":1187375422,"17":53935355,"18":64134584,"19":69732767,"20":81892478,"21":93708982,"22":88018551,"23":104844418,"24":124669978,"25":160889033}}