{"datetime":{"0":1633556700000,"1":1633555800000,"2":1633554900000,"3":1633554000000,"4":1633553100000,"5":1633552200000,"6":1633551300000,"7":1633550400000,"8":1633549500000,"9":1633548600000,"10":1633547700000,"11":1633546800000,"12":1633545900000,"13":1633545000000,"14":1633544100000,"15":1633543200000,"16":1633542300000,"17":1633541400000,"18":1633540500000,"19":1633539600000,"20":1633538700000,"21":1633537800000,"22":1633536900000,"23":1633536000000,"24":1633535100000,"25":1633534200000},"open":{"0":4352.68018,"1":4353.91992,"2":4349.58008,"3":4347.7002,"4":4357.87988,"5":4354.16016,"6":4352.7002,"7":4339.7998,"8":4339.52002,"9":4326.75,"10":4314.9502,"11":4315.1001,"12":4318.22998,"13":4310.25,"14":4310.20996,"15":4325.00977,"16":4310.72021,"17":4310.43018,"18":4322.12012,"19":4323.89014,"20":4317.1001,"21":4320.68994,"22":4309.68994,"23":4303.70996,"24":4326.7002,"25":4319.56982},"high":{"0":4365.56982,"1":4354.47021,"2":4354.1001,"3":4353.3999,"4":4359.56982,"5":4358.95996,"6":4356.08008,"7":4352.77979,"8":4342.27979,"9":4341.06006,"10":4326.72021,"11":4317.16992,"12":4319.72998,"13":4318.25,"14":4316.02979,"15":4326.02002,"16":4325.93994,"17":4314.00977,"18":4322.41992,"19":4328.25,"20":4324.45996,"21":4328.60986,"22":4324.89014,"23":4309.77979,"24":4327.18018,"25":4327.31006},"low":{"0":4350.89014,"1":4345.75977,"2":4348.47998,"3":4346.81982,"4":4347.60986,"5":4351.93994,"6":4350.66992,"7":4336.02979,"8":4332.95996,"9":4326.66016,"10":4314.62988,"11":4307.49023,"12":4313.3501,"13":4309.06982,"14":4306.70996,"15":4309.81982,"16":4310.16016,"17":4306.12012,"18":4309.5498,"19":4317.27002,"20":4312.75,"21":4316.81006,"22":4298.43018,"23":4290.49023,"24":4302.27979,"25":4306.22998},"close":{"0":4363.25977,"1":4352.75,"2":4353.85986,"3":4349.58008,"4":4347.68018,"5":4357.91016,"6":4354.1499,"7":4352.7002,"8":4339.47998,"9":4339.50977,"10":4326.72021,"11":4314.97998,"12":4314.87012,"13":4318.22998,"14":4310.27979,"15":4310.14014,"16":4325.0498,"17":4310.62988,"18":4310.31006,"19":4322.2002,"20":4323.66016,"21":4317.04004,"22":4320.68994,"23":4309.29004,"24":4303.75,"25":4326.81982},"volume":{"0":162787049,"1":81149749,"2":52440980,"3":51085806,"4":50150633,"5":47180079,"6":47682670,"7":60271465,"8":42582094,"9":52691071,"10":40593083,"11":42769018,"12":39260187,"13":42538139,"14":48075704,"15":70728497,"16":54100674,"17":56884519,"18":55497982,"19":59459469,"20":72928591,"21":76514108,"22":88730813,"23":96510774,"24":110622176,"25":111209820}}