{"datetime":{"0":1656452700000,"1":1656451800000,"2":1656450900000,"3":1656450000000,"4":1656449100000,"5":1656448200000,"6":1656447300000,"7":1656446400000,"8":1656445500000,"9":1656444600000,"10":1656443700000,"11":1656442800000,"12":1656441900000,"13":1656441000000,"14":1656440100000,"15":1656439200000,"16":1656438300000,"17":1656437400000,"18":1656436500000,"19":1656435600000,"20":1656434700000,"21":1656433800000,"22":1656432900000,"23":1656432000000,"24":1656431100000,"25":1656430200000},"open":{"0":3825.12012,"1":3829.90991,"2":3825.62012,"3":3829.73999,"4":3826.01001,"5":3833.1499,"6":3834.95996,"7":3845.11011,"8":3844.76001,"9":3850.02002,"10":3842.73999,"11":3859.76001,"12":3865.1499,"13":3862.93994,"14":3856.37988,"15":3855.69995,"16":3860.48999,"17":3872.78003,"18":3898.62012,"19":3902.29004,"20":3905.16992,"21":3910.69995,"22":3921.02002,"23":3934.0,"24":3940.43994,"25":3913.0},"high":{"0":3827.87012,"1":3832.09009,"2":3833.34009,"3":3832.80005,"4":3834.0,"5":3833.1499,"6":3836.05005,"7":3851.32007,"8":3848.52002,"9":3850.8999,"10":3850.51001,"11":3859.76001,"12":3867.30005,"13":3865.47998,"14":3862.53003,"15":3860.61011,"16":3863.72998,"17":3876.59009,"18":3898.62012,"19":3903.90991,"20":3905.16992,"21":3910.69995,"22":3921.97998,"23":3937.13989,"24":3943.40991,"25":3945.86011},"low":{"0":3820.13989,"1":3823.86011,"2":3824.01001,"3":3821.88989,"4":3825.36011,"5":3821.81006,"6":3830.04004,"7":3834.30005,"8":3843.87988,"9":3841.45996,"10":3840.26001,"11":3841.76001,"12":3857.29004,"13":3854.76001,"14":3849.1499,"15":3848.55005,"16":3854.02002,"17":3859.92993,"18":3872.88989,"19":3896.44995,"20":3892.57007,"21":3898.42993,"22":3909.1499,"23":3913.47998,"24":3931.33008,"25":3913.0},"close":{"0":3821.80005,"1":3825.25,"2":3829.95996,"3":3825.62012,"4":3829.68994,"5":3826.02002,"6":3833.15991,"7":3835.04004,"8":3845.06006,"9":3844.75,"10":3849.98999,"11":3842.82007,"12":3859.78003,"13":3865.12012,"14":3862.52002,"15":3856.62012,"16":3855.79004,"17":3860.47998,"18":3872.88989,"19":3898.6001,"20":3902.29004,"21":3905.1001,"22":3910.90991,"23":3921.20996,"24":3934.1499,"25":3940.17993},"volume":{"0":186459090,"1":94747756,"2":67000742,"3":57689954,"4":48701887,"5":48659655,"6":45475506,"7":48911781,"8":41791449,"9":41163811,"10":1255648650,"11":52718289,"12":45077116,"13":50387171,"14":61686518,"15":60033729,"16":62472747,"17":65843298,"18":72497787,"19":59061784,"20":697516428,"21":76482095,"22":80041169,"23":104511415,"24":113452405,"25":144245812}}