{"datetime":{"0":1675201500000,"1":1675200600000,"2":1675199700000,"3":1675198800000,"4":1675197900000,"5":1675197000000,"6":1675196100000,"7":1675195200000,"8":1675194300000,"9":1675193400000,"10":1675192500000,"11":1675191600000,"12":1675190700000,"13":1675189800000,"14":1675188900000,"15":1675188000000,"16":1675187100000,"17":1675186200000,"18":1675185300000,"19":1675184400000,"20":1675183500000,"21":1675182600000,"22":1675181700000,"23":1675180800000,"24":1675179900000,"25":1675179000000},"open":{"0":4059.95996,"1":4049.77002,"2":4053.94995,"3":4057.1499,"4":4056.62012,"5":4055.40991,"6":4055.94995,"7":4054.47998,"8":4049.55005,"9":4049.12988,"10":4049.63989,"11":4049.21997,"12":4050.16992,"13":4046.53003,"14":4041.01001,"15":4042.86011,"16":4042.41992,"17":4043.87012,"18":4041.37012,"19":4041.23999,"20":4040.46997,"21":4038.95996,"22":4032.65991,"23":4024.12012,"24":4026.61011,"25":4020.8501},"high":{"0":4076.83008,"1":4059.92993,"2":4054.09009,"3":4060.48999,"4":4059.3999,"5":4057.53003,"6":4056.18994,"7":4057.32007,"8":4054.88989,"9":4050.68994,"10":4049.91992,"11":4050.91992,"12":4050.90991,"13":4050.86011,"14":4048.32007,"15":4043.12012,"16":4045.22998,"17":4047.18994,"18":4045.08008,"19":4046.3999,"20":4045.13989,"21":4041.20996,"22":4039.23999,"23":4033.36011,"24":4035.17993,"25":4031.48999},"low":{"0":4059.6499,"1":4049.72998,"2":4049.07007,"3":4052.79004,"4":4056.07007,"5":4053.84009,"6":4053.52002,"7":4054.37988,"8":4049.22998,"9":4047.28003,"10":4045.68994,"11":4047.81006,"12":4048.07007,"13":4044.87012,"14":4041.01001,"15":4037.62988,"16":4039.94995,"17":4042.3501,"18":4040.28003,"19":4040.5,"20":4038.03003,"21":4036.65991,"22":4030.6499,"23":4021.12988,"24":4023.3999,"25":4020.43994},"close":{"0":4076.61011,"1":4059.92993,"2":4049.71997,"3":4053.93994,"4":4057.1001,"5":4056.61011,"6":4055.42993,"7":4055.91992,"8":4054.46997,"9":4049.55005,"10":4049.12988,"11":4049.65991,"12":4049.21997,"13":4050.1499,"14":4046.53003,"15":4040.8999,"16":4042.86011,"17":4042.3501,"18":4043.90991,"19":4041.33008,"20":4041.05005,"21":4040.40991,"22":4038.83008,"23":4032.42993,"24":4025.27002,"25":4026.87988},"volume":{"0":309275554,"1":97600547,"2":73251793,"3":68082686,"4":55416148,"5":52662339,"6":53075065,"7":52296669,"8":49842869,"9":47469382,"10":45908063,"11":45749436,"12":44641071,"13":48579710,"14":50940080,"15":52118522,"16":55300336,"17":60344672,"18":59894452,"19":731907374,"20":721610359,"21":73211699,"22":84637719,"23":100300369,"24":134643219,"25":131282727}}