{"datetime":{"0":1672177500000,"1":1672176600000,"2":1672175700000,"3":1672174800000,"4":1672173900000,"5":1672173000000,"6":1672172100000,"7":1672171200000,"8":1672170300000,"9":1672169400000,"10":1672168500000,"11":1672167600000,"12":1672166700000,"13":1672165800000,"14":1672164900000,"15":1672164000000,"16":1672163100000,"17":1672162200000,"18":1672161300000,"19":1672160400000,"20":1672159500000,"21":1672158600000,"22":1672157700000,"23":1672156800000,"24":1672155900000,"25":1672155000000},"open":{"0":3835.90991,"1":3835.6001,"2":3833.90991,"3":3828.94995,"4":3823.36011,"5":3823.37012,"6":3829.05005,"7":3827.57007,"8":3834.5,"9":3835.47998,"10":3839.87012,"11":3836.61011,"12":3834.05005,"13":3837.33008,"14":3845.41992,"15":3839.03003,"16":3843.12988,"17":3838.84009,"18":3837.66992,"19":3834.79004,"20":3841.8999,"21":3840.1499,"22":3827.96997,"23":3821.43994,"24":3828.0,"25":3843.34009},"high":{"0":3835.90991,"1":3839.26001,"2":3836.53003,"3":3833.88989,"4":3830.38989,"5":3825.80005,"6":3829.13989,"7":3832.12988,"8":3834.5,"9":3835.71997,"10":3840.41992,"11":3841.34009,"12":3836.77002,"13":3839.8501,"14":3845.44995,"15":3846.51001,"16":3844.1001,"17":3843.47998,"18":3839.3999,"19":3839.1499,"20":3846.57007,"21":3844.53003,"22":3844.48999,"23":3828.05005,"24":3828.0,"25":3845.13989},"low":{"0":3826.91992,"1":3834.6499,"2":3832.71997,"3":3827.45996,"4":3823.33008,"5":3821.20996,"6":3822.61011,"7":3827.06006,"8":3826.76001,"9":3833.32007,"10":3835.44995,"11":3836.22998,"12":3831.13989,"13":3833.90991,"14":3836.94995,"15":3839.03003,"16":3838.78003,"17":3835.92993,"18":3832.83008,"19":3832.90991,"20":3834.53003,"21":3835.40991,"22":3825.16992,"23":3813.21997,"24":3817.1001,"25":3824.88989},"close":{"0":3829.37988,"1":3836.16992,"2":3835.55005,"3":3833.88989,"4":3828.92993,"5":3823.33008,"6":3823.38989,"7":3828.86011,"8":3827.55005,"9":3834.48999,"10":3835.5,"11":3839.81006,"12":3836.59009,"13":3834.12012,"14":3837.3501,"15":3845.38989,"16":3838.97998,"17":3843.12012,"18":3838.76001,"19":3837.53003,"20":3835.13989,"21":3841.91992,"22":3840.12988,"23":3828.02002,"24":3820.72998,"25":3827.95996},"volume":{"0":177144895,"1":75158702,"2":57653064,"3":47529976,"4":46227066,"5":40418654,"6":41007261,"7":35232915,"8":43540829,"9":34597745,"10":35898745,"11":35618831,"12":36288477,"13":39744888,"14":39730197,"15":39071883,"16":40949903,"17":48375042,"18":593300724,"19":51590396,"20":56901292,"21":56079859,"22":71067951,"23":67898298,"24":75729576,"25":82550891}}