{"datetime":{"0":1628199900000,"1":1628199000000,"2":1628198100000,"3":1628197200000,"4":1628196300000,"5":1628195400000,"6":1628194500000,"7":1628193600000,"8":1628192700000,"9":1628191800000,"10":1628190900000,"11":1628190000000,"12":1628189100000,"13":1628188200000,"14":1628187300000,"15":1628186400000,"16":1628185500000,"17":1628184600000,"18":1628183700000,"19":1628182800000,"20":1628181900000,"21":1628181000000,"22":1628180100000,"23":1628179200000,"24":1628178300000,"25":1628177400000},"open":{"0":4423.72998,"1":4420.08008,"2":4419.85986,"3":4419.24023,"4":4420.27979,"5":4420.27979,"6":4420.3501,"7":4421.77002,"8":4419.77979,"9":4419.5,"10":4417.87988,"11":4416.62988,"12":4417.58984,"13":4419.87988,"14":4421.87012,"15":4420.62012,"16":4420.8999,"17":4422.33008,"18":4421.66992,"19":4421.58008,"20":4418.33984,"21":4416.18018,"22":4419.47998,"23":4418.83008,"24":4416.52979,"25":4408.85986},"high":{"0":4429.75977,"1":4423.9502,"2":4420.49023,"3":4421.1499,"4":4420.37012,"5":4421.37012,"6":4421.37012,"7":4422.93994,"8":4421.75,"9":4420.25977,"10":4419.77002,"11":4417.93018,"12":4418.18994,"13":4420.87012,"14":4422.08984,"15":4421.89014,"16":4421.77979,"17":4423.02002,"18":4423.0498,"19":4422.83008,"20":4422.4502,"21":4418.72021,"22":4420.41992,"23":4420.02002,"24":4418.56982,"25":4417.81006},"low":{"0":4422.85986,"1":4419.7002,"2":4418.56006,"3":4418.87012,"4":4418.72998,"5":4419.3999,"6":4419.93994,"7":4420.22021,"8":4419.58984,"9":4419.22021,"10":4417.33008,"11":4415.97021,"12":4416.58008,"13":4417.4502,"14":4419.62012,"15":4419.31982,"16":4419.87012,"17":4420.24023,"18":4419.74023,"19":4420.4502,"20":4417.9502,"21":4415.74023,"22":4415.31982,"23":4417.47021,"24":4414.87012,"25":4408.85986},"close":{"0":4429.02002,"1":4423.75,"2":4420.08008,"3":4419.87988,"4":4419.24023,"5":4420.33008,"6":4420.27979,"7":4420.3501,"8":4421.75,"9":4419.7998,"10":4419.50977,"11":4417.8999,"12":4416.64014,"13":4417.56006,"14":4419.87012,"15":4421.89014,"16":4420.62988,"17":4420.89014,"18":4422.33008,"19":4421.66016,"20":4421.58984,"21":4418.33984,"22":4416.18994,"23":4419.41992,"24":4418.56982,"25":4416.54004},"volume":{"0":146545560,"1":85450924,"2":54618846,"3":44152260,"4":42302907,"5":41716344,"6":39778394,"7":40904083,"8":40901166,"9":38675175,"10":40733830,"11":40822193,"12":42766193,"13":47620882,"14":46740020,"15":51559964,"16":51529996,"17":856430565,"18":70921027,"19":65776680,"20":69349557,"21":83333402,"22":85727030,"23":94298584,"24":109027982,"25":135976124}}