{"datetime":{"0":1691444700000,"1":1691443800000,"2":1691442900000,"3":1691442000000,"4":1691441100000,"5":1691440200000,"6":1691439300000,"7":1691438400000,"8":1691437500000,"9":1691436600000,"10":1691435700000,"11":1691434800000,"12":1691433900000,"13":1691433000000,"14":1691432100000,"15":1691431200000,"16":1691430300000,"17":1691429400000,"18":1691428500000,"19":1691427600000,"20":1691426700000,"21":1691425800000,"22":1691424900000,"23":1691424000000,"24":1691423100000,"25":1691422200000},"open":{"0":4511.68018,"1":4508.97021,"2":4510.74023,"3":4512.52002,"4":4511.00977,"5":4507.66016,"6":4510.2998,"7":4513.27979,"8":4509.00977,"9":4507.83008,"10":4507.8501,"11":4507.87988,"12":4503.3501,"13":4507.22021,"14":4505.9502,"15":4506.47021,"16":4500.54004,"17":4498.02002,"18":4501.5,"19":4502.10986,"20":4504.9502,"21":4507.2002,"22":4501.64014,"23":4496.0,"24":4494.93994,"25":4491.58008},"high":{"0":4519.83984,"1":4513.27979,"2":4512.10986,"3":4515.18018,"4":4513.72021,"5":4513.9502,"6":4512.49023,"7":4516.12988,"8":4513.27002,"9":4510.18994,"10":4510.35986,"11":4510.7002,"12":4509.2002,"13":4507.75,"14":4507.93018,"15":4507.83984,"16":4507.68994,"17":4501.1499,"18":4502.56006,"19":4503.87012,"20":4506.47021,"21":4510.16016,"22":4508.50977,"23":4503.58984,"24":4502.52002,"25":4507.72021},"low":{"0":4510.0,"1":4507.8501,"2":4508.68994,"3":4510.52002,"4":4510.54004,"5":4507.66016,"6":4506.58008,"7":4510.31982,"8":4506.54004,"9":4506.75977,"10":4507.06982,"11":4506.93018,"12":4501.99023,"13":4501.41992,"14":4502.97998,"15":4505.41016,"16":4499.79004,"17":4494.0,"18":4495.18994,"19":4497.0498,"20":4500.47998,"21":4503.41016,"22":4501.58008,"23":4491.1499,"24":4493.64014,"25":4491.58008},"close":{"0":4518.31006,"1":4511.66992,"2":4508.83008,"3":4510.77979,"4":4512.5,"5":4511.02979,"6":4507.50977,"7":4510.31982,"8":4513.22021,"9":4509.0,"10":4507.66992,"11":4507.74023,"12":4507.83984,"13":4503.25977,"14":4507.24023,"15":4506.02979,"16":4506.41992,"17":4500.5,"18":4497.9502,"19":4501.52002,"20":4502.08008,"21":4504.9502,"22":4507.16016,"23":4501.6001,"24":4496.12988,"25":4494.9502},"volume":{"0":209911790,"1":81578061,"2":59923100,"3":53363117,"4":42710398,"5":42499885,"6":43533350,"7":44710687,"8":47909949,"9":44817355,"10":48023654,"11":45308825,"12":50680920,"13":46759576,"14":42014990,"15":50210697,"16":49879502,"17":57126597,"18":61339867,"19":624116613,"20":66173961,"21":71761303,"22":73653109,"23":84774011,"24":93656588,"25":110591725}}