{"datetime":{"0":1640987100000,"1":1640986200000,"2":1640985300000,"3":1640984400000,"4":1640983500000,"5":1640982600000,"6":1640981700000,"7":1640980800000,"8":1640979900000,"9":1640979000000,"10":1640978100000,"11":1640977200000,"12":1640976300000,"13":1640975400000,"14":1640974500000,"15":1640973600000,"16":1640972700000,"17":1640971800000,"18":1640970900000,"19":1640970000000,"20":1640969100000,"21":1640968200000,"22":1640967300000,"23":1640966400000,"24":1640965500000,"25":1640964600000},"open":{"0":4782.3999,"1":4782.95996,"2":4778.25,"3":4777.3501,"4":4780.72021,"5":4779.00977,"6":4781.12012,"7":4781.31006,"8":4777.77979,"9":4781.08984,"10":4780.02979,"11":4779.35986,"12":4775.20996,"13":4770.47998,"14":4771.89014,"15":4772.22998,"16":4776.56982,"17":4777.58008,"18":4774.87988,"19":4775.99023,"20":4772.66016,"21":4778.45996,"22":4775.91016,"23":4775.02979,"24":4779.02002,"25":4773.97021},"high":{"0":4784.99023,"1":4784.12012,"2":4783.47998,"3":4782.1001,"4":4780.75977,"5":4781.45996,"6":4781.12988,"7":4784.3501,"8":4781.25977,"9":4782.93994,"10":4781.33008,"11":4781.47998,"12":4779.50977,"13":4775.56982,"14":4771.91016,"15":4774.64014,"16":4777.37012,"17":4777.75977,"18":4777.99023,"19":4777.20996,"20":4776.24023,"21":4778.87012,"22":4780.99023,"23":4779.24023,"24":4781.87012,"25":4786.83008},"low":{"0":4765.75,"1":4778.25977,"2":4777.72998,"3":4777.3501,"4":4776.0498,"5":4778.79004,"6":4776.93994,"7":4780.75977,"8":4777.2002,"9":4777.77979,"10":4779.16016,"11":4779.04004,"12":4773.08984,"13":4769.62012,"14":4768.31006,"15":4770.27002,"16":4771.8999,"17":4773.91016,"18":4774.20996,"19":4772.0,"20":4770.10986,"21":4769.91992,"22":4775.27002,"23":4768.29004,"24":4773.68018,"25":4773.97021},"close":{"0":4766.1001,"1":4782.4502,"2":4782.93994,"3":4778.24023,"4":4777.35986,"5":4780.70996,"6":4779.10986,"7":4781.12012,"8":4781.22998,"9":4777.7998,"10":4781.1499,"11":4780.04004,"12":4779.33984,"13":4775.2002,"14":4770.43018,"15":4771.93018,"16":4772.22998,"17":4776.58008,"18":4777.45996,"19":4774.83984,"20":4775.8999,"21":4772.6499,"22":4778.43994,"23":4775.8501,"24":4775.22021,"25":4778.91016},"volume":{"0":130770944,"1":58963201,"2":40762491,"3":37788016,"4":29833697,"5":26971736,"6":27456958,"7":28152237,"8":26579639,"9":25944431,"10":23601519,"11":24543521,"12":27101713,"13":26291532,"14":30365625,"15":27564970,"16":29142894,"17":28991868,"18":33631724,"19":37140476,"20":37250508,"21":39090404,"22":43130620,"23":49000308,"24":61890724,"25":66259110}}