{"datetime":{"0":1656020700000,"1":1656019800000,"2":1656018900000,"3":1656018000000,"4":1656017100000,"5":1656016200000,"6":1656015300000,"7":1656014400000,"8":1656013500000,"9":1656012600000,"10":1656011700000,"11":1656010800000,"12":1656009900000,"13":1656009000000,"14":1656008100000,"15":1656007200000,"16":1656006300000,"17":1656005400000,"18":1656004500000,"19":1656003600000,"20":1656002700000,"21":1656001800000,"22":1656000900000,"23":1656000000000,"24":1655999100000,"25":1655998200000},"open":{"0":3792.41992,"1":3784.1499,"2":3779.67993,"3":3775.67993,"4":3775.63989,"5":3769.15991,"6":3763.11011,"7":3762.80005,"8":3751.84009,"9":3753.12988,"10":3754.27002,"11":3749.86011,"12":3753.11011,"13":3761.30005,"14":3760.09009,"15":3766.46997,"16":3774.67993,"17":3783.78003,"18":3793.37012,"19":3792.47998,"20":3786.93994,"21":3777.98999,"22":3773.72998,"23":3784.78003,"24":3779.20996,"25":3774.70996},"high":{"0":3802.58008,"1":3796.1001,"2":3786.15991,"3":3780.86011,"4":3775.87012,"5":3778.97998,"6":3769.72998,"7":3765.48999,"8":3763.72998,"9":3757.58008,"10":3759.72998,"11":3756.76001,"12":3754.26001,"13":3762.65991,"14":3768.1001,"15":3767.68994,"16":3776.77002,"17":3786.51001,"18":3793.47998,"19":3795.88989,"20":3794.86011,"21":3791.6001,"22":3785.37012,"23":3789.06006,"24":3785.17993,"25":3785.61011},"low":{"0":3791.37988,"1":3784.07007,"2":3774.87012,"3":3771.96997,"4":3772.38989,"5":3769.08008,"6":3760.22998,"7":3760.75,"8":3750.72998,"9":3748.71997,"10":3751.53003,"11":3743.52002,"12":3746.1499,"13":3750.6001,"14":3758.16992,"15":3754.09009,"16":3765.8999,"17":3769.51001,"18":3782.73999,"19":3782.36011,"20":3784.69995,"21":3773.34009,"22":3772.32007,"23":3768.37988,"24":3763.3999,"25":3771.97998},"close":{"0":3795.95996,"1":3792.56006,"2":3784.33008,"3":3779.6001,"4":3775.57007,"5":3775.69995,"6":3769.12988,"7":3762.96997,"8":3762.83008,"9":3751.86011,"10":3753.25,"11":3754.23999,"12":3749.83008,"13":3753.19995,"14":3761.34009,"15":3760.01001,"16":3766.30005,"17":3774.77002,"18":3783.76001,"19":3793.68994,"20":3792.48999,"21":3787.13989,"22":3777.88989,"23":3773.68994,"24":3784.92993,"25":3779.21997},"volume":{"0":249849164,"1":123366825,"2":82171667,"3":73150372,"4":56868043,"5":68477016,"6":58189978,"7":63009007,"8":57619000,"9":49301605,"10":60344110,"11":64610834,"12":63395022,"13":66101641,"14":65189504,"15":75889578,"16":62469204,"17":76960312,"18":70937636,"19":70259807,"20":706009656,"21":89814101,"22":82537049,"23":95028570,"24":131261044,"25":173255345}}