{"datetime":{"0":1628027100000,"1":1628026200000,"2":1628025300000,"3":1628024400000,"4":1628023500000,"5":1628022600000,"6":1628021700000,"7":1628020800000,"8":1628019900000,"9":1628019000000,"10":1628018100000,"11":1628017200000,"12":1628016300000,"13":1628015400000,"14":1628014500000,"15":1628013600000,"16":1628012700000,"17":1628011800000,"18":1628010900000,"19":1628010000000,"20":1628009100000,"21":1628008200000,"22":1628007300000,"23":1628006400000,"24":1628005500000,"25":1628004600000},"open":{"0":4418.7998,"1":4420.56982,"2":4417.93994,"3":4416.41992,"4":4417.58984,"5":4416.70996,"6":4416.24023,"7":4413.87012,"8":4411.83008,"9":4412.56982,"10":4413.56006,"11":4409.77979,"12":4407.74023,"13":4404.41016,"14":4406.29004,"15":4409.25977,"16":4407.06982,"17":4389.16016,"18":4386.22998,"19":4386.52002,"20":4385.68018,"21":4389.7998,"22":4375.60986,"23":4376.0,"24":4387.4502,"25":4392.74023},"high":{"0":4423.79004,"1":4422.12012,"2":4421.6001,"3":4420.52002,"4":4417.87988,"5":4417.83008,"6":4417.41992,"7":4418.08008,"8":4414.50977,"9":4414.27979,"10":4414.43018,"11":4414.45996,"12":4409.8501,"13":4409.10986,"14":4408.0498,"15":4410.08008,"16":4410.04004,"17":4407.8501,"18":4389.29004,"19":4390.27979,"20":4392.75,"21":4390.02979,"22":4391.20996,"23":4382.0,"24":4388.72021,"25":4398.08008},"low":{"0":4417.89014,"1":4418.83984,"2":4417.93994,"3":4416.41992,"4":4413.83984,"5":4416.04004,"6":4415.56006,"7":4410.4502,"8":4411.58984,"9":4411.8501,"10":4411.7002,"11":4409.77979,"12":4406.5,"13":4403.75,"14":4402.8999,"15":4406.25977,"16":4405.5498,"17":4389.08984,"18":4382.10986,"19":4384.25,"20":4383.4502,"21":4382.18994,"22":4374.72021,"23":4373.0,"24":4375.35986,"25":4386.79004},"close":{"0":4423.47021,"1":4418.83984,"2":4420.56006,"3":4417.9502,"4":4416.4502,"5":4417.56006,"6":4416.74023,"7":4416.45996,"8":4413.8501,"9":4411.93018,"10":4412.56006,"11":4413.52002,"12":4409.77002,"13":4407.72998,"14":4404.33984,"15":4406.31982,"16":4409.27979,"17":4407.27002,"18":4389.18018,"19":4386.1001,"20":4386.56006,"21":4385.79004,"22":4389.97998,"23":4375.6499,"24":4375.77979,"25":4387.43018},"volume":{"0":1903224258,"1":87493065,"2":61177776,"3":57776569,"4":49874572,"5":48829605,"6":47191809,"7":50272742,"8":49578821,"9":51610355,"10":49998754,"11":48620538,"12":49029947,"13":45737522,"14":48935400,"15":55223837,"16":63513807,"17":81752260,"18":67989457,"19":67146366,"20":78640398,"21":81709084,"22":90901386,"23":105080530,"24":125215199,"25":133691396}}