{"datetime":{"0":1670881500000,"1":1670880600000,"2":1670879700000,"3":1670878800000,"4":1670877900000,"5":1670877000000,"6":1670876100000,"7":1670875200000,"8":1670874300000,"9":1670873400000,"10":1670872500000,"11":1670871600000,"12":1670870700000,"13":1670869800000,"14":1670868900000,"15":1670868000000,"16":1670867100000,"17":1670866200000,"18":1670865300000,"19":1670864400000,"20":1670863500000,"21":1670862600000,"22":1670861700000,"23":1670860800000,"24":1670859900000,"25":1670859000000},"open":{"0":3981.1001,"1":3981.94995,"2":3972.96997,"3":3968.48999,"4":3961.15991,"5":3958.68994,"6":3958.02002,"7":3959.58008,"8":3958.84009,"9":3955.55005,"10":3952.62012,"11":3958.34009,"12":3957.51001,"13":3954.56006,"14":3952.80005,"15":3955.12988,"16":3951.70996,"17":3954.42993,"18":3953.79004,"19":3946.56006,"20":3947.44995,"21":3945.27002,"22":3944.55005,"23":3946.87988,"24":3938.93994,"25":3939.29004},"high":{"0":3990.45996,"1":3987.81006,"2":3983.31006,"3":3977.6499,"4":3969.69995,"5":3962.08008,"6":3959.97998,"7":3960.66992,"8":3962.21997,"9":3958.97998,"10":3955.93994,"11":3963.12012,"12":3959.62012,"13":3959.72998,"14":3956.82007,"15":3958.87988,"16":3955.18994,"17":3954.66992,"18":3957.25,"19":3956.44995,"20":3947.62012,"21":3947.58008,"22":3947.6001,"23":3949.11011,"24":3948.25,"25":3945.65991},"low":{"0":3979.97998,"1":3981.1001,"2":3972.8999,"3":3968.48999,"4":3960.90991,"5":3956.21997,"6":3955.29004,"7":3955.48999,"8":3958.12012,"9":3955.44995,"10":3952.22998,"11":3952.33008,"12":3956.02002,"13":3953.34009,"14":3952.38989,"15":3952.66992,"16":3951.6499,"17":3949.8999,"18":3951.78003,"19":3944.92993,"20":3941.47998,"21":3942.97998,"22":3939.41992,"23":3943.38989,"24":3937.76001,"25":3935.30005},"close":{"0":3990.29004,"1":3981.1001,"2":3981.95996,"3":3972.88989,"4":3968.52002,"5":3961.1499,"6":3958.72998,"7":3958.03003,"8":3959.59009,"9":3958.83008,"10":3955.54004,"11":3952.6001,"12":3958.37012,"13":3957.46997,"14":3954.58008,"15":3952.87012,"16":3955.12988,"17":3951.66992,"18":3954.45996,"19":3953.88989,"20":3946.5,"21":3947.3999,"22":3945.33008,"23":3944.54004,"24":3946.69995,"25":3938.67993},"volume":{"0":249015235,"1":101813383,"2":80726265,"3":72656113,"4":61591448,"5":50632275,"6":48168070,"7":49453945,"8":49864782,"9":44697272,"10":48092254,"11":50900730,"12":40000867,"13":45499246,"14":46339332,"15":48043718,"16":51519636,"17":54125029,"18":58255239,"19":70309115,"20":583283755,"21":70667860,"22":68994362,"23":79026172,"24":90980385,"25":85201126}}