{"datetime":{"0":1682113500000,"1":1682112600000,"2":1682111700000,"3":1682110800000,"4":1682109900000,"5":1682109000000,"6":1682108100000,"7":1682107200000,"8":1682106300000,"9":1682105400000,"10":1682104500000,"11":1682103600000,"12":1682102700000,"13":1682101800000,"14":1682100900000,"15":1682100000000,"16":1682099100000,"17":1682098200000,"18":1682097300000,"19":1682096400000,"20":1682095500000,"21":1682094600000,"22":1682093700000,"23":1682092800000,"24":1682091900000,"25":1682091000000},"open":{"0":4128.47021,"1":4129.74023,"2":4126.91016,"3":4131.7998,"4":4131.20996,"5":4134.75,"6":4137.16992,"7":4133.74023,"8":4132.68018,"9":4126.79004,"10":4129.08984,"11":4127.93994,"12":4125.74023,"13":4126.18994,"14":4128.14014,"15":4128.83008,"16":4127.91016,"17":4124.64014,"18":4124.62988,"19":4119.56006,"20":4117.00977,"21":4132.47021,"22":4126.33008,"23":4121.41992,"24":4131.3501,"25":4132.14014},"high":{"0":4135.18018,"1":4131.74023,"2":4129.79004,"3":4133.3501,"4":4131.99023,"5":4135.9502,"6":4137.99023,"7":4138.02002,"8":4135.20996,"9":4134.00977,"10":4129.68994,"11":4131.56006,"12":4129.06982,"13":4127.45996,"14":4130.97021,"15":4131.43994,"16":4128.87012,"17":4130.4502,"18":4126.29004,"19":4127.6001,"20":4120.29004,"21":4134.06006,"22":4135.62988,"23":4126.77002,"24":4134.16992,"25":4134.68018},"low":{"0":4126.8999,"1":4127.6499,"2":4126.62012,"3":4125.77979,"4":4129.0498,"5":4130.16992,"6":4133.9502,"7":4133.74023,"8":4131.9502,"9":4126.79004,"10":4125.16016,"11":4127.47021,"12":4125.37988,"13":4124.49023,"14":4125.72998,"15":4125.77979,"16":4120.3501,"17":4123.66016,"18":4122.52979,"19":4119.31982,"20":4113.85986,"21":4116.89014,"22":4125.2002,"23":4116.50977,"24":4121.2998,"25":4129.68018},"close":{"0":4133.56006,"1":4128.41992,"2":4129.72998,"3":4126.91016,"4":4131.7998,"5":4131.16992,"6":4134.75,"7":4137.20996,"8":4133.72021,"9":4132.68994,"10":4126.77979,"11":4129.06982,"12":4127.87988,"13":4125.72998,"14":4126.18018,"15":4128.12988,"16":4128.66992,"17":4127.87012,"18":4124.62988,"19":4124.62988,"20":4119.41016,"21":4117.04004,"22":4132.3999,"23":4126.35986,"24":4121.66992,"25":4131.2998},"volume":{"0":235172004,"1":90773628,"2":61028356,"3":54905176,"4":45100252,"5":45756228,"6":45410391,"7":47979185,"8":49411544,"9":50986823,"10":51852145,"11":45148456,"12":43359538,"13":45236111,"14":44974403,"15":47834156,"16":53153450,"17":59483901,"18":809956748,"19":694939317,"20":75414382,"21":79459751,"22":80047328,"23":93196790,"24":98803649,"25":126988226}}