{"datetime":{"0":1598564700000,"1":1598563800000,"2":1598562900000,"3":1598562000000,"4":1598561100000,"5":1598560200000,"6":1598559300000,"7":1598558400000,"8":1598557500000,"9":1598556600000,"10":1598555700000,"11":1598554800000,"12":1598553900000,"13":1598553000000,"14":1598552100000,"15":1598551200000,"16":1598550300000,"17":1598549400000,"18":1598548500000,"19":1598547600000,"20":1598546700000,"21":1598545800000,"22":1598544900000,"23":1598544000000,"24":1598543100000,"25":1598542200000},"open":{"0":3492.38989,"1":3496.98999,"2":3494.36011,"3":3493.78003,"4":3496.54004,"5":3496.21997,"6":3493.20996,"7":3489.11011,"8":3483.75,"9":3485.27002,"10":3481.25,"11":3472.95996,"12":3480.18994,"13":3485.27002,"14":3492.40991,"15":3498.12988,"16":3499.82007,"17":3492.47998,"18":3495.6001,"19":3498.31006,"20":3493.87012,"21":3494.62012,"22":3481.15991,"23":3495.55005,"24":3485.20996,"25":3485.13989},"high":{"0":3495.18994,"1":3498.1001,"2":3499.32007,"3":3496.25,"4":3497.25,"5":3497.59009,"6":3496.27002,"7":3493.56006,"8":3489.11011,"9":3486.08008,"10":3486.3999,"11":3481.63989,"12":3481.11011,"13":3488.07007,"14":3492.83008,"15":3498.20996,"16":3501.37988,"17":3499.83008,"18":3496.04004,"19":3501.23999,"20":3498.63989,"21":3498.28003,"22":3494.62988,"23":3496.37988,"24":3497.59009,"25":3487.63989},"low":{"0":3484.28003,"1":3492.21997,"2":3493.44995,"3":3490.52002,"4":3491.47998,"5":3494.08008,"6":3491.02002,"7":3487.97998,"8":3478.87012,"9":3482.38989,"10":3477.21997,"11":3469.33008,"12":3468.3501,"13":3479.02002,"14":3485.18994,"15":3491.67993,"16":3497.86011,"17":3488.8999,"18":3491.13989,"19":3495.47998,"20":3489.81006,"21":3492.59009,"22":3480.52002,"23":3478.07007,"24":3480.76001,"25":3477.25},"close":{"0":3484.56006,"1":3492.25,"2":3496.96997,"3":3494.34009,"4":3493.75,"5":3496.54004,"6":3496.23999,"7":3493.31006,"8":3489.06006,"9":3483.70996,"10":3485.29004,"11":3481.18994,"12":3472.86011,"13":3480.26001,"14":3485.23999,"15":3492.42993,"16":3498.1499,"17":3499.80005,"18":3492.57007,"19":3495.65991,"20":3498.46997,"21":3493.87012,"22":3494.54004,"23":3481.1001,"24":3495.68994,"25":3485.09009},"volume":{"0":217019379,"1":86224636,"2":62030209,"3":61252111,"4":54257072,"5":51965685,"6":48746572,"7":48124300,"8":48150930,"9":47275667,"10":56474597,"11":58565409,"12":68426108,"13":62863044,"14":57300665,"15":55340044,"16":57892449,"17":55288443,"18":70969207,"19":71260676,"20":74179282,"21":82699328,"22":93780569,"23":143917535,"24":176290295,"25":166795369}}