{"datetime":{"0":1603489500000,"1":1603488600000,"2":1603487700000,"3":1603486800000,"4":1603485900000,"5":1603485000000,"6":1603484100000,"7":1603483200000,"8":1603482300000,"9":1603481400000,"10":1603480500000,"11":1603479600000,"12":1603478700000,"13":1603477800000,"14":1603476900000,"15":1603476000000,"16":1603475100000,"17":1603474200000,"18":1603473300000,"19":1603472400000,"20":1603471500000,"21":1603470600000,"22":1603469700000,"23":1603468800000,"24":1603467900000,"25":1603467000000},"open":{"0":3462.62012,"1":3459.77002,"2":3461.6499,"3":3455.70996,"4":3455.47998,"5":3458.41992,"6":3455.1499,"7":3453.38989,"8":3452.57007,"9":3453.3999,"10":3447.88989,"11":3442.76001,"12":3447.83008,"13":3444.52002,"14":3450.44995,"15":3449.5,"16":3450.43994,"17":3452.73999,"18":3459.32007,"19":3455.72998,"20":3456.71997,"21":3458.8999,"22":3458.55005,"23":3458.54004,"24":3461.83008,"25":3464.8999},"high":{"0":3465.6001,"1":3462.92993,"2":3461.69995,"3":3462.12988,"4":3458.52002,"5":3459.56006,"6":3458.54004,"7":3457.05005,"8":3454.30005,"9":3455.1001,"10":3454.31006,"11":3449.8999,"12":3448.62988,"13":3447.87988,"14":3451.31006,"15":3452.37012,"16":3451.1499,"17":3453.78003,"18":3460.28003,"19":3460.08008,"20":3458.21997,"21":3460.70996,"22":3459.13989,"23":3461.62012,"24":3464.04004,"25":3466.45996},"low":{"0":3461.87012,"1":3458.36011,"2":3459.23999,"3":3455.53003,"4":3455.05005,"5":3455.45996,"6":3454.94995,"7":3452.33008,"8":3451.62012,"9":3452.11011,"10":3447.55005,"11":3442.34009,"12":3440.79004,"13":3443.02002,"14":3440.44995,"15":3448.12988,"16":3444.73999,"17":3449.63989,"18":3448.5,"19":3453.26001,"20":3452.75,"21":3454.03003,"22":3452.93994,"23":3454.8999,"24":3456.66992,"25":3459.36011},"close":{"0":3465.47998,"1":3462.70996,"2":3459.71997,"3":3461.66992,"4":3455.70996,"5":3455.45996,"6":3458.38989,"7":3455.15991,"8":3453.37988,"9":3452.58008,"10":3453.72998,"11":3447.8999,"12":3442.78003,"13":3447.83008,"14":3444.5,"15":3449.78003,"16":3449.22998,"17":3450.48999,"18":3452.75,"19":3459.11011,"20":3455.75,"21":3456.6001,"22":3457.5,"23":3458.34009,"24":3461.07007,"25":3461.87012},"volume":{"0":203845196,"1":85397675,"2":57102728,"3":55905432,"4":48136426,"5":47654860,"6":46297950,"7":45886753,"8":42679900,"9":44336554,"10":46757798,"11":40601673,"12":50029351,"13":48881252,"14":73103962,"15":51487088,"16":61422538,"17":53792804,"18":63764792,"19":67987479,"20":699050985,"21":84032483,"22":89111304,"23":112242521,"24":123513463,"25":149399274}}