{"datetime":{"0":1620251100000,"1":1620250200000,"2":1620249300000,"3":1620248400000,"4":1620247500000,"5":1620246600000,"6":1620245700000,"7":1620244800000,"8":1620243900000,"9":1620243000000,"10":1620242100000,"11":1620241200000,"12":1620240300000,"13":1620239400000,"14":1620238500000,"15":1620237600000,"16":1620236700000,"17":1620235800000,"18":1620234900000,"19":1620234000000,"20":1620233100000,"21":1620232200000,"22":1620231300000,"23":1620230400000,"24":1620229500000,"25":1620228600000},"open":{"0":4171.54004,"1":4166.8999,"2":4172.2002,"3":4178.33984,"4":4179.52002,"5":4181.24023,"6":4180.7002,"7":4180.81006,"8":4180.3999,"9":4179.49023,"10":4176.66016,"11":4177.3999,"12":4180.39014,"13":4183.7002,"14":4184.27002,"15":4187.41016,"16":4184.7002,"17":4178.7002,"18":4177.41016,"19":4175.39014,"20":4174.06982,"21":4169.35986,"22":4169.02979,"23":4176.77979,"24":4178.62012,"25":4177.06006},"high":{"0":4172.75977,"1":4171.7002,"2":4172.3999,"3":4179.58008,"4":4183.3999,"5":4182.2998,"6":4182.02979,"7":4181.06006,"8":4182.7002,"9":4181.52002,"10":4179.7002,"11":4179.33984,"12":4182.10986,"13":4184.7002,"14":4185.8999,"15":4187.7002,"16":4187.2002,"17":4184.87012,"18":4180.68018,"19":4178.64014,"20":4176.37988,"21":4175.25977,"22":4170.08984,"23":4177.77002,"24":4181.99023,"25":4185.31006},"low":{"0":4164.5,"1":4165.02002,"2":4163.06006,"3":4171.7002,"4":4178.08984,"5":4179.27002,"6":4178.7002,"7":4176.08984,"8":4178.83984,"9":4178.99023,"10":4176.52979,"11":4174.83984,"12":4177.60986,"13":4179.3999,"14":4183.1001,"15":4184.52002,"16":4183.8999,"17":4177.87988,"18":4176.18018,"19":4173.12988,"20":4173.60986,"21":4169.00977,"22":4160.93994,"23":4164.24023,"24":4175.93994,"25":4174.75977},"close":{"0":4168.45996,"1":4171.2002,"2":4168.2002,"3":4172.52002,"4":4178.6001,"5":4179.27002,"6":4181.7002,"7":4180.77979,"8":4180.31006,"9":4180.27979,"10":4179.24023,"11":4177.27979,"12":4177.8999,"13":4180.1499,"14":4183.4502,"15":4184.77002,"16":4186.8999,"17":4184.37012,"18":4179.12012,"19":4177.6499,"20":4175.64014,"21":4173.93018,"22":4169.33008,"23":4169.1001,"24":4176.35986,"25":4178.64014},"volume":{"0":0,"1":0,"2":0,"3":0,"4":0,"5":0,"6":0,"7":0,"8":0,"9":0,"10":0,"11":0,"12":0,"13":0,"14":0,"15":0,"16":0,"17":0,"18":0,"19":20024038,"20":727575475,"21":80761120,"22":85413516,"23":101131418,"24":149388728,"25":191482410}}