{"datetime":{"0":1663623900000,"1":1663623000000,"2":1663622100000,"3":1663621200000,"4":1663620300000,"5":1663619400000,"6":1663618500000,"7":1663617600000,"8":1663616700000,"9":1663615800000,"10":1663614900000,"11":1663614000000,"12":1663613100000,"13":1663612200000,"14":1663611300000,"15":1663610400000,"16":1663609500000,"17":1663608600000,"18":1663607700000,"19":1663606800000,"20":1663605900000,"21":1663605000000,"22":1663604100000,"23":1663603200000,"24":1663602300000,"25":1663601400000},"open":{"0":3898.43994,"1":3895.12988,"2":3892.3999,"3":3874.03003,"4":3869.25,"5":3867.42993,"6":3866.07007,"7":3869.77002,"8":3870.97998,"9":3875.93994,"10":3870.5,"11":3876.67993,"12":3872.40991,"13":3861.17993,"14":3863.06006,"15":3860.68994,"16":3862.05005,"17":3867.62988,"18":3877.61011,"19":3877.57007,"20":3884.22998,"21":3872.54004,"22":3870.12012,"23":3861.67993,"24":3859.57007,"25":3849.90991},"high":{"0":3900.36011,"1":3900.44995,"2":3898.34009,"3":3895.08008,"4":3874.38989,"5":3874.06006,"6":3871.51001,"7":3871.6001,"8":3875.57007,"9":3876.01001,"10":3875.91992,"11":3877.62012,"12":3878.1499,"13":3872.66992,"14":3866.6001,"15":3865.59009,"16":3867.78003,"17":3867.82007,"18":3885.37012,"19":3884.22998,"20":3886.67993,"21":3885.15991,"22":3872.66992,"23":3874.42993,"24":3869.87012,"25":3861.37988},"low":{"0":3890.19995,"1":3895.12988,"2":3888.52002,"3":3874.03003,"4":3866.8501,"5":3867.42993,"6":3863.0,"7":3865.92993,"8":3868.83008,"9":3865.96997,"10":3867.87988,"11":3869.38989,"12":3869.72998,"13":3860.45996,"14":3858.68994,"15":3854.70996,"16":3860.04004,"17":3858.12012,"18":3867.45996,"19":3876.61011,"20":3875.18994,"21":3868.48999,"22":3860.43994,"23":3856.51001,"24":3858.71997,"25":3838.5},"close":{"0":3900.23999,"1":3898.45996,"2":3895.12012,"3":3892.27002,"4":3873.91992,"5":3869.25,"6":3867.3999,"7":3866.32007,"8":3869.76001,"9":3870.98999,"10":3875.91992,"11":3870.59009,"12":3876.75,"13":3872.3999,"14":3861.17993,"15":3862.92993,"16":3860.61011,"17":3862.03003,"18":3867.62988,"19":3877.61011,"20":3877.47998,"21":3884.18994,"22":3872.55005,"23":3870.15991,"24":3864.59009,"25":3859.32007},"volume":{"0":199929075,"1":84082568,"2":70712230,"3":81969296,"4":46637616,"5":48050742,"6":46391432,"7":42994846,"8":42594699,"9":45682336,"10":43342519,"11":42374282,"12":43293380,"13":52797674,"14":48711391,"15":51160520,"16":50094486,"17":62142491,"18":62305255,"19":63483930,"20":67704331,"21":73417402,"22":71899981,"23":80694477,"24":83142130,"25":234825084}}