{"datetime":{"0":1666647900000,"1":1666647000000,"2":1666646100000,"3":1666645200000,"4":1666644300000,"5":1666643400000,"6":1666642500000,"7":1666641600000,"8":1666640700000,"9":1666639800000,"10":1666638900000,"11":1666638000000,"12":1666637100000,"13":1666636200000,"14":1666635300000,"15":1666634400000,"16":1666633500000,"17":1666632600000,"18":1666631700000,"19":1666630800000,"20":1666629900000,"21":1666629000000,"22":1666628100000,"23":1666627200000,"24":1666626300000,"25":1666625400000},"open":{"0":3800.31006,"1":3807.05005,"2":3807.5,"3":3804.03003,"4":3799.65991,"5":3790.73999,"6":3788.63989,"7":3781.8501,"8":3783.76001,"9":3780.75,"10":3784.1001,"11":3787.61011,"12":3790.72998,"13":3791.3999,"14":3789.37012,"15":3791.32007,"16":3778.1499,"17":3777.63989,"18":3775.51001,"19":3773.36011,"20":3763.76001,"21":3755.97998,"22":3764.16992,"23":3786.75,"24":3770.51001,"25":3762.01001},"high":{"0":3802.3501,"1":3807.70996,"2":3810.73999,"3":3807.53003,"4":3804.90991,"5":3801.16992,"6":3792.36011,"7":3789.73999,"8":3785.56006,"9":3784.08008,"10":3784.40991,"11":3787.98999,"12":3793.97998,"13":3792.37012,"14":3796.6001,"15":3793.3999,"16":3791.98999,"17":3783.03003,"18":3779.36011,"19":3778.62988,"20":3773.6499,"21":3772.20996,"22":3764.16992,"23":3786.88989,"24":3796.65991,"25":3787.62012},"low":{"0":3791.70996,"1":3800.25,"2":3805.43994,"3":3803.25,"4":3798.26001,"5":3790.37988,"6":3787.12012,"7":3781.37012,"8":3780.97998,"9":3776.90991,"10":3777.67993,"11":3782.31006,"12":3787.31006,"13":3785.54004,"14":3787.83008,"15":3785.3999,"16":3773.1001,"17":3773.65991,"18":3765.69995,"19":3768.92993,"20":3756.90991,"21":3752.11011,"22":3741.6499,"23":3752.30005,"24":3770.51001,"25":3762.01001},"close":{"0":3797.79004,"1":3800.32007,"2":3807.03003,"3":3807.53003,"4":3803.91992,"5":3799.62988,"6":3790.80005,"7":3788.63989,"8":3781.81006,"9":3783.67993,"10":3780.79004,"11":3784.12988,"12":3787.6001,"13":3790.55005,"14":3791.37012,"15":3789.37012,"16":3791.29004,"17":3778.09009,"18":3777.72998,"19":3775.6001,"20":3770.23999,"21":3763.82007,"22":3756.03003,"23":3764.43994,"24":3786.6499,"25":3766.62012},"volume":{"0":219716555,"1":102628191,"2":82541015,"3":73505760,"4":58722003,"5":63134627,"6":55668641,"7":58606935,"8":51587800,"9":57382091,"10":58422566,"11":53406495,"12":50162042,"13":57200827,"14":61907230,"15":59252885,"16":70868142,"17":74772600,"18":74760154,"19":2399443403,"20":82643264,"21":685592206,"22":106227025,"23":111842275,"24":336926243,"25":156697245}}