{"datetime":{"0":1631742300000,"1":1631741400000,"2":1631740500000,"3":1631739600000,"4":1631738700000,"5":1631737800000,"6":1631736900000,"7":1631736000000,"8":1631735100000,"9":1631734200000,"10":1631733300000,"11":1631732400000,"12":1631731500000,"13":1631730600000,"14":1631729700000,"15":1631728800000,"16":1631727900000,"17":1631727000000,"18":1631726100000,"19":1631725200000,"20":1631724300000,"21":1631723400000,"22":1631722500000,"23":1631721600000,"24":1631720700000,"25":1631719800000},"open":{"0":4486.2002,"1":4482.22021,"2":4481.81006,"3":4475.77002,"4":4476.35986,"5":4476.31006,"6":4476.66992,"7":4477.29004,"8":4479.20996,"9":4477.06982,"10":4475.08008,"11":4472.33984,"12":4472.33008,"13":4462.14014,"14":4455.18018,"15":4456.56006,"16":4455.02979,"17":4456.18018,"18":4453.02979,"19":4452.81006,"20":4447.25977,"21":4447.27002,"22":4446.25977,"23":4453.50977,"24":4442.6001,"25":4450.58984},"high":{"0":4486.87012,"1":4486.66992,"2":4484.37988,"3":4481.72998,"4":4478.97998,"5":4479.7002,"6":4478.14014,"7":4479.31006,"8":4481.83984,"9":4479.91016,"10":4478.06006,"11":4476.22021,"12":4473.2002,"13":4473.41016,"14":4464.22998,"15":4456.9502,"16":4456.6001,"17":4456.24023,"18":4458.54004,"19":4456.22998,"20":4452.93018,"21":4454.87012,"22":4451.3501,"23":4457.70996,"24":4456.2002,"25":4451.62012},"low":{"0":4479.33984,"1":4481.27979,"2":4480.75977,"3":4475.08984,"4":4475.6001,"5":4476.02979,"6":4474.75,"7":4475.58008,"8":4477.37012,"9":4477.06982,"10":4474.89014,"11":4472.33984,"12":4469.83008,"13":4462.14014,"14":4455.18018,"15":4453.62012,"16":4451.33984,"17":4452.22998,"18":4452.99023,"19":4450.91992,"20":4447.25977,"21":4445.75977,"22":4442.58984,"23":4443.97998,"24":4442.6001,"25":4438.37012},"close":{"0":4481.27002,"1":4486.2002,"2":4482.25977,"3":4481.72021,"4":4475.79004,"5":4476.39014,"6":4476.37012,"7":4476.66992,"8":4477.37012,"9":4479.24023,"10":4477.08008,"11":4475.06982,"12":4472.3501,"13":4472.33984,"14":4462.12988,"15":4455.2002,"16":4456.58984,"17":4455.0498,"18":4456.25,"19":4453.02979,"20":4452.79004,"21":4447.24023,"22":4447.50977,"23":4446.24023,"24":4453.47021,"25":4442.50977},"volume":{"0":215555979,"1":94006914,"2":70342751,"3":55221651,"4":46408326,"5":52985349,"6":46825389,"7":46644538,"8":43457360,"9":43181380,"10":41895282,"11":44627016,"12":43883834,"13":51795727,"14":45567686,"15":45794898,"16":47446771,"17":54407374,"18":58200703,"19":55887239,"20":62725711,"21":71273214,"22":70606481,"23":83600385,"24":133448529,"25":147491652}}