{"datetime":{"0":1640641500000,"1":1640640600000,"2":1640639700000,"3":1640638800000,"4":1640637900000,"5":1640637000000,"6":1640636100000,"7":1640635200000,"8":1640634300000,"9":1640633400000,"10":1640632500000,"11":1640631600000,"12":1640630700000,"13":1640629800000,"14":1640628900000,"15":1640628000000,"16":1640627100000,"17":1640626200000,"18":1640625300000,"19":1640624400000,"20":1640623500000,"21":1640622600000,"22":1640621700000,"23":1640620800000,"24":1640619900000,"25":1640619000000},"open":{"0":4784.58008,"1":4781.41992,"2":4778.54004,"3":4780.45996,"4":4781.5498,"5":4784.66992,"6":4781.68018,"7":4781.68018,"8":4779.2002,"9":4779.02002,"10":4778.08008,"11":4777.20996,"12":4775.66016,"13":4776.04004,"14":4774.3999,"15":4771.8999,"16":4770.56006,"17":4770.66016,"18":4771.43018,"19":4768.83008,"20":4767.22021,"21":4765.54004,"22":4759.4502,"23":4750.41016,"24":4749.52002,"25":4733.99023},"high":{"0":4791.29004,"1":4784.56006,"2":4781.6001,"3":4780.47998,"4":4781.5498,"5":4784.72021,"6":4784.66016,"7":4781.91016,"8":4781.6499,"9":4779.83984,"10":4780.27002,"11":4778.25,"12":4777.43018,"13":4776.72998,"14":4776.06982,"15":4774.45996,"16":4772.02979,"17":4771.08984,"18":4771.7998,"19":4772.10986,"20":4768.97021,"21":4767.87012,"22":4765.3999,"23":4759.52979,"24":4755.7002,"25":4751.27002},"low":{"0":4784.56006,"1":4780.0,"2":4776.37988,"3":4777.39014,"4":4778.37988,"5":4781.77002,"6":4781.12988,"7":4779.68018,"8":4778.47998,"9":4778.14014,"10":4777.25,"11":4775.85986,"12":4775.18994,"13":4774.22021,"14":4773.66992,"15":4771.68994,"16":4768.79004,"17":4767.41992,"18":4765.47998,"19":4768.45996,"20":4764.3501,"21":4764.08008,"22":4757.75,"23":4749.91016,"24":4748.12988,"25":4733.99023},"close":{"0":4791.0,"1":4784.56006,"2":4781.43994,"3":4778.52979,"4":4780.49023,"5":4781.77002,"6":4784.66016,"7":4781.72021,"8":4781.6499,"9":4779.25,"10":4778.99023,"11":4778.08984,"12":4777.25977,"13":4775.6499,"14":4776.00977,"15":4774.41992,"16":4771.93018,"17":4770.6001,"18":4770.68018,"19":4771.47021,"20":4768.85986,"21":4767.1499,"22":4765.3999,"23":4759.47998,"24":4750.27002,"25":4749.66016},"volume":{"0":149144965,"1":60015792,"2":43136653,"3":36344644,"4":34983263,"5":33359407,"6":32996265,"7":31320035,"8":29506769,"9":30235014,"10":28849907,"11":28261990,"12":32570499,"13":33453529,"14":33189836,"15":36731985,"16":34544795,"17":41138014,"18":41421825,"19":46365581,"20":53415707,"21":50809920,"22":51602136,"23":61122447,"24":72195380,"25":91976620}}