{"datetime":{"0":1606340700000,"1":1606339800000,"2":1606338900000,"3":1606338000000,"4":1606337100000,"5":1606336200000,"6":1606335300000,"7":1606334400000,"8":1606333500000,"9":1606332600000,"10":1606331700000,"11":1606330800000,"12":1606329900000,"13":1606329000000,"14":1606328100000,"15":1606327200000,"16":1606326300000,"17":1606325400000,"18":1606324500000,"19":1606323600000,"20":1606322700000,"21":1606321800000,"22":1606320900000,"23":1606320000000,"24":1606319100000,"25":1606318200000},"open":{"0":3631.93994,"1":3633.0,"2":3633.06006,"3":3627.92993,"4":3624.33008,"5":3626.87988,"6":3623.16992,"7":3629.95996,"8":3627.71997,"9":3626.57007,"10":3628.61011,"11":3629.70996,"12":3628.31006,"13":3624.17993,"14":3626.04004,"15":3624.51001,"16":3619.92993,"17":3624.3999,"18":3625.28003,"19":3623.54004,"20":3622.67993,"21":3623.19995,"22":3625.95996,"23":3624.95996,"24":3628.76001,"25":3635.5},"high":{"0":3632.59009,"1":3634.72998,"2":3634.15991,"3":3633.28003,"4":3628.55005,"5":3628.62012,"6":3628.17993,"7":3629.95996,"8":3630.91992,"9":3627.88989,"10":3629.51001,"11":3631.68994,"12":3629.82007,"13":3628.96997,"14":3626.27002,"15":3626.21997,"16":3624.59009,"17":3626.23999,"18":3625.41992,"19":3627.16992,"20":3627.6001,"21":3625.59009,"22":3626.77002,"23":3625.88989,"24":3629.47998,"25":3635.5},"low":{"0":3627.26001,"1":3628.75,"2":3629.8501,"3":3626.91992,"4":3624.28003,"5":3624.01001,"6":3622.8999,"7":3622.75,"8":3625.93994,"9":3624.91992,"10":3626.31006,"11":3628.6499,"12":3627.84009,"13":3624.1499,"14":3624.15991,"15":3623.05005,"16":3619.3999,"17":3619.86011,"18":3623.55005,"19":3623.3501,"20":3622.31006,"21":3621.57007,"22":3622.03003,"23":3617.76001,"24":3621.75,"25":3626.44995},"close":{"0":3630.05005,"1":3631.95996,"2":3633.02002,"3":3633.08008,"4":3627.95996,"5":3624.33008,"6":3626.87988,"7":3623.1499,"8":3629.98999,"9":3627.79004,"10":3626.61011,"11":3628.6499,"12":3629.66992,"13":3628.30005,"14":3624.21997,"15":3626.03003,"16":3624.58008,"17":3620.0,"18":3624.38989,"19":3625.31006,"20":3623.53003,"21":3622.71997,"22":3623.15991,"23":3625.88989,"24":3624.16992,"25":3628.63989},"volume":{"0":218332219,"1":90458869,"2":70459578,"3":64623391,"4":54323525,"5":49783077,"6":49371142,"7":58044636,"8":46493857,"9":51959268,"10":50433191,"11":47601466,"12":51008865,"13":47986497,"14":54430734,"15":55723079,"16":59454312,"17":67596251,"18":72844659,"19":72155113,"20":87379241,"21":79793001,"22":88467429,"23":103859602,"24":129262729,"25":151027153}}