{"datetime":{"0":1688075100000,"1":1688074200000,"2":1688073300000,"3":1688072400000,"4":1688071500000,"5":1688070600000,"6":1688069700000,"7":1688068800000,"8":1688067900000,"9":1688067000000,"10":1688066100000,"11":1688065200000,"12":1688064300000,"13":1688063400000,"14":1688062500000,"15":1688061600000,"16":1688060700000,"17":1688059800000,"18":1688058900000,"19":1688058000000,"20":1688057100000,"21":1688056200000,"22":1688055300000,"23":1688054400000,"24":1688053500000,"25":1688052600000},"open":{"0":4387.9502,"1":4392.47998,"2":4391.47998,"3":4389.6499,"4":4387.04004,"5":4387.8501,"6":4384.41016,"7":4386.68994,"8":4390.47998,"9":4393.00977,"10":4390.08008,"11":4392.49023,"12":4396.83984,"13":4396.7002,"14":4390.12988,"15":4392.58984,"16":4390.16992,"17":4391.97998,"18":4386.99023,"19":4380.12988,"20":4380.41016,"21":4382.31982,"22":4382.12012,"23":4382.79004,"24":4380.3501,"25":4374.93994},"high":{"0":4397.1499,"1":4394.29004,"2":4393.56982,"3":4392.33008,"4":4389.58008,"5":4389.2002,"6":4388.62988,"7":4386.68994,"8":4392.12012,"9":4393.3501,"10":4393.24023,"11":4392.70996,"12":4398.39014,"13":4397.50977,"14":4397.56982,"15":4394.83008,"16":4394.31006,"17":4393.93994,"18":4392.41016,"19":4388.14014,"20":4381.91016,"21":4384.93994,"22":4388.60986,"23":4389.64014,"24":4384.74023,"25":4385.70996},"low":{"0":4387.37012,"1":4387.85986,"2":4389.60986,"3":4389.6499,"4":4385.91992,"5":4384.45996,"6":4384.41016,"7":4380.08008,"8":4385.66992,"9":4389.58984,"10":4389.91992,"11":4385.87988,"12":4390.18018,"13":4395.04004,"14":4388.49023,"15":4389.20996,"16":4389.66016,"17":4388.31982,"18":4386.99023,"19":4379.43994,"20":4375.45996,"21":4378.25977,"22":4382.08984,"23":4376.58984,"24":4378.43018,"25":4371.97021},"close":{"0":4396.85986,"1":4388.06006,"2":4392.47998,"3":4391.37988,"4":4389.56006,"5":4387.0,"6":4387.83984,"7":4384.41992,"8":4386.66992,"9":4390.54004,"10":4393.04004,"11":4390.18018,"12":4392.43994,"13":4396.72021,"14":4396.56006,"15":4389.85986,"16":4392.6001,"17":4390.20996,"18":4392.0,"19":4386.89014,"20":4380.33008,"21":4380.29004,"22":4382.2002,"23":4381.7002,"24":4382.68994,"25":4380.27979},"volume":{"0":215522555,"1":82694730,"2":62355177,"3":50838032,"4":47027532,"5":48896304,"6":46712369,"7":54740445,"8":43134267,"9":42482239,"10":37783735,"11":46855423,"12":45618076,"13":45816705,"14":47135652,"15":48844035,"16":48246354,"17":56230003,"18":62705657,"19":61382254,"20":71626696,"21":78093862,"22":82315581,"23":103053261,"24":105209502,"25":161309414}}