{"datetime":{"0":1677534300000,"1":1677533400000,"2":1677532500000,"3":1677531600000,"4":1677530700000,"5":1677529800000,"6":1677528900000,"7":1677528000000,"8":1677527100000,"9":1677526200000,"10":1677525300000,"11":1677524400000,"12":1677523500000,"13":1677522600000,"14":1677521700000,"15":1677520800000,"16":1677519900000,"17":1677519000000,"18":1677518100000,"19":1677517200000,"20":1677516300000,"21":1677515400000,"22":1677514500000,"23":1677513600000,"24":1677512700000,"25":1677511800000},"open":{"0":3978.33008,"1":3981.86011,"2":3983.04004,"3":3985.1499,"4":3987.42993,"5":3992.27002,"6":3997.8501,"7":3995.18994,"8":3989.07007,"9":3993.31006,"10":3995.63989,"11":3992.66992,"12":3989.12988,"13":3987.15991,"14":3986.63989,"15":3988.42993,"16":3987.1499,"17":3989.67993,"18":3992.94995,"19":3997.30005,"20":3999.15991,"21":4012.79004,"22":4014.78003,"23":4009.30005,"24":3998.48999,"25":3992.36011},"high":{"0":3982.63989,"1":3982.05005,"2":3983.34009,"3":3986.90991,"4":3987.42993,"5":3993.05005,"6":3997.95996,"7":4000.46997,"8":3995.07007,"9":3994.55005,"10":3997.16992,"11":3995.6001,"12":3993.44995,"13":3992.22998,"14":3987.81006,"15":3989.12012,"16":3989.46997,"17":3991.31006,"18":3994.59009,"19":4001.08008,"20":3999.15991,"21":4014.12988,"22":4017.01001,"23":4018.05005,"24":4009.37988,"25":4003.42993},"low":{"0":3977.69995,"1":3973.55005,"2":3977.98999,"3":3979.61011,"4":3983.53003,"5":3985.36011,"6":3990.13989,"7":3994.90991,"8":3987.04004,"9":3988.57007,"10":3991.84009,"11":3991.46997,"12":3989.12988,"13":3986.98999,"14":3981.58008,"15":3982.77002,"16":3986.31006,"17":3982.28003,"18":3988.23999,"19":3991.57007,"20":3992.22998,"21":3993.36011,"22":4012.72998,"23":4007.06006,"24":3996.8501,"25":3992.36011},"close":{"0":3982.22998,"1":3978.38989,"2":3981.92993,"3":3983.01001,"4":3985.17993,"5":3987.36011,"6":3992.25,"7":3997.90991,"8":3995.07007,"9":3989.09009,"10":3993.28003,"11":3995.59009,"12":3992.66992,"13":3989.11011,"14":3987.33008,"15":3986.75,"16":3988.42993,"17":3987.16992,"18":3989.62012,"19":3992.94995,"20":3997.25,"21":3999.13989,"22":4012.90991,"23":4014.76001,"24":4009.15991,"25":3998.67993},"volume":{"0":219915080,"1":96056616,"2":64737909,"3":59866235,"4":52071587,"5":50894261,"6":49787066,"7":49469511,"8":45507056,"9":44140162,"10":46059691,"11":44235747,"12":42965880,"13":43500977,"14":44622653,"15":47318276,"16":44542836,"17":55397319,"18":56068119,"19":61684725,"20":67665330,"21":78076471,"22":69922769,"23":87134481,"24":88609550,"25":97712903}}