{"datetime":{"0":1621892700000,"1":1621891800000,"2":1621890900000,"3":1621890000000,"4":1621889100000,"5":1621888200000,"6":1621887300000,"7":1621886400000,"8":1621885500000,"9":1621884600000,"10":1621883700000,"11":1621882800000,"12":1621881900000,"13":1621881000000,"14":1621880100000,"15":1621879200000,"16":1621878300000,"17":1621877400000,"18":1621876500000,"19":1621875600000,"20":1621874700000,"21":1621873800000,"22":1621872900000,"23":1621872000000,"24":1621871100000,"25":1621870200000},"open":{"0":4203.3999,"1":4205.81006,"2":4207.1001,"3":4207.1001,"4":4209.45996,"5":4207.3999,"6":4206.8999,"7":4204.14014,"8":4204.12988,"9":4202.56982,"10":4200.16992,"11":4199.22998,"12":4198.77979,"13":4196.72021,"14":4198.24023,"15":4199.3999,"16":4202.25,"17":4202.3999,"18":4198.8999,"19":4199.6001,"20":4199.6001,"21":4196.72021,"22":4192.6001,"23":4188.6001,"24":4184.6001,"25":4180.3999},"high":{"0":4204.6001,"1":4206.3999,"2":4207.3999,"3":4209.33984,"4":4209.45996,"5":4209.3999,"6":4208.6001,"7":4207.1001,"8":4205.1001,"9":4205.1001,"10":4203.1001,"11":4201.3999,"12":4200.3999,"13":4200.1001,"14":4199.3999,"15":4201.1001,"16":4202.5,"17":4203.1001,"18":4202.3999,"19":4200.3999,"20":4201.1001,"21":4201.6001,"22":4199.29004,"23":4192.47021,"24":4187.74023,"25":4184.91016},"low":{"0":4195.66016,"1":4203.45996,"2":4205.31982,"3":4206.58984,"4":4206.77979,"5":4207.1001,"6":4206.3999,"7":4203.89014,"8":4202.87988,"9":4202.56006,"10":4199.66016,"11":4197.93994,"12":4197.77002,"13":4196.22021,"14":4195.72998,"15":4196.87988,"16":4198.75977,"17":4200.49023,"18":4198.49023,"19":4197.97021,"20":4197.8999,"21":4196.47021,"22":4192.3999,"23":4188.6001,"24":4182.2002,"25":4177.1001},"close":{"0":4197.8999,"1":4203.8999,"2":4206.3999,"3":4207.3999,"4":4207.08008,"5":4209.20996,"6":4207.1001,"7":4206.1499,"8":4203.89014,"9":4204.37988,"10":4202.58008,"11":4200.3999,"12":4199.47998,"13":4198.8999,"14":4195.97021,"15":4197.99023,"16":4199.1001,"17":4202.3999,"18":4202.1001,"19":4198.0,"20":4199.50977,"21":4199.12012,"22":4196.8999,"23":4192.47021,"24":4187.74023,"25":4184.3999},"volume":{"0":0,"1":0,"2":0,"3":0,"4":0,"5":0,"6":0,"7":0,"8":0,"9":0,"10":0,"11":0,"12":0,"13":0,"14":0,"15":0,"16":0,"17":0,"18":0,"19":0,"20":0,"21":0,"22":0,"23":0,"24":0,"25":0}}