{"datetime":{"0":1634247900000,"1":1634247000000,"2":1634246100000,"3":1634245200000,"4":1634244300000,"5":1634243400000,"6":1634242500000,"7":1634241600000,"8":1634240700000,"9":1634239800000,"10":1634238900000,"11":1634238000000,"12":1634237100000,"13":1634236200000,"14":1634235300000,"15":1634234400000,"16":1634233500000,"17":1634232600000,"18":1634231700000,"19":1634230800000,"20":1634229900000,"21":1634229000000,"22":1634228100000,"23":1634227200000,"24":1634226300000,"25":1634225400000},"open":{"0":4433.47998,"1":4434.49023,"2":4434.93018,"3":4438.02979,"4":4436.87988,"5":4438.1001,"6":4435.54004,"7":4436.20996,"8":4434.97021,"9":4430.27979,"10":4430.72998,"11":4434.41992,"12":4433.02979,"13":4432.31982,"14":4433.81982,"15":4430.81982,"16":4427.62012,"17":4424.62012,"18":4422.37012,"19":4425.18018,"20":4418.47998,"21":4419.56006,"22":4420.0,"23":4408.91992,"24":4404.43994,"25":4386.75},"high":{"0":4439.72998,"1":4435.77979,"2":4436.00977,"3":4438.2002,"4":4438.33984,"5":4438.93018,"6":4438.08008,"7":4436.52979,"8":4437.3999,"9":4435.2002,"10":4431.10986,"11":4435.6001,"12":4434.41016,"13":4433.87988,"14":4434.66992,"15":4433.95996,"16":4430.83008,"17":4428.10986,"18":4426.25,"19":4425.66016,"20":4425.35986,"21":4421.3501,"22":4422.58984,"23":4420.4502,"24":4411.2002,"25":4409.83984},"low":{"0":4431.97998,"1":4430.27979,"2":4432.93018,"3":4433.3501,"4":4436.25977,"5":4436.18994,"6":4435.41016,"7":4433.77002,"8":4434.68018,"9":4430.27979,"10":4429.70996,"11":4429.60986,"12":4432.31006,"13":4431.37988,"14":4431.31006,"15":4430.37988,"16":4427.22021,"17":4423.75,"18":4422.27002,"19":4421.50977,"20":4418.43994,"21":4416.89014,"22":4419.35986,"23":4408.91992,"24":4404.43994,"25":4386.75},"close":{"0":4437.81982,"1":4433.47021,"2":4434.5,"3":4434.87988,"4":4438.00977,"5":4436.87012,"6":4438.06982,"7":4435.54004,"8":4436.2002,"9":4434.97021,"10":4430.25,"11":4430.75,"12":4434.41016,"13":4433.06006,"14":4432.27979,"15":4433.8501,"16":4430.77979,"17":4427.47021,"18":4424.62988,"19":4422.33008,"20":4425.20996,"21":4418.4502,"22":4419.50977,"23":4419.91016,"24":4408.8999,"25":4404.5498},"volume":{"0":157865712,"1":80797022,"2":58950049,"3":49346188,"4":40986554,"5":40937699,"6":39216971,"7":39990949,"8":38645126,"9":40837806,"10":37130341,"11":43438654,"12":38933854,"13":41326294,"14":43160303,"15":44148441,"16":50434448,"17":48286766,"18":49121780,"19":59739746,"20":66744279,"21":70215041,"22":75948230,"23":85435445,"24":93609346,"25":130895505}}