{"datetime":{"0":1690580700000,"1":1690579800000,"2":1690578900000,"3":1690578000000,"4":1690577100000,"5":1690576200000,"6":1690575300000,"7":1690574400000,"8":1690573500000,"9":1690572600000,"10":1690571700000,"11":1690570800000,"12":1690569900000,"13":1690569000000,"14":1690568100000,"15":1690567200000,"16":1690566300000,"17":1690565400000,"18":1690564500000,"19":1690563600000,"20":1690562700000,"21":1690561800000,"22":1690560900000,"23":1690560000000,"24":1690559100000,"25":1690558200000},"open":{"0":4578.58984,"1":4579.29004,"2":4584.08008,"3":4582.5498,"4":4580.66992,"5":4581.43994,"6":4576.75,"7":4575.37988,"8":4566.83008,"9":4574.79004,"10":4580.97021,"11":4583.2998,"12":4585.99023,"13":4588.97021,"14":4585.7002,"15":4589.56006,"16":4589.99023,"17":4586.89014,"18":4581.56006,"19":4580.66016,"20":4574.6499,"21":4576.43018,"22":4578.43018,"23":4574.18994,"24":4570.33984,"25":4565.75},"high":{"0":4584.5498,"1":4583.29004,"2":4585.18994,"3":4585.5498,"4":4585.87988,"5":4581.6001,"6":4581.49023,"7":4579.66016,"8":4575.50977,"9":4577.00977,"10":4581.0,"11":4583.2998,"12":4587.20996,"13":4589.04004,"14":4589.06982,"15":4589.60986,"16":4589.99023,"17":4590.16016,"18":4588.62988,"19":4582.29004,"20":4580.87012,"21":4580.52002,"22":4581.37012,"23":4580.31982,"24":4578.79004,"25":4574.66016},"low":{"0":4576.37012,"1":4577.3501,"2":4579.24023,"3":4580.62988,"4":4580.16992,"5":4574.68018,"6":4576.1001,"7":4575.12012,"8":4564.2002,"9":4564.00977,"10":4574.79004,"11":4577.24023,"12":4582.16992,"13":4585.18994,"14":4584.74023,"15":4581.77002,"16":4586.83984,"17":4585.2998,"18":4581.16992,"19":4578.56006,"20":4572.62012,"21":4574.66992,"22":4573.45996,"23":4574.18994,"24":4570.33984,"25":4564.66016},"close":{"0":4581.72998,"1":4578.62012,"2":4579.24023,"3":4584.04004,"4":4582.52002,"5":4580.64014,"6":4581.43994,"7":4576.72021,"8":4575.4502,"9":4566.62012,"10":4574.83008,"11":4580.97998,"12":4583.31006,"13":4586.0,"14":4588.95996,"15":4585.7002,"16":4588.89014,"17":4590.02002,"18":4586.87012,"19":4581.5,"20":4580.56982,"21":4574.72998,"22":4576.45996,"23":4578.43018,"24":4574.02979,"25":4570.25977},"volume":{"0":173932281,"1":96390749,"2":72881324,"3":56397467,"4":52734873,"5":53772428,"6":44307255,"7":47119284,"8":50649893,"9":57112679,"10":44965960,"11":50843348,"12":47919335,"13":50592310,"14":53091516,"15":61346863,"16":57555426,"17":60880855,"18":68649523,"19":65354117,"20":79847756,"21":77872570,"22":86815251,"23":93584667,"24":106579494,"25":176409055}}