{"datetime":{"0":1683927900000,"1":1683927000000,"2":1683926100000,"3":1683925200000,"4":1683924300000,"5":1683923400000,"6":1683922500000,"7":1683921600000,"8":1683920700000,"9":1683919800000,"10":1683918900000,"11":1683918000000,"12":1683917100000,"13":1683916200000,"14":1683915300000,"15":1683914400000,"16":1683913500000,"17":1683912600000,"18":1683911700000,"19":1683910800000,"20":1683909900000,"21":1683909000000,"22":1683908100000,"23":1683907200000,"24":1683906300000,"25":1683905400000},"open":{"0":4117.74023,"1":4111.6499,"2":4107.22998,"3":4106.83984,"4":4101.68994,"5":4103.27979,"6":4099.87988,"7":4101.41016,"8":4108.83008,"9":4111.04004,"10":4106.56006,"11":4104.06006,"12":4105.74023,"13":4109.02002,"14":4112.41016,"15":4122.56982,"16":4115.56006,"17":4116.8501,"18":4121.70996,"19":4122.93018,"20":4125.52979,"21":4127.95996,"22":4130.93994,"23":4138.08984,"24":4142.31006,"25":4138.54004},"high":{"0":4124.43994,"1":4118.37988,"2":4112.33008,"3":4110.41016,"4":4107.77979,"5":4104.66016,"6":4106.12012,"7":4104.81982,"8":4108.83008,"9":4113.74023,"10":4114.43994,"11":4108.04004,"12":4105.79004,"13":4112.37988,"14":4114.02002,"15":4123.25,"16":4122.83008,"17":4118.04004,"18":4121.70996,"19":4127.75977,"20":4125.8501,"21":4127.95996,"22":4131.68994,"23":4138.08984,"24":4143.41016,"25":4143.74023},"low":{"0":4116.43018,"1":4111.6499,"2":4107.08008,"3":4104.97021,"4":4101.66016,"5":4099.45996,"6":4099.12012,"7":4099.35986,"8":4100.37012,"9":4106.33008,"10":4104.81006,"11":4101.43994,"12":4102.85986,"13":4105.45996,"14":4108.43994,"15":4111.85986,"16":4115.33008,"17":4115.18994,"18":4116.04004,"19":4120.89014,"20":4120.83008,"21":4120.93994,"22":4127.8501,"23":4126.87988,"24":4133.93994,"25":4138.54004},"close":{"0":4123.8501,"1":4117.7998,"2":4111.68018,"3":4107.20996,"4":4106.81006,"5":4101.70996,"6":4104.33984,"7":4099.87988,"8":4101.43994,"9":4108.85986,"10":4111.04004,"11":4106.52979,"12":4104.0498,"13":4105.7002,"14":4109.02979,"15":4112.47998,"16":4122.58984,"17":4115.56006,"18":4116.8999,"19":4121.56006,"20":4122.87988,"21":4125.52002,"22":4127.97998,"23":4131.0498,"24":4139.02979,"25":4142.27002},"volume":{"0":169186620,"1":93361703,"2":67467978,"3":57994794,"4":50790380,"5":54707034,"6":1303978296,"7":50462414,"8":48333923,"9":57986826,"10":50454176,"11":48506965,"12":51211323,"13":55780122,"14":56384427,"15":55946124,"16":48852807,"17":60917236,"18":61874674,"19":61318054,"20":582253188,"21":68954676,"22":67229755,"23":94699893,"24":87187483,"25":127075618}}