{"datetime":{"0":1689284700000,"1":1689283800000,"2":1689282900000,"3":1689282000000,"4":1689281100000,"5":1689280200000,"6":1689279300000,"7":1689278400000,"8":1689277500000,"9":1689276600000,"10":1689275700000,"11":1689274800000,"12":1689273900000,"13":1689273000000,"14":1689272100000,"15":1689271200000,"16":1689270300000,"17":1689269400000,"18":1689268500000,"19":1689267600000,"20":1689266700000,"21":1689265800000,"22":1689264900000,"23":1689264000000,"24":1689263100000,"25":1689262200000},"open":{"0":4517.24023,"1":4511.75,"2":4511.39014,"3":4506.79004,"4":4503.91016,"5":4502.68994,"6":4504.93018,"7":4500.68018,"8":4501.27979,"9":4500.72021,"10":4499.20996,"11":4500.10986,"12":4500.62988,"13":4499.45996,"14":4499.0498,"15":4498.49023,"16":4496.49023,"17":4494.5498,"18":4493.02002,"19":4497.31982,"20":4496.47998,"21":4492.93994,"22":4495.8999,"23":4498.08984,"24":4496.08984,"25":4491.5},"high":{"0":4517.37988,"1":4517.27002,"2":4512.1499,"3":4512.52002,"4":4506.72998,"5":4504.68994,"6":4506.31006,"7":4505.12012,"8":4501.81006,"9":4502.20996,"10":4501.31006,"11":4500.20996,"12":4501.87012,"13":4502.70996,"14":4501.16992,"15":4500.4502,"16":4498.64014,"17":4496.6001,"18":4496.43018,"19":4498.54004,"20":4497.72021,"21":4497.81006,"22":4497.20996,"23":4498.41016,"24":4499.04004,"25":4498.00977},"low":{"0":4509.72021,"1":4510.2002,"2":4508.39014,"3":4506.33008,"4":4503.87988,"5":4501.64014,"6":4502.20996,"7":4500.2998,"8":4500.27002,"9":4500.70996,"10":4498.95996,"11":4495.81982,"12":4498.24023,"13":4498.97021,"14":4498.00977,"15":4497.87012,"16":4495.91992,"17":4492.81006,"18":4492.97998,"19":4492.99023,"20":4494.2002,"21":4492.79004,"22":4492.25,"23":4494.24023,"24":4494.68018,"25":4489.35986},"close":{"0":4509.89014,"1":4517.27002,"2":4511.72021,"3":4511.39014,"4":4506.72998,"5":4503.97998,"6":4502.72998,"7":4504.93018,"8":4500.68994,"9":4501.20996,"10":4500.75,"11":4499.18994,"12":4500.12012,"13":4500.64014,"14":4499.45996,"15":4499.02002,"16":4498.54004,"17":4496.52979,"18":4494.52002,"19":4493.02002,"20":4497.24023,"21":4496.43994,"22":4492.83008,"23":4495.87988,"24":4498.0498,"25":4496.06982},"volume":{"0":226112046,"1":97528122,"2":68762590,"3":65777640,"4":53066991,"5":51669493,"6":50479282,"7":49644637,"8":42637617,"9":44041033,"10":44801087,"11":42996028,"12":43806016,"13":46100949,"14":47781547,"15":50698860,"16":49436503,"17":58005626,"18":59596892,"19":1338412329,"20":78574498,"21":76512205,"22":83908561,"23":92030363,"24":100092980,"25":161585942}}