{"datetime":{"0":1626817500000,"1":1626816600000,"2":1626815700000,"3":1626814800000,"4":1626813900000,"5":1626813000000,"6":1626812100000,"7":1626811200000,"8":1626810300000,"9":1626809400000,"10":1626808500000,"11":1626807600000,"12":1626806700000,"13":1626805800000,"14":1626804900000,"15":1626804000000,"16":1626803100000,"17":1626802200000,"18":1626801300000,"19":1626800400000,"20":1626799500000,"21":1626798600000,"22":1626797700000,"23":1626796800000,"24":1626795900000,"25":1626795000000},"open":{"0":4330.79004,"1":4333.66016,"2":4335.52002,"3":4328.3501,"4":4329.72021,"5":4330.70996,"6":4328.93994,"7":4323.79004,"8":4322.18018,"9":4322.83984,"10":4325.0498,"11":4333.35986,"12":4329.22998,"13":4325.47021,"14":4324.20996,"15":4324.1001,"16":4318.16992,"17":4312.77002,"18":4316.99023,"19":4315.16016,"20":4307.83008,"21":4303.58008,"22":4293.8501,"23":4295.8501,"24":4275.6499,"25":4265.10986},"high":{"0":4333.37012,"1":4334.37988,"2":4336.83984,"3":4336.20996,"4":4330.93018,"5":4331.91992,"6":4330.97021,"7":4330.43994,"8":4324.56006,"9":4325.85986,"10":4326.50977,"11":4333.75,"12":4333.6001,"13":4330.16992,"14":4326.52979,"15":4327.12012,"16":4324.33984,"17":4318.18994,"18":4318.62988,"19":4317.87988,"20":4315.62988,"21":4307.91016,"22":4307.41016,"23":4298.74023,"24":4296.85986,"25":4277.12988},"low":{"0":4323.2998,"1":4330.58008,"2":4332.54004,"3":4328.3501,"4":4327.56982,"5":4328.75,"6":4328.87012,"7":4323.79004,"8":4320.6001,"9":4322.16016,"10":4321.74023,"11":4323.3999,"12":4329.22998,"13":4325.47021,"14":4323.5498,"15":4322.0498,"16":4317.33984,"17":4312.1499,"18":4312.83984,"19":4314.5498,"20":4306.89014,"21":4301.62988,"22":4293.8501,"23":4292.60986,"24":4274.60986,"25":4262.0498},"close":{"0":4323.3501,"1":4330.91992,"2":4333.66016,"3":4335.52002,"4":4328.2998,"5":4329.75,"6":4330.7002,"7":4328.97021,"8":4323.77979,"9":4322.16016,"10":4322.83008,"11":4325.06006,"12":4333.37012,"13":4329.27002,"14":4325.47021,"15":4324.2002,"16":4324.25977,"17":4318.18994,"18":4312.83984,"19":4317.00977,"20":4315.22998,"21":4307.81006,"22":4303.58008,"23":4293.81006,"24":4295.87012,"25":4275.62012},"volume":{"0":237029282,"1":90897262,"2":72186100,"3":62033019,"4":1547906236,"5":54894052,"6":51880130,"7":51933761,"8":1328708970,"9":49000057,"10":50394101,"11":57760500,"12":56891814,"13":52323744,"14":51759982,"15":61144219,"16":53599159,"17":868868911,"18":64655897,"19":74941242,"20":652828038,"21":80298013,"22":94599500,"23":106734626,"24":305767919,"25":129480649}}