{"datetime":{"0":1684446300000,"1":1684445400000,"2":1684444500000,"3":1684443600000,"4":1684442700000,"5":1684441800000,"6":1684440900000,"7":1684440000000,"8":1684439100000,"9":1684438200000,"10":1684437300000,"11":1684436400000,"12":1684435500000,"13":1684434600000,"14":1684433700000,"15":1684432800000,"16":1684431900000,"17":1684431000000,"18":1684430100000,"19":1684429200000,"20":1684428300000,"21":1684427400000,"22":1684426500000,"23":1684425600000,"24":1684424700000,"25":1684423800000},"open":{"0":4193.7002,"1":4183.52979,"2":4179.58984,"3":4176.0498,"4":4172.79004,"5":4171.0498,"6":4163.33008,"7":4161.77979,"8":4165.24023,"9":4167.81006,"10":4168.83984,"11":4167.89014,"12":4168.6499,"13":4167.27979,"14":4166.95996,"15":4176.62988,"16":4179.45996,"17":4178.68994,"18":4179.5498,"19":4178.45996,"20":4173.37012,"21":4174.33984,"22":4162.9502,"23":4157.29004,"24":4156.64014,"25":4157.68018},"high":{"0":4202.2002,"1":4194.25977,"2":4185.3999,"3":4179.7002,"4":4176.95996,"5":4174.77002,"6":4173.00977,"7":4163.93994,"8":4166.7002,"9":4171.89014,"10":4177.5,"11":4171.18018,"12":4169.56006,"13":4169.99023,"14":4170.8501,"15":4176.68018,"16":4186.2002,"17":4180.6001,"18":4181.12012,"19":4184.9502,"20":4178.56006,"21":4180.87988,"22":4174.31982,"23":4165.37012,"24":4158.3501,"25":4160.52002},"low":{"0":4193.7002,"1":4183.24023,"2":4179.58008,"3":4173.99023,"4":4172.47998,"5":4171.0498,"6":4163.33008,"7":4160.75,"8":4160.04004,"9":4165.25,"10":4167.81982,"11":4167.85986,"12":4163.5,"13":4165.08984,"14":4163.91992,"15":4166.9502,"16":4174.37988,"17":4177.16016,"18":4175.87988,"19":4178.45996,"20":4172.00977,"21":4172.75977,"22":4161.95996,"23":4155.70996,"24":4154.39014,"25":4153.5},"close":{"0":4197.83984,"1":4193.66992,"2":4183.5498,"3":4179.52979,"4":4176.02979,"5":4172.72021,"6":4171.06982,"7":4163.33984,"8":4161.79004,"9":4165.25,"10":4167.81982,"11":4168.8501,"12":4167.8999,"13":4168.68994,"14":4167.25977,"15":4166.9502,"16":4176.6499,"17":4179.47998,"18":4178.64014,"19":4179.5,"20":4178.31006,"21":4173.37988,"22":4174.31982,"23":4162.91992,"24":4157.25,"25":4156.4502},"volume":{"0":258216464,"1":107116092,"2":1735493901,"3":62202869,"4":56369811,"5":52263315,"6":51301458,"7":50661758,"8":49356127,"9":49681705,"10":62809371,"11":45166275,"12":52745742,"13":57579923,"14":66330311,"15":72773204,"16":80484488,"17":65921822,"18":65855404,"19":77112412,"20":71431624,"21":83901996,"22":91285996,"23":88826285,"24":99549830,"25":116980331}}