{"datetime":{"0":1623793500000,"1":1623792600000,"2":1623791700000,"3":1623790800000,"4":1623789900000,"5":1623789000000,"6":1623788100000,"7":1623787200000,"8":1623786300000,"9":1623785400000,"10":1623784500000,"11":1623783600000,"12":1623782700000,"13":1623781800000,"14":1623780900000,"15":1623780000000,"16":1623779100000,"17":1623778200000,"18":1623777300000,"19":1623776400000,"20":1623775500000,"21":1623774600000,"22":1623773700000,"23":1623772800000,"24":1623771900000,"25":1623771000000},"open":{"0":4248.08008,"1":4246.91016,"2":4248.33008,"3":4250.47021,"4":4248.5498,"5":4249.1001,"6":4247.41016,"7":4249.62012,"8":4246.08984,"9":4243.89014,"10":4245.12988,"11":4245.06006,"12":4244.64014,"13":4246.83984,"14":4244.22998,"15":4241.77979,"16":4241.97021,"17":4243.81982,"18":4243.45996,"19":4243.41992,"20":4244.89014,"21":4246.18018,"22":4246.70996,"23":4249.58008,"24":4252.37988,"25":4255.27979},"high":{"0":4252.08984,"1":4248.81006,"2":4250.35986,"3":4250.47021,"4":4252.50977,"5":4249.1499,"6":4249.56982,"7":4252.83984,"8":4250.27979,"9":4246.56006,"10":4245.12988,"11":4246.18018,"12":4245.75,"13":4247.56006,"14":4246.91992,"15":4244.95996,"16":4242.25,"17":4243.81982,"18":4245.91992,"19":4244.85986,"20":4245.24023,"21":4247.16016,"22":4249.75977,"23":4250.39014,"24":4252.93018,"25":4257.16016},"low":{"0":4244.20996,"1":4243.22021,"2":4245.74023,"3":4245.75,"4":4248.47021,"5":4247.33984,"6":4247.16992,"7":4247.3999,"8":4245.3999,"9":4243.66992,"10":4242.64014,"11":4243.54004,"12":4243.2998,"13":4244.2002,"14":4244.0498,"15":4241.77002,"16":4239.3999,"17":4238.3501,"18":4242.93994,"19":4242.16992,"20":4243.16992,"21":4243.77979,"22":4245.00977,"23":4245.75977,"24":4248.10986,"25":4249.43018},"close":{"0":4246.91016,"1":4248.0498,"2":4246.89014,"3":4248.27979,"4":4250.41016,"5":4248.5498,"6":4249.16016,"7":4247.4502,"8":4249.56982,"9":4246.1001,"10":4243.91016,"11":4245.1499,"12":4245.08008,"13":4244.64014,"14":4246.81982,"15":4244.25,"16":4241.77002,"17":4241.97021,"18":4243.83984,"19":4243.47021,"20":4243.41016,"21":4244.85986,"22":4246.18994,"23":4246.68994,"24":4249.54004,"25":4251.24023},"volume":{"0":204145484,"1":76604000,"2":50486962,"3":45335400,"4":41097152,"5":36912436,"6":39322499,"7":46457311,"8":44477904,"9":36833087,"10":37396188,"11":40250999,"12":41647434,"13":40556039,"14":40252537,"15":42327118,"16":44930155,"17":48598686,"18":604368584,"19":46863952,"20":53901596,"21":58995653,"22":67653622,"23":81616139,"24":238741118,"25":103705461}}