{"datetime":{"0":1690321500000,"1":1690320600000,"2":1690319700000,"3":1690318800000,"4":1690317900000,"5":1690317000000,"6":1690316100000,"7":1690315200000,"8":1690314300000,"9":1690313400000,"10":1690312500000,"11":1690311600000,"12":1690310700000,"13":1690309800000,"14":1690308900000,"15":1690308000000,"16":1690307100000,"17":1690306200000,"18":1690305300000,"19":1690304400000,"20":1690303500000,"21":1690302600000,"22":1690301700000,"23":1690300800000,"24":1690299900000,"25":1690299000000},"open":{"0":4571.45996,"1":4573.10986,"2":4575.54004,"3":4571.52002,"4":4579.7002,"5":4576.93994,"6":4574.33008,"7":4571.83008,"8":4574.47998,"9":4573.41016,"10":4571.97998,"11":4572.47998,"12":4568.2998,"13":4567.43994,"14":4568.18018,"15":4567.31006,"16":4568.47998,"17":4563.18994,"18":4562.22021,"19":4559.5498,"20":4561.08984,"21":4561.16016,"22":4562.3501,"23":4562.5,"24":4559.12012,"25":4555.18994},"high":{"0":4573.20996,"1":4574.22998,"2":4576.08984,"3":4575.70996,"4":4580.18994,"5":4580.62012,"6":4577.7998,"7":4574.31006,"8":4574.5,"9":4574.62988,"10":4574.70996,"11":4574.06006,"12":4572.45996,"13":4569.08008,"14":4569.52002,"15":4569.14014,"16":4568.68994,"17":4569.06006,"18":4564.29004,"19":4562.25977,"20":4562.06006,"21":4561.54004,"22":4563.91016,"23":4562.5,"24":4564.37988,"25":4559.06006},"low":{"0":4567.04004,"1":4570.62012,"2":4572.75,"3":4571.2002,"4":4571.29004,"5":4576.93994,"6":4573.43018,"7":4570.81982,"8":4571.39014,"9":4572.5,"10":4571.75,"11":4569.00977,"12":4567.93994,"13":4566.31006,"14":4566.1499,"15":4565.66016,"16":4566.54004,"17":4562.97998,"18":4560.39014,"19":4559.1001,"20":4558.4502,"21":4557.83008,"22":4560.74023,"23":4558.02979,"24":4558.66016,"25":4552.41992},"close":{"0":4568.31982,"1":4571.37988,"2":4573.16992,"3":4575.5498,"4":4571.52979,"5":4579.66016,"6":4576.93994,"7":4574.2998,"8":4571.7998,"9":4574.4502,"10":4573.33984,"11":4571.93018,"12":4572.45996,"13":4568.2998,"14":4567.43018,"15":4568.10986,"16":4567.33984,"17":4568.5,"18":4563.10986,"19":4562.20996,"20":4559.43994,"21":4561.00977,"22":4561.33984,"23":4562.33008,"24":4562.02979,"25":4559.00977},"volume":{"0":170189063,"1":92171917,"2":67404943,"3":62892682,"4":67206587,"5":65423149,"6":54983607,"7":45211052,"8":44774745,"9":47230483,"10":45925725,"11":50392521,"12":47888546,"13":49382376,"14":51952009,"15":53352838,"16":56876572,"17":59210162,"18":60920078,"19":65155184,"20":76481949,"21":78145076,"22":83061406,"23":95630204,"24":110599947,"25":159641684}}