{"datetime":{"0":1684964700000,"1":1684963800000,"2":1684962900000,"3":1684962000000,"4":1684961100000,"5":1684960200000,"6":1684959300000,"7":1684958400000,"8":1684957500000,"9":1684956600000,"10":1684955700000,"11":1684954800000,"12":1684953900000,"13":1684953000000,"14":1684952100000,"15":1684951200000,"16":1684950300000,"17":1684949400000,"18":1684948500000,"19":1684947600000,"20":1684946700000,"21":1684945800000,"22":1684944900000,"23":1684944000000,"24":1684943100000,"25":1684942200000},"open":{"0":4119.93018,"1":4125.10986,"2":4113.87012,"3":4109.58008,"4":4112.6499,"5":4108.37012,"6":4113.52002,"7":4116.6499,"8":4118.16016,"9":4109.66016,"10":4105.64014,"11":4110.89014,"12":4108.75,"13":4105.3999,"14":4111.00977,"15":4109.12988,"16":4109.25977,"17":4116.81006,"18":4109.37012,"19":4109.7002,"20":4114.4502,"21":4111.81006,"22":4115.10986,"23":4115.47998,"24":4122.1499,"25":4132.95996},"high":{"0":4122.08984,"1":4132.37988,"2":4127.6001,"3":4113.93018,"4":4114.79004,"5":4114.64014,"6":4115.2002,"7":4119.4502,"8":4119.95996,"9":4118.18018,"10":4114.33008,"11":4110.95996,"12":4111.64014,"13":4111.58008,"14":4111.00977,"15":4114.6001,"16":4113.47021,"17":4118.22998,"18":4123.66992,"19":4112.27002,"20":4116.4502,"21":4116.35986,"22":4117.0498,"23":4118.06982,"24":4122.97998,"25":4132.95996},"low":{"0":4112.6001,"1":4119.68994,"2":4113.75,"3":4106.97998,"4":4107.72021,"5":4106.81982,"6":4107.20996,"7":4110.12988,"8":4114.99023,"9":4109.41992,"10":4105.25,"11":4105.41992,"12":4107.83984,"13":4103.97998,"14":4104.18994,"15":4108.08008,"16":4108.37012,"17":4107.5,"18":4108.97998,"19":4106.99023,"20":4108.62988,"21":4111.43018,"22":4108.64014,"23":4110.66016,"24":4115.0498,"25":4121.70996},"close":{"0":4115.12988,"1":4119.95996,"2":4125.14014,"3":4113.8501,"4":4109.47998,"5":4112.49023,"6":4108.3999,"7":4113.50977,"8":4116.64014,"9":4118.18018,"10":4109.66016,"11":4105.70996,"12":4110.81982,"13":4108.74023,"14":4105.39014,"15":4111.0,"16":4109.08008,"17":4109.2002,"18":4116.79004,"19":4109.37988,"20":4109.74023,"21":4114.47021,"22":4111.97998,"23":4115.12988,"24":4115.41992,"25":4121.95996},"volume":{"0":169854253,"1":104860907,"2":81942083,"3":55436161,"4":51626867,"5":1406297818,"6":44909868,"7":49405637,"8":43476959,"9":43207838,"10":45446360,"11":45967586,"12":40648591,"13":48085673,"14":49992069,"15":55222594,"16":55333232,"17":66132836,"18":70424305,"19":67905934,"20":686165629,"21":82253047,"22":86691010,"23":98544397,"24":114475110,"25":121019653}}