{"datetime":{"0":1612993500000,"1":1612992600000,"2":1612991700000,"3":1612990800000,"4":1612989900000,"5":1612989000000,"6":1612988100000,"7":1612987200000,"8":1612986300000,"9":1612985400000,"10":1612984500000,"11":1612983600000,"12":1612982700000,"13":1612981800000,"14":1612980900000,"15":1612980000000,"16":1612979100000,"17":1612978200000,"18":1612977300000,"19":1612976400000,"20":1612975500000,"21":1612974600000,"22":1612973700000,"23":1612972800000,"24":1612971900000,"25":1612971000000},"open":{"0":3903.67993,"1":3913.37988,"2":3919.04004,"3":3917.12988,"4":3915.98999,"5":3912.87988,"6":3907.30005,"7":3905.86011,"8":3908.86011,"9":3908.34009,"10":3905.92993,"11":3905.28003,"12":3902.25,"13":3902.81006,"14":3904.29004,"15":3904.84009,"16":3903.46997,"17":3902.66992,"18":3909.93994,"19":3905.95996,"20":3886.11011,"21":3903.6499,"22":3921.17993,"23":3924.70996,"24":3926.72998,"25":3920.78003},"high":{"0":3910.34009,"1":3915.18994,"2":3919.5,"3":3919.83008,"4":3917.5,"5":3917.69995,"6":3912.82007,"7":3908.37012,"8":3908.86011,"9":3909.98999,"10":3908.71997,"11":3907.30005,"12":3907.45996,"13":3903.30005,"14":3904.77002,"15":3904.8501,"16":3909.52002,"17":3907.41992,"18":3910.1001,"19":3910.6499,"20":3906.32007,"21":3904.95996,"22":3921.17993,"23":3928.96997,"24":3928.21997,"25":3931.5},"low":{"0":3903.65991,"1":3903.71997,"2":3911.46997,"3":3916.72998,"4":3914.5,"5":3911.73999,"6":3904.29004,"7":3904.97998,"8":3903.65991,"9":3908.07007,"10":3904.62012,"11":3903.62012,"12":3901.54004,"13":3899.88989,"14":3896.52002,"15":3897.38989,"16":3902.70996,"17":3898.62012,"18":3902.75,"19":3898.54004,"20":3885.06006,"21":3884.93994,"22":3896.95996,"23":3920.87988,"24":3923.37012,"25":3920.78003},"close":{"0":3910.34009,"1":3903.71997,"2":3913.32007,"3":3918.95996,"4":3917.11011,"5":3916.02002,"6":3912.82007,"7":3907.32007,"8":3905.91992,"9":3908.87988,"10":3908.38989,"11":3905.95996,"12":3905.32007,"13":3902.28003,"14":3902.81006,"15":3904.29004,"16":3904.8999,"17":3903.3999,"18":3902.75,"19":3910.03003,"20":3906.0,"21":3886.0,"22":3903.75,"23":3921.3501,"24":3924.87012,"25":3926.69995},"volume":{"0":211212968,"1":97489253,"2":63005969,"3":59041049,"4":54544380,"5":57619245,"6":52383317,"7":50154595,"8":44552135,"9":41134095,"10":43007648,"11":41277115,"12":45478418,"13":44769159,"14":49551714,"15":56242960,"16":53754092,"17":57499192,"18":65479177,"19":70350524,"20":98597078,"21":104509701,"22":129574285,"23":100087534,"24":114695676,"25":133740061}}