{"datetime":{"0":1608836400000,"1":1608835500000,"2":1608834600000,"3":1608833700000,"4":1608832800000,"5":1608831900000,"6":1608831000000,"7":1608830100000,"8":1608829200000,"9":1608828300000,"10":1608827400000,"11":1608826500000,"12":1608825600000,"13":1608824700000,"14":1608823800000},"open":{"0":3703.37012,"1":3697.67993,"2":3696.40991,"3":3694.88989,"4":3693.45996,"5":3694.03003,"6":3694.09009,"7":3699.1001,"8":3696.87988,"9":3698.94995,"10":3700.6001,"11":3699.1001,"12":3698.72998,"13":3699.02002,"14":3696.33008},"high":{"0":3703.57007,"1":3703.82007,"2":3698.86011,"3":3696.37988,"4":3695.27002,"5":3694.23999,"6":3696.09009,"7":3699.51001,"8":3699.78003,"9":3699.21997,"10":3701.62012,"11":3701.19995,"12":3700.30005,"13":3699.36011,"14":3699.6499},"low":{"0":3703.26001,"1":3697.57007,"2":3696.22998,"3":3691.6001,"4":3689.32007,"5":3691.1499,"6":3692.79004,"7":3693.94995,"8":3695.62988,"9":3696.65991,"10":3698.80005,"11":3698.75,"12":3697.34009,"13":3695.44995,"14":3696.1001},"close":{"0":3703.26001,"1":3703.62988,"2":3697.71997,"3":3696.37988,"4":3694.87988,"5":3693.3999,"6":3694.02002,"7":3694.1001,"8":3699.1001,"9":3696.71997,"10":3698.93994,"11":3700.61011,"12":3699.11011,"13":3698.73999,"14":3699.07007},"volume":{"0":41493462,"1":91879378,"2":44769474,"3":35776262,"4":38883432,"5":33225777,"6":34987943,"7":40827889,"8":42452135,"9":46288248,"10":50813318,"11":46853493,"12":58708255,"13":67922513,"14":76952921}}