{"datetime":{"0":1663969500000,"1":1663968600000,"2":1663967700000,"3":1663966800000,"4":1663965900000,"5":1663965000000,"6":1663964100000,"7":1663963200000,"8":1663962300000,"9":1663961400000,"10":1663960500000,"11":1663959600000,"12":1663958700000,"13":1663957800000,"14":1663956900000,"15":1663956000000,"16":1663955100000,"17":1663954200000,"18":1663953300000,"19":1663952400000,"20":1663951500000,"21":1663950600000,"22":1663949700000,"23":1663948800000,"24":1663947900000,"25":1663947000000},"open":{"0":3693.0,"1":3676.54004,"2":3668.63989,"3":3649.15991,"4":3658.83008,"5":3662.28003,"6":3660.13989,"7":3676.1499,"8":3672.91992,"9":3672.29004,"10":3680.94995,"11":3680.56006,"12":3666.51001,"13":3665.37012,"14":3673.94995,"15":3682.5,"16":3683.06006,"17":3691.75,"18":3690.1001,"19":3688.62988,"20":3693.32007,"21":3701.04004,"22":3697.13989,"23":3691.73999,"24":3704.36011,"25":3727.13989},"high":{"0":3695.5,"1":3694.07007,"2":3678.3501,"3":3674.23999,"4":3660.12988,"5":3662.33008,"6":3664.6499,"7":3680.27002,"8":3677.53003,"9":3676.81006,"10":3685.69995,"11":3685.58008,"12":3680.88989,"13":3669.04004,"14":3676.6001,"15":3682.95996,"16":3684.29004,"17":3695.63989,"18":3701.87012,"19":3697.19995,"20":3697.42993,"21":3701.04004,"22":3700.37988,"23":3701.41992,"24":3709.93994,"25":3727.13989},"low":{"0":3680.81006,"1":3675.18994,"2":3668.47998,"3":3648.8501,"4":3647.46997,"5":3653.69995,"6":3655.54004,"7":3658.47998,"8":3672.07007,"9":3669.77002,"10":3672.12988,"11":3678.16992,"12":3665.5,"13":3662.87012,"14":3665.29004,"15":3672.28003,"16":3677.03003,"17":3683.25,"18":3689.86011,"19":3686.28003,"20":3688.02002,"21":3690.80005,"22":3691.17993,"23":3688.27002,"24":3691.3999,"25":3699.86011},"close":{"0":3695.22998,"1":3693.43994,"2":3676.62012,"3":3668.6001,"4":3649.07007,"5":3658.73999,"6":3662.23999,"7":3660.15991,"8":3676.16992,"9":3673.0,"10":3672.22998,"11":3680.95996,"12":3680.59009,"13":3666.52002,"14":3665.32007,"15":3673.94995,"16":3682.51001,"17":3683.25,"18":3691.56006,"19":3690.11011,"20":3688.75,"21":3693.34009,"22":3700.37988,"23":3697.15991,"24":3691.77002,"25":3704.91992},"volume":{"0":265208738,"1":135513985,"2":94467030,"3":98866872,"4":74405567,"5":67784828,"6":70317035,"7":72545535,"8":53405481,"9":60204341,"10":57232940,"11":63478635,"12":67019006,"13":71198729,"14":71343413,"15":69804708,"16":70551757,"17":71465863,"18":74973620,"19":85555614,"20":87882954,"21":97530535,"22":139441572,"23":116923745,"24":135810443,"25":134015211}}