{"datetime":{"0":1658180700000,"1":1658179800000,"2":1658178900000,"3":1658178000000,"4":1658177100000,"5":1658176200000,"6":1658175300000,"7":1658174400000,"8":1658173500000,"9":1658172600000,"10":1658171700000,"11":1658170800000,"12":1658169900000,"13":1658169000000,"14":1658168100000,"15":1658167200000,"16":1658166300000,"17":1658165400000,"18":1658164500000,"19":1658163600000,"20":1658162700000,"21":1658161800000,"22":1658160900000,"23":1658160000000,"24":1658159100000,"25":1658158200000},"open":{"0":3826.78003,"1":3838.80005,"2":3846.48999,"3":3842.6001,"4":3848.62988,"5":3851.71997,"6":3857.94995,"7":3856.61011,"8":3870.3999,"9":3882.73999,"10":3883.95996,"11":3883.33008,"12":3891.33008,"13":3890.33008,"14":3894.08008,"15":3895.66992,"16":3895.58008,"17":3888.34009,"18":3887.76001,"19":3891.21997,"20":3890.25,"21":3889.44995,"22":3888.65991,"23":3894.47998,"24":3898.55005,"25":3883.79004},"high":{"0":3833.84009,"1":3838.82007,"2":3850.8999,"3":3849.07007,"4":3850.32007,"5":3858.72998,"6":3862.52002,"7":3858.16992,"8":3872.08008,"9":3882.8501,"10":3884.05005,"11":3884.98999,"12":3891.33008,"13":3892.80005,"14":3894.71997,"15":3895.81006,"16":3896.42993,"17":3895.56006,"18":3889.75,"19":3892.0,"20":3892.27002,"21":3894.12988,"22":3892.23999,"23":3898.1499,"24":3902.43994,"25":3901.3999},"low":{"0":3818.62988,"1":3825.17993,"2":3839.03003,"3":3840.87012,"4":3841.44995,"5":3848.30005,"6":3851.29004,"7":3853.54004,"8":3854.83008,"9":3869.72998,"10":3877.16992,"11":3882.03003,"12":3882.48999,"13":3890.17993,"14":3890.12988,"15":3890.96997,"16":3891.68994,"17":3886.41992,"18":3885.23999,"19":3886.36011,"20":3885.07007,"21":3888.66992,"22":3887.11011,"23":3884.21997,"24":3895.31006,"25":3883.79004},"close":{"0":3829.88989,"1":3826.88989,"2":3839.03003,"3":3846.70996,"4":3842.75,"5":3848.62988,"6":3851.87012,"7":3857.84009,"8":3856.62988,"9":3870.44995,"10":3882.67993,"11":3883.95996,"12":3883.30005,"13":3891.37012,"14":3890.16992,"15":3894.12988,"16":3895.68994,"17":3895.5,"18":3888.32007,"19":3887.76001,"20":3891.28003,"21":3890.11011,"22":3889.51001,"23":3888.81006,"24":3895.79004,"25":3898.55005},"volume":{"0":214437182,"1":91834596,"2":64134561,"3":57489890,"4":53881300,"5":48253922,"6":49406930,"7":55781806,"8":67546199,"9":61403210,"10":52842998,"11":41778085,"12":45199300,"13":40471778,"14":40658262,"15":50085531,"16":55095197,"17":54432674,"18":54077469,"19":57263793,"20":66768529,"21":68729064,"22":68940536,"23":87319720,"24":121669698,"25":144266069}}