{"datetime":{"0":1651182300000,"1":1651181400000,"2":1651180500000,"3":1651179600000,"4":1651178700000,"5":1651177800000,"6":1651176900000,"7":1651176000000,"8":1651175100000,"9":1651174200000,"10":1651173300000,"11":1651172400000,"12":1651171500000,"13":1651170600000,"14":1651169700000,"15":1651168800000,"16":1651167900000,"17":1651167000000,"18":1651166100000,"19":1651165200000,"20":1651164300000,"21":1651163400000,"22":1651162500000,"23":1651161600000,"24":1651160700000,"25":1651159800000},"open":{"0":4288.5498,"1":4299.97021,"2":4298.93018,"3":4298.8501,"4":4295.93994,"5":4287.22021,"6":4282.9502,"7":4284.02002,"8":4281.64014,"9":4280.95996,"10":4283.1001,"11":4267.97998,"12":4259.24023,"13":4243.54004,"14":4224.58008,"15":4217.37012,"16":4212.62012,"17":4219.91016,"18":4220.43994,"19":4205.1499,"20":4195.35986,"21":4196.72021,"22":4207.1499,"23":4217.06982,"24":4210.33984,"25":4222.58008},"high":{"0":4291.60986,"1":4300.83008,"2":4308.4502,"3":4303.87012,"4":4303.87988,"5":4296.12988,"6":4288.4502,"7":4287.22021,"8":4287.2002,"9":4288.12012,"10":4284.27979,"11":4283.56982,"12":4269.72998,"13":4259.18018,"14":4243.56982,"15":4224.58008,"16":4220.27979,"17":4225.4502,"18":4224.58008,"19":4220.58984,"20":4207.0,"21":4198.5,"22":4217.93018,"23":4217.41992,"24":4219.93018,"25":4242.33008},"low":{"0":4275.81982,"1":4287.58008,"2":4297.1001,"3":4295.47998,"4":4294.66016,"5":4283.95996,"6":4279.79004,"7":4280.70996,"8":4278.62988,"9":4276.1499,"10":4274.85986,"11":4265.16992,"12":4259.24023,"13":4243.20996,"14":4224.39014,"15":4212.81982,"16":4207.77979,"17":4212.41016,"18":4218.27979,"19":4203.72021,"20":4190.37012,"21":4188.62988,"22":4196.66992,"23":4198.6001,"24":4208.50977,"25":4209.68018},"close":{"0":4289.99023,"1":4288.47021,"2":4299.95996,"3":4298.97021,"4":4299.00977,"5":4296.00977,"6":4287.12988,"7":4282.77979,"8":4283.99023,"9":4281.56006,"10":4281.06006,"11":4283.27979,"12":4268.1001,"13":4259.16992,"14":4243.56982,"15":4224.56982,"16":4217.5498,"17":4212.47021,"18":4219.74023,"19":4220.41016,"20":4205.1001,"21":4195.29004,"22":4196.85986,"23":4207.66016,"24":4216.7002,"25":4210.7998},"volume":{"0":212173295,"1":126221040,"2":90040352,"3":84587609,"4":75311439,"5":72162983,"6":65630186,"7":65533263,"8":66465478,"9":73621169,"10":65966661,"11":70955471,"12":78859788,"13":69470353,"14":67105770,"15":59069353,"16":62574903,"17":69235569,"18":76562494,"19":84430435,"20":84473400,"21":94090672,"22":102561686,"23":112998271,"24":136077604,"25":160087394}}