{"datetime":{"0":1635885900000,"1":1635885000000,"2":1635884100000,"3":1635883200000,"4":1635882300000,"5":1635881400000,"6":1635880500000,"7":1635879600000,"8":1635878700000,"9":1635877800000,"10":1635876900000,"11":1635876000000,"12":1635875100000,"13":1635874200000,"14":1635873300000,"15":1635872400000,"16":1635871500000,"17":1635870600000,"18":1635869700000,"19":1635868800000,"20":1635867900000,"21":1635867000000,"22":1635866100000,"23":1635865200000,"24":1635864300000,"25":1635863400000},"open":{"0":4631.33984,"1":4631.06982,"2":4630.85986,"3":4632.12012,"4":4629.87988,"5":4627.47998,"6":4626.41016,"7":4629.37988,"8":4630.06982,"9":4628.43018,"10":4632.99023,"11":4632.3501,"12":4631.0,"13":4629.85986,"14":4627.0498,"15":4626.77002,"16":4634.12988,"17":4630.1001,"18":4626.7998,"19":4628.6001,"20":4625.68994,"21":4625.7002,"22":4621.72021,"23":4624.87012,"24":4620.60986,"25":4613.33984},"high":{"0":4633.08008,"1":4631.41016,"2":4631.3999,"3":4632.75,"4":4632.12012,"5":4630.24023,"6":4628.58008,"7":4629.83984,"8":4630.3501,"9":4630.0,"10":4633.0498,"11":4633.41016,"12":4633.68994,"13":4631.85986,"14":4630.33984,"15":4627.4502,"16":4635.1499,"17":4634.16016,"18":4630.37012,"19":4631.22998,"20":4629.87012,"21":4627.56006,"22":4626.25977,"23":4627.31006,"24":4625.81006,"25":4622.18994},"low":{"0":4626.41992,"1":4628.08984,"2":4628.41992,"3":4630.41016,"4":4629.83008,"5":4625.99023,"6":4625.2998,"7":4625.85986,"8":4628.56006,"9":4625.93994,"10":4628.41016,"11":4630.72998,"12":4631.0,"13":4628.56006,"14":4626.66016,"15":4623.83984,"16":4626.56982,"17":4629.37988,"18":4625.56982,"19":4626.43994,"20":4624.75977,"21":4623.75977,"22":4621.58984,"23":4620.33984,"24":4620.29004,"25":4613.33984},"close":{"0":4630.81982,"1":4631.41016,"2":4631.06982,"3":4630.87988,"4":4632.10986,"5":4629.85986,"6":4627.47021,"7":4626.35986,"8":4629.41016,"9":4630.0,"10":4628.43018,"11":4633.12988,"12":4632.37012,"13":4631.02002,"14":4629.97021,"15":4627.08008,"16":4626.72021,"17":4634.16016,"18":4630.31982,"19":4626.8999,"20":4628.49023,"21":4625.58984,"22":4625.7002,"23":4621.6499,"24":4624.77002,"25":4620.35986},"volume":{"0":212453983,"1":82508394,"2":61107070,"3":56728126,"4":52123065,"5":48724567,"6":48253062,"7":50974394,"8":40977960,"9":43380240,"10":47803131,"11":47473410,"12":43414836,"13":1069762887,"14":50019995,"15":51270047,"16":59938932,"17":62673860,"18":55021552,"19":65311704,"20":71808599,"21":78941008,"22":81114522,"23":91971866,"24":135075982,"25":135051630}}