{"datetime":{"0":1616013900000,"1":1616013000000,"2":1616012100000,"3":1616011200000,"4":1616010300000,"5":1616009400000,"6":1616008500000,"7":1616007600000,"8":1616006700000,"9":1616005800000,"10":1616004900000,"11":1616004000000,"12":1616003100000,"13":1616002200000,"14":1616001300000,"15":1616000400000,"16":1615999500000,"17":1615998600000,"18":1615997700000,"19":1615996800000,"20":1615995900000,"21":1615995000000,"22":1615994100000,"23":1615993200000,"24":1615992300000,"25":1615991400000},"open":{"0":3969.19995,"1":3973.69995,"2":3976.69995,"3":3979.54004,"4":3978.82007,"5":3956.96997,"6":3970.0,"7":3947.32007,"8":3944.20996,"9":3945.27002,"10":3943.17993,"11":3941.69995,"12":3941.5,"13":3947.93994,"14":3946.94995,"15":3943.83008,"16":3942.19995,"17":3944.19995,"18":3940.58008,"19":3938.48999,"20":3938.33008,"21":3949.52002,"22":3946.98999,"23":3948.80005,"24":3947.73999,"25":3949.57007},"high":{"0":3974.70996,"1":3980.27002,"2":3979.92993,"3":3983.77002,"4":3980.32007,"5":3980.06006,"6":3970.69995,"7":3970.79004,"8":3944.8501,"9":3945.76001,"10":3946.18994,"11":3944.87012,"12":3945.62012,"13":3947.93994,"14":3949.5,"15":3948.15991,"16":3946.5,"17":3945.12988,"18":3945.59009,"19":3943.08008,"20":3941.83008,"21":3949.52002,"22":3952.0,"23":3948.95996,"24":3951.5,"25":3949.57007},"low":{"0":3966.69995,"1":3969.05005,"2":3971.0,"3":3975.19995,"4":3973.67993,"5":3953.5,"6":3955.84009,"7":3946.69995,"8":3939.84009,"9":3942.69995,"10":3940.5,"11":3940.36011,"12":3941.12012,"13":3941.5,"14":3946.5,"15":3941.69995,"16":3942.19995,"17":3941.13989,"18":3939.84009,"19":3935.61011,"20":3936.84009,"21":3938.33008,"22":3945.69995,"23":3941.25,"24":3945.44995,"25":3941.1499},"close":{"0":3974.70996,"1":3969.05005,"2":3973.3999,"3":3976.19995,"4":3979.40991,"5":3979.56006,"6":3955.84009,"7":3969.0,"8":3942.19995,"9":3943.84009,"10":3945.02002,"11":3943.42993,"12":3942.0,"13":3942.12012,"14":3948.0,"15":3946.69995,"16":3944.08008,"17":3942.0,"18":3944.8501,"19":3940.69995,"20":3938.86011,"21":3938.58008,"22":3950.0,"23":3947.22998,"24":3949.30005,"25":3948.12012},"volume":{"0":0,"1":0,"2":0,"3":0,"4":0,"5":0,"6":0,"7":0,"8":0,"9":0,"10":0,"11":0,"12":0,"13":0,"14":0,"15":0,"16":0,"17":0,"18":0,"19":0,"20":0,"21":0,"22":0,"23":0,"24":0,"25":58736919}}