{"datetime":{"0":1665438300000,"1":1665437400000,"2":1665436500000,"3":1665435600000,"4":1665434700000,"5":1665433800000,"6":1665432900000,"7":1665432000000,"8":1665431100000,"9":1665430200000,"10":1665429300000,"11":1665428400000,"12":1665427500000,"13":1665426600000,"14":1665425700000,"15":1665424800000,"16":1665423900000,"17":1665423000000,"18":1665422100000,"19":1665421200000,"20":1665420300000,"21":1665419400000,"22":1665418500000,"23":1665417600000,"24":1665416700000,"25":1665415800000},"open":{"0":3619.96997,"1":3618.83008,"2":3622.03003,"3":3616.82007,"4":3621.3999,"5":3616.96997,"6":3616.22998,"7":3626.28003,"8":3606.68994,"9":3600.90991,"10":3597.65991,"11":3594.75,"12":3601.94995,"13":3601.44995,"14":3613.6499,"15":3619.36011,"16":3615.06006,"17":3614.66992,"18":3613.91992,"19":3612.90991,"20":3614.30005,"21":3636.17993,"22":3623.81006,"23":3627.12988,"24":3640.8999,"25":3647.51001},"high":{"0":3626.31006,"1":3627.75,"2":3630.3501,"3":3622.29004,"4":3621.44995,"5":3627.86011,"6":3618.40991,"7":3627.13989,"8":3633.90991,"9":3610.38989,"10":3601.8501,"11":3599.46997,"12":3602.61011,"13":3604.04004,"14":3615.54004,"15":3620.56006,"16":3624.75,"17":3616.40991,"18":3621.07007,"19":3614.02002,"20":3617.93994,"21":3639.66992,"22":3640.04004,"23":3631.25,"24":3647.25,"25":3652.16992},"low":{"0":3612.05005,"1":3617.20996,"2":3617.48999,"3":3612.31006,"4":3614.0,"5":3614.96997,"6":3610.86011,"7":3616.1499,"8":3606.55005,"9":3600.3999,"10":3594.54004,"11":3588.1001,"12":3594.72998,"13":3599.11011,"14":3600.33008,"15":3611.72998,"16":3613.79004,"17":3609.19995,"18":3609.02002,"19":3604.55005,"20":3607.62988,"21":3612.65991,"22":3622.93994,"23":3621.22998,"24":3626.62012,"25":3634.93994},"close":{"0":3612.05005,"1":3619.54004,"2":3618.76001,"3":3621.67993,"4":3616.81006,"5":3621.3999,"6":3616.79004,"7":3616.27002,"8":3626.30005,"9":3606.70996,"10":3600.92993,"11":3597.69995,"12":3594.73999,"13":3601.92993,"14":3601.46997,"15":3613.59009,"16":3619.36011,"17":3615.05005,"18":3614.65991,"19":3613.90991,"20":3613.05005,"21":3614.31006,"22":3636.44995,"23":3623.86011,"24":3626.81006,"25":3640.87988},"volume":{"0":185229904,"1":92648417,"2":84224793,"3":61840453,"4":53311558,"5":1606437315,"6":53495236,"7":63399899,"8":84913061,"9":55474752,"10":52020801,"11":62750401,"12":56490852,"13":53456117,"14":56926741,"15":1026255777,"16":65578809,"17":63285752,"18":69717591,"19":72240985,"20":84210560,"21":99781680,"22":87206721,"23":95659877,"24":114828586,"25":134663853}}