{"datetime":{"0":1685137500000,"1":1685136600000,"2":1685135700000,"3":1685134800000,"4":1685133900000,"5":1685133000000,"6":1685132100000,"7":1685131200000,"8":1685130300000,"9":1685129400000,"10":1685128500000,"11":1685127600000,"12":1685126700000,"13":1685125800000,"14":1685124900000,"15":1685124000000,"16":1685123100000,"17":1685122200000,"18":1685121300000,"19":1685120400000,"20":1685119500000,"21":1685118600000,"22":1685117700000,"23":1685116800000,"24":1685115900000,"25":1685115000000},"open":{"0":4208.7998,"1":4206.72998,"2":4210.87988,"3":4206.45996,"4":4206.77002,"5":4203.10986,"6":4198.97998,"7":4200.75977,"8":4197.83008,"9":4201.47998,"10":4203.97021,"11":4202.18994,"12":4203.93018,"13":4202.91016,"14":4198.35986,"15":4195.68018,"16":4196.97021,"17":4190.43018,"18":4194.00977,"19":4199.1001,"20":4197.64014,"21":4196.75977,"22":4182.64014,"23":4175.16016,"24":4176.37988,"25":4156.16016},"high":{"0":4209.85986,"1":4209.25977,"2":4211.3999,"3":4212.87012,"4":4209.99023,"5":4207.4502,"6":4204.14014,"7":4201.87012,"8":4201.3999,"9":4203.56006,"10":4204.00977,"11":4205.2002,"12":4204.50977,"13":4204.41992,"14":4203.06982,"15":4200.06982,"16":4199.91992,"17":4198.08984,"18":4194.83008,"19":4202.06006,"20":4201.25,"21":4202.91992,"22":4196.7998,"23":4185.1499,"24":4178.5498,"25":4177.14014},"low":{"0":4203.22998,"1":4204.25,"2":4206.39014,"3":4206.45996,"4":4205.5498,"5":4202.81982,"6":4198.0498,"7":4195.7998,"8":4197.22021,"9":4197.14014,"10":4198.5,"11":4202.18994,"12":4201.27979,"13":4201.66016,"14":4196.2002,"15":4195.00977,"16":4194.81982,"17":4190.43018,"18":4187.95996,"19":4189.60986,"20":4195.8999,"21":4194.08984,"22":4182.64014,"23":4174.49023,"24":4173.22998,"25":4156.16016},"close":{"0":4205.00977,"1":4208.79004,"2":4206.72998,"3":4210.83984,"4":4206.41016,"5":4206.74023,"6":4203.12012,"7":4199.0,"8":4200.72021,"9":4197.81982,"10":4201.4502,"11":4204.02979,"12":4202.14014,"13":4203.91016,"14":4202.83008,"15":4198.27979,"16":4195.68994,"17":4196.93018,"18":4190.43994,"19":4193.97021,"20":4199.16992,"21":4197.58984,"22":4196.68018,"23":4182.58984,"24":4175.04004,"25":4176.47998},"volume":{"0":184763700,"1":99310930,"2":77070624,"3":69917291,"4":55060074,"5":53989176,"6":51333371,"7":52263659,"8":48503957,"9":55550675,"10":1359390547,"11":55024741,"12":57066302,"13":54887218,"14":58643194,"15":65668595,"16":67038458,"17":73766990,"18":83187921,"19":93542311,"20":93076163,"21":106382601,"22":96426433,"23":109531574,"24":112688880,"25":129071658}}