{"datetime":{"0":1620164700000,"1":1620163800000,"2":1620162900000,"3":1620162000000,"4":1620161100000,"5":1620160200000,"6":1620159300000,"7":1620158400000,"8":1620157500000,"9":1620156600000,"10":1620155700000,"11":1620154800000,"12":1620153900000,"13":1620153000000,"14":1620152100000,"15":1620151200000,"16":1620150300000,"17":1620149400000,"18":1620148500000,"19":1620147600000,"20":1620146700000,"21":1620145800000,"22":1620144900000,"23":1620144000000,"24":1620143100000,"25":1620142200000},"open":{"0":4151.58984,"1":4150.33008,"2":4148.1499,"3":4152.3501,"4":4152.24023,"5":4148.68994,"6":4153.6001,"7":4146.39014,"8":4147.08008,"9":4148.08984,"10":4147.00977,"11":4139.22021,"12":4138.95996,"13":4145.97021,"14":4144.66992,"15":4132.4502,"16":4138.97021,"17":4140.18018,"18":4134.79004,"19":4144.02979,"20":4150.62012,"21":4154.52002,"22":4147.5,"23":4149.66016,"24":4160.83008,"25":4179.04004},"high":{"0":4165.75,"1":4157.4502,"2":4150.62012,"3":4153.97021,"4":4155.31982,"5":4152.66992,"6":4153.72021,"7":4153.37988,"8":4148.43018,"9":4150.77002,"10":4150.24023,"11":4147.06006,"12":4142.52002,"13":4145.97021,"14":4146.12012,"15":4145.79004,"16":4139.27002,"17":4142.81982,"18":4140.2998,"19":4147.93018,"20":4151.7998,"21":4155.83984,"22":4156.77002,"23":4152.02979,"24":4160.83008,"25":4179.04004},"low":{"0":4149.75,"1":4147.75,"2":4146.39014,"3":4147.85986,"4":4152.2002,"5":4148.3501,"6":4146.7002,"7":4143.37012,"8":4143.58984,"9":4145.89014,"10":4145.2998,"11":4138.0,"12":4137.41992,"13":4138.54004,"14":4142.5498,"15":4131.68994,"16":4128.58984,"17":4136.62012,"18":4131.24023,"19":4134.18994,"20":4143.66016,"21":4146.2998,"22":4144.97998,"23":4143.02979,"24":4149.1499,"25":4161.06006},"close":{"0":4165.75,"1":4151.56982,"2":4150.43018,"3":4148.16016,"4":4152.37988,"5":4152.27002,"6":4148.5,"7":4153.3501,"8":4146.5498,"9":4147.12988,"10":4148.06006,"11":4147.0498,"12":4139.2002,"13":4138.93994,"14":4145.83984,"15":4144.64014,"16":4132.47998,"17":4139.04004,"18":4140.2998,"19":4134.83984,"20":4144.0498,"21":4150.68018,"22":4154.77002,"23":4150.93994,"24":4149.75977,"25":4161.08984},"volume":{"0":262099172,"1":103682831,"2":72821037,"3":66691464,"4":57988927,"5":52699661,"6":60042777,"7":56114129,"8":56113748,"9":51498588,"10":56681100,"11":56700440,"12":1273469293,"13":64969357,"14":66847502,"15":71173785,"16":1012737526,"17":77958257,"18":80473059,"19":74234161,"20":76157443,"21":11630573,"22":0,"23":73711977,"24":126829453,"25":129486060}}