{"datetime":{"0":1608241500000,"1":1608240600000,"2":1608239700000,"3":1608238800000,"4":1608237900000,"5":1608237000000,"6":1608236100000,"7":1608235200000,"8":1608234300000,"9":1608233400000,"10":1608232500000,"11":1608231600000,"12":1608230700000,"13":1608229800000,"14":1608228900000,"15":1608228000000,"16":1608227100000,"17":1608226200000,"18":1608225300000,"19":1608224400000,"20":1608223500000,"21":1608222600000,"22":1608221700000,"23":1608220800000,"24":1608219900000,"25":1608219000000},"open":{"0":3719.70996,"1":3718.71997,"2":3717.88989,"3":3720.62012,"4":3719.78003,"5":3719.98999,"6":3720.05005,"7":3720.8999,"8":3718.40991,"9":3718.61011,"10":3719.03003,"11":3716.62988,"12":3715.36011,"13":3714.42993,"14":3713.96997,"15":3716.19995,"16":3715.87988,"17":3716.8999,"18":3716.53003,"19":3715.43994,"20":3716.25,"21":3718.88989,"22":3714.71997,"23":3717.46997,"24":3717.93994,"25":3713.6499},"high":{"0":3722.59009,"1":3720.47998,"2":3721.22998,"3":3721.81006,"4":3721.44995,"5":3721.66992,"6":3721.55005,"7":3721.26001,"8":3720.90991,"9":3719.07007,"10":3719.37988,"11":3719.30005,"12":3717.55005,"13":3715.78003,"14":3715.12012,"15":3716.8999,"16":3716.22998,"17":3717.26001,"18":3718.97998,"19":3717.98999,"20":3719.52002,"21":3720.32007,"22":3719.09009,"23":3718.69995,"24":3720.96997,"25":3725.12012},"low":{"0":3717.8999,"1":3715.34009,"2":3717.25,"3":3717.84009,"4":3719.78003,"5":3719.56006,"6":3719.86011,"7":3719.56006,"8":3717.44995,"9":3717.48999,"10":3717.8501,"11":3716.52002,"12":3715.20996,"13":3713.12012,"14":3712.07007,"15":3713.73999,"16":3710.87012,"17":3714.40991,"18":3716.37988,"19":3714.53003,"20":3714.80005,"21":3714.5,"22":3713.43994,"23":3714.44995,"24":3715.69995,"25":3713.6499},"close":{"0":3722.59009,"1":3719.69995,"2":3718.75,"3":3717.90991,"4":3720.62988,"5":3719.78003,"6":3719.97998,"7":3720.05005,"8":3720.88989,"9":3718.40991,"10":3718.56006,"11":3719.03003,"12":3716.69995,"13":3715.37012,"14":3714.47998,"15":3714.04004,"16":3716.17993,"17":3715.87012,"18":3716.95996,"19":3716.56006,"20":3715.44995,"21":3716.21997,"22":3719.01001,"23":3714.67993,"24":3717.44995,"25":3718.02002},"volume":{"0":184398403,"1":79704129,"2":61378950,"3":57148837,"4":1374739984,"5":51066672,"6":48554523,"7":51158296,"8":42230204,"9":43204400,"10":41206906,"11":43465975,"12":1001786133,"13":42958206,"14":44996493,"15":44274797,"16":828515113,"17":51789172,"18":57895231,"19":56504056,"20":64742039,"21":71338878,"22":75050928,"23":85009934,"24":314923024,"25":119218439}}