{"datetime":{"0":1686087900000,"1":1686087000000,"2":1686086100000,"3":1686085200000,"4":1686084300000,"5":1686083400000,"6":1686082500000,"7":1686081600000,"8":1686080700000,"9":1686079800000,"10":1686078900000,"11":1686078000000,"12":1686077100000,"13":1686076200000,"14":1686075300000,"15":1686074400000,"16":1686073500000,"17":1686072600000,"18":1686071700000,"19":1686070800000,"20":1686069900000,"21":1686069000000,"22":1686068100000,"23":1686067200000,"24":1686066300000,"25":1686065400000},"open":{"0":4283.25977,"1":4283.68018,"2":4280.45996,"3":4279.75977,"4":4277.95996,"5":4277.0,"6":4274.47021,"7":4271.25,"8":4273.33008,"9":4275.22998,"10":4279.56006,"11":4271.8501,"12":4275.87012,"13":4279.50977,"14":4280.45996,"15":4284.70996,"16":4280.49023,"17":4277.37988,"18":4281.2998,"19":4284.18018,"20":4279.0,"21":4276.97021,"22":4275.4502,"23":4268.81982,"24":4267.37012,"25":4271.33984},"high":{"0":4288.33008,"1":4285.08008,"2":4284.56982,"3":4282.95996,"4":4280.24023,"5":4278.41992,"6":4277.18994,"7":4274.7002,"8":4274.97998,"9":4276.16992,"10":4281.02002,"11":4279.66016,"12":4276.3501,"13":4280.43018,"14":4281.77002,"15":4287.00977,"16":4285.3999,"17":4281.75977,"18":4283.7002,"19":4284.93994,"20":4286.87988,"21":4279.52002,"22":4278.64014,"23":4278.81982,"24":4270.77002,"25":4271.33984},"low":{"0":4281.87988,"1":4278.25977,"2":4280.24023,"3":4279.75977,"4":4277.33008,"5":4275.64014,"6":4271.7998,"7":4268.50977,"8":4268.54004,"9":4273.18018,"10":4271.08008,"11":4271.72021,"12":4270.56982,"13":4272.97021,"14":4278.7002,"15":4280.12012,"16":4280.27979,"17":4277.37988,"18":4272.1001,"19":4281.12988,"20":4279.0,"21":4275.97998,"22":4272.64014,"23":4268.52979,"24":4266.06982,"25":4263.08984},"close":{"0":4283.58984,"1":4283.33984,"2":4283.66016,"3":4280.47998,"4":4279.62988,"5":4277.99023,"6":4277.18994,"7":4274.41016,"8":4271.25,"9":4273.33008,"10":4275.22021,"11":4279.52979,"12":4271.85986,"13":4275.7998,"14":4279.45996,"15":4280.52979,"16":4284.72021,"17":4280.31006,"18":4277.3501,"19":4281.29004,"20":4283.3501,"21":4278.97021,"22":4277.02979,"23":4275.47021,"24":4268.81982,"25":4267.60986},"volume":{"0":228810502,"1":93595196,"2":62394457,"3":56077060,"4":50703111,"5":44078314,"6":47766186,"7":51644401,"8":48923589,"9":46860955,"10":58128381,"11":45904230,"12":48873261,"13":54403330,"14":48830388,"15":59527114,"16":62598368,"17":66040709,"18":76139628,"19":77190753,"20":653804460,"21":79664692,"22":80441731,"23":92128199,"24":273704978,"25":134694018}}