{"datetime":{"0":1614635100000,"1":1614634200000,"2":1614633300000,"3":1614632400000,"4":1614631500000,"5":1614630600000,"6":1614629700000,"7":1614628800000,"8":1614627900000,"9":1614627000000,"10":1614626100000,"11":1614625200000,"12":1614624300000,"13":1614623400000,"14":1614622500000,"15":1614621600000,"16":1614620700000,"17":1614619800000,"18":1614618900000,"19":1614618000000,"20":1614617100000,"21":1614616200000,"22":1614615300000,"23":1614614400000,"24":1614613500000,"25":1614612600000},"open":{"0":3902.19995,"1":3908.97998,"2":3909.56006,"3":3911.67993,"4":3913.98999,"5":3909.92993,"6":3909.23999,"7":3900.82007,"8":3902.69995,"9":3896.69995,"10":3890.5,"11":3895.22998,"12":3899.97998,"13":3899.55005,"14":3900.69995,"15":3899.67993,"16":3899.52002,"17":3894.72998,"18":3897.98999,"19":3896.5,"20":3894.0,"21":3887.0,"22":3879.0,"23":3876.29004,"24":3872.17993,"25":3842.51001},"high":{"0":3904.69995,"1":3911.0,"2":3911.0,"3":3913.5,"4":3915.5,"5":3914.69995,"6":3911.0,"7":3910.5,"8":3902.69995,"9":3903.0,"10":3896.69995,"11":3896.0,"12":3903.0,"13":3901.69995,"14":3901.0,"15":3902.69995,"16":3901.19995,"17":3900.19995,"18":3900.0,"19":3898.5,"20":3897.19995,"21":3894.19995,"22":3889.6001,"23":3881.67993,"24":3876.22998,"25":3872.04004},"low":{"0":3895.69995,"1":3902.04004,"2":3905.71997,"3":3909.04004,"4":3911.42993,"5":3908.66992,"6":3907.98999,"7":3900.5,"8":3899.11011,"9":3896.37988,"10":3888.6001,"11":3889.57007,"12":3893.72998,"13":3896.73999,"14":3896.22998,"15":3899.67993,"16":3897.53003,"17":3893.20996,"18":3892.98999,"19":3890.03003,"20":3890.62012,"21":3885.26001,"22":3879.0,"23":3870.69995,"24":3866.1001,"25":3842.51001},"close":{"0":3901.3501,"1":3903.69995,"2":3908.72998,"3":3909.31006,"4":3911.42993,"5":3914.5,"6":3909.67993,"7":3910.0,"8":3900.57007,"9":3901.86011,"10":3896.6001,"11":3890.19995,"12":3895.5,"13":3899.72998,"14":3899.16992,"15":3900.42993,"16":3899.17993,"17":3899.77002,"18":3893.73999,"19":3897.23999,"20":3895.71997,"21":3893.36011,"22":3886.5,"23":3878.69995,"24":3875.40991,"25":3871.05005},"volume":{"0":0,"1":0,"2":0,"3":0,"4":0,"5":0,"6":0,"7":0,"8":0,"9":0,"10":0,"11":0,"12":0,"13":0,"14":0,"15":0,"16":0,"17":0,"18":0,"19":0,"20":0,"21":0,"22":0,"23":0,"24":0,"25":80999776}}