{"datetime":{"0":1611956700000,"1":1611955800000,"2":1611954900000,"3":1611954000000,"4":1611953100000,"5":1611952200000,"6":1611951300000,"7":1611950400000,"8":1611949500000,"9":1611948600000,"10":1611947700000,"11":1611946800000,"12":1611945900000,"13":1611945000000,"14":1611944100000,"15":1611943200000,"16":1611942300000,"17":1611941400000,"18":1611940500000,"19":1611939600000,"20":1611938700000,"21":1611937800000,"22":1611936900000,"23":1611936000000,"24":1611935100000,"25":1611934200000},"open":{"0":3723.06006,"1":3731.93994,"2":3736.54004,"3":3718.43994,"4":3715.40991,"5":3720.6499,"6":3725.15991,"7":3708.45996,"8":3718.62988,"9":3719.01001,"10":3703.55005,"11":3703.31006,"12":3709.68994,"13":3719.32007,"14":3733.47998,"15":3740.69995,"16":3738.04004,"17":3738.42993,"18":3746.52002,"19":3766.38989,"20":3759.3501,"21":3773.23999,"22":3768.30005,"23":3762.56006,"24":3747.6499,"25":3778.05005},"high":{"0":3735.12988,"1":3741.79004,"2":3740.58008,"3":3738.79004,"4":3721.73999,"5":3720.6499,"6":3727.25,"7":3726.81006,"8":3721.12988,"9":3720.16992,"10":3719.0,"11":3711.70996,"12":3714.55005,"13":3722.1499,"14":3733.47998,"15":3742.47998,"16":3740.8501,"17":3740.36011,"18":3750.33008,"19":3768.84009,"20":3767.88989,"21":3776.41992,"22":3776.62988,"23":3772.83008,"24":3764.91992,"25":3778.05005},"low":{"0":3711.44995,"1":3721.54004,"2":3731.90991,"3":3718.43994,"4":3714.1499,"5":3708.33008,"6":3719.77002,"7":3707.91992,"8":3706.82007,"9":3713.51001,"10":3694.12012,"11":3699.86011,"12":3696.33008,"13":3707.73999,"14":3716.66992,"15":3733.37988,"16":3733.04004,"17":3729.06006,"18":3737.96997,"19":3746.07007,"20":3756.07007,"21":3759.55005,"22":3764.53003,"23":3756.63989,"24":3747.19995,"25":3742.3501},"close":{"0":3713.22998,"1":3723.12988,"2":3731.92993,"3":3736.43994,"4":3718.27002,"5":3715.27002,"6":3720.70996,"7":3725.15991,"8":3708.42993,"9":3718.62988,"10":3718.86011,"11":3703.55005,"12":3703.27002,"13":3709.43994,"14":3719.32007,"15":3733.37988,"16":3740.58008,"17":3738.31006,"18":3738.53003,"19":3746.57007,"20":3766.38989,"21":3759.55005,"22":3773.23999,"23":3768.23999,"24":3763.09009,"25":3747.54004},"volume":{"0":329102265,"1":128686367,"2":85371022,"3":81767701,"4":64578876,"5":77878513,"6":63853620,"7":72648827,"8":64750746,"9":68050487,"10":86223642,"11":76909987,"12":109327961,"13":98881132,"14":89906666,"15":67969155,"16":69381396,"17":89611728,"18":84250837,"19":78397376,"20":79643419,"21":96039697,"22":89098399,"23":107628059,"24":119458755,"25":158379302}}