{"datetime":{"0":1655156700000,"1":1655155800000,"2":1655154900000,"3":1655154000000,"4":1655153100000,"5":1655152200000,"6":1655151300000,"7":1655150400000,"8":1655149500000,"9":1655148600000,"10":1655147700000,"11":1655146800000,"12":1655145900000,"13":1655145000000,"14":1655144100000,"15":1655143200000,"16":1655142300000,"17":1655141400000,"18":1655140500000,"19":1655139600000,"20":1655138700000,"21":1655137800000,"22":1655136900000,"23":1655136000000,"24":1655135100000,"25":1655134200000},"open":{"0":3742.31006,"1":3751.93994,"2":3761.67993,"3":3770.87988,"4":3785.41992,"5":3778.44995,"6":3774.07007,"7":3794.92993,"8":3791.23999,"9":3775.87012,"10":3779.36011,"11":3782.73999,"12":3796.66992,"13":3791.96997,"14":3790.3999,"15":3783.98999,"16":3790.54004,"17":3774.96997,"18":3760.16992,"19":3762.6001,"20":3763.92993,"21":3773.04004,"22":3785.8999,"23":3798.11011,"24":3803.81006,"25":3838.1499},"high":{"0":3755.31006,"1":3757.82007,"2":3780.20996,"3":3775.34009,"4":3788.92993,"5":3790.6001,"6":3783.46997,"7":3794.96997,"8":3800.25,"9":3791.25,"10":3780.91992,"11":3782.82007,"12":3798.67993,"13":3813.43994,"14":3795.78003,"15":3796.36011,"16":3791.0,"17":3792.8501,"18":3784.37988,"19":3763.12988,"20":3766.57007,"21":3780.56006,"22":3785.8999,"23":3807.25,"24":3813.52002,"25":3838.1499},"low":{"0":3734.30005,"1":3740.51001,"2":3751.8999,"3":3760.28003,"4":3769.44995,"5":3768.62012,"6":3773.27002,"7":3773.82007,"8":3789.26001,"9":3770.76001,"10":3772.17993,"11":3774.95996,"12":3782.29004,"13":3788.08008,"14":3786.37988,"15":3780.19995,"16":3777.16992,"17":3768.83008,"18":3759.55005,"19":3750.76001,"20":3756.0,"21":3762.34009,"22":3770.66992,"23":3785.05005,"24":3797.27002,"25":3792.82007},"close":{"0":3750.94995,"1":3742.42993,"2":3751.8999,"3":3761.55005,"4":3771.40991,"5":3785.43994,"6":3778.58008,"7":3774.13989,"8":3794.92993,"9":3791.25,"10":3775.84009,"11":3779.48999,"12":3782.69995,"13":3796.78003,"14":3792.09009,"15":3790.33008,"16":3783.97998,"17":3790.61011,"18":3775.08008,"19":3760.16992,"20":3762.66992,"21":3764.27002,"22":3773.29004,"23":3785.97998,"24":3797.8999,"25":3804.21997},"volume":{"0":243725993,"1":156027063,"2":136201919,"3":85605147,"4":67805850,"5":72002175,"6":63215514,"7":59596563,"8":61764576,"9":63961021,"10":54428427,"11":58375871,"12":57755265,"13":75958592,"14":65213012,"15":78016241,"16":71918357,"17":82248558,"18":92441379,"19":93678507,"20":103537223,"21":107979958,"22":114963609,"23":127877570,"24":139199923,"25":187977130}}