{"datetime":{"0":1616705100000,"1":1616704200000,"2":1616703300000,"3":1616702400000,"4":1616701500000,"5":1616700600000,"6":1616699700000,"7":1616698800000,"8":1616697900000,"9":1616697000000,"10":1616696100000,"11":1616695200000,"12":1616694300000,"13":1616693400000,"14":1616692500000,"15":1616691600000,"16":1616690700000,"17":1616689800000,"18":1616688900000,"19":1616688000000,"20":1616687100000,"21":1616686200000,"22":1616685300000,"23":1616684400000,"24":1616683500000,"25":1616682600000},"open":{"0":3914.30005,"1":3908.31006,"2":3906.32007,"3":3902.77002,"4":3896.20996,"5":3881.3501,"6":3887.30005,"7":3887.5,"8":3896.80005,"9":3892.0,"10":3899.61011,"11":3894.19995,"12":3894.31006,"13":3890.0,"14":3877.69995,"15":3883.01001,"16":3867.42993,"17":3870.87012,"18":3865.19995,"19":3861.69995,"20":3866.5,"21":3875.37012,"22":3881.79004,"23":3876.80005,"24":3872.41992,"25":3879.34009},"high":{"0":3919.80005,"1":3916.30005,"2":3911.30005,"3":3909.81006,"4":3904.0,"5":3897.30005,"6":3890.30005,"7":3888.46997,"8":3899.5,"9":3898.02002,"10":3900.87012,"11":3900.36011,"12":3898.11011,"13":3894.78003,"14":3892.71997,"15":3885.97998,"16":3883.76001,"17":3877.19995,"18":3870.12012,"19":3866.06006,"20":3869.19995,"21":3877.0,"22":3884.69995,"23":3886.5,"24":3879.37012,"25":3879.81006},"low":{"0":3910.5,"1":3907.30005,"2":3905.80005,"3":3902.77002,"4":3896.20996,"5":3881.1001,"6":3880.47998,"7":3882.67993,"8":3887.71997,"9":3886.5,"10":3890.69995,"11":3887.5,"12":3893.5,"13":3888.0,"14":3877.69995,"15":3878.5,"16":3864.82007,"17":3867.55005,"18":3859.90991,"19":3853.5,"20":3853.5,"21":3864.5,"22":3874.62012,"23":3875.05005,"24":3864.6001,"25":3868.86011},"close":{"0":3910.5,"1":3914.0,"2":3908.81006,"3":3906.3999,"4":3903.01001,"5":3895.96997,"6":3880.8501,"7":3885.80005,"8":3887.96997,"9":3897.30005,"10":3891.5,"11":3898.69995,"12":3894.69995,"13":3893.81006,"14":3890.37988,"15":3878.62012,"16":3882.76001,"17":3867.80005,"18":3870.12012,"19":3864.3999,"20":3862.3999,"21":3866.0,"22":3874.62012,"23":3882.04004,"24":3877.05005,"25":3873.40991},"volume":{"0":0,"1":0,"2":0,"3":0,"4":0,"5":0,"6":0,"7":0,"8":0,"9":0,"10":0,"11":0,"12":0,"13":0,"14":0,"15":0,"16":0,"17":0,"18":0,"19":0,"20":0,"21":0,"22":0,"23":0,"24":0,"25":85611411}}