{"datetime":{"0":1638999900000,"1":1638999000000,"2":1638998100000,"3":1638997200000,"4":1638996300000,"5":1638995400000,"6":1638994500000,"7":1638993600000,"8":1638992700000,"9":1638991800000,"10":1638990900000,"11":1638990000000,"12":1638989100000,"13":1638988200000,"14":1638987300000,"15":1638986400000,"16":1638985500000,"17":1638984600000,"18":1638983700000,"19":1638982800000,"20":1638981900000,"21":1638981000000,"22":1638980100000,"23":1638979200000,"24":1638978300000,"25":1638977400000},"open":{"0":4696.5,"1":4699.93018,"2":4695.93994,"3":4696.5,"4":4692.1499,"5":4693.74023,"6":4689.6001,"7":4691.99023,"8":4694.97998,"9":4691.41016,"10":4689.0,"11":4688.39014,"12":4689.1499,"13":4684.14014,"14":4686.87012,"15":4686.8999,"16":4682.72021,"17":4685.22998,"18":4682.06982,"19":4676.75977,"20":4681.97998,"21":4680.54004,"22":4687.18018,"23":4686.89014,"24":4690.12988,"25":4690.85986},"high":{"0":4705.06006,"1":4700.6499,"2":4700.45996,"3":4697.8501,"4":4696.8501,"5":4694.06006,"6":4694.08984,"7":4694.41992,"8":4695.6001,"9":4694.97998,"10":4691.72998,"11":4689.56006,"12":4690.64014,"13":4689.1499,"14":4686.87012,"15":4687.52002,"16":4688.45996,"17":4686.97021,"18":4685.18018,"19":4682.81982,"20":4682.99023,"21":4687.43018,"22":4693.66016,"23":4692.0,"24":4698.62988,"25":4694.37988},"low":{"0":4696.5,"1":4696.33008,"2":4695.58008,"3":4694.4502,"4":4691.66992,"5":4690.75977,"6":4687.52979,"7":4689.60986,"8":4691.62012,"9":4689.22998,"10":4688.83984,"11":4687.43018,"12":4688.37988,"13":4683.5498,"14":4680.70996,"15":4683.93994,"16":4682.72021,"17":4680.91016,"18":4679.31982,"19":4674.52002,"20":4676.33008,"21":4680.12012,"22":4680.81006,"23":4684.37988,"24":4685.56006,"25":4680.95996},"close":{"0":4701.08984,"1":4696.54004,"2":4700.00977,"3":4695.93994,"4":4696.52002,"5":4692.14014,"6":4693.72021,"7":4689.60986,"8":4691.99023,"9":4694.97998,"10":4691.41016,"11":4689.0,"12":4688.37988,"13":4689.1499,"14":4684.08008,"15":4686.81006,"16":4686.79004,"17":4682.75,"18":4685.16992,"19":4682.06982,"20":4676.8999,"21":4681.89014,"22":4680.81006,"23":4687.47021,"24":4686.95996,"25":4690.16992},"volume":{"0":158368338,"1":85410954,"2":59020542,"3":50247575,"4":46778531,"5":48160606,"6":52340296,"7":43366686,"8":41350007,"9":39584178,"10":42318189,"11":43385927,"12":1062348818,"13":45462178,"14":45882883,"15":45230076,"16":50002168,"17":57816552,"18":62256940,"19":69226177,"20":72543454,"21":79598673,"22":86422043,"23":96588855,"24":115619123,"25":136258944}}