{"datetime":{"0":1604090700000,"1":1604089800000,"2":1604088900000,"3":1604088000000,"4":1604087100000,"5":1604086200000,"6":1604085300000,"7":1604084400000,"8":1604083500000,"9":1604082600000,"10":1604081700000,"11":1604080800000,"12":1604079900000,"13":1604079000000,"14":1604078100000,"15":1604077200000,"16":1604076300000,"17":1604075400000,"18":1604074500000,"19":1604073600000,"20":1604072700000,"21":1604071800000,"22":1604070900000,"23":1604070000000,"24":1604069100000,"25":1604068200000},"open":{"0":3253.93994,"1":3245.42993,"2":3249.30005,"3":3243.87012,"4":3236.15991,"5":3245.38989,"6":3255.01001,"7":3249.76001,"8":3246.53003,"9":3255.1499,"10":3251.08008,"11":3257.34009,"12":3260.29004,"13":3272.37012,"14":3262.91992,"15":3255.3501,"16":3246.98999,"17":3249.61011,"18":3262.18994,"19":3240.25,"20":3248.20996,"21":3260.09009,"22":3279.76001,"23":3287.8999,"24":3287.91992,"25":3293.59009},"high":{"0":3272.09009,"1":3253.70996,"2":3253.06006,"3":3250.12012,"4":3249.5,"5":3246.87012,"6":3258.29004,"7":3262.71997,"8":3253.86011,"9":3255.1499,"10":3255.33008,"11":3262.04004,"12":3263.36011,"13":3272.37012,"14":3274.1001,"15":3264.48999,"16":3256.71997,"17":3252.12012,"18":3262.18994,"19":3262.31006,"20":3252.70996,"21":3263.55005,"22":3280.59009,"23":3292.06006,"24":3291.1001,"25":3304.92993},"low":{"0":3245.71997,"1":3237.21997,"2":3245.57007,"3":3239.04004,"4":3235.16992,"5":3235.62988,"6":3244.26001,"7":3249.70996,"8":3243.80005,"9":3240.76001,"10":3248.1001,"11":3250.97998,"12":3256.71997,"13":3259.28003,"14":3262.91992,"15":3252.92993,"16":3244.05005,"17":3243.1001,"18":3247.93994,"19":3240.20996,"20":3240.3501,"21":3245.41992,"22":3257.56006,"23":3278.3999,"24":3277.06006,"25":3287.37988},"close":{"0":3271.87012,"1":3253.62012,"2":3245.69995,"3":3249.32007,"4":3243.86011,"5":3236.1001,"6":3245.3999,"7":3255.02002,"8":3253.73999,"9":3246.5,"10":3255.12012,"11":3251.12988,"12":3257.32007,"13":3260.28003,"14":3272.37988,"15":3262.91992,"16":3255.47998,"17":3246.92993,"18":3249.76001,"19":3262.31006,"20":3240.3501,"21":3248.02002,"22":3260.12988,"23":3279.82007,"24":3287.71997,"25":3287.96997},"volume":{"0":327021981,"1":2298253088,"2":100791944,"3":4020137273,"4":78985500,"5":1886034520,"6":74374509,"7":3278529762,"8":80491256,"9":65109281,"10":56745492,"11":1367782683,"12":50646729,"13":62981287,"14":66954855,"15":1145561588,"16":1042589394,"17":68226284,"18":83758916,"19":865756226,"20":731958780,"21":109864364,"22":96558138,"23":461740518,"24":318956630,"25":135546702}}