{"datetime":{"0":1652132700000,"1":1652131800000,"2":1652130900000,"3":1652130000000,"4":1652129100000,"5":1652128200000,"6":1652127300000,"7":1652126400000,"8":1652125500000,"9":1652124600000,"10":1652123700000,"11":1652122800000,"12":1652121900000,"13":1652121000000,"14":1652120100000,"15":1652119200000,"16":1652118300000,"17":1652117400000,"18":1652116500000,"19":1652115600000,"20":1652114700000,"21":1652113800000,"22":1652112900000,"23":1652112000000,"24":1652111100000,"25":1652110200000},"open":{"0":3994.63989,"1":4005.8999,"2":4032.18994,"3":4021.37988,"4":4009.19995,"5":4010.09009,"6":4013.78003,"7":4014.91992,"8":4024.26001,"9":4024.97998,"10":4011.5,"11":4016.86011,"12":4025.68994,"13":4041.29004,"14":4043.1001,"15":4028.33008,"16":4024.08008,"17":4010.67993,"18":4018.37988,"19":4018.83008,"20":4033.03003,"21":4034.20996,"22":4053.03003,"23":4060.02002,"24":4063.38989,"25":4081.27002},"high":{"0":3998.65991,"1":4005.8999,"2":4034.30005,"3":4033.3999,"4":4024.52002,"5":4015.1499,"6":4023.87012,"7":4021.62012,"8":4027.06006,"9":4028.15991,"10":4026.26001,"11":4019.48999,"12":4025.78003,"13":4047.38989,"14":4050.20996,"15":4044.82007,"16":4034.13989,"17":4029.43994,"18":4026.72998,"19":4025.87012,"20":4039.28003,"21":4036.30005,"22":4056.91992,"23":4062.61011,"24":4068.6001,"25":4081.27002},"low":{"0":3975.47998,"1":3993.06006,"2":4002.37988,"3":4018.65991,"4":4003.77002,"5":4001.05005,"6":4006.23999,"7":4009.8501,"8":4004.3501,"9":4008.52002,"10":4011.18994,"11":4010.68994,"12":4016.63989,"13":4024.96997,"14":4036.3501,"15":4016.53003,"16":4021.73999,"17":4003.16992,"18":4009.34009,"19":4014.55005,"20":4018.83008,"21":4021.15991,"22":4032.69995,"23":4039.03003,"24":4043.32007,"25":4050.6001},"close":{"0":3993.26001,"1":3994.80005,"2":4005.72998,"3":4032.1001,"4":4021.12012,"5":4009.68994,"6":4010.04004,"7":4013.82007,"8":4014.93994,"9":4024.26001,"10":4024.95996,"11":4011.42993,"12":4017.01001,"13":4025.59009,"14":4041.08008,"15":4043.18994,"16":4028.32007,"17":4024.21997,"18":4010.70996,"19":4018.46997,"20":4018.8999,"21":4032.83008,"22":4034.15991,"23":4053.55005,"24":4059.05005,"25":4063.08008},"volume":{"0":208010167,"1":139228758,"2":99382937,"3":103743502,"4":83469672,"5":76632598,"6":73490907,"7":70832635,"8":68421195,"9":74767742,"10":65736238,"11":63574530,"12":62186878,"13":67041290,"14":76325123,"15":84139013,"16":80360713,"17":93996246,"18":90009833,"19":101070838,"20":105822949,"21":120605948,"22":105282923,"23":110471038,"24":124984843,"25":183297658}}