{"datetime":{"0":1623879900000,"1":1623879000000,"2":1623878100000,"3":1623877200000,"4":1623876300000,"5":1623875400000,"6":1623874500000,"7":1623873600000,"8":1623872700000,"9":1623871800000,"10":1623870900000,"11":1623870000000,"12":1623869100000,"13":1623868200000,"14":1623867300000,"15":1623866400000,"16":1623865500000,"17":1623864600000,"18":1623863700000,"19":1623862800000,"20":1623861900000,"21":1623861000000,"22":1623860100000,"23":1623859200000,"24":1623858300000,"25":1623857400000},"open":{"0":4231.02979,"1":4232.3999,"2":4230.97998,"3":4219.7002,"4":4203.4502,"5":4218.66016,"6":4217.58984,"7":4233.91016,"8":4234.97998,"9":4233.68994,"10":4238.7998,"11":4237.68994,"12":4237.12988,"13":4237.83008,"14":4240.14014,"15":4245.0,"16":4245.33984,"17":4247.81982,"18":4245.93994,"19":4244.60986,"20":4244.25,"21":4245.58984,"22":4245.93994,"23":4245.6001,"24":4246.18994,"25":4248.87012},"high":{"0":4231.16992,"1":4238.2998,"2":4238.85986,"3":4231.41992,"4":4221.04004,"5":4220.74023,"6":4220.4502,"7":4233.91016,"8":4235.3999,"9":4237.47021,"10":4238.81982,"11":4238.8501,"12":4237.68018,"13":4238.93018,"14":4240.93018,"15":4245.7002,"16":4246.68994,"17":4247.9502,"18":4248.1499,"19":4245.87012,"20":4245.39014,"21":4246.1499,"22":4246.58984,"23":4248.22021,"24":4246.89014,"25":4251.89014},"low":{"0":4222.5498,"1":4227.93018,"2":4230.75,"3":4217.20996,"4":4202.4502,"5":4203.75977,"6":4206.50977,"7":4203.37012,"8":4229.02979,"9":4233.41992,"10":4232.81982,"11":4236.06006,"12":4235.0498,"13":4235.58984,"14":4235.4502,"15":4239.97998,"16":4244.97021,"17":4244.91992,"18":4245.87012,"19":4243.7002,"20":4243.52979,"21":4243.62988,"22":4244.72021,"23":4244.66992,"24":4244.27979,"25":4245.77979},"close":{"0":4223.25977,"1":4231.04004,"2":4232.47021,"3":4231.02002,"4":4220.1001,"5":4203.75977,"6":4218.70996,"7":4217.54004,"8":4233.93018,"9":4235.00977,"10":4233.68018,"11":4238.7998,"12":4237.68018,"13":4237.12012,"14":4237.81006,"15":4240.18994,"16":4244.97998,"17":4245.33984,"18":4247.83008,"19":4245.87012,"20":4244.9502,"21":4244.25,"22":4245.5498,"23":4245.95996,"24":4245.62012,"25":4246.27979},"volume":{"0":207988612,"1":95205093,"2":82499041,"3":67661851,"4":79302077,"5":93317464,"6":1359399335,"7":137229338,"8":42637997,"9":40965335,"10":37019680,"11":38071305,"12":39643505,"13":40492481,"14":42947673,"15":50779240,"16":746012360,"17":52817282,"18":46395582,"19":54348491,"20":577253142,"21":65707408,"22":64926078,"23":78309648,"24":286495770,"25":145265285}}