{"datetime":{"0":1603316700000,"1":1603315800000,"2":1603314900000,"3":1603314000000,"4":1603313100000,"5":1603312200000,"6":1603311300000,"7":1603310400000,"8":1603309500000,"9":1603308600000,"10":1603307700000,"11":1603306800000,"12":1603305900000,"13":1603305000000,"14":1603304100000,"15":1603303200000,"16":1603302300000,"17":1603301400000,"18":1603300500000,"19":1603299600000,"20":1603298700000,"21":1603297800000,"22":1603296900000,"23":1603296000000,"24":1603295100000,"25":1603294200000},"open":{"0":3442.43994,"1":3454.19995,"2":3450.51001,"3":3457.80005,"4":3455.3999,"5":3452.98999,"6":3449.17993,"7":3443.62012,"8":3444.43994,"9":3444.41992,"10":3441.15991,"11":3436.77002,"12":3438.8999,"13":3448.01001,"14":3441.87012,"15":3440.3999,"16":3447.77002,"17":3440.26001,"18":3438.87012,"19":3449.03003,"20":3458.69995,"21":3459.08008,"22":3463.66992,"23":3462.70996,"24":3456.71997,"25":3439.90991},"high":{"0":3443.58008,"1":3456.01001,"2":3455.41992,"3":3458.55005,"4":3458.11011,"5":3456.26001,"6":3454.94995,"7":3450.51001,"8":3449.90991,"9":3446.82007,"10":3445.15991,"11":3441.86011,"12":3440.02002,"13":3448.73999,"14":3458.56006,"15":3444.5,"16":3449.37012,"17":3448.03003,"18":3440.41992,"19":3449.71997,"20":3459.52002,"21":3459.82007,"22":3464.86011,"23":3464.47998,"24":3464.03003,"25":3456.93994},"low":{"0":3435.12012,"1":3442.53003,"2":3447.17993,"3":3449.37988,"4":3454.01001,"5":3451.6001,"6":3446.07007,"7":3442.69995,"8":3442.75,"9":3440.20996,"10":3441.15991,"11":3435.6001,"12":3434.08008,"13":3436.93994,"14":3438.53003,"15":3437.3501,"16":3438.3999,"17":3439.90991,"18":3433.06006,"19":3437.86011,"20":3447.93994,"21":3456.18994,"22":3458.05005,"23":3459.56006,"24":3456.71997,"25":3439.88989},"close":{"0":3435.12988,"1":3442.59009,"2":3454.18994,"3":3450.51001,"4":3457.79004,"5":3455.37988,"6":3453.0,"7":3449.16992,"8":3443.47998,"9":3442.46997,"10":3444.3999,"11":3441.12988,"12":3436.83008,"13":3438.83008,"14":3448.04004,"15":3441.87988,"16":3440.34009,"17":3447.78003,"18":3440.31006,"19":3438.98999,"20":3448.8999,"21":3458.75,"22":3459.05005,"23":3463.68994,"24":3462.42993,"25":3456.63989},"volume":{"0":1813050912,"1":90709142,"2":59693386,"3":58818092,"4":1378539447,"5":47219895,"6":43940892,"7":47849447,"8":1199874335,"9":40538280,"10":41743615,"11":46712695,"12":1014697455,"13":55160182,"14":75105613,"15":47653815,"16":792186312,"17":56679920,"18":67293442,"19":68960302,"20":546564681,"21":72214128,"22":64534793,"23":78123265,"24":93669824,"25":118930988}}