{"datetime":{"0":1669931100000,"1":1669930200000,"2":1669929300000,"3":1669928400000,"4":1669927500000,"5":1669926600000,"6":1669925700000,"7":1669924800000,"8":1669923900000,"9":1669923000000,"10":1669922100000,"11":1669921200000,"12":1669920300000,"13":1669919400000,"14":1669918500000,"15":1669917600000,"16":1669916700000,"17":1669915800000,"18":1669914900000,"19":1669914000000,"20":1669913100000,"21":1669912200000,"22":1669911300000,"23":1669910400000,"24":1669909500000,"25":1669908600000},"open":{"0":4087.27002,"1":4076.58008,"2":4078.66992,"3":4081.98999,"4":4076.02002,"5":4076.37988,"6":4073.34009,"7":4073.93994,"8":4075.19995,"9":4069.62012,"10":4079.11011,"11":4075.47998,"12":4072.28003,"13":4072.8999,"14":4061.8501,"15":4071.15991,"16":4074.98999,"17":4067.68994,"18":4072.87012,"19":4078.5,"20":4061.20996,"21":4055.65991,"22":4067.59009,"23":4094.22998,"24":4089.66992,"25":4087.13989},"high":{"0":4087.30005,"1":4087.0,"2":4079.91992,"3":4085.78003,"4":4083.78003,"5":4079.3999,"6":4078.46997,"7":4074.52002,"8":4077.27002,"9":4075.54004,"10":4079.53003,"11":4082.46997,"12":4076.04004,"13":4078.82007,"14":4073.20996,"15":4071.90991,"16":4076.04004,"17":4076.59009,"18":4073.32007,"19":4079.09009,"20":4078.75,"21":4061.54004,"22":4069.73999,"23":4100.50977,"24":4099.35986,"25":4094.96997},"low":{"0":4075.82007,"1":4076.16992,"2":4074.16992,"3":4078.62988,"4":4075.31006,"5":4074.22998,"6":4072.3501,"7":4067.36011,"8":4072.17993,"9":4066.6001,"10":4068.27002,"11":4075.18994,"12":4070.07007,"13":4070.62012,"14":4061.27002,"15":4058.8501,"16":4066.6499,"17":4067.52002,"18":4062.63989,"19":4069.31006,"20":4059.79004,"21":4050.87012,"22":4054.30005,"23":4064.83008,"24":4089.66992,"25":4084.45996},"close":{"0":4076.95996,"1":4087.0,"2":4076.6001,"3":4078.63989,"4":4081.97998,"5":4076.02002,"6":4076.40991,"7":4073.30005,"8":4073.94995,"9":4075.18994,"10":4069.62012,"11":4079.09009,"12":4075.29004,"13":4072.30005,"14":4072.8999,"15":4061.76001,"16":4071.12012,"17":4074.98999,"18":4067.90991,"19":4072.8999,"20":4078.37012,"21":4061.28003,"22":4055.79004,"23":4067.58008,"24":4094.17993,"25":4089.6001},"volume":{"0":231421335,"1":89845503,"2":65203358,"3":59323020,"4":55736155,"5":50619404,"6":50161382,"7":50760482,"8":44909460,"9":52434652,"10":50353768,"11":46778212,"12":42187667,"13":45814481,"14":48762674,"15":51189768,"16":49818890,"17":69391846,"18":64500704,"19":67361623,"20":83640485,"21":79370955,"22":88345902,"23":108648236,"24":110316603,"25":125185637}}