{"datetime":{"0":1687383900000,"1":1687383000000,"2":1687382100000,"3":1687381200000,"4":1687380300000,"5":1687379400000,"6":1687378500000,"7":1687377600000,"8":1687376700000,"9":1687375800000,"10":1687374900000,"11":1687374000000,"12":1687373100000,"13":1687372200000,"14":1687371300000,"15":1687370400000,"16":1687369500000,"17":1687368600000,"18":1687367700000,"19":1687366800000,"20":1687365900000,"21":1687365000000,"22":1687364100000,"23":1687363200000,"24":1687362300000,"25":1687361400000},"open":{"0":4369.60986,"1":4374.10986,"2":4379.25977,"3":4381.93994,"4":4382.47021,"5":4383.43018,"6":4377.43018,"7":4375.06982,"8":4369.25,"9":4367.68018,"10":4369.02002,"11":4369.97998,"12":4373.68994,"13":4375.20996,"14":4373.2998,"15":4367.72021,"16":4372.16992,"17":4369.72021,"18":4363.3501,"19":4368.74023,"20":4366.29004,"21":4369.47998,"22":4369.02979,"23":4368.33008,"24":4370.8501,"25":4380.00977},"high":{"0":4373.1499,"1":4374.72998,"2":4380.20996,"3":4381.93994,"4":4384.20996,"5":4386.22021,"6":4383.45996,"7":4377.35986,"8":4375.22021,"9":4371.54004,"10":4370.64014,"11":4372.58008,"12":4373.70996,"13":4378.12988,"14":4378.10986,"15":4374.02979,"16":4374.2002,"17":4376.27002,"18":4369.83008,"19":4371.14014,"20":4369.1001,"21":4372.97998,"22":4374.20996,"23":4370.06006,"24":4375.24023,"25":4380.00977},"low":{"0":4363.27002,"1":4363.83984,"2":4374.12012,"3":4374.87988,"4":4380.08984,"5":4380.91992,"6":4377.3501,"7":4374.29004,"8":4369.25,"9":4366.91016,"10":4365.85986,"11":4365.7998,"12":4368.5,"13":4373.25977,"14":4372.3999,"15":4367.2998,"16":4367.43018,"17":4368.02002,"18":4360.81982,"19":4361.37988,"20":4360.14014,"21":4366.10986,"22":4367.35986,"23":4360.56006,"24":4365.1001,"25":4369.2998},"close":{"0":4365.6499,"1":4369.5,"2":4374.12012,"3":4379.31982,"4":4381.97998,"5":4382.49023,"6":4383.41992,"7":4377.31006,"8":4375.02979,"9":4369.29004,"10":4367.72998,"11":4369.02002,"12":4369.97998,"13":4373.60986,"14":4375.2002,"15":4373.27002,"16":4367.70996,"17":4372.22998,"18":4369.72998,"19":4363.27979,"20":4368.68994,"21":4366.10986,"22":4369.14014,"23":4369.06982,"24":4368.04004,"25":4371.00977},"volume":{"0":205916375,"1":92847853,"2":61294564,"3":56689831,"4":47821034,"5":48420151,"6":55232848,"7":44079553,"8":43254050,"9":45280678,"10":47914685,"11":46809937,"12":52711345,"13":50997252,"14":46273438,"15":53924423,"16":56610289,"17":67485352,"18":71161022,"19":78637125,"20":85244253,"21":73136160,"22":84839104,"23":96070867,"24":94608215,"25":177014219}}