{"datetime":{"0":1671486300000,"1":1671485400000,"2":1671484500000,"3":1671483600000,"4":1671482700000,"5":1671481800000,"6":1671480900000,"7":1671480000000,"8":1671479100000,"9":1671478200000,"10":1671477300000,"11":1671476400000,"12":1671475500000,"13":1671474600000,"14":1671473700000,"15":1671472800000,"16":1671471900000,"17":1671471000000,"18":1671470100000,"19":1671469200000,"20":1671468300000,"21":1671467400000,"22":1671466500000,"23":1671465600000,"24":1671464700000,"25":1671463800000},"open":{"0":3806.8501,"1":3804.88989,"2":3801.88989,"3":3804.11011,"4":3806.32007,"5":3803.58008,"6":3810.94995,"7":3815.62988,"8":3819.04004,"9":3827.41992,"10":3830.77002,"11":3830.62012,"12":3827.12988,"13":3827.16992,"14":3833.78003,"15":3826.71997,"16":3826.05005,"17":3832.96997,"18":3830.34009,"19":3833.96997,"20":3841.57007,"21":3852.36011,"22":3843.6499,"23":3840.54004,"24":3848.22998,"25":3853.79004},"high":{"0":3820.46997,"1":3810.82007,"2":3807.37012,"3":3805.37988,"4":3811.47998,"5":3807.75,"6":3811.82007,"7":3815.93994,"8":3820.29004,"9":3828.0,"10":3833.46997,"11":3831.96997,"12":3833.32007,"13":3829.5,"14":3834.12988,"15":3833.75,"16":3829.79004,"17":3832.96997,"18":3835.69995,"19":3834.07007,"20":3843.81006,"21":3852.36011,"22":3852.59009,"23":3844.08008,"24":3848.55005,"25":3854.86011},"low":{"0":3806.3501,"1":3802.65991,"2":3801.86011,"3":3800.04004,"4":3800.21997,"5":3802.8501,"6":3803.62012,"7":3808.04004,"8":3815.37012,"9":3818.77002,"10":3826.78003,"11":3826.57007,"12":3826.37012,"13":3824.8999,"14":3827.17993,"15":3826.71997,"16":3825.86011,"17":3821.58008,"18":3829.84009,"19":3828.73999,"20":3833.8999,"21":3840.37988,"22":3841.0,"23":3834.55005,"24":3836.22998,"25":3844.40991},"close":{"0":3817.82007,"1":3807.02002,"2":3804.86011,"3":3801.95996,"4":3804.17993,"5":3805.93994,"6":3803.62012,"7":3810.97998,"8":3815.62988,"9":3819.05005,"10":3827.47998,"11":3830.70996,"12":3830.6499,"13":3827.13989,"14":3827.21997,"15":3833.75,"16":3826.68994,"17":3826.1001,"18":3833.06006,"19":3830.3501,"20":3833.92993,"21":3841.58008,"22":3852.33008,"23":3843.59009,"24":3840.6001,"25":3848.26001},"volume":{"0":222541809,"1":101269853,"2":76681274,"3":69999141,"4":59943772,"5":56902081,"6":55168299,"7":58155551,"8":48364403,"9":53322358,"10":55089399,"11":54768618,"12":46552399,"13":47479782,"14":44932194,"15":48932273,"16":51467942,"17":64487983,"18":57818323,"19":72322015,"20":64827193,"21":70505894,"22":67221861,"23":78863263,"24":82273237,"25":97353502}}