{"datetime":{"0":1634852700000,"1":1634851800000,"2":1634850900000,"3":1634850000000,"4":1634849100000,"5":1634848200000,"6":1634847300000,"7":1634846400000,"8":1634845500000,"9":1634844600000,"10":1634843700000,"11":1634842800000,"12":1634841900000,"13":1634841000000,"14":1634840100000,"15":1634839200000,"16":1634838300000,"17":1634837400000,"18":1634836500000,"19":1634835600000,"20":1634834700000,"21":1634833800000,"22":1634832900000,"23":1634832000000,"24":1634831100000,"25":1634830200000},"open":{"0":4544.87012,"1":4545.72021,"2":4541.37988,"3":4538.14014,"4":4536.95996,"5":4537.60986,"6":4533.52979,"7":4532.8999,"8":4536.56982,"9":4536.60986,"10":4534.41992,"11":4534.95996,"12":4534.33008,"13":4535.58984,"14":4534.81982,"15":4532.8999,"16":4530.75,"17":4527.72021,"18":4534.5498,"19":4537.22998,"20":4538.95996,"21":4538.41016,"22":4534.77979,"23":4533.2002,"24":4528.93018,"25":4532.24023},"high":{"0":4551.43994,"1":4546.33984,"2":4545.97998,"3":4542.08008,"4":4538.04004,"5":4538.0498,"6":4537.64014,"7":4535.41992,"8":4536.58008,"9":4537.83008,"10":4537.0,"11":4535.8501,"12":4535.8501,"13":4535.72998,"14":4536.24023,"15":4535.2002,"16":4533.33984,"17":4530.72021,"18":4534.77002,"19":4538.95996,"20":4541.93994,"21":4539.37012,"22":4538.37012,"23":4536.27979,"24":4535.1001,"25":4532.60986},"low":{"0":4543.37012,"1":4543.1499,"2":4541.0,"3":4538.14014,"4":4536.33984,"5":4536.0498,"6":4533.52979,"7":4532.85986,"8":4531.66016,"9":4536.33984,"10":4533.85986,"11":4534.08984,"12":4532.9502,"13":4533.1499,"14":4533.66992,"15":4531.27002,"16":4530.47021,"17":4527.37988,"18":4527.60986,"19":4533.25,"20":4537.22021,"21":4536.97021,"22":4534.0,"23":4531.27979,"24":4528.93018,"25":4526.89014},"close":{"0":4549.87012,"1":4544.8501,"2":4545.68018,"3":4541.2998,"4":4538.04004,"5":4536.93994,"6":4537.58008,"7":4533.5498,"8":4532.87988,"9":4536.56982,"10":4536.6001,"11":4534.3999,"12":4534.9502,"13":4534.27979,"14":4535.56982,"15":4534.83008,"16":4532.97021,"17":4530.72021,"18":4527.62012,"19":4534.52002,"20":4537.27002,"21":4538.93994,"22":4538.37012,"23":4534.7002,"24":4533.20996,"25":4528.77002},"volume":{"0":189177113,"1":74124371,"2":58551130,"3":47792215,"4":38439479,"5":38362977,"6":41741100,"7":38237184,"8":43871985,"9":35983856,"10":35834980,"11":37691286,"12":40309861,"13":39936285,"14":49517811,"15":49754859,"16":45864670,"17":57354318,"18":56957539,"19":63357123,"20":58812502,"21":60301171,"22":67544691,"23":90783895,"24":110289365,"25":121174023}}