{"datetime":{"0":1604004300000,"1":1604003400000,"2":1604002500000,"3":1604001600000,"4":1604000700000,"5":1603999800000,"6":1603998900000,"7":1603998000000,"8":1603997100000,"9":1603996200000,"10":1603995300000,"11":1603994400000,"12":1603993500000,"13":1603992600000,"14":1603991700000,"15":1603990800000,"16":1603989900000,"17":1603989000000,"18":1603988100000,"19":1603987200000,"20":1603986300000,"21":1603985400000,"22":1603984500000,"23":1603983600000,"24":1603982700000,"25":1603981800000},"open":{"0":3323.19995,"1":3327.45996,"2":3324.01001,"3":3327.34009,"4":3332.77002,"5":3338.34009,"6":3329.55005,"7":3322.25,"8":3314.3501,"9":3307.55005,"10":3297.62988,"11":3299.87012,"12":3302.79004,"13":3297.56006,"14":3295.62988,"15":3291.96997,"16":3291.76001,"17":3295.95996,"18":3300.57007,"19":3300.1001,"20":3303.03003,"21":3301.1001,"22":3281.43994,"23":3285.96997,"24":3264.55005,"25":3282.65991},"high":{"0":3332.63989,"1":3329.05005,"2":3329.98999,"3":3333.02002,"4":3333.3999,"5":3341.05005,"6":3340.31006,"7":3331.5,"8":3322.8999,"9":3315.30005,"10":3307.84009,"11":3301.96997,"12":3304.40991,"13":3303.92993,"14":3299.43994,"15":3295.6001,"16":3299.0,"17":3300.72998,"18":3306.28003,"19":3300.79004,"20":3305.04004,"21":3305.32007,"22":3298.58008,"23":3295.38989,"24":3291.26001,"25":3285.43994},"low":{"0":3308.83008,"1":3322.42993,"2":3317.59009,"3":3323.62988,"4":3325.03003,"5":3331.72998,"6":3329.55005,"7":3322.18994,"8":3314.09009,"9":3307.37012,"10":3294.22998,"11":3294.69995,"12":3299.26001,"13":3296.48999,"14":3294.93994,"15":3288.25,"16":3286.87988,"17":3291.47998,"18":3298.93994,"19":3293.09009,"20":3297.47998,"21":3295.3501,"22":3281.43994,"23":3279.62988,"24":3262.30005,"25":3259.82007},"close":{"0":3308.83008,"1":3323.16992,"2":3327.28003,"3":3323.87988,"4":3328.43994,"5":3332.71997,"6":3338.37988,"7":3329.62012,"8":3322.25,"9":3314.36011,"10":3307.56006,"11":3297.6499,"12":3299.66992,"13":3302.77002,"14":3297.51001,"15":3295.59009,"16":3291.83008,"17":3291.73999,"18":3298.93994,"19":3300.54004,"20":3300.17993,"21":3303.02002,"22":3298.17993,"23":3281.33008,"24":3286.46997,"25":3264.59009},"volume":{"0":267477650,"1":107022312,"2":94652887,"3":1997986556,"4":72082086,"5":73119302,"6":82010214,"7":1685399480,"8":64454059,"9":67779553,"10":57984914,"11":1403479905,"12":54057306,"13":63608827,"14":58488907,"15":1179106385,"16":70278721,"17":73787455,"18":74287466,"19":917709977,"20":98015515,"21":97001756,"22":94649127,"23":561145182,"24":145000414,"25":171781127}}