{"datetime":{"0":1638913500000,"1":1638912600000,"2":1638911700000,"3":1638910800000,"4":1638909900000,"5":1638909000000,"6":1638908100000,"7":1638907200000,"8":1638906300000,"9":1638905400000,"10":1638904500000,"11":1638903600000,"12":1638902700000,"13":1638901800000,"14":1638900900000,"15":1638900000000,"16":1638899100000,"17":1638898200000,"18":1638897300000,"19":1638896400000,"20":1638895500000,"21":1638894600000,"22":1638893700000,"23":1638892800000,"24":1638891900000,"25":1638891000000},"open":{"0":4676.9502,"1":4678.50977,"2":4684.22998,"3":4686.8999,"4":4687.41016,"5":4688.43994,"6":4687.83008,"7":4690.12012,"8":4689.58008,"9":4687.16992,"10":4684.25,"11":4691.29004,"12":4687.81982,"13":4686.56982,"14":4688.77979,"15":4686.70996,"16":4689.25,"17":4688.06982,"18":4687.43994,"19":4689.97998,"20":4688.62988,"21":4680.66992,"22":4684.62012,"23":4677.50977,"24":4663.97021,"25":4631.97021},"high":{"0":4687.41992,"1":4680.75,"2":4686.41992,"3":4690.29004,"4":4689.37012,"5":4688.45996,"6":4690.33008,"7":4690.12988,"8":4692.79004,"9":4687.79004,"10":4688.8999,"11":4691.29004,"12":4691.43018,"13":4689.16016,"14":4689.31006,"15":4689.16016,"16":4689.31982,"17":4691.58984,"18":4689.79004,"19":4694.04004,"20":4692.43994,"21":4689.1001,"22":4686.31006,"23":4684.89014,"24":4677.02002,"25":4663.47998},"low":{"0":4668.29004,"1":4673.31006,"2":4678.70996,"3":4683.6001,"4":4685.1001,"5":4683.5498,"6":4686.39014,"7":4686.45996,"8":4689.41016,"9":4686.5,"10":4684.25,"11":4682.95996,"12":4687.49023,"13":4686.56982,"14":4685.04004,"15":4686.37012,"16":4685.8999,"17":4686.08008,"18":4685.8999,"19":4687.33008,"20":4687.35986,"21":4680.66992,"22":4680.72021,"23":4675.08984,"24":4663.79004,"25":4631.97021},"close":{"0":4686.58008,"1":4676.9502,"2":4678.70996,"3":4684.27002,"4":4686.95996,"5":4687.43018,"6":4688.45996,"7":4687.81982,"8":4690.12012,"9":4686.93994,"10":4687.14014,"11":4684.33008,"12":4691.18994,"13":4687.83008,"14":4686.54004,"15":4688.7998,"16":4686.70996,"17":4689.27002,"18":4688.06006,"19":4687.47998,"20":4689.8999,"21":4688.72998,"22":4680.72021,"23":4684.64014,"24":4676.97998,"25":4663.47021},"volume":{"0":162908458,"1":114864447,"2":71855040,"3":62926208,"4":1574294098,"5":53773583,"6":49016938,"7":51087691,"8":33381007,"9":3584855,"10":43551381,"11":51516482,"12":44532635,"13":46780537,"14":51299954,"15":50499481,"16":55759233,"17":66525189,"18":68931203,"19":68972853,"20":82732155,"21":79417085,"22":98337335,"23":115828598,"24":125367974,"25":198535346}}