{"datetime":{"0":1665179100000,"1":1665178200000,"2":1665177300000,"3":1665176400000,"4":1665175500000,"5":1665174600000,"6":1665173700000,"7":1665172800000,"8":1665171900000,"9":1665171000000,"10":1665170100000,"11":1665169200000,"12":1665168300000,"13":1665167400000,"14":1665166500000,"15":1665165600000,"16":1665164700000,"17":1665163800000,"18":1665162900000,"19":1665162000000,"20":1665161100000,"21":1665160200000,"22":1665159300000,"23":1665158400000,"24":1665157500000,"25":1665156600000},"open":{"0":3637.03003,"1":3626.96997,"2":3635.47998,"3":3638.81006,"4":3636.6001,"5":3638.11011,"6":3647.30005,"7":3644.44995,"8":3652.21997,"9":3648.20996,"10":3648.68994,"11":3649.29004,"12":3649.3501,"13":3654.38989,"14":3663.96997,"15":3664.1499,"16":3664.43994,"17":3669.47998,"18":3672.87988,"19":3675.53003,"20":3676.40991,"21":3673.25,"22":3667.5,"23":3667.17993,"24":3681.06006,"25":3706.73999},"high":{"0":3643.23999,"1":3639.46997,"2":3636.91992,"3":3645.80005,"4":3639.61011,"5":3641.56006,"6":3648.76001,"7":3648.48999,"8":3653.12012,"9":3654.16992,"10":3652.87988,"11":3649.29004,"12":3649.80005,"13":3654.38989,"14":3665.01001,"15":3669.03003,"16":3665.63989,"17":3671.97998,"18":3674.09009,"19":3681.65991,"20":3681.8999,"21":3676.41992,"22":3679.87012,"23":3671.13989,"24":3682.91992,"25":3706.73999},"low":{"0":3631.62012,"1":3620.72998,"2":3624.67993,"3":3635.48999,"4":3634.76001,"5":3634.97998,"6":3637.86011,"7":3642.0,"8":3644.11011,"9":3646.6499,"10":3648.13989,"11":3642.51001,"12":3646.01001,"13":3648.91992,"14":3653.62012,"15":3661.25,"16":3660.33008,"17":3661.87988,"18":3662.73999,"19":3670.68994,"20":3672.68994,"21":3667.1499,"22":3666.81006,"23":3659.40991,"24":3665.30005,"25":3680.1001},"close":{"0":3640.37988,"1":3637.03003,"2":3626.81006,"3":3635.48999,"4":3638.83008,"5":3636.45996,"6":3638.12012,"7":3647.27002,"8":3644.28003,"9":3652.32007,"10":3649.97998,"11":3648.52002,"12":3649.33008,"13":3649.28003,"14":3654.13989,"15":3663.97998,"16":3664.12012,"17":3664.47998,"18":3669.42993,"19":3672.88989,"20":3675.59009,"21":3676.05005,"22":3673.29004,"23":3667.54004,"24":3667.11011,"25":3681.26001},"volume":{"0":293064135,"1":135102573,"2":91891625,"3":81928375,"4":64422579,"5":60460009,"6":3175755590,"7":3044676152,"8":55310096,"9":2805735548,"10":53464159,"11":60070188,"12":59252122,"13":61739966,"14":65965862,"15":62223911,"16":63491114,"17":71060456,"18":76141787,"19":786368931,"20":80592487,"21":1261599468,"22":87982370,"23":105127316,"24":134662694,"25":138148630}}