{"datetime":{"0":1645566300000,"1":1645565400000,"2":1645564500000,"3":1645563600000,"4":1645562700000,"5":1645561800000,"6":1645560900000,"7":1645560000000,"8":1645559100000,"9":1645558200000,"10":1645557300000,"11":1645556400000,"12":1645555500000,"13":1645554600000,"14":1645553700000,"15":1645552800000,"16":1645551900000,"17":1645551000000,"18":1645550100000,"19":1645549200000,"20":1645548300000,"21":1645547400000,"22":1645546500000,"23":1645545600000,"24":1645544700000,"25":1645543800000},"open":{"0":4311.6499,"1":4325.39014,"2":4328.60986,"3":4317.5498,"4":4286.60986,"5":4288.77979,"6":4277.18018,"7":4280.77002,"8":4287.0,"9":4296.31982,"10":4304.29004,"11":4301.83984,"12":4308.52979,"13":4312.77979,"14":4318.31982,"15":4320.62012,"16":4323.27979,"17":4321.77002,"18":4322.91016,"19":4325.79004,"20":4341.35986,"21":4361.93994,"22":4350.10986,"23":4349.7002,"24":4331.62012,"25":4332.74023},"high":{"0":4311.6499,"1":4325.39014,"2":4335.62012,"3":4335.24023,"4":4325.2002,"5":4301.2998,"6":4293.50977,"7":4280.77002,"8":4288.24023,"9":4299.81982,"10":4304.31006,"11":4307.87988,"12":4309.58008,"13":4314.25977,"14":4318.33984,"15":4326.60986,"16":4331.18994,"17":4327.27979,"18":4330.93994,"19":4331.62012,"20":4343.24023,"21":4362.12012,"22":4362.06006,"23":4350.91016,"24":4359.83008,"25":4336.47998},"low":{"0":4289.33984,"1":4309.97021,"2":4316.43018,"3":4317.5498,"4":4281.87012,"5":4284.18018,"6":4270.45996,"7":4267.10986,"8":4276.33984,"9":4286.9502,"10":4291.41992,"11":4297.20996,"12":4300.77979,"13":4307.25,"14":4311.72021,"15":4317.43994,"16":4312.97998,"17":4317.81006,"18":4317.2002,"19":4321.75977,"20":4325.33008,"21":4336.06982,"22":4348.33984,"23":4337.50977,"24":4330.08984,"25":4313.02002},"close":{"0":4304.93018,"1":4311.52002,"2":4325.77002,"3":4328.68994,"4":4317.22998,"5":4286.58984,"6":4288.4502,"7":4277.27979,"8":4280.81982,"9":4287.10986,"10":4296.47998,"11":4304.33008,"12":4301.7002,"13":4308.5498,"14":4312.75977,"15":4318.12012,"16":4320.6001,"17":4323.43994,"18":4321.75977,"19":4322.64014,"20":4326.72998,"21":4341.56982,"22":4361.99023,"23":4350.16016,"24":4349.66992,"25":4331.39014},"volume":{"0":255711257,"1":106989682,"2":85281312,"3":86045525,"4":92405527,"5":78696597,"6":90781883,"7":72052278,"8":66477609,"9":66027134,"10":60868121,"11":51290851,"12":55301017,"13":57703795,"14":60711124,"15":63187581,"16":64040474,"17":62408122,"18":80496978,"19":72291750,"20":75085265,"21":79306219,"22":85343559,"23":96765862,"24":115794992,"25":171372718}}