{"datetime":{"0":1600292700000,"1":1600291800000,"2":1600290900000,"3":1600290000000,"4":1600289100000,"5":1600288200000,"6":1600287300000,"7":1600286400000,"8":1600285500000,"9":1600284600000,"10":1600283700000,"11":1600282800000,"12":1600281900000,"13":1600281000000,"14":1600280100000,"15":1600279200000,"16":1600278300000,"17":1600277400000,"18":1600276500000,"19":1600275600000,"20":1600274700000,"21":1600273800000,"22":1600272900000,"23":1600272000000,"24":1600271100000,"25":1600270200000},"open":{"0":3395.62988,"1":3395.08008,"2":3399.40991,"3":3413.63989,"4":3422.80005,"5":3421.79004,"6":3417.84009,"7":3410.32007,"8":3405.61011,"9":3405.95996,"10":3410.16992,"11":3410.62988,"12":3412.15991,"13":3414.45996,"14":3414.43994,"15":3415.43994,"16":3418.67993,"17":3420.31006,"18":3417.87012,"19":3409.08008,"20":3405.26001,"21":3409.79004,"22":3412.29004,"23":3412.55005,"24":3405.76001,"25":3411.22998},"high":{"0":3404.27002,"1":3398.43994,"2":3402.17993,"3":3417.5,"4":3423.31006,"5":3428.91992,"6":3425.27002,"7":3418.06006,"8":3411.66992,"9":3406.3501,"10":3410.52002,"11":3412.63989,"12":3413.15991,"13":3414.51001,"14":3414.79004,"15":3417.86011,"16":3419.34009,"17":3421.22998,"18":3421.65991,"19":3417.73999,"20":3410.83008,"21":3410.47998,"22":3413.73999,"23":3416.6499,"24":3412.62988,"25":3415.45996},"low":{"0":3384.44995,"1":3386.0,"2":3394.23999,"3":3392.41992,"4":3410.34009,"5":3419.77002,"6":3417.59009,"7":3408.1499,"8":3405.44995,"9":3402.97998,"10":3405.21997,"11":3406.78003,"12":3409.1001,"13":3411.31006,"14":3412.07007,"15":3413.15991,"16":3415.70996,"17":3418.46997,"18":3417.87012,"19":3408.82007,"20":3402.28003,"21":3404.6499,"22":3407.65991,"23":3411.34009,"24":3405.76001,"25":3405.92993},"close":{"0":3385.31006,"1":3395.48999,"2":3395.12988,"3":3399.40991,"4":3413.59009,"5":3422.95996,"6":3421.71997,"7":3417.87012,"8":3410.37988,"9":3405.62012,"10":3405.90991,"11":3410.20996,"12":3410.62012,"13":3412.15991,"14":3414.46997,"15":3414.42993,"16":3415.70996,"17":3418.6499,"18":3420.30005,"19":3417.46997,"20":3409.15991,"21":3405.18994,"22":3409.71997,"23":3412.25,"24":3412.56006,"25":3405.92993},"volume":{"0":253820285,"1":124403557,"2":96638118,"3":109992623,"4":92516462,"5":89281777,"6":79379450,"7":79711139,"8":77273899,"9":72743457,"10":69575156,"11":83024468,"12":61994270,"13":56609659,"14":61165193,"15":68188279,"16":68137350,"17":66501169,"18":84555850,"19":103202787,"20":83481268,"21":85849403,"22":98297609,"23":97117710,"24":108716833,"25":132208405}}