{"datetime":{"0":1666129500000,"1":1666128600000,"2":1666127700000,"3":1666126800000,"4":1666125900000,"5":1666125000000,"6":1666124100000,"7":1666123200000,"8":1666122300000,"9":1666121400000,"10":1666120500000,"11":1666119600000,"12":1666118700000,"13":1666117800000,"14":1666116900000,"15":1666116000000,"16":1666115100000,"17":1666114200000,"18":1666113300000,"19":1666112400000,"20":1666111500000,"21":1666110600000,"22":1666109700000,"23":1666108800000,"24":1666107900000,"25":1666107000000},"open":{"0":3719.04004,"1":3707.26001,"2":3697.8999,"3":3704.93994,"4":3699.6499,"5":3729.6001,"6":3726.62012,"7":3730.96997,"8":3727.83008,"9":3722.57007,"10":3717.6499,"11":3715.47998,"12":3720.11011,"13":3710.05005,"14":3714.6001,"15":3703.05005,"16":3693.98999,"17":3697.42993,"18":3705.54004,"19":3726.23999,"20":3729.32007,"21":3730.44995,"22":3748.94995,"23":3741.12012,"24":3751.86011,"25":3746.26001},"high":{"0":3722.40991,"1":3720.25,"2":3708.13989,"3":3705.43994,"4":3706.55005,"5":3729.70996,"6":3730.42993,"7":3732.6499,"8":3733.86011,"9":3731.70996,"10":3722.68994,"11":3717.88989,"12":3724.45996,"13":3724.53003,"14":3718.26001,"15":3716.59009,"16":3703.68994,"17":3698.29004,"18":3708.22998,"19":3729.55005,"20":3735.1499,"21":3731.8999,"22":3751.23999,"23":3753.83008,"24":3753.07007,"25":3762.79004},"low":{"0":3711.54004,"1":3705.71997,"2":3694.88989,"3":3696.33008,"4":3692.52002,"5":3699.12988,"6":3721.62988,"7":3723.67993,"8":3722.84009,"9":3720.83008,"10":3712.94995,"11":3703.3501,"12":3715.56006,"13":3707.25,"14":3705.87988,"15":3696.98999,"16":3693.03003,"17":3686.53003,"18":3692.18994,"19":3704.31006,"20":3725.75,"21":3720.52002,"22":3730.12988,"23":3741.12012,"24":3735.29004,"25":3746.26001},"close":{"0":3721.80005,"1":3719.07007,"2":3707.42993,"3":3697.54004,"4":3704.92993,"5":3699.62988,"6":3729.63989,"7":3726.62988,"8":3731.12012,"9":3727.80005,"10":3721.51001,"11":3717.57007,"12":3715.6001,"13":3720.18994,"14":3710.06006,"15":3714.54004,"16":3703.13989,"17":3693.95996,"18":3697.48999,"19":3705.84009,"20":3726.43994,"21":3729.08008,"22":3730.46997,"23":3749.06006,"24":3740.6499,"25":3752.05005},"volume":{"0":239474986,"1":104949316,"2":2036887126,"3":74862823,"4":1875116935,"5":1813571238,"6":53561753,"7":55403528,"8":58302624,"9":60678226,"10":54649385,"11":63070386,"12":53325811,"13":1330740732,"14":63323803,"15":2356304359,"16":66116841,"17":79625671,"18":85723862,"19":878555062,"20":82616191,"21":96918496,"22":123535191,"23":116323975,"24":132850729,"25":166427912}}