{"datetime":{"0":1663191900000,"1":1663191000000,"2":1663190100000,"3":1663189200000,"4":1663188300000,"5":1663187400000,"6":1663186500000,"7":1663185600000,"8":1663184700000,"9":1663183800000,"10":1663182900000,"11":1663182000000,"12":1663181100000,"13":1663180200000,"14":1663179300000,"15":1663178400000,"16":1663177500000,"17":1663176600000,"18":1663175700000,"19":1663174800000,"20":1663173900000,"21":1663173000000,"22":1663172100000,"23":1663171200000,"24":1663170300000,"25":1663169400000},"open":{"0":3929.28003,"1":3921.08008,"2":3923.45996,"3":3926.98999,"4":3932.27002,"5":3931.72998,"6":3928.55005,"7":3932.04004,"8":3945.06006,"9":3950.48999,"10":3954.83008,"11":3953.34009,"12":3954.87988,"13":3943.98999,"14":3947.8501,"15":3947.23999,"16":3953.03003,"17":3946.28003,"18":3956.54004,"19":3955.56006,"20":3947.44995,"21":3920.82007,"22":3943.43994,"23":3950.55005,"24":3950.47998,"25":3943.88989},"high":{"0":3949.61011,"1":3931.02002,"2":3924.32007,"3":3933.65991,"4":3934.8999,"5":3938.38989,"6":3932.57007,"7":3933.87012,"8":3945.17993,"9":3952.01001,"10":3957.51001,"11":3956.65991,"12":3957.59009,"13":3955.17993,"14":3949.70996,"15":3949.1499,"16":3955.01001,"17":3953.28003,"18":3957.91992,"19":3961.93994,"20":3957.05005,"21":3949.66992,"22":3949.11011,"23":3951.20996,"24":3955.61011,"25":3946.27002},"low":{"0":3927.44995,"1":3912.17993,"2":3914.13989,"3":3923.25,"4":3925.04004,"5":3931.33008,"6":3926.95996,"7":3923.90991,"8":3928.67993,"9":3943.09009,"10":3948.1001,"11":3949.03003,"12":3950.93994,"13":3941.95996,"14":3942.72998,"15":3941.1499,"16":3947.1001,"17":3944.03003,"18":3946.1001,"19":3948.63989,"20":3944.25,"21":3918.78003,"22":3920.93994,"23":3940.90991,"24":3941.08008,"25":3931.01001},"close":{"0":3946.48999,"1":3929.3501,"2":3921.05005,"3":3923.62012,"4":3927.0,"5":3932.36011,"6":3931.75,"7":3928.44995,"8":3931.97998,"9":3944.93994,"10":3950.65991,"11":3954.71997,"12":3953.45996,"13":3954.82007,"14":3943.98999,"15":3947.93994,"16":3947.19995,"17":3953.04004,"18":3946.27002,"19":3956.45996,"20":3955.6001,"21":3947.41992,"22":3920.93994,"23":3943.61011,"24":3950.5,"25":3943.62012},"volume":{"0":171981599,"1":99083380,"2":83808252,"3":63627353,"4":59386026,"5":53008337,"6":47418476,"7":60072353,"8":69624286,"9":49159205,"10":48686908,"11":51051392,"12":82858211,"13":55975666,"14":60722528,"15":53823651,"16":55397772,"17":64159225,"18":67968495,"19":76679660,"20":83445758,"21":94966640,"22":93220378,"23":98807208,"24":272406283,"25":111833636}}