{"datetime":{"0":1642628700000,"1":1642627800000,"2":1642626900000,"3":1642626000000,"4":1642625100000,"5":1642624200000,"6":1642623300000,"7":1642622400000,"8":1642621500000,"9":1642620600000,"10":1642619700000,"11":1642618800000,"12":1642617900000,"13":1642617000000,"14":1642616100000,"15":1642615200000,"16":1642614300000,"17":1642613400000,"18":1642612500000,"19":1642611600000,"20":1642610700000,"21":1642609800000,"22":1642608900000,"23":1642608000000,"24":1642607100000,"25":1642606200000},"open":{"0":4555.31006,"1":4560.77979,"2":4574.83984,"3":4569.29004,"4":4570.66016,"5":4560.33008,"6":4566.12012,"7":4579.75977,"8":4581.56006,"9":4584.41016,"10":4595.08984,"11":4595.91992,"12":4588.31006,"13":4596.08984,"14":4594.04004,"15":4582.16992,"16":4568.41992,"17":4570.72021,"18":4567.1001,"19":4577.91016,"20":4574.68018,"21":4579.18018,"22":4599.08008,"23":4610.97021,"24":4604.12012,"25":4588.02979},"high":{"0":4556.60986,"1":4561.27002,"2":4575.85986,"3":4576.08008,"4":4573.7002,"5":4570.60986,"6":4567.77002,"7":4581.52979,"8":4583.60986,"9":4587.43018,"10":4596.08008,"11":4596.18994,"12":4596.58008,"13":4597.37012,"14":4596.77002,"15":4595.56006,"16":4583.16992,"17":4576.16016,"18":4572.58984,"19":4580.33984,"20":4579.91992,"21":4581.7998,"22":4600.10986,"23":4610.97021,"24":4610.89014,"25":4611.5498},"low":{"0":4530.2002,"1":4551.0498,"2":4560.22998,"3":4564.1499,"4":4563.87012,"5":4558.39014,"6":4560.29004,"7":4565.43994,"8":4576.75977,"9":4579.20996,"10":4584.33984,"11":4588.66016,"12":4586.97998,"13":4586.37988,"14":4589.3999,"15":4582.10986,"16":4567.3501,"17":4564.45996,"18":4562.1001,"19":4566.77979,"20":4570.2998,"21":4572.33008,"22":4579.12988,"23":4593.43018,"24":4599.72021,"25":4588.02979},"close":{"0":4533.10986,"1":4555.25977,"2":4560.87012,"3":4574.7998,"4":4569.27979,"5":4570.56982,"6":4560.31982,"7":4566.08984,"8":4579.79004,"9":4581.50977,"10":4584.47021,"11":4595.0498,"12":4595.75977,"13":4588.31982,"14":4596.20996,"15":4593.93018,"16":4582.24023,"17":4568.47021,"18":4570.0,"19":4566.95996,"20":4577.91992,"21":4574.74023,"22":4579.12988,"23":4599.08984,"24":4609.64014,"25":4604.47998},"volume":{"0":182342487,"1":113217363,"2":75197431,"3":64812909,"4":58669593,"5":63837779,"6":53611104,"7":57774374,"8":50085202,"9":48281252,"10":47287252,"11":53034970,"12":51484953,"13":55873813,"14":57485285,"15":60459550,"16":65102151,"17":78533881,"18":91300458,"19":72719076,"20":85802737,"21":99533393,"22":90137453,"23":104299839,"24":117953662,"25":166787009}}