{"datetime":{"0":1650923100000,"1":1650922200000,"2":1650921300000,"3":1650920400000,"4":1650919500000,"5":1650918600000,"6":1650917700000,"7":1650916800000,"8":1650915900000,"9":1650915000000,"10":1650914100000,"11":1650913200000,"12":1650912300000,"13":1650911400000,"14":1650910500000,"15":1650909600000,"16":1650908700000,"17":1650907800000,"18":1650906900000,"19":1650906000000,"20":1650905100000,"21":1650904200000,"22":1650903300000,"23":1650902400000,"24":1650901500000,"25":1650900600000},"open":{"0":4294.68994,"1":4284.43994,"2":4261.20996,"3":4267.56006,"4":4262.10986,"5":4267.24023,"6":4245.95996,"7":4236.70996,"8":4240.02002,"9":4241.95996,"10":4242.91992,"11":4232.79004,"12":4229.33984,"13":4229.83984,"14":4224.56006,"15":4209.89014,"16":4211.1499,"17":4219.77002,"18":4222.12012,"19":4219.2002,"20":4235.31006,"21":4239.33984,"22":4220.66992,"23":4214.47021,"24":4229.1499,"25":4255.33984},"high":{"0":4299.02002,"1":4296.81006,"2":4285.77002,"3":4268.9502,"4":4279.50977,"5":4269.97998,"6":4267.4502,"7":4248.24023,"8":4243.06006,"9":4248.16992,"10":4249.02979,"11":4244.7998,"12":4244.02002,"13":4241.39014,"14":4238.35986,"15":4229.20996,"16":4211.1499,"17":4227.91992,"18":4233.47998,"19":4228.8501,"20":4244.81006,"21":4255.91992,"22":4242.12012,"23":4228.64014,"24":4243.89014,"25":4255.33984},"low":{"0":4284.6001,"1":4281.52979,"2":4261.20996,"3":4251.75,"4":4260.2998,"5":4261.10986,"6":4245.95996,"7":4230.43994,"8":4232.6001,"9":4232.6001,"10":4236.24023,"11":4223.00977,"12":4229.33984,"13":4227.08008,"14":4219.49023,"15":4204.3999,"16":4200.81982,"17":4211.06982,"18":4212.79004,"19":4215.1499,"20":4218.77002,"21":4232.41016,"22":4215.39014,"23":4212.3501,"24":4214.72021,"25":4229.12988},"close":{"0":4297.31982,"1":4294.66992,"2":4285.02979,"3":4261.27002,"4":4267.62012,"5":4262.10986,"6":4267.18994,"7":4246.35986,"8":4236.6499,"9":4239.9502,"10":4241.93994,"11":4242.4502,"12":4232.7002,"13":4230.12988,"14":4229.95996,"15":4224.56006,"16":4210.12988,"17":4211.33008,"18":4219.3999,"19":4222.16016,"20":4219.16016,"21":4235.60986,"22":4239.6499,"23":4220.66016,"24":4214.72021,"25":4229.12988},"volume":{"0":180770442,"1":126601720,"2":103955976,"3":85773066,"4":69451794,"5":64990491,"6":70706785,"7":64339200,"8":1679240250,"9":58775736,"10":59431390,"11":67542689,"12":70248788,"13":65622332,"14":69022400,"15":73704747,"16":75067553,"17":78371198,"18":76119264,"19":84394974,"20":92063348,"21":100947978,"22":106932248,"23":120344509,"24":128707903,"25":199806295}}