{"datetime":{"0":1654119900000,"1":1654119000000,"2":1654118100000,"3":1654117200000,"4":1654116300000,"5":1654115400000,"6":1654114500000,"7":1654113600000,"8":1654112700000,"9":1654111800000,"10":1654110900000,"11":1654110000000,"12":1654109100000,"13":1654108200000,"14":1654107300000,"15":1654106400000,"16":1654105500000,"17":1654104600000,"18":1654103700000,"19":1654102800000,"20":1654101900000,"21":1654101000000,"22":1654100100000,"23":1654099200000,"24":1654098300000,"25":1654097400000},"open":{"0":4121.77979,"1":4121.52002,"2":4124.41016,"3":4115.60986,"4":4125.68018,"5":4120.77979,"6":4106.60986,"7":4102.85986,"8":4105.49023,"9":4096.49023,"10":4089.6499,"11":4083.43994,"12":4080.55005,"13":4079.94995,"14":4080.27002,"15":4080.34009,"16":4080.71997,"17":4091.58008,"18":4102.58984,"19":4112.00977,"20":4105.66016,"21":4106.93994,"22":4123.81982,"23":4152.87012,"24":4152.47021,"25":4149.77979},"high":{"0":4125.87988,"1":4127.8501,"2":4128.54004,"3":4125.5,"4":4126.50977,"5":4126.24023,"6":4124.68018,"7":4109.8501,"8":4107.6499,"9":4106.6001,"10":4099.7998,"11":4095.73999,"12":4085.31006,"13":4088.61011,"14":4087.8501,"15":4082.61011,"16":4085.46997,"17":4094.40991,"18":4103.1499,"19":4112.00977,"20":4113.85986,"21":4112.4502,"22":4123.81982,"23":4155.16992,"24":4157.8501,"25":4166.54004},"low":{"0":4099.81982,"1":4114.45996,"2":4119.25977,"3":4109.95996,"4":4112.99023,"5":4118.25977,"6":4102.87988,"7":4101.87988,"8":4098.04004,"9":4092.63989,"10":4089.6499,"11":4082.3501,"12":4073.8501,"13":4079.48999,"14":4079.73999,"15":4074.51001,"16":4078.37988,"17":4080.76001,"18":4084.26001,"19":4099.2998,"20":4099.89014,"21":4095.36011,"22":4106.91992,"23":4123.41016,"24":4144.58984,"25":4149.47021},"close":{"0":4101.0,"1":4121.7998,"2":4121.47021,"3":4124.68994,"4":4115.64014,"5":4125.54004,"6":4120.68018,"7":4106.60986,"8":4102.87988,"9":4105.31006,"10":4096.54004,"11":4089.67993,"12":4083.34009,"13":4080.42993,"14":4080.04004,"15":4080.30005,"16":4080.3501,"17":4080.76001,"18":4091.62988,"19":4102.41992,"20":4111.97998,"21":4105.77002,"22":4106.91992,"23":4124.18994,"24":4152.95996,"25":4152.41016},"volume":{"0":209076560,"1":100361742,"2":60766069,"3":54937710,"4":47917350,"5":50728804,"6":57895381,"7":47076618,"8":48137089,"9":53630379,"10":57200235,"11":46503763,"12":49641984,"13":42884852,"14":51963867,"15":57402804,"16":55558378,"17":55572281,"18":66064050,"19":63065238,"20":614288473,"21":78626646,"22":83091884,"23":99040397,"24":98741044,"25":166530179}}