{"datetime":{"0":1674251100000,"1":1674250200000,"2":1674249300000,"3":1674248400000,"4":1674247500000,"5":1674246600000,"6":1674245700000,"7":1674244800000,"8":1674243900000,"9":1674243000000,"10":1674242100000,"11":1674241200000,"12":1674240300000,"13":1674239400000,"14":1674238500000,"15":1674237600000,"16":1674236700000,"17":1674235800000,"18":1674234900000,"19":1674234000000,"20":1674233100000,"21":1674232200000,"22":1674231300000,"23":1674230400000,"24":1674229500000,"25":1674228600000},"open":{"0":3963.31006,"1":3964.44995,"2":3967.04004,"3":3955.94995,"4":3954.90991,"5":3951.70996,"6":3948.92993,"7":3947.19995,"8":3941.15991,"9":3929.19995,"10":3932.8999,"11":3931.69995,"12":3933.17993,"13":3933.5,"14":3932.37988,"15":3930.48999,"16":3930.77002,"17":3936.13989,"18":3930.48999,"19":3919.58008,"20":3917.87012,"21":3922.43994,"22":3915.8501,"23":3910.42993,"24":3908.88989,"25":3909.04004},"high":{"0":3972.95996,"1":3966.63989,"2":3970.1499,"3":3967.18994,"4":3956.04004,"5":3955.77002,"6":3952.16992,"7":3949.76001,"8":3948.19995,"9":3941.8501,"10":3933.86011,"11":3936.33008,"12":3935.62988,"13":3934.52002,"14":3935.68994,"15":3934.11011,"16":3934.08008,"17":3937.19995,"18":3936.32007,"19":3931.81006,"20":3922.79004,"21":3924.11011,"22":3922.98999,"23":3920.70996,"24":3913.84009,"25":3913.45996},"low":{"0":3961.37012,"1":3961.28003,"2":3961.43994,"3":3955.94995,"4":3951.21997,"5":3951.70996,"6":3948.29004,"7":3945.56006,"8":3940.61011,"9":3929.19995,"10":3924.5,"11":3926.13989,"12":3931.70996,"13":3930.92993,"14":3931.42993,"15":3930.48999,"16":3929.21997,"17":3930.01001,"18":3928.84009,"19":3919.21997,"20":3916.98999,"21":3917.8501,"22":3912.29004,"23":3906.47998,"24":3905.77002,"25":3897.86011},"close":{"0":3971.78003,"1":3963.3999,"2":3964.43994,"3":3966.98999,"4":3956.01001,"5":3954.92993,"6":3951.87012,"7":3949.0,"8":3947.21997,"9":3941.13989,"10":3929.19995,"11":3932.81006,"12":3931.75,"13":3933.16992,"14":3933.51001,"15":3932.5,"16":3930.48999,"17":3930.75,"18":3936.09009,"19":3930.48999,"20":3919.53003,"21":3917.86011,"22":3922.51001,"23":3915.88989,"24":3910.20996,"25":3908.8501},"volume":{"0":234044696,"1":107268532,"2":82753114,"3":73366105,"4":54282945,"5":53119646,"6":53220548,"7":49404602,"8":54160142,"9":55896814,"10":50819522,"11":56283255,"12":45449776,"13":43394816,"14":52504801,"15":49817014,"16":54570633,"17":59610911,"18":65010208,"19":71567667,"20":63942721,"21":69666181,"22":85136595,"23":109024118,"24":104725845,"25":122731687}}