{"datetime":{"0":1650404700000,"1":1650403800000,"2":1650402900000,"3":1650402000000,"4":1650401100000,"5":1650400200000,"6":1650399300000,"7":1650398400000,"8":1650397500000,"9":1650396600000,"10":1650395700000,"11":1650394800000,"12":1650393900000,"13":1650393000000,"14":1650392100000,"15":1650391200000,"16":1650390300000,"17":1650389400000,"18":1650388500000,"19":1650387600000,"20":1650386700000,"21":1650385800000,"22":1650384900000,"23":1650384000000,"24":1650383100000,"25":1650382200000},"open":{"0":4462.24023,"1":4464.62988,"2":4462.83984,"3":4451.29004,"4":4448.22021,"5":4443.33984,"6":4442.5498,"7":4449.56982,"8":4443.31006,"9":4440.62988,"10":4447.27979,"11":4447.60986,"12":4447.08984,"13":4449.43994,"14":4450.31006,"15":4450.81982,"16":4451.72021,"17":4450.68994,"18":4446.95996,"19":4445.06982,"20":4446.56006,"21":4439.8999,"22":4434.8999,"23":4426.75977,"24":4408.3501,"25":4390.62988},"high":{"0":4471.02979,"1":4469.7998,"2":4466.6499,"3":4462.83984,"4":4451.6001,"5":4449.08984,"6":4443.58984,"7":4449.74023,"8":4451.74023,"9":4445.93994,"10":4449.87988,"11":4449.93994,"12":4450.58008,"13":4450.87012,"14":4453.43994,"15":4452.16992,"16":4455.81006,"17":4452.64014,"18":4451.93018,"19":4449.75977,"20":4451.16016,"21":4447.62988,"22":4441.25,"23":4438.66992,"24":4424.68018,"25":4410.14014},"low":{"0":4456.0,"1":4461.52002,"2":4462.5498,"3":4449.41992,"4":4447.12012,"5":4441.60986,"6":4438.62012,"7":4439.31982,"8":4442.45996,"9":4440.58984,"10":4440.58008,"11":4445.9502,"12":4446.06982,"13":4444.89014,"14":4448.97021,"15":4448.0498,"16":4450.47998,"17":4446.81006,"18":4445.18994,"19":4441.68018,"20":4443.33984,"21":4438.81006,"22":4430.49023,"23":4425.0,"24":4407.49023,"25":4390.62988},"close":{"0":4463.52002,"1":4462.18994,"2":4464.4502,"3":4462.83984,"4":4451.31006,"5":4448.31982,"6":4443.37012,"7":4442.6001,"8":4449.56006,"9":4443.2998,"10":4440.66992,"11":4447.25,"12":4447.6001,"13":4447.1499,"14":4449.45996,"15":4450.27002,"16":4450.8999,"17":4451.68994,"18":4450.72021,"19":4447.0,"20":4444.8501,"21":4446.54004,"22":4439.5,"23":4435.02002,"24":4423.95996,"25":4408.47998},"volume":{"0":1906143914,"1":94889521,"2":73869704,"3":59923478,"4":1435520011,"5":51048940,"6":51029402,"7":53204812,"8":1229413117,"9":44763505,"10":48204558,"11":46630017,"12":43825160,"13":45194215,"14":48391301,"15":54626036,"16":54665289,"17":66156893,"18":68112491,"19":63754543,"20":73570231,"21":73066668,"22":78780755,"23":729541949,"24":96349390,"25":121055093}}