{"datetime":{"0":1649195100000,"1":1649194200000,"2":1649193300000,"3":1649192400000,"4":1649191500000,"5":1649190600000,"6":1649189700000,"7":1649188800000,"8":1649187900000,"9":1649187000000,"10":1649186100000,"11":1649185200000,"12":1649184300000,"13":1649183400000,"14":1649182500000,"15":1649181600000,"16":1649180700000,"17":1649179800000,"18":1649178900000,"19":1649178000000,"20":1649177100000,"21":1649176200000,"22":1649175300000,"23":1649174400000,"24":1649173500000,"25":1649172600000},"open":{"0":4523.22021,"1":4529.10986,"2":4529.27979,"3":4540.22021,"4":4545.83008,"5":4544.5498,"6":4543.87012,"7":4545.29004,"8":4547.37012,"9":4556.8501,"10":4558.66016,"11":4550.77002,"12":4543.6499,"13":4542.75977,"14":4551.77002,"15":4550.20996,"16":4557.83984,"17":4560.87988,"18":4564.06006,"19":4566.2002,"20":4556.97021,"21":4559.8501,"22":4565.10986,"23":4585.24023,"24":4584.75,"25":4572.4502},"high":{"0":4528.08008,"1":4529.10986,"2":4533.25,"3":4542.52979,"4":4546.77002,"5":4546.0,"6":4549.5,"7":4546.52979,"8":4547.81006,"9":4557.0498,"10":4561.50977,"11":4559.24023,"12":4551.68018,"13":4547.08008,"14":4551.77002,"15":4553.99023,"16":4558.02002,"17":4564.87012,"18":4564.10986,"19":4567.83984,"20":4570.06006,"21":4562.08008,"22":4565.10986,"23":4593.4502,"24":4586.99023,"25":4586.87988},"low":{"0":4514.16992,"1":4520.43994,"2":4526.25,"3":4528.70996,"4":4539.62988,"5":4540.43018,"6":4542.50977,"7":4541.4502,"8":4540.99023,"9":4547.39014,"10":4556.12988,"11":4549.04004,"12":4543.02002,"13":4542.02979,"14":4542.25,"15":4547.08984,"16":4550.27002,"17":4553.93018,"18":4557.87012,"19":4559.7998,"20":4556.12012,"21":4553.91016,"22":4554.97021,"23":4562.79004,"24":4578.68994,"25":4567.56006},"close":{"0":4526.4502,"1":4523.12012,"2":4529.1001,"3":4529.27002,"4":4540.24023,"5":4545.79004,"6":4544.47998,"7":4543.89014,"8":4545.25977,"9":4547.39014,"10":4556.85986,"11":4558.75,"12":4550.83984,"13":4543.66016,"14":4542.83008,"15":4551.74023,"16":4550.27002,"17":4557.8999,"18":4561.08008,"19":4564.1001,"20":4566.04004,"21":4557.12988,"22":4559.91016,"23":4565.12012,"24":4585.25,"25":4584.75},"volume":{"0":237207524,"1":114653754,"2":71204205,"3":62882064,"4":51316154,"5":50425035,"6":49829767,"7":45453975,"8":49565453,"9":45949367,"10":48767952,"11":48757868,"12":50748249,"13":54801997,"14":56420713,"15":56647755,"16":54464470,"17":63217036,"18":70446746,"19":68626054,"20":81688913,"21":87272322,"22":100530033,"23":118073975,"24":128729771,"25":196835908}}