{"datetime":{"0":1652305500000,"1":1652304600000,"2":1652303700000,"3":1652302800000,"4":1652301900000,"5":1652301000000,"6":1652300100000,"7":1652299200000,"8":1652298300000,"9":1652297400000,"10":1652296500000,"11":1652295600000,"12":1652294700000,"13":1652293800000,"14":1652292900000,"15":1652292000000,"16":1652291100000,"17":1652290200000,"18":1652289300000,"19":1652288400000,"20":1652287500000,"21":1652286600000,"22":1652285700000,"23":1652284800000,"24":1652283900000,"25":1652283000000},"open":{"0":3937.85,"1":3955.06006,"2":3956.77002,"3":3962.81006,"4":3988.03003,"5":3968.93994,"6":3958.91992,"7":3943.95996,"8":3955.34009,"9":3965.6499,"10":3971.56006,"11":3979.37988,"12":3993.6499,"13":3998.37012,"14":4014.73999,"15":4022.8999,"16":4038.52002,"17":4028.1499,"18":4024.91992,"19":4024.07007,"20":4046.88989,"21":4036.8501,"22":4019.77002,"23":4031.88989,"24":4013.6499,"25":3990.08008},"high":{"0":3940.5,"1":3960.56006,"2":3963.01001,"3":3965.58008,"4":3990.23999,"5":3988.28003,"6":3981.1001,"7":3962.09009,"8":3957.26001,"9":3971.80005,"10":3978.33008,"11":3979.37988,"12":3997.56006,"13":4005.20996,"14":4025.45996,"15":4022.8999,"16":4039.87988,"17":4046.37012,"18":4028.47998,"19":4025.87988,"20":4049.09009,"21":4047.62988,"22":4042.6499,"23":4033.20996,"24":4040.45996,"25":4014.13989},"low":{"0":3930.43,"1":3941.80005,"2":3948.94995,"3":3951.80005,"4":3961.30005,"5":3964.01001,"6":3955.54004,"7":3943.8501,"8":3942.20996,"9":3954.95996,"10":3964.66992,"11":3966.29004,"12":3977.87012,"13":3991.77002,"14":3997.66992,"15":4009.87988,"16":4018.51001,"17":4024.84009,"18":4006.08008,"19":4013.87012,"20":4018.82007,"21":4022.6001,"22":4014.28003,"23":4006.90991,"24":4009.11011,"25":3973.34009},"close":{"0":3932.98,"1":3942.05005,"2":3954.69995,"3":3956.52002,"4":3962.81006,"5":3988.12012,"6":3968.8501,"7":3958.87012,"8":3943.96997,"9":3955.37988,"10":3965.76001,"11":3971.82007,"12":3979.93994,"13":3993.06006,"14":3998.36011,"15":4014.79004,"16":4022.92993,"17":4038.42993,"18":4028.1001,"19":4025.17993,"20":4024.87988,"21":4046.87988,"22":4037.1001,"23":4019.30005,"24":4030.78003,"25":4013.84009},"volume":{"0":0,"1":110931169,"2":92855726,"3":78427505,"4":71975053,"5":79312345,"6":80914453,"7":81980593,"8":74967079,"9":68400120,"10":66460451,"11":74177984,"12":71852270,"13":69473815,"14":68828567,"15":56312423,"16":59803573,"17":73250839,"18":80246650,"19":75728031,"20":91698161,"21":91327718,"22":101301887,"23":122402975,"24":119352923,"25":121764769}}