{"datetime":{"0":1621460700000,"1":1621459800000,"2":1621458900000,"3":1621458000000,"4":1621457100000,"5":1621456200000,"6":1621455300000,"7":1621454400000,"8":1621453500000,"9":1621452600000,"10":1621451700000,"11":1621450800000,"12":1621449900000,"13":1621449000000,"14":1621448100000,"15":1621447200000,"16":1621446300000,"17":1621445400000,"18":1621444500000,"19":1621443600000,"20":1621442700000,"21":1621441800000,"22":1621440900000,"23":1621440000000,"24":1621439100000,"25":1621438200000},"open":{"0":4099.6499,"1":4106.43994,"2":4096.5498,"3":4089.90991,"4":4091.45996,"5":4107.72998,"6":4089.84009,"7":4101.75977,"8":4099.43018,"9":4105.68018,"10":4107.77002,"11":4098.7998,"12":4097.0498,"13":4096.56006,"14":4094.12988,"15":4090.21997,"16":4082.83008,"17":4088.45996,"18":4085.70996,"19":4078.29004,"20":4070.34009,"21":4076.87988,"22":4066.3999,"23":4076.8501,"24":4079.76001,"25":4098.4502},"high":{"0":4116.93018,"1":4106.66016,"2":4108.58008,"3":4099.6499,"4":4096.18994,"5":4112.08008,"6":4111.25977,"7":4107.20996,"8":4105.95996,"9":4105.87988,"10":4109.31982,"11":4108.83984,"12":4100.93018,"13":4101.00977,"14":4100.25977,"15":4094.55005,"16":4091.01001,"17":4088.78003,"18":4090.71997,"19":4086.67993,"20":4081.26001,"21":4077.1499,"22":4076.94995,"23":4079.27002,"24":4081.51001,"25":4098.4502},"low":{"0":4094.34009,"1":4097.35986,"2":4095.38989,"3":4083.84009,"4":4087.43994,"5":4090.92993,"6":4083.96997,"7":4085.55005,"8":4099.37988,"9":4097.02002,"10":4103.2998,"11":4098.75,"12":4096.2002,"13":4095.30005,"14":4093.8999,"15":4087.22998,"16":4081.13989,"17":4080.1499,"18":4081.91992,"19":4072.47998,"20":4069.37988,"21":4061.8501,"22":4061.40991,"23":4061.71997,"24":4071.72998,"25":4065.90991},"close":{"0":4115.75977,"1":4099.79004,"2":4106.3999,"3":4096.83984,"4":4090.01001,"5":4091.5,"6":4107.66992,"7":4090.3999,"8":4101.74023,"9":4099.4502,"10":4105.72998,"11":4107.74023,"12":4098.66992,"13":4097.1001,"14":4096.4502,"15":4094.11011,"16":4090.06006,"17":4082.83008,"18":4088.5,"19":4085.63989,"20":4078.1499,"21":4070.34009,"22":4076.94995,"23":4066.36011,"24":4076.78003,"25":4079.79004},"volume":{"0":231667149,"1":88031006,"2":67795037,"3":64535374,"4":1646923648,"5":64919451,"6":75628958,"7":57469326,"8":1366335122,"9":48784192,"10":47072396,"11":47745020,"12":45479723,"13":56696553,"14":62247487,"15":47381293,"16":51482926,"17":58274184,"18":63560674,"19":77852486,"20":76370361,"21":84679218,"22":97750237,"23":113594167,"24":122021737,"25":153843749}}