{"datetime":{"0":1677620700000,"1":1677619800000,"2":1677618900000,"3":1677618000000,"4":1677617100000,"5":1677616200000,"6":1677615300000,"7":1677614400000,"8":1677613500000,"9":1677612600000,"10":1677611700000,"11":1677610800000,"12":1677609900000,"13":1677609000000,"14":1677608100000,"15":1677607200000,"16":1677606300000,"17":1677605400000,"18":1677604500000,"19":1677603600000,"20":1677602700000,"21":1677601800000,"22":1677600900000,"23":1677600000000,"24":1677599100000,"25":1677598200000},"open":{"0":3974.62988,"1":3976.20996,"2":3980.55005,"3":3983.20996,"4":3987.8999,"5":3988.41992,"6":3991.65991,"7":3994.58008,"8":3994.63989,"9":3995.42993,"10":3993.68994,"11":3993.82007,"12":3986.80005,"13":3988.53003,"14":3985.21997,"15":3979.1499,"16":3979.48999,"17":3984.3999,"18":3984.93994,"19":3978.16992,"20":3978.53003,"21":3976.8501,"22":3978.07007,"23":3978.41992,"24":3979.3999,"25":3977.18994},"high":{"0":3979.06006,"1":3976.91992,"2":3981.41992,"3":3983.38989,"4":3991.05005,"5":3988.91992,"6":3991.76001,"7":3996.98999,"8":3996.68994,"9":3997.5,"10":3995.70996,"11":3996.87988,"12":3995.45996,"13":3989.8501,"14":3990.13989,"15":3985.61011,"16":3979.72998,"17":3985.3501,"18":3988.67993,"19":3987.1499,"20":3980.46997,"21":3981.92993,"22":3982.73999,"23":3987.3999,"24":3985.12988,"25":3981.28003},"low":{"0":3969.28003,"1":3971.03003,"2":3975.44995,"3":3979.87988,"4":3982.6001,"5":3985.1001,"6":3988.12012,"7":3988.83008,"8":3992.47998,"9":3992.34009,"10":3992.21997,"11":3993.56006,"12":3986.76001,"13":3984.8501,"14":3984.80005,"15":3979.1499,"16":3977.1499,"17":3978.83008,"18":3984.37012,"19":3978.16992,"20":3971.48999,"21":3975.13989,"22":3974.32007,"23":3975.98999,"24":3977.30005,"25":3970.17993},"close":{"0":3969.28003,"1":3974.68994,"2":3976.22998,"3":3980.53003,"4":3983.16992,"5":3987.87012,"6":3988.40991,"7":3991.69995,"8":3994.3999,"9":3994.65991,"10":3995.5,"11":3993.82007,"12":3993.8999,"13":3986.80005,"14":3988.53003,"15":3985.3501,"16":3979.13989,"17":3979.44995,"18":3984.47998,"19":3984.92993,"20":3978.29004,"21":3978.36011,"22":3976.84009,"23":3978.07007,"24":3978.26001,"25":3979.3501},"volume":{"0":267793761,"1":100521726,"2":71107800,"3":59822318,"4":54197669,"5":49132874,"6":49581255,"7":56402254,"8":42811882,"9":45878011,"10":43235737,"11":49760009,"12":48594220,"13":47735635,"14":47897750,"15":43410303,"16":47673868,"17":51854753,"18":55517456,"19":56606307,"20":63108377,"21":76848381,"22":79931708,"23":89519924,"24":93798300,"25":173488343}}