{"datetime":{"0":1687556700000,"1":1687555800000,"2":1687554900000,"3":1687554000000,"4":1687553100000,"5":1687552200000,"6":1687551300000,"7":1687550400000,"8":1687549500000,"9":1687548600000,"10":1687547700000,"11":1687546800000,"12":1687545900000,"13":1687545000000,"14":1687544100000,"15":1687543200000,"16":1687542300000,"17":1687541400000,"18":1687540500000,"19":1687539600000,"20":1687538700000,"21":1687537800000,"22":1687536900000,"23":1687536000000,"24":1687535100000,"25":1687534200000},"open":{"0":4353.14014,"1":4347.6001,"2":4348.97998,"3":4346.12988,"4":4349.41992,"5":4356.22021,"6":4356.85986,"7":4362.27979,"8":4363.7002,"9":4364.1499,"10":4363.85986,"11":4361.39014,"12":4361.39014,"13":4361.49023,"14":4355.93018,"15":4354.47998,"16":4354.14014,"17":4347.56006,"18":4349.0498,"19":4351.72998,"20":4357.16992,"21":4352.8999,"22":4351.43994,"23":4349.66016,"24":4348.37988,"25":4354.16992},"high":{"0":4355.62012,"1":4353.33984,"2":4351.72021,"3":4350.50977,"4":4349.41992,"5":4356.43994,"6":4359.27002,"7":4362.52979,"8":4364.45996,"9":4366.5498,"10":4364.85986,"11":4363.81006,"12":4362.60986,"13":4364.20996,"14":4361.6499,"15":4357.16992,"16":4355.49023,"17":4355.43994,"18":4350.33984,"19":4353.58984,"20":4357.52002,"21":4358.18018,"22":4355.85986,"23":4355.62012,"24":4351.2002,"25":4354.16992},"low":{"0":4346.47021,"1":4346.7998,"2":4346.68994,"3":4341.33984,"4":4345.33984,"5":4349.02979,"6":4355.0,"7":4356.08984,"8":4362.3501,"9":4363.18018,"10":4362.56006,"11":4358.43994,"12":4359.27002,"13":4359.22021,"14":4355.62012,"15":4353.56982,"16":4352.1001,"17":4346.1001,"18":4344.62012,"19":4348.54004,"20":4347.56006,"21":4351.60986,"22":4350.85986,"23":4347.77979,"24":4343.97021,"25":4343.64014},"close":{"0":4348.22998,"1":4353.2002,"2":4347.62988,"3":4349.0,"4":4346.33984,"5":4349.43994,"6":4356.20996,"7":4356.8999,"8":4362.35986,"9":4363.7002,"10":4364.08984,"11":4363.81006,"12":4361.37988,"13":4361.5,"14":4361.47998,"15":4355.93994,"16":4354.49023,"17":4354.08008,"18":4347.35986,"19":4349.00977,"20":4351.6001,"21":4357.10986,"22":4352.83984,"23":4351.25977,"24":4349.70996,"25":4348.3999},"volume":{"0":245091252,"1":97352726,"2":68249586,"3":69156767,"4":59005597,"5":54019671,"6":49909601,"7":50283813,"8":42187372,"9":45982511,"10":45262190,"11":47660639,"12":40004709,"13":48024544,"14":47801642,"15":53887951,"16":50076165,"17":55343713,"18":61707935,"19":62011262,"20":1084060143,"21":70506810,"22":68600654,"23":84399584,"24":98673669,"25":141659392}}