{"datetime":{"0":1600119900000,"1":1600119000000,"2":1600118100000,"3":1600117200000,"4":1600116300000,"5":1600115400000,"6":1600114500000,"7":1600113600000,"8":1600112700000,"9":1600111800000,"10":1600110900000,"11":1600110000000,"12":1600109100000,"13":1600108200000,"14":1600107300000,"15":1600106400000,"16":1600105500000,"17":1600104600000,"18":1600103700000,"19":1600102800000,"20":1600101900000,"21":1600101000000,"22":1600100100000,"23":1600099200000,"24":1600098300000,"25":1600097400000},"open":{"0":3391.58008,"1":3381.80005,"2":3381.1001,"3":3385.45996,"4":3387.36011,"5":3387.16992,"6":3391.23999,"7":3387.67993,"8":3381.90991,"9":3386.23999,"10":3389.27002,"11":3394.3999,"12":3395.43994,"13":3395.97998,"14":3395.52002,"15":3396.57007,"16":3399.88989,"17":3396.53003,"18":3392.15991,"19":3395.80005,"20":3396.20996,"21":3401.12988,"22":3393.08008,"23":3387.93994,"24":3382.3501,"25":3363.56006},"high":{"0":3396.45996,"1":3392.34009,"2":3384.8999,"3":3386.77002,"4":3390.18994,"5":3389.70996,"6":3392.59009,"7":3391.75,"8":3389.58008,"9":3387.27002,"10":3389.31006,"11":3396.87988,"12":3395.87012,"13":3397.53003,"14":3397.62012,"15":3399.20996,"16":3400.12012,"17":3400.67993,"18":3396.40991,"19":3397.93994,"20":3398.84009,"21":3401.12988,"22":3402.92993,"23":3395.98999,"24":3389.1499,"25":3382.92993},"low":{"0":3382.69995,"1":3379.31006,"2":3374.52002,"3":3379.59009,"4":3378.28003,"5":3383.43994,"6":3386.63989,"7":3384.13989,"8":3381.23999,"9":3379.54004,"10":3380.95996,"11":3387.21997,"12":3391.44995,"13":3393.31006,"14":3393.19995,"15":3395.34009,"16":3394.90991,"17":3396.21997,"18":3392.05005,"19":3390.87012,"20":3393.83008,"21":3395.06006,"22":3393.08008,"23":3386.41992,"24":3382.3501,"25":3363.56006},"close":{"0":3382.69995,"1":3391.58008,"2":3381.81006,"3":3381.03003,"4":3385.3999,"5":3387.42993,"6":3387.3501,"7":3391.37012,"8":3387.78003,"9":3381.8501,"10":3386.13989,"11":3389.26001,"12":3394.38989,"13":3395.36011,"14":3395.92993,"15":3395.5,"16":3396.61011,"17":3399.87012,"18":3396.15991,"19":3392.12988,"20":3395.80005,"21":3396.22998,"22":3401.21997,"23":3393.0,"24":3387.87012,"25":3382.38989},"volume":{"0":244938416,"1":98490796,"2":74086408,"3":64323311,"4":67465349,"5":60061622,"6":55332450,"7":51919458,"8":46369709,"9":64596303,"10":53825580,"11":51430393,"12":55575334,"13":54645078,"14":63211374,"15":53251330,"16":53323011,"17":65720582,"18":59166159,"19":69070305,"20":75733668,"21":77479588,"22":93803472,"23":94206381,"24":109801819,"25":124691658}}