{"datetime":{"0":1602711900000,"1":1602711000000,"2":1602710100000,"3":1602709200000,"4":1602708300000,"5":1602707400000,"6":1602706500000,"7":1602705600000,"8":1602704700000,"9":1602703800000,"10":1602702900000,"11":1602702000000,"12":1602701100000,"13":1602700200000,"14":1602699300000,"15":1602698400000,"16":1602697500000,"17":1602696600000,"18":1602695700000,"19":1602694800000,"20":1602693900000,"21":1602693000000,"22":1602692100000,"23":1602691200000,"24":1602690300000,"25":1602689400000},"open":{"0":3497.70996,"1":3496.06006,"2":3500.83008,"3":3490.36011,"4":3484.6001,"5":3489.62012,"6":3496.40991,"7":3490.38989,"8":3486.18994,"9":3486.42993,"10":3491.17993,"11":3488.87012,"12":3488.77002,"13":3487.63989,"14":3491.94995,"15":3490.59009,"16":3507.46997,"17":3509.75,"18":3514.67993,"19":3515.63989,"20":3514.77002,"21":3510.70996,"22":3519.96997,"23":3526.29004,"24":3524.25,"25":3515.46997},"high":{"0":3498.36011,"1":3501.63989,"2":3501.06006,"3":3501.3501,"4":3491.67993,"5":3490.96997,"6":3496.56006,"7":3496.48999,"8":3491.28003,"9":3487.16992,"10":3492.97998,"11":3493.36011,"12":3491.68994,"13":3489.87988,"14":3492.88989,"15":3498.46997,"16":3507.54004,"17":3511.04004,"18":3516.04004,"19":3517.36011,"20":3518.02002,"21":3514.96997,"22":3520.96997,"23":3526.79004,"24":3527.93994,"25":3524.62012},"low":{"0":3487.42993,"1":3494.12988,"2":3494.3999,"3":3489.37012,"4":3483.3501,"5":3481.54004,"6":3487.73999,"7":3489.63989,"8":3486.07007,"9":3481.27002,"10":3486.0,"11":3487.65991,"12":3486.92993,"13":3482.31006,"14":3480.55005,"15":3489.93994,"16":3489.5,"17":3505.51001,"18":3509.53003,"19":3511.02002,"20":3513.83008,"21":3506.81006,"22":3510.12988,"23":3519.3999,"24":3523.03003,"25":3513.6001},"close":{"0":3488.81006,"1":3497.73999,"2":3496.09009,"3":3500.88989,"4":3490.29004,"5":3484.63989,"6":3489.53003,"7":3496.41992,"8":3490.37012,"9":3486.16992,"10":3486.52002,"11":3491.06006,"12":3488.87012,"13":3488.79004,"14":3487.62988,"15":3491.94995,"16":3490.62012,"17":3507.52002,"18":3509.73999,"19":3514.68994,"20":3515.62012,"21":3514.88989,"22":3510.78003,"23":3520.02002,"24":3526.25,"25":3524.36011},"volume":{"0":209299545,"1":89937646,"2":59529209,"3":61615626,"4":48044501,"5":54149209,"6":51588515,"7":47122433,"8":44749092,"9":49670179,"10":50542399,"11":47091493,"12":47328293,"13":51768216,"14":59435771,"15":64879145,"16":72405577,"17":57956749,"18":69579551,"19":66330992,"20":73984835,"21":82793347,"22":90946463,"23":92346562,"24":101552595,"25":135701565}}