{"datetime":{"0":1608759900000,"1":1608759000000,"2":1608758100000,"3":1608757200000,"4":1608756300000,"5":1608755400000,"6":1608754500000,"7":1608753600000,"8":1608752700000,"9":1608751800000,"10":1608750900000,"11":1608750000000,"12":1608749100000,"13":1608748200000,"14":1608747300000,"15":1608746400000,"16":1608745500000,"17":1608744600000,"18":1608743700000,"19":1608742800000,"20":1608741900000,"21":1608741000000,"22":1608740100000,"23":1608739200000,"24":1608738300000,"25":1608737400000},"open":{"0":3704.8999,"1":3702.57007,"2":3705.0,"3":3703.95996,"4":3706.20996,"5":3705.46997,"6":3708.19995,"7":3708.98999,"8":3710.23999,"9":3709.86011,"10":3710.29004,"11":3708.27002,"12":3708.83008,"13":3705.87012,"14":3707.82007,"15":3705.91992,"16":3703.51001,"17":3703.0,"18":3705.11011,"19":3703.37988,"20":3701.41992,"21":3700.12988,"22":3703.51001,"23":3704.48999,"24":3702.79004,"25":3693.41992},"high":{"0":3705.81006,"1":3705.25,"2":3705.93994,"3":3706.03003,"4":3706.59009,"5":3707.84009,"6":3708.44995,"7":3710.1499,"8":3710.86011,"9":3711.23999,"10":3710.33008,"11":3710.3501,"12":3708.83008,"13":3709.28003,"14":3707.82007,"15":3707.8501,"16":3706.02002,"17":3704.30005,"18":3705.62988,"19":3706.32007,"20":3704.11011,"21":3703.91992,"22":3704.15991,"23":3706.32007,"24":3706.97998,"25":3706.01001},"low":{"0":3689.28003,"1":3702.57007,"2":3702.54004,"3":3703.31006,"4":3703.67993,"5":3705.43994,"6":3705.46997,"7":3707.52002,"8":3708.96997,"9":3708.73999,"10":3708.38989,"11":3708.03003,"12":3707.42993,"13":3705.81006,"14":3705.41992,"15":3704.87988,"16":3703.37012,"17":3702.25,"18":3702.84009,"19":3702.13989,"20":3700.19995,"21":3699.70996,"22":3698.41992,"23":3702.05005,"24":3699.04004,"25":3693.41992},"close":{"0":3689.97998,"1":3704.96997,"2":3702.54004,"3":3704.96997,"4":3703.92993,"5":3706.25,"6":3705.47998,"7":3708.18994,"8":3708.97998,"9":3710.21997,"10":3709.86011,"11":3710.27002,"12":3708.23999,"13":3708.8501,"14":3705.83008,"15":3707.84009,"16":3705.75,"17":3703.54004,"18":3702.94995,"19":3705.08008,"20":3703.44995,"21":3701.43994,"22":3700.07007,"23":3703.48999,"24":3704.42993,"25":3702.68994},"volume":{"0":1558345622,"1":69902294,"2":50587604,"3":39842888,"4":1201614211,"5":35265036,"6":35785850,"7":35919522,"8":29489221,"9":39729520,"10":39844650,"11":37348716,"12":36478145,"13":41276442,"14":41239429,"15":42825730,"16":744290166,"17":49182876,"18":60641572,"19":63316742,"20":528081954,"21":58490346,"22":69653854,"23":81923782,"24":273009949,"25":106143962}}