{"datetime":{"0":1689803100000,"1":1689802200000,"2":1689801300000,"3":1689800400000,"4":1689799500000,"5":1689798600000,"6":1689797700000,"7":1689796800000,"8":1689795900000,"9":1689795000000,"10":1689794100000,"11":1689793200000,"12":1689792300000,"13":1689791400000,"14":1689790500000,"15":1689789600000,"16":1689788700000,"17":1689787800000,"18":1689786900000,"19":1689786000000,"20":1689785100000,"21":1689784200000,"22":1689783300000,"23":1689782400000,"24":1689781500000,"25":1689780600000},"open":{"0":4568.74023,"1":4572.04004,"2":4571.10986,"3":4567.81982,"4":4567.02979,"5":4560.60986,"6":4559.60986,"7":4564.4502,"8":4565.7002,"9":4565.22998,"10":4567.1499,"11":4567.58984,"12":4565.47998,"13":4567.7998,"14":4575.06006,"15":4574.10986,"16":4573.06982,"17":4571.56006,"18":4571.81982,"19":4566.95996,"20":4574.41992,"21":4572.4502,"22":4574.45996,"23":4574.68018,"24":4573.31006,"25":4563.87012},"high":{"0":4570.41016,"1":4572.04004,"2":4574.66016,"3":4571.68994,"4":4567.97021,"5":4568.08984,"6":4561.25977,"7":4565.74023,"8":4567.31006,"9":4567.1001,"10":4567.1499,"11":4567.99023,"12":4567.6001,"13":4567.7998,"14":4575.06006,"15":4578.43018,"16":4575.43018,"17":4574.5498,"18":4573.39014,"19":4571.72021,"20":4575.68018,"21":4574.97998,"22":4577.58984,"23":4577.62988,"24":4575.06982,"25":4575.58984},"low":{"0":4565.58984,"1":4565.91992,"2":4571.10986,"3":4567.60986,"4":4564.77979,"5":4560.60986,"6":4557.47998,"7":4558.20996,"8":4563.41992,"9":4562.06006,"10":4563.66992,"11":4560.6001,"12":4563.62988,"13":4561.64014,"14":4565.95996,"15":4573.39014,"16":4572.29004,"17":4571.39014,"18":4567.7002,"19":4565.5498,"20":4560.93994,"21":4569.56982,"22":4572.12012,"23":4573.00977,"24":4570.7998,"25":4563.87012},"close":{"0":4565.6499,"1":4568.72998,"2":4572.08984,"3":4571.06006,"4":4567.85986,"5":4567.06006,"6":4560.62988,"7":4559.60986,"8":4564.47021,"9":4565.70996,"10":4565.25977,"11":4567.1499,"12":4567.50977,"13":4565.41992,"14":4567.8501,"15":4575.08008,"16":4574.0498,"17":4572.97998,"18":4571.54004,"19":4571.72021,"20":4567.02002,"21":4574.50977,"22":4572.5,"23":4574.41016,"24":4574.75977,"25":4573.31006},"volume":{"0":163715107,"1":101888629,"2":74399909,"3":63400501,"4":59822940,"5":56801179,"6":54291761,"7":56493578,"8":52008573,"9":53982342,"10":51519121,"11":59809473,"12":53879738,"13":65175185,"14":74296066,"15":87041613,"16":64453055,"17":69582451,"18":70085140,"19":71741369,"20":91299551,"21":87786248,"22":90307480,"23":105970203,"24":118099432,"25":200772571}}