{"datetime":{"0":1682977500000,"1":1682976600000,"2":1682975700000,"3":1682974800000,"4":1682973900000,"5":1682973000000,"6":1682972100000,"7":1682971200000,"8":1682970300000,"9":1682969400000,"10":1682968500000,"11":1682967600000,"12":1682966700000,"13":1682965800000,"14":1682964900000,"15":1682964000000,"16":1682963100000,"17":1682962200000,"18":1682961300000,"19":1682960400000,"20":1682959500000,"21":1682958600000,"22":1682957700000,"23":1682956800000,"24":1682955900000,"25":1682955000000},"open":{"0":4167.29004,"1":4168.97021,"2":4170.29004,"3":4171.97021,"4":4170.27002,"5":4176.64014,"6":4178.47998,"7":4181.64014,"8":4180.27002,"9":4179.62988,"10":4182.81982,"11":4182.99023,"12":4183.3999,"13":4179.52002,"14":4176.62988,"15":4174.52979,"16":4172.1001,"17":4169.8501,"18":4175.62988,"19":4181.18994,"20":4176.08984,"21":4171.33984,"22":4173.93018,"23":4174.93994,"24":4173.08008,"25":4166.79004},"high":{"0":4171.18018,"1":4170.6001,"2":4171.24023,"3":4172.99023,"4":4172.85986,"5":4176.64014,"6":4178.56006,"7":4182.24023,"8":4182.4502,"9":4183.16016,"10":4183.99023,"11":4184.14014,"12":4183.87988,"13":4186.91992,"14":4180.14014,"15":4178.14014,"16":4174.70996,"17":4172.41016,"18":4175.77002,"19":4182.74023,"20":4181.99023,"21":4176.7002,"22":4178.9502,"23":4175.8501,"24":4178.43018,"25":4174.12988},"low":{"0":4167.29004,"1":4164.12012,"2":4167.54004,"3":4169.20996,"4":4168.33008,"5":4165.75,"6":4175.3999,"7":4178.33008,"8":4179.56006,"9":4177.66016,"10":4179.35986,"11":4181.47998,"12":4180.97021,"13":4179.52002,"14":4176.33008,"15":4174.27002,"16":4171.41016,"17":4168.50977,"18":4167.33008,"19":4174.75977,"20":4176.08984,"21":4170.06006,"22":4170.08984,"23":4169.70996,"24":4172.95996,"25":4166.68018},"close":{"0":4167.33008,"1":4167.29004,"2":4168.93018,"3":4170.25977,"4":4171.97021,"5":4170.3501,"6":4176.66016,"7":4178.52002,"8":4181.66016,"9":4180.25977,"10":4179.6001,"11":4182.87012,"12":4182.97021,"13":4183.35986,"14":4179.5498,"15":4176.64014,"16":4174.4502,"17":4172.02979,"18":4169.87988,"19":4175.58984,"20":4181.22021,"21":4176.08008,"22":4171.37988,"23":4174.02979,"24":4174.95996,"25":4173.06006},"volume":{"0":221853232,"1":95940624,"2":70728988,"3":57398714,"4":52458399,"5":60902445,"6":46081119,"7":50773823,"8":45637289,"9":50185708,"10":50071039,"11":49393018,"12":49717165,"13":48441186,"14":45131010,"15":54060474,"16":50161434,"17":56460513,"18":70600717,"19":68661314,"20":74174863,"21":76816775,"22":76520857,"23":87846814,"24":98265295,"25":124374487}}