{"datetime":{"0":1621028700000,"1":1621027800000,"2":1621026900000,"3":1621026000000,"4":1621025100000,"5":1621024200000,"6":1621023300000,"7":1621022400000,"8":1621021500000,"9":1621020600000,"10":1621019700000,"11":1621018800000,"12":1621017900000,"13":1621017000000,"14":1621016100000,"15":1621015200000,"16":1621014300000,"17":1621013400000,"18":1621012500000,"19":1621011600000,"20":1621010700000,"21":1621009800000,"22":1621008900000,"23":1621008000000,"24":1621007100000,"25":1621006200000},"open":{"0":4174.5498,"1":4179.06006,"2":4179.6001,"3":4180.6001,"4":4178.72021,"5":4175.95996,"6":4176.7998,"7":4172.9502,"8":4171.91992,"9":4172.12988,"10":4170.64014,"11":4170.97021,"12":4167.77002,"13":4167.62988,"14":4167.27979,"15":4162.39014,"16":4164.91992,"17":4163.7998,"18":4161.1499,"19":4161.37988,"20":4151.3999,"21":4154.7998,"22":4157.49023,"23":4158.4502,"24":4149.56006,"25":4140.56006},"high":{"0":4182.6001,"1":4179.56006,"2":4181.6001,"3":4180.6001,"4":4183.6001,"5":4179.22021,"6":4176.91992,"7":4177.6001,"8":4173.68994,"9":4173.62012,"10":4172.7998,"11":4172.6001,"12":4170.97021,"13":4169.1001,"14":4168.72021,"15":4167.27979,"16":4165.66016,"17":4165.7998,"18":4165.1001,"19":4162.6001,"20":4162.12012,"21":4158.66016,"22":4160.37012,"23":4158.6001,"24":4157.33008,"25":4148.06006},"low":{"0":4173.22021,"1":4173.08008,"2":4176.81982,"3":4176.1001,"4":4178.6001,"5":4175.95996,"6":4174.41992,"7":4171.6001,"8":4170.91992,"9":4170.12012,"10":4169.25,"11":4169.99023,"12":4167.50977,"13":4166.22998,"14":4165.7002,"15":4161.7998,"16":4161.41992,"17":4162.7998,"18":4161.1499,"19":4157.16016,"20":4151.3999,"21":4149.41992,"22":4153.2998,"23":4150.06006,"24":4147.8501,"25":4140.56006},"close":{"0":4173.22021,"1":4175.2998,"2":4178.56006,"3":4179.7998,"4":4180.7998,"5":4178.6001,"6":4175.45996,"7":4176.18018,"8":4172.7002,"9":4172.1001,"10":4172.37988,"11":4170.77002,"12":4170.6001,"13":4167.52002,"14":4167.12988,"15":4167.02979,"16":4162.64014,"17":4164.66992,"18":4163.6001,"19":4160.8999,"20":4161.37012,"21":4150.8999,"22":4153.2998,"23":4157.10986,"24":4157.33008,"25":4148.06006},"volume":{"0":0,"1":0,"2":0,"3":0,"4":0,"5":0,"6":0,"7":0,"8":0,"9":0,"10":0,"11":0,"12":0,"13":0,"14":0,"15":0,"16":0,"17":0,"18":0,"19":0,"20":0,"21":0,"22":0,"23":0,"24":0,"25":0}}