{"datetime":{"0":1611092700000,"1":1611091800000,"2":1611090900000,"3":1611090000000,"4":1611089100000,"5":1611088200000,"6":1611087300000,"7":1611086400000,"8":1611085500000,"9":1611084600000,"10":1611083700000,"11":1611082800000,"12":1611081900000,"13":1611081000000,"14":1611080100000,"15":1611079200000,"16":1611078300000,"17":1611077400000,"18":1611076500000,"19":1611075600000,"20":1611074700000,"21":1611073800000,"22":1611072900000,"23":1611072000000,"24":1611071100000,"25":1611070200000},"open":{"0":3802.76001,"1":3800.81006,"2":3801.98999,"3":3800.51001,"4":3798.30005,"5":3801.53003,"6":3803.44995,"7":3803.31006,"8":3801.87012,"9":3799.37988,"10":3800.65991,"11":3799.12988,"12":3798.38989,"13":3791.31006,"14":3792.40991,"15":3788.82007,"16":3786.82007,"17":3785.90991,"18":3784.71997,"19":3789.25,"20":3791.02002,"21":3787.17993,"22":3788.05005,"23":3789.5,"24":3791.02002,"25":3781.87988},"high":{"0":3803.1499,"1":3803.20996,"2":3801.98999,"3":3803.33008,"4":3801.78003,"5":3802.58008,"6":3803.82007,"7":3803.67993,"8":3804.53003,"9":3802.26001,"10":3801.08008,"11":3801.97998,"12":3799.57007,"13":3798.37988,"14":3793.32007,"15":3792.37988,"16":3791.80005,"17":3787.12988,"18":3785.90991,"19":3791.70996,"20":3793.38989,"21":3790.96997,"22":3789.40991,"23":3790.61011,"24":3793.01001,"25":3801.15991},"low":{"0":3798.27002,"1":3799.68994,"2":3799.87988,"3":3800.19995,"4":3797.8501,"5":3797.83008,"6":3800.62988,"7":3801.55005,"8":3801.37988,"9":3799.09009,"10":3798.46997,"11":3798.53003,"12":3796.17993,"13":3791.26001,"14":3790.95996,"15":3788.26001,"16":3786.82007,"17":3782.03003,"18":3780.37012,"19":3784.29004,"20":3788.71997,"21":3785.6499,"22":3782.57007,"23":3783.48999,"24":3783.55005,"25":3781.87988},"close":{"0":3798.76001,"1":3802.77002,"2":3800.78003,"3":3802.12988,"4":3800.41992,"5":3798.22998,"6":3801.48999,"7":3803.43994,"8":3803.30005,"9":3801.92993,"10":3799.37988,"11":3800.66992,"12":3799.1499,"13":3798.37988,"14":3791.27002,"15":3792.37988,"16":3788.88989,"17":3786.8501,"18":3785.90991,"19":3784.75,"20":3789.28003,"21":3790.96997,"22":3787.13989,"23":3788.12988,"24":3789.32007,"25":3791.09009},"volume":{"0":2047500515,"1":87156428,"2":62303758,"3":58267255,"4":1602307355,"5":53546189,"6":52011133,"7":52824163,"8":1394617929,"9":51150995,"10":45799072,"11":50235997,"12":1197649802,"13":51041008,"14":53845562,"15":54213295,"16":53225883,"17":62100380,"18":73418584,"19":67822343,"20":731127979,"21":79464239,"22":83396623,"23":102726528,"24":437167462,"25":145838057}}