{"datetime":{"0":1653687900000,"1":1653687000000,"2":1653686100000,"3":1653685200000,"4":1653684300000,"5":1653683400000,"6":1653682500000,"7":1653681600000,"8":1653680700000,"9":1653679800000,"10":1653678900000,"11":1653678000000,"12":1653677100000,"13":1653676200000,"14":1653675300000,"15":1653674400000,"16":1653673500000,"17":1653672600000,"18":1653671700000,"19":1653670800000,"20":1653669900000,"21":1653669000000,"22":1653668100000,"23":1653667200000,"24":1653666300000,"25":1653665400000},"open":{"0":4148.16016,"1":4148.31006,"2":4144.04004,"3":4135.8501,"4":4132.41016,"5":4129.83008,"6":4128.37988,"7":4127.31982,"8":4124.58008,"9":4128.5,"10":4130.8999,"11":4128.99023,"12":4128.25,"13":4127.95996,"14":4132.47998,"15":4129.70996,"16":4127.1001,"17":4122.72021,"18":4121.41992,"19":4113.99023,"20":4119.24023,"21":4121.24023,"22":4120.12012,"23":4115.37988,"24":4098.91016,"25":4077.42993},"high":{"0":4158.33984,"1":4150.35986,"2":4149.12012,"3":4144.93018,"4":4136.27979,"5":4133.68994,"6":4131.77979,"7":4129.18018,"8":4127.47998,"9":4130.58984,"10":4131.08984,"11":4132.33008,"12":4130.2002,"13":4129.10986,"14":4132.47998,"15":4133.1499,"16":4130.6001,"17":4128.87012,"18":4125.49023,"19":4121.77002,"20":4121.20996,"21":4125.0498,"22":4127.08984,"23":4121.06006,"24":4119.81982,"25":4106.47021},"low":{"0":4141.52002,"1":4141.25,"2":4141.72998,"3":4135.0498,"4":4131.83984,"5":4128.81006,"6":4128.31982,"7":4124.62988,"8":4124.18994,"9":4124.33008,"10":4126.93994,"11":4127.8999,"12":4122.93994,"13":4123.68994,"14":4124.83008,"15":4129.02002,"16":4126.5,"17":4121.37012,"18":4120.64014,"19":4110.12012,"20":4113.20996,"21":4117.04004,"22":4120.06982,"23":4112.31006,"24":4098.91016,"25":4077.42993},"close":{"0":4158.33984,"1":4148.18994,"2":4148.43994,"3":4144.00977,"4":4135.83984,"5":4132.3999,"6":4129.85986,"7":4128.37988,"8":4127.2998,"9":4124.58008,"10":4128.45996,"11":4130.93018,"12":4129.00977,"13":4128.22998,"14":4127.97021,"15":4132.47998,"16":4129.72021,"17":4126.95996,"18":4122.85986,"19":4121.45996,"20":4113.77002,"21":4119.12988,"22":4121.14014,"23":4120.14014,"24":4115.43994,"25":4098.9502},"volume":{"0":186217090,"1":99644811,"2":66641077,"3":63695674,"4":46072630,"5":50719356,"6":45423004,"7":43039636,"8":40650471,"9":43070179,"10":41947683,"11":46339550,"12":50160549,"13":42327462,"14":46201845,"15":51716377,"16":48874851,"17":55561452,"18":57449629,"19":63725353,"20":70077575,"21":77309605,"22":75491098,"23":88617415,"24":104581287,"25":141198845}}