{"datetime":{"0":1656366300000,"1":1656365400000,"2":1656364500000,"3":1656363600000,"4":1656362700000,"5":1656361800000,"6":1656360900000,"7":1656360000000,"8":1656359100000,"9":1656358200000,"10":1656357300000,"11":1656356400000,"12":1656355500000,"13":1656354600000,"14":1656353700000,"15":1656352800000,"16":1656351900000,"17":1656351000000,"18":1656350100000,"19":1656349200000,"20":1656348300000,"21":1656347400000,"22":1656346500000,"23":1656345600000,"24":1656344700000,"25":1656343800000},"open":{"0":3902.98999,"1":3903.15991,"2":3904.20996,"3":3900.79004,"4":3903.97998,"5":3900.3501,"6":3901.12012,"7":3898.95996,"8":3900.06006,"9":3907.23999,"10":3910.21997,"11":3912.37012,"12":3909.88989,"13":3906.38989,"14":3913.15991,"15":3921.03003,"16":3923.45996,"17":3923.59009,"18":3911.77002,"19":3918.61011,"20":3910.51001,"21":3897.84009,"22":3899.47998,"23":3895.38989,"24":3900.43994,"25":3920.76001},"high":{"0":3906.3501,"1":3903.15991,"2":3906.13989,"3":3904.46997,"4":3906.88989,"5":3907.86011,"6":3906.25,"7":3902.06006,"8":3902.07007,"9":3907.23999,"10":3912.02002,"11":3913.29004,"12":3914.1499,"13":3909.86011,"14":3916.40991,"15":3922.16992,"16":3925.75,"17":3924.59009,"18":3925.29004,"19":3920.18994,"20":3922.83008,"21":3910.75,"22":3908.12988,"23":3912.86011,"24":3903.32007,"25":3927.71997},"low":{"0":3889.65991,"1":3892.43994,"2":3901.12988,"3":3889.78003,"4":3900.48999,"5":3898.66992,"6":3899.75,"7":3895.02002,"8":3895.94995,"9":3898.73999,"10":3906.32007,"11":3901.92993,"12":3907.22998,"13":3900.95996,"14":3905.33008,"15":3911.17993,"16":3917.56006,"17":3915.47998,"18":3910.5,"19":3909.15991,"20":3906.5,"21":3896.57007,"22":3894.79004,"23":3895.38989,"24":3890.53003,"25":3898.91992},"close":{"0":3900.55005,"1":3903.01001,"2":3903.15991,"3":3904.20996,"4":3900.88989,"5":3903.96997,"6":3900.33008,"7":3901.12012,"8":3898.96997,"9":3900.02002,"10":3907.25,"11":3910.30005,"12":3912.31006,"13":3909.86011,"14":3906.3999,"15":3913.25,"16":3921.04004,"17":3923.45996,"18":3923.51001,"19":3911.86011,"20":3918.37012,"21":3910.75,"22":3898.5,"23":3899.56006,"24":3895.42993,"25":3900.46997},"volume":{"0":177537639,"1":90114920,"2":62513914,"3":60591233,"4":42441680,"5":43460311,"6":44003046,"7":47392131,"8":41003558,"9":41027843,"10":44240936,"11":45595463,"12":43634127,"13":44176761,"14":46900254,"15":47206605,"16":50454332,"17":51607942,"18":60372308,"19":59395163,"20":74506715,"21":64859414,"22":74202458,"23":89219616,"24":118398465,"25":125793754}}