{"datetime":{"0":1677879900000,"1":1677879000000,"2":1677878100000,"3":1677877200000,"4":1677876300000,"5":1677875400000,"6":1677874500000,"7":1677873600000,"8":1677872700000,"9":1677871800000,"10":1677870900000,"11":1677870000000,"12":1677869100000,"13":1677868200000,"14":1677867300000,"15":1677866400000,"16":1677865500000,"17":1677864600000,"18":1677863700000,"19":1677862800000,"20":1677861900000,"21":1677861000000,"22":1677860100000,"23":1677859200000,"24":1677858300000,"25":1677857400000},"open":{"0":4042.57007,"1":4044.08008,"2":4044.91992,"3":4042.3999,"4":4040.96997,"5":4041.23999,"6":4038.84009,"7":4032.6499,"8":4032.22998,"9":4033.69995,"10":4035.98999,"11":4033.6001,"12":4025.55005,"13":4025.91992,"14":4025.79004,"15":4023.67993,"16":4015.47998,"17":4016.23999,"18":4013.5,"19":4011.3999,"20":4015.08008,"21":4017.37012,"22":4008.19995,"23":4009.77002,"24":3999.15991,"25":3998.02002},"high":{"0":4046.36011,"1":4044.58008,"2":4045.17993,"3":4048.29004,"4":4042.76001,"5":4042.37012,"6":4041.38989,"7":4038.98999,"8":4034.1499,"9":4034.43994,"10":4035.98999,"11":4036.16992,"12":4034.01001,"13":4026.45996,"14":4026.48999,"15":4027.06006,"16":4025.05005,"17":4019.3999,"18":4017.62012,"19":4015.01001,"20":4017.6499,"21":4018.71997,"22":4017.38989,"23":4011.81006,"24":4013.30005,"25":4000.73999},"low":{"0":4039.07007,"1":4040.70996,"2":4040.94995,"3":4041.42993,"4":4039.95996,"5":4039.1499,"6":4037.12988,"7":4030.28003,"8":4031.68994,"9":4030.90991,"10":4031.0,"11":4032.68994,"12":4025.44995,"13":4023.5,"14":4023.68994,"15":4022.78003,"16":4015.22998,"17":4013.87988,"18":4013.3999,"19":4009.90991,"20":4010.09009,"21":4012.12988,"22":4007.69995,"23":3995.16992,"24":3999.15991,"25":3995.95996},"close":{"0":4045.32007,"1":4042.59009,"2":4044.04004,"3":4044.8999,"4":4042.37988,"5":4040.96997,"6":4041.33008,"7":4038.87988,"8":4032.66992,"9":4032.26001,"10":4033.68994,"11":4035.98999,"12":4033.62012,"13":4025.58008,"14":4025.94995,"15":4025.83008,"16":4023.71997,"17":4015.5,"18":4016.30005,"19":4013.55005,"20":4011.37012,"21":4015.08008,"22":4017.16992,"23":4008.18994,"24":4009.71997,"25":3999.1001},"volume":{"0":234722570,"1":92399010,"2":70304632,"3":66816284,"4":51358816,"5":52440753,"6":53471076,"7":50124292,"8":43150094,"9":43300728,"10":46712912,"11":49205853,"12":48390164,"13":47682093,"14":48481875,"15":52202693,"16":57685282,"17":57531228,"18":57416301,"19":59642346,"20":65777811,"21":68505379,"22":78813606,"23":90313958,"24":97122010,"25":100887746}}