{"datetime":{"0":1653428700000,"1":1653427800000,"2":1653426900000,"3":1653426000000,"4":1653425100000,"5":1653424200000,"6":1653423300000,"7":1653422400000,"8":1653421500000,"9":1653420600000,"10":1653419700000,"11":1653418800000,"12":1653417900000,"13":1653417000000,"14":1653416100000,"15":1653415200000,"16":1653414300000,"17":1653413400000,"18":1653412500000,"19":1653411600000,"20":1653410700000,"21":1653409800000,"22":1653408900000,"23":1653408000000,"24":1653407100000,"25":1653406200000},"open":{"0":3943.54004,"1":3931.5,"2":3925.17993,"3":3913.12012,"4":3919.28003,"5":3924.8999,"6":3927.6499,"7":3919.71997,"8":3915.92993,"9":3904.63989,"10":3898.12012,"11":3906.92993,"12":3898.57007,"13":3912.5,"14":3921.0,"15":3908.15991,"16":3897.21997,"17":3890.26001,"18":3884.3501,"19":3885.1499,"20":3888.22998,"21":3894.46997,"22":3888.58008,"23":3912.48999,"24":3922.07007,"25":3942.93994},"high":{"0":3953.23999,"1":3955.67993,"2":3933.04004,"3":3929.45996,"4":3919.81006,"5":3935.1001,"6":3930.63989,"7":3936.41992,"8":3924.27002,"9":3920.83008,"10":3905.28003,"11":3906.92993,"12":3912.23999,"13":3914.82007,"14":3930.30005,"15":3920.54004,"16":3914.56006,"17":3897.65991,"18":3893.36011,"19":3890.81006,"20":3891.92993,"21":3894.46997,"22":3894.8999,"23":3913.13989,"24":3927.28003,"25":3942.93994},"low":{"0":3932.6499,"1":3930.26001,"2":3917.31006,"3":3912.06006,"4":3905.46997,"5":3919.18994,"6":3916.45996,"7":3912.17993,"8":3913.57007,"9":3897.42993,"10":3895.34009,"11":3892.83008,"12":3897.12988,"13":3897.59009,"14":3912.31006,"15":3903.22998,"16":3897.21997,"17":3885.13989,"18":3878.6499,"19":3882.88989,"20":3875.12988,"21":3883.6001,"22":3879.29004,"23":3887.58008,"24":3912.05005,"25":3918.3999},"close":{"0":3943.80005,"1":3943.55005,"2":3931.23999,"3":3924.98999,"4":3913.12988,"5":3919.37012,"6":3925.34009,"7":3927.44995,"8":3919.6499,"9":3916.02002,"10":3904.80005,"11":3898.19995,"12":3906.82007,"13":3898.67993,"14":3912.34009,"15":3920.54004,"16":3908.28003,"17":3897.3999,"18":3890.34009,"19":3884.30005,"20":3885.1001,"21":3888.25,"22":3894.46997,"23":3888.79004,"24":3912.1499,"25":3922.05005},"volume":{"0":198968726,"1":132808302,"2":86710507,"3":70739290,"4":65324568,"5":61626594,"6":57445263,"7":67053494,"8":54961909,"9":55155117,"10":50813558,"11":47135517,"12":51201624,"13":51134901,"14":63605235,"15":57807032,"16":68388043,"17":61435730,"18":72799300,"19":73566215,"20":80807239,"21":85844870,"22":93059058,"23":111421751,"24":111266757,"25":159119290}}