{"datetime":{"0":1618004700000,"1":1618003800000,"2":1618002900000,"3":1618002000000,"4":1618001100000,"5":1618000200000,"6":1617999300000,"7":1617998400000,"8":1617997500000,"9":1617996600000,"10":1617995700000,"11":1617994800000,"12":1617993900000,"13":1617993000000,"14":1617992100000,"15":1617991200000,"16":1617990300000,"17":1617989400000,"18":1617988500000,"19":1617987600000,"20":1617986700000,"21":1617985800000,"22":1617984900000,"23":1617984000000,"24":1617983100000,"25":1617982200000},"open":{"0":4119.02002,"1":4119.2998,"2":4109.1001,"3":4110.1001,"4":4110.2998,"5":4110.1001,"6":4110.62988,"7":4111.06006,"8":4110.47021,"9":4107.7998,"10":4106.87012,"11":4107.5498,"12":4107.1001,"13":4105.45996,"14":4105.02979,"15":4106.54004,"16":4104.1001,"17":4102.2998,"18":4103.08984,"19":4098.79004,"20":4097.31982,"21":4099.6001,"22":4102.0,"23":4103.2998,"24":4101.12988,"25":4096.10986},"high":{"0":4129.4502,"1":4123.1001,"2":4118.7998,"3":4110.7998,"4":4111.7998,"5":4111.7998,"6":4111.7998,"7":4112.2998,"8":4112.7998,"9":4110.7998,"10":4108.37988,"11":4108.1001,"12":4107.7998,"13":4107.6001,"14":4107.1001,"15":4107.2998,"16":4107.31006,"17":4105.6001,"18":4103.58984,"19":4103.1001,"20":4101.7998,"21":4103.1001,"22":4102.97998,"23":4105.25,"24":4103.7998,"25":4101.2998},"low":{"0":4119.02002,"1":4118.31006,"2":4108.68018,"3":4107.93018,"4":4109.5,"5":4108.83008,"6":4110.1001,"7":4109.08984,"8":4109.91016,"9":4107.6001,"10":4106.37012,"11":4106.1001,"12":4105.72021,"13":4105.18994,"14":4104.27002,"15":4104.77979,"16":4103.6001,"17":4101.3501,"18":4101.1001,"19":4098.31006,"20":4097.2998,"21":4097.31982,"22":4099.16992,"23":4102.2998,"24":4099.41992,"25":4095.51001},"close":{"0":4127.08984,"1":4119.25977,"2":4118.7998,"3":4108.7998,"4":4110.0,"5":4110.0498,"6":4110.7998,"7":4110.7998,"8":4111.2998,"9":4110.6001,"10":4107.3501,"11":4106.7998,"12":4107.54004,"13":4106.68018,"14":4105.20996,"15":4105.1001,"16":4106.5498,"17":4104.12012,"18":4101.8501,"19":4103.1001,"20":4099.04004,"21":4097.56982,"22":4100.1001,"23":4102.2998,"24":4103.5,"25":4101.0},"volume":{"0":0,"1":0,"2":0,"3":0,"4":0,"5":0,"6":0,"7":0,"8":0,"9":0,"10":0,"11":0,"12":0,"13":0,"14":0,"15":0,"16":0,"17":0,"18":0,"19":0,"20":0,"21":0,"22":0,"23":0,"24":0,"25":96174523}}