{"datetime":{"0":1620078300000,"1":1620077400000,"2":1620076500000,"3":1620075600000,"4":1620074700000,"5":1620073800000,"6":1620072900000,"7":1620072000000,"8":1620071100000,"9":1620070200000,"10":1620069300000,"11":1620068400000,"12":1620067500000,"13":1620066600000,"14":1620065700000,"15":1620064800000,"16":1620063900000,"17":1620063000000,"18":1620062100000,"19":1620061200000,"20":1620060300000,"21":1620059400000,"22":1620058500000,"23":1620057600000,"24":1620056700000,"25":1620055800000},"open":{"0":4194.72021,"1":4197.24023,"2":4198.72021,"3":4202.56006,"4":4202.2002,"5":4200.87988,"6":4199.43018,"7":4197.27979,"8":4196.33984,"9":4194.7002,"10":4195.9502,"11":4196.18994,"12":4193.87988,"13":4195.2002,"14":4196.93018,"15":4199.1001,"16":4200.62012,"17":4193.7002,"18":4194.68018,"19":4197.91016,"20":4203.0,"21":4205.2002,"22":4205.5,"23":4204.1001,"24":4202.83008,"25":4203.93018},"high":{"0":4195.0,"1":4197.49023,"2":4199.5,"3":4202.56006,"4":4203.7002,"5":4203.33984,"6":4201.2002,"7":4199.58984,"8":4197.7002,"9":4197.7002,"10":4198.18994,"11":4197.7002,"12":4196.93018,"13":4196.2002,"14":4198.2002,"15":4199.5,"16":4200.8999,"17":4200.62012,"18":4197.7002,"19":4199.2002,"20":4205.2002,"21":4208.5,"22":4208.7002,"23":4207.77979,"24":4209.7998,"25":4204.93018},"low":{"0":4188.41016,"1":4193.72021,"2":4196.24023,"3":4198.72998,"4":4201.56006,"5":4200.56982,"6":4198.4502,"7":4197.06006,"8":4195.5498,"9":4194.37012,"10":4194.16992,"11":4195.43994,"12":4193.16016,"13":4193.7002,"14":4194.93994,"15":4195.93994,"16":4195.58984,"17":4193.0,"18":4193.10986,"19":4193.68018,"20":4197.18994,"21":4202.7002,"22":4203.2002,"23":4200.0,"24":4199.8501,"25":4198.0},"close":{"0":4194.0,"1":4194.47021,"2":4197.5,"3":4199.2002,"4":4202.31006,"5":4201.81006,"6":4200.62988,"7":4199.18018,"8":4196.66016,"9":4196.33008,"10":4195.0,"11":4196.2002,"12":4195.93994,"13":4194.12988,"14":4195.7002,"15":4197.18018,"16":4199.33984,"17":4200.37012,"18":4193.60986,"19":4194.93018,"20":4198.6499,"21":4203.2002,"22":4204.5,"23":4205.0,"24":4206.5,"25":4202.58008},"volume":{"0":0,"1":0,"2":0,"3":0,"4":0,"5":0,"6":0,"7":0,"8":0,"9":0,"10":0,"11":0,"12":0,"13":0,"14":0,"15":0,"16":0,"17":0,"18":0,"19":0,"20":0,"21":0,"22":0,"23":0,"24":0,"25":0}}