{"datetime":{"0":1649799900000,"1":1649799000000,"2":1649798100000,"3":1649797200000,"4":1649796300000,"5":1649795400000,"6":1649794500000,"7":1649793600000,"8":1649792700000,"9":1649791800000,"10":1649790900000,"11":1649790000000,"12":1649789100000,"13":1649788200000,"14":1649787300000,"15":1649786400000,"16":1649785500000,"17":1649784600000,"18":1649783700000,"19":1649782800000,"20":1649781900000,"21":1649781000000,"22":1649780100000,"23":1649779200000,"24":1649778300000,"25":1649777400000},"open":{"0":4391.50977,"1":4384.25,"2":4384.43018,"3":4402.18018,"4":4398.08008,"5":4398.85986,"6":4406.22021,"7":4409.77979,"8":4421.16016,"9":4431.08984,"10":4434.8999,"11":4434.66992,"12":4430.08008,"13":4432.75,"14":4442.52979,"15":4450.7002,"16":4453.62012,"17":4454.62988,"18":4443.18994,"19":4440.68018,"20":4444.29004,"21":4450.58984,"22":4462.4502,"23":4465.33984,"24":4454.70996,"25":4437.58984},"high":{"0":4401.41016,"1":4396.22021,"2":4393.04004,"3":4403.58984,"4":4406.08984,"5":4403.5,"6":4406.22021,"7":4416.9502,"8":4421.52002,"9":4433.0498,"10":4439.87988,"11":4437.20996,"12":4437.4502,"13":4434.83008,"14":4449.37988,"15":4451.52002,"16":4454.6001,"17":4459.12988,"18":4456.14014,"19":4444.37988,"20":4446.18994,"21":4452.68018,"22":4463.3999,"23":4467.08984,"24":4471.0,"25":4454.75977},"low":{"0":4389.16992,"1":4381.77979,"2":4381.33984,"3":4383.04004,"4":4398.08008,"5":4394.3999,"6":4398.70996,"7":4406.29004,"8":4408.29004,"9":4420.75,"10":4430.83008,"11":4426.41992,"12":4427.33984,"13":4429.18994,"14":4431.99023,"15":4440.29004,"16":4448.75977,"17":4451.79004,"18":4442.50977,"19":4437.6001,"20":4437.16016,"21":4442.50977,"22":4450.50977,"23":4456.52979,"24":4452.77002,"25":4437.58984},"close":{"0":4397.9502,"1":4391.70996,"2":4384.27002,"3":4384.39014,"4":4402.08984,"5":4398.04004,"6":4398.93018,"7":4406.33984,"8":4409.87012,"9":4421.06982,"10":4431.08984,"11":4434.93994,"12":4434.75,"13":4430.0498,"14":4432.66992,"15":4441.89014,"16":4450.60986,"17":4453.58008,"18":4454.39014,"19":4443.02979,"20":4440.72021,"21":4444.49023,"22":4450.50977,"23":4462.33008,"24":4465.74023,"25":4454.14014},"volume":{"0":189780538,"1":105969955,"2":74893630,"3":64556009,"4":55725071,"5":59111036,"6":52803129,"7":54117554,"8":50806740,"9":43317438,"10":42902237,"11":48858617,"12":44165390,"13":55441544,"14":50313632,"15":45976767,"16":884909924,"17":53811450,"18":63859552,"19":69035195,"20":70824075,"21":74736359,"22":86614227,"23":101662214,"24":114201951,"25":145759840}}