{"datetime":{"0":1689889500000,"1":1689888600000,"2":1689887700000,"3":1689886800000,"4":1689885900000,"5":1689885000000,"6":1689884100000,"7":1689883200000,"8":1689882300000,"9":1689881400000,"10":1689880500000,"11":1689879600000,"12":1689878700000,"13":1689877800000,"14":1689876900000,"15":1689876000000,"16":1689875100000,"17":1689874200000,"18":1689873300000,"19":1689872400000,"20":1689871500000,"21":1689870600000,"22":1689869700000,"23":1689868800000,"24":1689867900000,"25":1689867000000},"open":{"0":4533.89014,"1":4528.27979,"2":4535.16992,"3":4537.9502,"4":4537.37988,"5":4534.25977,"6":4544.12012,"7":4547.25977,"8":4548.18018,"9":4550.06006,"10":4549.12012,"11":4547.89014,"12":4549.3501,"13":4551.75,"14":4558.85986,"15":4553.47021,"16":4555.04004,"17":4550.31006,"18":4551.22021,"19":4549.93994,"20":4545.9502,"21":4547.58008,"22":4553.47998,"23":4561.41016,"24":4562.16992,"25":4554.37988},"high":{"0":4537.02002,"1":4535.83984,"2":4535.77979,"3":4540.37988,"4":4540.31982,"5":4540.52979,"6":4544.60986,"7":4547.91992,"8":4550.22021,"9":4551.25,"10":4550.27002,"11":4549.58008,"12":4551.47021,"13":4552.58008,"14":4560.74023,"15":4559.16992,"16":4555.58984,"17":4556.66016,"18":4552.06006,"19":4554.68994,"20":4551.12012,"21":4547.58008,"22":4555.3999,"23":4562.52002,"24":4564.37988,"25":4564.74023},"low":{"0":4531.27979,"1":4528.27979,"2":4527.56006,"3":4534.87012,"4":4537.22998,"5":4534.22021,"6":4534.27979,"7":4544.0,"8":4546.99023,"9":4545.91016,"10":4545.41016,"11":4546.37988,"12":4547.5,"13":4546.52002,"14":4551.6499,"15":4553.25,"16":4551.70996,"17":4550.2002,"18":4547.77979,"19":4549.25,"20":4545.45996,"21":4541.41016,"22":4545.50977,"23":4552.18018,"24":4560.89014,"25":4554.37988},"close":{"0":4535.27979,"1":4533.81982,"2":4528.31006,"3":4535.2002,"4":4537.97998,"5":4537.41016,"6":4534.27979,"7":4544.06982,"8":4547.29004,"9":4548.12012,"10":4550.1001,"11":4549.10986,"12":4547.83008,"13":4549.37988,"14":4551.6499,"15":4558.87988,"16":4553.50977,"17":4555.12012,"18":4550.52979,"19":4551.29004,"20":4549.7998,"21":4545.83984,"22":4547.58008,"23":4553.54004,"24":4561.54004,"25":4562.1001},"volume":{"0":254454859,"1":109769875,"2":89066440,"3":82401882,"4":60869315,"5":61865907,"6":61919247,"7":54569773,"8":46823880,"9":48744081,"10":55328344,"11":52059984,"12":52628399,"13":59517316,"14":64301745,"15":63064110,"16":62712892,"17":67704670,"18":72728359,"19":79460698,"20":89674607,"21":100097128,"22":94864605,"23":108614312,"24":112474059,"25":191432425}}