{"datetime":{"0":1639431900000,"1":1639431000000,"2":1639430100000,"3":1639429200000,"4":1639428300000,"5":1639427400000,"6":1639426500000,"7":1639425600000,"8":1639424700000,"9":1639423800000,"10":1639422900000,"11":1639422000000,"12":1639421100000,"13":1639420200000,"14":1639419300000,"15":1639418400000,"16":1639417500000,"17":1639416600000,"18":1639415700000,"19":1639414800000,"20":1639413900000,"21":1639413000000,"22":1639412100000,"23":1639411200000,"24":1639410300000,"25":1639409400000},"open":{"0":4685.72998,"1":4683.49023,"2":4688.06006,"3":4686.68994,"4":4683.91992,"5":4684.02979,"6":4683.1001,"7":4681.72998,"8":4680.22021,"9":4679.22998,"10":4679.83008,"11":4679.68994,"12":4684.58984,"13":4683.00977,"14":4682.74023,"15":4677.62988,"16":4677.04004,"17":4674.14014,"18":4677.00977,"19":4682.52979,"20":4680.99023,"21":4682.47021,"22":4696.2002,"23":4691.85986,"24":4700.95996,"25":4710.2998},"high":{"0":4688.18018,"1":4690.2002,"2":4689.58008,"3":4690.6001,"4":4687.04004,"5":4685.49023,"6":4687.58008,"7":4684.0,"8":4682.62988,"9":4680.8501,"10":4680.93994,"11":4683.24023,"12":4684.6499,"13":4685.70996,"14":4683.70996,"15":4683.7002,"16":4678.41992,"17":4679.12988,"18":4679.54004,"19":4683.91016,"20":4688.66992,"21":4686.29004,"22":4698.6001,"23":4698.02002,"24":4701.64014,"25":4710.2998},"low":{"0":4667.6001,"1":4683.25977,"2":4683.33984,"3":4684.75977,"4":4682.6499,"5":4681.87012,"6":4682.0498,"7":4678.52979,"8":4677.52979,"9":4674.62012,"10":4677.97021,"11":4677.99023,"12":4677.25977,"13":4681.8999,"14":4679.89014,"15":4672.08008,"16":4671.83984,"17":4672.45996,"18":4672.08984,"19":4675.25977,"20":4679.97998,"21":4677.81982,"22":4678.74023,"23":4687.49023,"24":4688.7998,"25":4696.37012},"close":{"0":4669.06006,"1":4685.6499,"2":4683.56982,"3":4687.95996,"4":4686.7002,"5":4683.87012,"6":4684.0498,"7":4683.12012,"8":4681.77002,"9":4680.25,"10":4679.18018,"11":4679.91016,"12":4679.75,"13":4684.6001,"14":4682.97021,"15":4682.75,"16":4677.62988,"17":4677.12012,"18":4673.93994,"19":4677.02002,"20":4682.68018,"21":4681.06006,"22":4682.49023,"23":4696.18018,"24":4692.08008,"25":4701.33008},"volume":{"0":236835595,"1":94950254,"2":71469591,"3":58262523,"4":45781472,"5":50045065,"6":59400936,"7":50738753,"8":46356134,"9":49356944,"10":42221300,"11":41737973,"12":45733217,"13":51101211,"14":55032247,"15":61034827,"16":62729950,"17":68068250,"18":73434571,"19":73705848,"20":75724952,"21":79373701,"22":82002656,"23":116100234,"24":111354084,"25":131792865}}